mutant,mutated_sequence,DMS_score,DMS_score_bin
A43C,TVKFKYKGEEKQVDISKIKKVWRVGKMISFTYDEGGGKTGRGCVSEKDAPKELLQ,0.18442382356187,1
A43D,TVKFKYKGEEKQVDISKIKKVWRVGKMISFTYDEGGGKTGRGDVSEKDAPKELLQ,-0.5187960576572523,0
A43E,TVKFKYKGEEKQVDISKIKKVWRVGKMISFTYDEGGGKTGRGEVSEKDAPKELLQ,0.0050137654824879,1
A43F,TVKFKYKGEEKQVDISKIKKVWRVGKMISFTYDEGGGKTGRGFVSEKDAPKELLQ,0.6183177987439556,1
A43G,TVKFKYKGEEKQVDISKIKKVWRVGKMISFTYDEGGGKTGRGGVSEKDAPKELLQ,-0.7400668748257075,0
A43H,TVKFKYKGEEKQVDISKIKKVWRVGKMISFTYDEGGGKTGRGHVSEKDAPKELLQ,0.1208517063173122,1
A43I,TVKFKYKGEEKQVDISKIKKVWRVGKMISFTYDEGGGKTGRGIVSEKDAPKELLQ,0.3330403698849471,1
A43K,TVKFKYKGEEKQVDISKIKKVWRVGKMISFTYDEGGGKTGRGKVSEKDAPKELLQ,-0.0001116423595552,1
A43L,TVKFKYKGEEKQVDISKIKKVWRVGKMISFTYDEGGGKTGRGLVSEKDAPKELLQ,0.2361072455792054,1
A43M,TVKFKYKGEEKQVDISKIKKVWRVGKMISFTYDEGGGKTGRGMVSEKDAPKELLQ,0.4367329103671178,1
A43N,TVKFKYKGEEKQVDISKIKKVWRVGKMISFTYDEGGGKTGRGNVSEKDAPKELLQ,-0.1106365465529384,1
A43Q,TVKFKYKGEEKQVDISKIKKVWRVGKMISFTYDEGGGKTGRGQVSEKDAPKELLQ,0.2963444610166785,1
A43R,TVKFKYKGEEKQVDISKIKKVWRVGKMISFTYDEGGGKTGRGRVSEKDAPKELLQ,0.2109299948570973,1
A43S,TVKFKYKGEEKQVDISKIKKVWRVGKMISFTYDEGGGKTGRGSVSEKDAPKELLQ,0.2250368555879269,1
A43T,TVKFKYKGEEKQVDISKIKKVWRVGKMISFTYDEGGGKTGRGTVSEKDAPKELLQ,0.2991452526034788,1
A43V,TVKFKYKGEEKQVDISKIKKVWRVGKMISFTYDEGGGKTGRGVVSEKDAPKELLQ,0.0986271474228601,1
A43W,TVKFKYKGEEKQVDISKIKKVWRVGKMISFTYDEGGGKTGRGWVSEKDAPKELLQ,0.6602814750763741,1
A43Y,TVKFKYKGEEKQVDISKIKKVWRVGKMISFTYDEGGGKTGRGYVSEKDAPKELLQ,0.3711023335119154,1
A49C,TVKFKYKGEEKQVDISKIKKVWRVGKMISFTYDEGGGKTGRGAVSEKDCPKELLQ,0.0391015446662876,1
A49D,TVKFKYKGEEKQVDISKIKKVWRVGKMISFTYDEGGGKTGRGAVSEKDDPKELLQ,-2.709735003260749,0
A49E,TVKFKYKGEEKQVDISKIKKVWRVGKMISFTYDEGGGKTGRGAVSEKDEPKELLQ,-3.274302010305578,0
A49F,TVKFKYKGEEKQVDISKIKKVWRVGKMISFTYDEGGGKTGRGAVSEKDFPKELLQ,0.0274887034340549,1
A49G,TVKFKYKGEEKQVDISKIKKVWRVGKMISFTYDEGGGKTGRGAVSEKDGPKELLQ,-1.78445491211289,0
A49H,TVKFKYKGEEKQVDISKIKKVWRVGKMISFTYDEGGGKTGRGAVSEKDHPKELLQ,-2.899032930432936,0
A49I,TVKFKYKGEEKQVDISKIKKVWRVGKMISFTYDEGGGKTGRGAVSEKDIPKELLQ,-1.079279112594501,0
A49K,TVKFKYKGEEKQVDISKIKKVWRVGKMISFTYDEGGGKTGRGAVSEKDKPKELLQ,-3.28839148117893,0
A49L,TVKFKYKGEEKQVDISKIKKVWRVGKMISFTYDEGGGKTGRGAVSEKDLPKELLQ,-1.0865225928119655,0
A49M,TVKFKYKGEEKQVDISKIKKVWRVGKMISFTYDEGGGKTGRGAVSEKDMPKELLQ,-0.9201079920427016,0
A49N,TVKFKYKGEEKQVDISKIKKVWRVGKMISFTYDEGGGKTGRGAVSEKDNPKELLQ,-3.1063946299784164,0
A49P,TVKFKYKGEEKQVDISKIKKVWRVGKMISFTYDEGGGKTGRGAVSEKDPPKELLQ,-2.740262839645833,0
A49Q,TVKFKYKGEEKQVDISKIKKVWRVGKMISFTYDEGGGKTGRGAVSEKDQPKELLQ,-2.6408649177918093,0
A49R,TVKFKYKGEEKQVDISKIKKVWRVGKMISFTYDEGGGKTGRGAVSEKDRPKELLQ,-3.1112753930170616,0
A49S,TVKFKYKGEEKQVDISKIKKVWRVGKMISFTYDEGGGKTGRGAVSEKDSPKELLQ,-0.8390081294974188,0
A49T,TVKFKYKGEEKQVDISKIKKVWRVGKMISFTYDEGGGKTGRGAVSEKDTPKELLQ,-1.491817235124747,0
A49V,TVKFKYKGEEKQVDISKIKKVWRVGKMISFTYDEGGGKTGRGAVSEKDVPKELLQ,-0.9536475833273168,0
A49W,TVKFKYKGEEKQVDISKIKKVWRVGKMISFTYDEGGGKTGRGAVSEKDWPKELLQ,-0.2993458948500116,1
A49Y,TVKFKYKGEEKQVDISKIKKVWRVGKMISFTYDEGGGKTGRGAVSEKDYPKELLQ,-1.3191963308997583,0
D14A,TVKFKYKGEEKQVAISKIKKVWRVGKMISFTYDEGGGKTGRGAVSEKDAPKELLQ,0.0793720918157312,1
D14C,TVKFKYKGEEKQVCISKIKKVWRVGKMISFTYDEGGGKTGRGAVSEKDAPKELLQ,-0.3022618071310674,1
D14E,TVKFKYKGEEKQVEISKIKKVWRVGKMISFTYDEGGGKTGRGAVSEKDAPKELLQ,0.1486732989939581,1
D14F,TVKFKYKGEEKQVFISKIKKVWRVGKMISFTYDEGGGKTGRGAVSEKDAPKELLQ,-0.2016709559150094,1
D14G,TVKFKYKGEEKQVGISKIKKVWRVGKMISFTYDEGGGKTGRGAVSEKDAPKELLQ,-0.6689778939748647,0
D14H,TVKFKYKGEEKQVHISKIKKVWRVGKMISFTYDEGGGKTGRGAVSEKDAPKELLQ,0.1135601932572312,1
D14I,TVKFKYKGEEKQVIISKIKKVWRVGKMISFTYDEGGGKTGRGAVSEKDAPKELLQ,-0.7213916963546367,0
D14K,TVKFKYKGEEKQVKISKIKKVWRVGKMISFTYDEGGGKTGRGAVSEKDAPKELLQ,-0.3662478492351564,1
D14L,TVKFKYKGEEKQVLISKIKKVWRVGKMISFTYDEGGGKTGRGAVSEKDAPKELLQ,0.2728553484295943,1
D14M,TVKFKYKGEEKQVMISKIKKVWRVGKMISFTYDEGGGKTGRGAVSEKDAPKELLQ,0.0433746504131455,1
D14N,TVKFKYKGEEKQVNISKIKKVWRVGKMISFTYDEGGGKTGRGAVSEKDAPKELLQ,-0.2310278339924747,1
D14P,TVKFKYKGEEKQVPISKIKKVWRVGKMISFTYDEGGGKTGRGAVSEKDAPKELLQ,0.1533354356923837,1
D14Q,TVKFKYKGEEKQVQISKIKKVWRVGKMISFTYDEGGGKTGRGAVSEKDAPKELLQ,-0.040759679486646,1
D14R,TVKFKYKGEEKQVRISKIKKVWRVGKMISFTYDEGGGKTGRGAVSEKDAPKELLQ,-0.4602706720115987,1
D14S,TVKFKYKGEEKQVSISKIKKVWRVGKMISFTYDEGGGKTGRGAVSEKDAPKELLQ,0.0521732231237503,1
D14T,TVKFKYKGEEKQVTISKIKKVWRVGKMISFTYDEGGGKTGRGAVSEKDAPKELLQ,-0.5488212223702149,0
D14V,TVKFKYKGEEKQVVISKIKKVWRVGKMISFTYDEGGGKTGRGAVSEKDAPKELLQ,-0.6028235616078619,0
D14W,TVKFKYKGEEKQVWISKIKKVWRVGKMISFTYDEGGGKTGRGAVSEKDAPKELLQ,-0.4786321946296996,0
D14Y,TVKFKYKGEEKQVYISKIKKVWRVGKMISFTYDEGGGKTGRGAVSEKDAPKELLQ,-0.3097795920556256,1
D33A,TVKFKYKGEEKQVDISKIKKVWRVGKMISFTYAEGGGKTGRGAVSEKDAPKELLQ,-0.7533279101450296,0
D33C,TVKFKYKGEEKQVDISKIKKVWRVGKMISFTYCEGGGKTGRGAVSEKDAPKELLQ,-0.7749432530105227,0
D33E,TVKFKYKGEEKQVDISKIKKVWRVGKMISFTYEEGGGKTGRGAVSEKDAPKELLQ,-0.3646657915898492,1
D33F,TVKFKYKGEEKQVDISKIKKVWRVGKMISFTYFEGGGKTGRGAVSEKDAPKELLQ,-0.9953264874572656,0
D33G,TVKFKYKGEEKQVDISKIKKVWRVGKMISFTYGEGGGKTGRGAVSEKDAPKELLQ,-1.553710477016474,0
D33H,TVKFKYKGEEKQVDISKIKKVWRVGKMISFTYHEGGGKTGRGAVSEKDAPKELLQ,-0.8951427743807865,0
D33I,TVKFKYKGEEKQVDISKIKKVWRVGKMISFTYIEGGGKTGRGAVSEKDAPKELLQ,-0.6074352830751657,0
D33K,TVKFKYKGEEKQVDISKIKKVWRVGKMISFTYKEGGGKTGRGAVSEKDAPKELLQ,-1.2538276207210992,0
D33L,TVKFKYKGEEKQVDISKIKKVWRVGKMISFTYLEGGGKTGRGAVSEKDAPKELLQ,-0.813225191742522,0
D33M,TVKFKYKGEEKQVDISKIKKVWRVGKMISFTYMEGGGKTGRGAVSEKDAPKELLQ,-0.804034081856317,0
D33N,TVKFKYKGEEKQVDISKIKKVWRVGKMISFTYNEGGGKTGRGAVSEKDAPKELLQ,-1.037771375050525,0
D33P,TVKFKYKGEEKQVDISKIKKVWRVGKMISFTYPEGGGKTGRGAVSEKDAPKELLQ,-2.078470162358488,0
D33Q,TVKFKYKGEEKQVDISKIKKVWRVGKMISFTYQEGGGKTGRGAVSEKDAPKELLQ,-0.85911930409172,0
D33R,TVKFKYKGEEKQVDISKIKKVWRVGKMISFTYREGGGKTGRGAVSEKDAPKELLQ,-1.3243903328194184,0
D33S,TVKFKYKGEEKQVDISKIKKVWRVGKMISFTYSEGGGKTGRGAVSEKDAPKELLQ,-0.6969757131934289,0
D33T,TVKFKYKGEEKQVDISKIKKVWRVGKMISFTYTEGGGKTGRGAVSEKDAPKELLQ,-0.7605281202209029,0
D33V,TVKFKYKGEEKQVDISKIKKVWRVGKMISFTYVEGGGKTGRGAVSEKDAPKELLQ,-0.5338041846336603,0
D33W,TVKFKYKGEEKQVDISKIKKVWRVGKMISFTYWEGGGKTGRGAVSEKDAPKELLQ,-0.5437681815067297,0
D33Y,TVKFKYKGEEKQVDISKIKKVWRVGKMISFTYYEGGGKTGRGAVSEKDAPKELLQ,-0.5942483593815568,0
D48A,TVKFKYKGEEKQVDISKIKKVWRVGKMISFTYDEGGGKTGRGAVSEKAAPKELLQ,-0.2137275813575216,1
D48C,TVKFKYKGEEKQVDISKIKKVWRVGKMISFTYDEGGGKTGRGAVSEKCAPKELLQ,-0.180094494217279,1
D48E,TVKFKYKGEEKQVDISKIKKVWRVGKMISFTYDEGGGKTGRGAVSEKEAPKELLQ,-0.0801348404545434,1
D48F,TVKFKYKGEEKQVDISKIKKVWRVGKMISFTYDEGGGKTGRGAVSEKFAPKELLQ,-0.0123598244856353,1
D48G,TVKFKYKGEEKQVDISKIKKVWRVGKMISFTYDEGGGKTGRGAVSEKGAPKELLQ,-0.6377266779541806,0
D48H,TVKFKYKGEEKQVDISKIKKVWRVGKMISFTYDEGGGKTGRGAVSEKHAPKELLQ,-0.011642268813123,1
D48I,TVKFKYKGEEKQVDISKIKKVWRVGKMISFTYDEGGGKTGRGAVSEKIAPKELLQ,-0.2625572781445986,1
D48K,TVKFKYKGEEKQVDISKIKKVWRVGKMISFTYDEGGGKTGRGAVSEKKAPKELLQ,-0.1781635027189825,1
D48L,TVKFKYKGEEKQVDISKIKKVWRVGKMISFTYDEGGGKTGRGAVSEKLAPKELLQ,-0.1009104825811331,1
D48M,TVKFKYKGEEKQVDISKIKKVWRVGKMISFTYDEGGGKTGRGAVSEKMAPKELLQ,-0.3135186996184456,1
D48N,TVKFKYKGEEKQVDISKIKKVWRVGKMISFTYDEGGGKTGRGAVSEKNAPKELLQ,-0.0050932568728327,1
D48P,TVKFKYKGEEKQVDISKIKKVWRVGKMISFTYDEGGGKTGRGAVSEKPAPKELLQ,-3.513140486363045,0
D48Q,TVKFKYKGEEKQVDISKIKKVWRVGKMISFTYDEGGGKTGRGAVSEKQAPKELLQ,-0.2335915909323738,1
D48R,TVKFKYKGEEKQVDISKIKKVWRVGKMISFTYDEGGGKTGRGAVSEKRAPKELLQ,-0.2272170228722747,1
D48S,TVKFKYKGEEKQVDISKIKKVWRVGKMISFTYDEGGGKTGRGAVSEKSAPKELLQ,-0.3018091282595385,1
D48T,TVKFKYKGEEKQVDISKIKKVWRVGKMISFTYDEGGGKTGRGAVSEKTAPKELLQ,-0.298439561074133,1
D48V,TVKFKYKGEEKQVDISKIKKVWRVGKMISFTYDEGGGKTGRGAVSEKVAPKELLQ,-0.333168181540354,1
D48W,TVKFKYKGEEKQVDISKIKKVWRVGKMISFTYDEGGGKTGRGAVSEKWAPKELLQ,-0.0903835860645783,1
D48Y,TVKFKYKGEEKQVDISKIKKVWRVGKMISFTYDEGGGKTGRGAVSEKYAPKELLQ,0.0215550012607543,1
E10A,TVKFKYKGEAKQVDISKIKKVWRVGKMISFTYDEGGGKTGRGAVSEKDAPKELLQ,-0.2541907927867317,1
E10C,TVKFKYKGECKQVDISKIKKVWRVGKMISFTYDEGGGKTGRGAVSEKDAPKELLQ,-0.0640325749195183,1
E10D,TVKFKYKGEDKQVDISKIKKVWRVGKMISFTYDEGGGKTGRGAVSEKDAPKELLQ,0.0644356797267216,1
E10F,TVKFKYKGEFKQVDISKIKKVWRVGKMISFTYDEGGGKTGRGAVSEKDAPKELLQ,0.0936047072847339,1
E10G,TVKFKYKGEGKQVDISKIKKVWRVGKMISFTYDEGGGKTGRGAVSEKDAPKELLQ,-0.9808891452360068,0
E10H,TVKFKYKGEHKQVDISKIKKVWRVGKMISFTYDEGGGKTGRGAVSEKDAPKELLQ,-0.1278958794571583,1
E10I,TVKFKYKGEIKQVDISKIKKVWRVGKMISFTYDEGGGKTGRGAVSEKDAPKELLQ,-0.1224844140546146,1
E10K,TVKFKYKGEKKQVDISKIKKVWRVGKMISFTYDEGGGKTGRGAVSEKDAPKELLQ,-0.5868037593296189,0
E10L,TVKFKYKGELKQVDISKIKKVWRVGKMISFTYDEGGGKTGRGAVSEKDAPKELLQ,0.1521794129737115,1
E10M,TVKFKYKGEMKQVDISKIKKVWRVGKMISFTYDEGGGKTGRGAVSEKDAPKELLQ,-0.0081736430438601,1
E10N,TVKFKYKGENKQVDISKIKKVWRVGKMISFTYDEGGGKTGRGAVSEKDAPKELLQ,-0.1668368448841377,1
E10P,TVKFKYKGEPKQVDISKIKKVWRVGKMISFTYDEGGGKTGRGAVSEKDAPKELLQ,-0.3760837545942506,1
E10Q,TVKFKYKGEQKQVDISKIKKVWRVGKMISFTYDEGGGKTGRGAVSEKDAPKELLQ,-0.1837146620082981,1
E10R,TVKFKYKGERKQVDISKIKKVWRVGKMISFTYDEGGGKTGRGAVSEKDAPKELLQ,-0.6542964454741442,0
E10S,TVKFKYKGESKQVDISKIKKVWRVGKMISFTYDEGGGKTGRGAVSEKDAPKELLQ,-0.2151269409791059,1
E10T,TVKFKYKGETKQVDISKIKKVWRVGKMISFTYDEGGGKTGRGAVSEKDAPKELLQ,-0.1596196827724387,1
E10V,TVKFKYKGEVKQVDISKIKKVWRVGKMISFTYDEGGGKTGRGAVSEKDAPKELLQ,0.1958650788746672,1
E10W,TVKFKYKGEWKQVDISKIKKVWRVGKMISFTYDEGGGKTGRGAVSEKDAPKELLQ,0.6030062501807176,1
E10Y,TVKFKYKGEYKQVDISKIKKVWRVGKMISFTYDEGGGKTGRGAVSEKDAPKELLQ,0.1370895042356936,1
E34A,TVKFKYKGEEKQVDISKIKKVWRVGKMISFTYDAGGGKTGRGAVSEKDAPKELLQ,0.4362160573124818,1
E34C,TVKFKYKGEEKQVDISKIKKVWRVGKMISFTYDCGGGKTGRGAVSEKDAPKELLQ,-0.1578372794657578,1
E34D,TVKFKYKGEEKQVDISKIKKVWRVGKMISFTYDDGGGKTGRGAVSEKDAPKELLQ,-0.001240359113015,1
E34F,TVKFKYKGEEKQVDISKIKKVWRVGKMISFTYDFGGGKTGRGAVSEKDAPKELLQ,-0.5498496054259805,0
E34G,TVKFKYKGEEKQVDISKIKKVWRVGKMISFTYDGGGGKTGRGAVSEKDAPKELLQ,-0.6210105141912989,0
E34H,TVKFKYKGEEKQVDISKIKKVWRVGKMISFTYDHGGGKTGRGAVSEKDAPKELLQ,-0.9262741757197204,0
E34I,TVKFKYKGEEKQVDISKIKKVWRVGKMISFTYDIGGGKTGRGAVSEKDAPKELLQ,0.0907361795841854,1
E34K,TVKFKYKGEEKQVDISKIKKVWRVGKMISFTYDKGGGKTGRGAVSEKDAPKELLQ,-0.1890169661731446,1
E34L,TVKFKYKGEEKQVDISKIKKVWRVGKMISFTYDLGGGKTGRGAVSEKDAPKELLQ,0.2493646884354508,1
E34M,TVKFKYKGEEKQVDISKIKKVWRVGKMISFTYDMGGGKTGRGAVSEKDAPKELLQ,0.2707386650093806,1
E34N,TVKFKYKGEEKQVDISKIKKVWRVGKMISFTYDNGGGKTGRGAVSEKDAPKELLQ,-0.461643508160825,1
E34P,TVKFKYKGEEKQVDISKIKKVWRVGKMISFTYDPGGGKTGRGAVSEKDAPKELLQ,-1.648538219902672,0
E34Q,TVKFKYKGEEKQVDISKIKKVWRVGKMISFTYDQGGGKTGRGAVSEKDAPKELLQ,-0.0710955843743894,1
E34R,TVKFKYKGEEKQVDISKIKKVWRVGKMISFTYDRGGGKTGRGAVSEKDAPKELLQ,-0.1945079872197919,1
E34S,TVKFKYKGEEKQVDISKIKKVWRVGKMISFTYDSGGGKTGRGAVSEKDAPKELLQ,-0.27539628553839,1
E34T,TVKFKYKGEEKQVDISKIKKVWRVGKMISFTYDTGGGKTGRGAVSEKDAPKELLQ,-0.2562229138273491,1
E34V,TVKFKYKGEEKQVDISKIKKVWRVGKMISFTYDVGGGKTGRGAVSEKDAPKELLQ,-0.2109496559499568,1
E34W,TVKFKYKGEEKQVDISKIKKVWRVGKMISFTYDWGGGKTGRGAVSEKDAPKELLQ,-0.8377117068522999,0
E34Y,TVKFKYKGEEKQVDISKIKKVWRVGKMISFTYDYGGGKTGRGAVSEKDAPKELLQ,-0.4540155042706586,1
E46A,TVKFKYKGEEKQVDISKIKKVWRVGKMISFTYDEGGGKTGRGAVSAKDAPKELLQ,0.168509667869146,1
E46C,TVKFKYKGEEKQVDISKIKKVWRVGKMISFTYDEGGGKTGRGAVSCKDAPKELLQ,-0.1488057561071363,1
E46D,TVKFKYKGEEKQVDISKIKKVWRVGKMISFTYDEGGGKTGRGAVSDKDAPKELLQ,-0.3795327959432417,1
E46F,TVKFKYKGEEKQVDISKIKKVWRVGKMISFTYDEGGGKTGRGAVSFKDAPKELLQ,0.1941417306278499,1
E46G,TVKFKYKGEEKQVDISKIKKVWRVGKMISFTYDEGGGKTGRGAVSGKDAPKELLQ,-0.5089246954411348,0
E46H,TVKFKYKGEEKQVDISKIKKVWRVGKMISFTYDEGGGKTGRGAVSHKDAPKELLQ,-0.3303770132580368,1
E46I,TVKFKYKGEEKQVDISKIKKVWRVGKMISFTYDEGGGKTGRGAVSIKDAPKELLQ,0.2160797510540391,1
E46K,TVKFKYKGEEKQVDISKIKKVWRVGKMISFTYDEGGGKTGRGAVSKKDAPKELLQ,-0.3544340258336249,1
E46L,TVKFKYKGEEKQVDISKIKKVWRVGKMISFTYDEGGGKTGRGAVSLKDAPKELLQ,0.155624549295771,1
E46M,TVKFKYKGEEKQVDISKIKKVWRVGKMISFTYDEGGGKTGRGAVSMKDAPKELLQ,0.0795494221918549,1
E46N,TVKFKYKGEEKQVDISKIKKVWRVGKMISFTYDEGGGKTGRGAVSNKDAPKELLQ,-0.8343870145268397,0
E46P,TVKFKYKGEEKQVDISKIKKVWRVGKMISFTYDEGGGKTGRGAVSPKDAPKELLQ,-0.6858633683719204,0
E46Q,TVKFKYKGEEKQVDISKIKKVWRVGKMISFTYDEGGGKTGRGAVSQKDAPKELLQ,-0.2235219237509129,1
E46R,TVKFKYKGEEKQVDISKIKKVWRVGKMISFTYDEGGGKTGRGAVSRKDAPKELLQ,-0.1376404769221686,1
E46S,TVKFKYKGEEKQVDISKIKKVWRVGKMISFTYDEGGGKTGRGAVSSKDAPKELLQ,-0.2313289260741977,1
E46T,TVKFKYKGEEKQVDISKIKKVWRVGKMISFTYDEGGGKTGRGAVSTKDAPKELLQ,-0.0928043333033805,1
E46V,TVKFKYKGEEKQVDISKIKKVWRVGKMISFTYDEGGGKTGRGAVSVKDAPKELLQ,0.2206595939639033,1
E46W,TVKFKYKGEEKQVDISKIKKVWRVGKMISFTYDEGGGKTGRGAVSWKDAPKELLQ,0.199910571083234,1
E46Y,TVKFKYKGEEKQVDISKIKKVWRVGKMISFTYDEGGGKTGRGAVSYKDAPKELLQ,0.2157662648811111,1
E52A,TVKFKYKGEEKQVDISKIKKVWRVGKMISFTYDEGGGKTGRGAVSEKDAPKALLQ,-0.0144728609789073,1
E52C,TVKFKYKGEEKQVDISKIKKVWRVGKMISFTYDEGGGKTGRGAVSEKDAPKCLLQ,-0.5740493277513821,0
E52D,TVKFKYKGEEKQVDISKIKKVWRVGKMISFTYDEGGGKTGRGAVSEKDAPKDLLQ,-0.3932450803960252,1
E52F,TVKFKYKGEEKQVDISKIKKVWRVGKMISFTYDEGGGKTGRGAVSEKDAPKFLLQ,0.0272780656517523,1
E52G,TVKFKYKGEEKQVDISKIKKVWRVGKMISFTYDEGGGKTGRGAVSEKDAPKGLLQ,-0.4596468703969449,1
E52H,TVKFKYKGEEKQVDISKIKKVWRVGKMISFTYDEGGGKTGRGAVSEKDAPKHLLQ,-0.2755247839249559,1
E52I,TVKFKYKGEEKQVDISKIKKVWRVGKMISFTYDEGGGKTGRGAVSEKDAPKILLQ,-0.0843731967841705,1
E52K,TVKFKYKGEEKQVDISKIKKVWRVGKMISFTYDEGGGKTGRGAVSEKDAPKKLLQ,-0.5244143898397948,0
E52L,TVKFKYKGEEKQVDISKIKKVWRVGKMISFTYDEGGGKTGRGAVSEKDAPKLLLQ,-0.1651031334604606,1
E52M,TVKFKYKGEEKQVDISKIKKVWRVGKMISFTYDEGGGKTGRGAVSEKDAPKMLLQ,-0.2588766234439106,1
E52N,TVKFKYKGEEKQVDISKIKKVWRVGKMISFTYDEGGGKTGRGAVSEKDAPKNLLQ,-0.6141653373536817,0
E52P,TVKFKYKGEEKQVDISKIKKVWRVGKMISFTYDEGGGKTGRGAVSEKDAPKPLLQ,-0.6151642810792497,0
E52Q,TVKFKYKGEEKQVDISKIKKVWRVGKMISFTYDEGGGKTGRGAVSEKDAPKQLLQ,-0.2045618801825615,1
E52R,TVKFKYKGEEKQVDISKIKKVWRVGKMISFTYDEGGGKTGRGAVSEKDAPKRLLQ,-0.4797954583441046,0
E52S,TVKFKYKGEEKQVDISKIKKVWRVGKMISFTYDEGGGKTGRGAVSEKDAPKSLLQ,-0.1237547287027442,1
E52T,TVKFKYKGEEKQVDISKIKKVWRVGKMISFTYDEGGGKTGRGAVSEKDAPKTLLQ,-0.4277526918631209,1
E52V,TVKFKYKGEEKQVDISKIKKVWRVGKMISFTYDEGGGKTGRGAVSEKDAPKVLLQ,-0.1453229712464701,1
E52W,TVKFKYKGEEKQVDISKIKKVWRVGKMISFTYDEGGGKTGRGAVSEKDAPKWLLQ,0.1624922743390922,1
E52Y,TVKFKYKGEEKQVDISKIKKVWRVGKMISFTYDEGGGKTGRGAVSEKDAPKYLLQ,-0.1440630957585131,1
E9A,TVKFKYKGAEKQVDISKIKKVWRVGKMISFTYDEGGGKTGRGAVSEKDAPKELLQ,-0.0697522414715123,1
E9C,TVKFKYKGCEKQVDISKIKKVWRVGKMISFTYDEGGGKTGRGAVSEKDAPKELLQ,-0.4693736298059234,1
E9D,TVKFKYKGDEKQVDISKIKKVWRVGKMISFTYDEGGGKTGRGAVSEKDAPKELLQ,-0.4556000327817768,1
E9F,TVKFKYKGFEKQVDISKIKKVWRVGKMISFTYDEGGGKTGRGAVSEKDAPKELLQ,-0.274419599309657,1
E9G,TVKFKYKGGEKQVDISKIKKVWRVGKMISFTYDEGGGKTGRGAVSEKDAPKELLQ,-0.5651781716517226,0
E9H,TVKFKYKGHEKQVDISKIKKVWRVGKMISFTYDEGGGKTGRGAVSEKDAPKELLQ,-0.1864094918513972,1
E9I,TVKFKYKGIEKQVDISKIKKVWRVGKMISFTYDEGGGKTGRGAVSEKDAPKELLQ,0.2866704546149137,1
E9K,TVKFKYKGKEKQVDISKIKKVWRVGKMISFTYDEGGGKTGRGAVSEKDAPKELLQ,0.0327227256402586,1
E9L,TVKFKYKGLEKQVDISKIKKVWRVGKMISFTYDEGGGKTGRGAVSEKDAPKELLQ,-0.2963395823086276,1
E9M,TVKFKYKGMEKQVDISKIKKVWRVGKMISFTYDEGGGKTGRGAVSEKDAPKELLQ,-0.031840343633295,1
E9N,TVKFKYKGNEKQVDISKIKKVWRVGKMISFTYDEGGGKTGRGAVSEKDAPKELLQ,-0.4043380085007668,1
E9P,TVKFKYKGPEKQVDISKIKKVWRVGKMISFTYDEGGGKTGRGAVSEKDAPKELLQ,-2.33857522204064,0
E9Q,TVKFKYKGQEKQVDISKIKKVWRVGKMISFTYDEGGGKTGRGAVSEKDAPKELLQ,0.0942681310966317,1
E9R,TVKFKYKGREKQVDISKIKKVWRVGKMISFTYDEGGGKTGRGAVSEKDAPKELLQ,-0.0525908335028981,1
E9S,TVKFKYKGSEKQVDISKIKKVWRVGKMISFTYDEGGGKTGRGAVSEKDAPKELLQ,-0.4339804608927187,1
E9T,TVKFKYKGTEKQVDISKIKKVWRVGKMISFTYDEGGGKTGRGAVSEKDAPKELLQ,-0.0778302610393399,1
E9V,TVKFKYKGVEKQVDISKIKKVWRVGKMISFTYDEGGGKTGRGAVSEKDAPKELLQ,0.1802015027969066,1
E9W,TVKFKYKGWEKQVDISKIKKVWRVGKMISFTYDEGGGKTGRGAVSEKDAPKELLQ,-0.5913163463776909,0
E9Y,TVKFKYKGYEKQVDISKIKKVWRVGKMISFTYDEGGGKTGRGAVSEKDAPKELLQ,-0.2152568115593247,1
F30A,TVKFKYKGEEKQVDISKIKKVWRVGKMISATYDEGGGKTGRGAVSEKDAPKELLQ,-4.173372679260875,0
F30C,TVKFKYKGEEKQVDISKIKKVWRVGKMISCTYDEGGGKTGRGAVSEKDAPKELLQ,-4.631551008372281,0
F30G,TVKFKYKGEEKQVDISKIKKVWRVGKMISGTYDEGGGKTGRGAVSEKDAPKELLQ,-5.087948327131557,0
F30I,TVKFKYKGEEKQVDISKIKKVWRVGKMISITYDEGGGKTGRGAVSEKDAPKELLQ,-2.483485633720876,0
F30L,TVKFKYKGEEKQVDISKIKKVWRVGKMISLTYDEGGGKTGRGAVSEKDAPKELLQ,-3.037026772445002,0
F30M,TVKFKYKGEEKQVDISKIKKVWRVGKMISMTYDEGGGKTGRGAVSEKDAPKELLQ,-3.2070245752985937,0
F30V,TVKFKYKGEEKQVDISKIKKVWRVGKMISVTYDEGGGKTGRGAVSEKDAPKELLQ,-3.238759054024793,0
F30W,TVKFKYKGEEKQVDISKIKKVWRVGKMISWTYDEGGGKTGRGAVSEKDAPKELLQ,-2.8961066235824813,0
F30Y,TVKFKYKGEEKQVDISKIKKVWRVGKMISYTYDEGGGKTGRGAVSEKDAPKELLQ,-3.0945344268588704,0
F4A,TVKAKYKGEEKQVDISKIKKVWRVGKMISFTYDEGGGKTGRGAVSEKDAPKELLQ,-1.9560301430355107,0
F4C,TVKCKYKGEEKQVDISKIKKVWRVGKMISFTYDEGGGKTGRGAVSEKDAPKELLQ,-1.5174433135769636,0
F4D,TVKDKYKGEEKQVDISKIKKVWRVGKMISFTYDEGGGKTGRGAVSEKDAPKELLQ,-3.9793739050942274,0
F4E,TVKEKYKGEEKQVDISKIKKVWRVGKMISFTYDEGGGKTGRGAVSEKDAPKELLQ,-3.9977461180016647,0
F4G,TVKGKYKGEEKQVDISKIKKVWRVGKMISFTYDEGGGKTGRGAVSEKDAPKELLQ,-3.006979312727465,0
F4H,TVKHKYKGEEKQVDISKIKKVWRVGKMISFTYDEGGGKTGRGAVSEKDAPKELLQ,-2.524142699312624,0
F4I,TVKIKYKGEEKQVDISKIKKVWRVGKMISFTYDEGGGKTGRGAVSEKDAPKELLQ,-1.1788263949192137,0
F4K,TVKKKYKGEEKQVDISKIKKVWRVGKMISFTYDEGGGKTGRGAVSEKDAPKELLQ,-3.777925400462937,0
F4L,TVKLKYKGEEKQVDISKIKKVWRVGKMISFTYDEGGGKTGRGAVSEKDAPKELLQ,-1.798599610798902,0
F4M,TVKMKYKGEEKQVDISKIKKVWRVGKMISFTYDEGGGKTGRGAVSEKDAPKELLQ,-1.897856708580535,0
F4N,TVKNKYKGEEKQVDISKIKKVWRVGKMISFTYDEGGGKTGRGAVSEKDAPKELLQ,-3.787371686721429,0
F4P,TVKPKYKGEEKQVDISKIKKVWRVGKMISFTYDEGGGKTGRGAVSEKDAPKELLQ,-3.826923380013551,0
F4Q,TVKQKYKGEEKQVDISKIKKVWRVGKMISFTYDEGGGKTGRGAVSEKDAPKELLQ,-3.270891937281,0
F4R,TVKRKYKGEEKQVDISKIKKVWRVGKMISFTYDEGGGKTGRGAVSEKDAPKELLQ,-3.648353891163856,0
F4S,TVKSKYKGEEKQVDISKIKKVWRVGKMISFTYDEGGGKTGRGAVSEKDAPKELLQ,-1.8146973057947065,0
F4T,TVKTKYKGEEKQVDISKIKKVWRVGKMISFTYDEGGGKTGRGAVSEKDAPKELLQ,-2.28613238984619,0
F4V,TVKVKYKGEEKQVDISKIKKVWRVGKMISFTYDEGGGKTGRGAVSEKDAPKELLQ,-1.556289829803042,0
F4W,TVKWKYKGEEKQVDISKIKKVWRVGKMISFTYDEGGGKTGRGAVSEKDAPKELLQ,-0.0303129584554149,1
F4Y,TVKYKYKGEEKQVDISKIKKVWRVGKMISFTYDEGGGKTGRGAVSEKDAPKELLQ,-0.8790394933061507,0
G25A,TVKFKYKGEEKQVDISKIKKVWRVAKMISFTYDEGGGKTGRGAVSEKDAPKELLQ,-1.068301527978062,0
G25C,TVKFKYKGEEKQVDISKIKKVWRVCKMISFTYDEGGGKTGRGAVSEKDAPKELLQ,-0.72195917383632,0
G25D,TVKFKYKGEEKQVDISKIKKVWRVDKMISFTYDEGGGKTGRGAVSEKDAPKELLQ,-1.005252131411722,0
G25E,TVKFKYKGEEKQVDISKIKKVWRVEKMISFTYDEGGGKTGRGAVSEKDAPKELLQ,-1.5723312126181526,0
G25F,TVKFKYKGEEKQVDISKIKKVWRVFKMISFTYDEGGGKTGRGAVSEKDAPKELLQ,-1.3404219459153546,0
G25H,TVKFKYKGEEKQVDISKIKKVWRVHKMISFTYDEGGGKTGRGAVSEKDAPKELLQ,-0.8851423621306305,0
G25I,TVKFKYKGEEKQVDISKIKKVWRVIKMISFTYDEGGGKTGRGAVSEKDAPKELLQ,-2.224302443177419,0
G25K,TVKFKYKGEEKQVDISKIKKVWRVKKMISFTYDEGGGKTGRGAVSEKDAPKELLQ,-0.9124141559642394,0
G25L,TVKFKYKGEEKQVDISKIKKVWRVLKMISFTYDEGGGKTGRGAVSEKDAPKELLQ,-1.522090090584118,0
G25M,TVKFKYKGEEKQVDISKIKKVWRVMKMISFTYDEGGGKTGRGAVSEKDAPKELLQ,-1.4530004788925766,0
G25N,TVKFKYKGEEKQVDISKIKKVWRVNKMISFTYDEGGGKTGRGAVSEKDAPKELLQ,-0.6664838662938868,0
G25P,TVKFKYKGEEKQVDISKIKKVWRVPKMISFTYDEGGGKTGRGAVSEKDAPKELLQ,-2.198252691957116,0
G25Q,TVKFKYKGEEKQVDISKIKKVWRVQKMISFTYDEGGGKTGRGAVSEKDAPKELLQ,-1.3885369758081918,0
G25R,TVKFKYKGEEKQVDISKIKKVWRVRKMISFTYDEGGGKTGRGAVSEKDAPKELLQ,-0.9568174463195342,0
G25S,TVKFKYKGEEKQVDISKIKKVWRVSKMISFTYDEGGGKTGRGAVSEKDAPKELLQ,-1.365242411615152,0
G25T,TVKFKYKGEEKQVDISKIKKVWRVTKMISFTYDEGGGKTGRGAVSEKDAPKELLQ,-2.303785873371917,0
G25V,TVKFKYKGEEKQVDISKIKKVWRVVKMISFTYDEGGGKTGRGAVSEKDAPKELLQ,-2.0593924783847912,0
G25W,TVKFKYKGEEKQVDISKIKKVWRVWKMISFTYDEGGGKTGRGAVSEKDAPKELLQ,-1.215810984779499,0
G25Y,TVKFKYKGEEKQVDISKIKKVWRVYKMISFTYDEGGGKTGRGAVSEKDAPKELLQ,-1.0960886371288607,0
G35A,TVKFKYKGEEKQVDISKIKKVWRVGKMISFTYDEAGGKTGRGAVSEKDAPKELLQ,-0.7312922523804559,0
G35C,TVKFKYKGEEKQVDISKIKKVWRVGKMISFTYDECGGKTGRGAVSEKDAPKELLQ,-1.1942221743566137,0
G35D,TVKFKYKGEEKQVDISKIKKVWRVGKMISFTYDEDGGKTGRGAVSEKDAPKELLQ,-0.3885546123690266,1
G35E,TVKFKYKGEEKQVDISKIKKVWRVGKMISFTYDEEGGKTGRGAVSEKDAPKELLQ,-0.2228907877115555,1
G35F,TVKFKYKGEEKQVDISKIKKVWRVGKMISFTYDEFGGKTGRGAVSEKDAPKELLQ,-1.0016099366682742,0
G35H,TVKFKYKGEEKQVDISKIKKVWRVGKMISFTYDEHGGKTGRGAVSEKDAPKELLQ,-0.9405883218783062,0
G35I,TVKFKYKGEEKQVDISKIKKVWRVGKMISFTYDEIGGKTGRGAVSEKDAPKELLQ,-0.8400866099273863,0
G35K,TVKFKYKGEEKQVDISKIKKVWRVGKMISFTYDEKGGKTGRGAVSEKDAPKELLQ,-0.8931121147598722,0
G35L,TVKFKYKGEEKQVDISKIKKVWRVGKMISFTYDELGGKTGRGAVSEKDAPKELLQ,-0.7699253760619742,0
G35M,TVKFKYKGEEKQVDISKIKKVWRVGKMISFTYDEMGGKTGRGAVSEKDAPKELLQ,-0.8343122336161337,0
G35N,TVKFKYKGEEKQVDISKIKKVWRVGKMISFTYDENGGKTGRGAVSEKDAPKELLQ,-1.0650457516376783,0
G35P,TVKFKYKGEEKQVDISKIKKVWRVGKMISFTYDEPGGKTGRGAVSEKDAPKELLQ,-0.2894871974556339,1
G35Q,TVKFKYKGEEKQVDISKIKKVWRVGKMISFTYDEQGGKTGRGAVSEKDAPKELLQ,-0.9497609364934227,0
G35R,TVKFKYKGEEKQVDISKIKKVWRVGKMISFTYDERGGKTGRGAVSEKDAPKELLQ,-1.3269731108827418,0
G35S,TVKFKYKGEEKQVDISKIKKVWRVGKMISFTYDESGGKTGRGAVSEKDAPKELLQ,-0.8413294635130435,0
G35T,TVKFKYKGEEKQVDISKIKKVWRVGKMISFTYDETGGKTGRGAVSEKDAPKELLQ,-0.8529157618228251,0
G35V,TVKFKYKGEEKQVDISKIKKVWRVGKMISFTYDEVGGKTGRGAVSEKDAPKELLQ,-0.4893631114017456,0
G35W,TVKFKYKGEEKQVDISKIKKVWRVGKMISFTYDEWGGKTGRGAVSEKDAPKELLQ,-1.1525570930128135,0
G35Y,TVKFKYKGEEKQVDISKIKKVWRVGKMISFTYDEYGGKTGRGAVSEKDAPKELLQ,-1.021183888762482,0
G36A,TVKFKYKGEEKQVDISKIKKVWRVGKMISFTYDEGAGKTGRGAVSEKDAPKELLQ,-0.171760671929416,1
G36C,TVKFKYKGEEKQVDISKIKKVWRVGKMISFTYDEGCGKTGRGAVSEKDAPKELLQ,-0.1384614862298345,1
G36D,TVKFKYKGEEKQVDISKIKKVWRVGKMISFTYDEGDGKTGRGAVSEKDAPKELLQ,0.2372559069758928,1
G36E,TVKFKYKGEEKQVDISKIKKVWRVGKMISFTYDEGEGKTGRGAVSEKDAPKELLQ,0.0208413016390114,1
G36F,TVKFKYKGEEKQVDISKIKKVWRVGKMISFTYDEGFGKTGRGAVSEKDAPKELLQ,-0.0325255580928462,1
G36H,TVKFKYKGEEKQVDISKIKKVWRVGKMISFTYDEGHGKTGRGAVSEKDAPKELLQ,-0.0397160593526972,1
G36I,TVKFKYKGEEKQVDISKIKKVWRVGKMISFTYDEGIGKTGRGAVSEKDAPKELLQ,-0.7451279952778012,0
G36K,TVKFKYKGEEKQVDISKIKKVWRVGKMISFTYDEGKGKTGRGAVSEKDAPKELLQ,-0.4487343453847296,1
G36L,TVKFKYKGEEKQVDISKIKKVWRVGKMISFTYDEGLGKTGRGAVSEKDAPKELLQ,-0.512420478919366,0
G36M,TVKFKYKGEEKQVDISKIKKVWRVGKMISFTYDEGMGKTGRGAVSEKDAPKELLQ,-0.1666111113030606,1
G36N,TVKFKYKGEEKQVDISKIKKVWRVGKMISFTYDEGNGKTGRGAVSEKDAPKELLQ,0.3252806001081518,1
G36P,TVKFKYKGEEKQVDISKIKKVWRVGKMISFTYDEGPGKTGRGAVSEKDAPKELLQ,-0.5357073789298017,0
G36Q,TVKFKYKGEEKQVDISKIKKVWRVGKMISFTYDEGQGKTGRGAVSEKDAPKELLQ,-0.1757151556620311,1
G36R,TVKFKYKGEEKQVDISKIKKVWRVGKMISFTYDEGRGKTGRGAVSEKDAPKELLQ,-0.6308703584856925,0
G36S,TVKFKYKGEEKQVDISKIKKVWRVGKMISFTYDEGSGKTGRGAVSEKDAPKELLQ,-0.2346558235423317,1
G36T,TVKFKYKGEEKQVDISKIKKVWRVGKMISFTYDEGTGKTGRGAVSEKDAPKELLQ,-0.5282287224805113,0
G36V,TVKFKYKGEEKQVDISKIKKVWRVGKMISFTYDEGVGKTGRGAVSEKDAPKELLQ,-0.6696621592103638,0
G36W,TVKFKYKGEEKQVDISKIKKVWRVGKMISFTYDEGWGKTGRGAVSEKDAPKELLQ,-0.4125320147932068,1
G36Y,TVKFKYKGEEKQVDISKIKKVWRVGKMISFTYDEGYGKTGRGAVSEKDAPKELLQ,-0.4543926861965319,1
G37A,TVKFKYKGEEKQVDISKIKKVWRVGKMISFTYDEGGAKTGRGAVSEKDAPKELLQ,-1.1130843178710537,0
G37C,TVKFKYKGEEKQVDISKIKKVWRVGKMISFTYDEGGCKTGRGAVSEKDAPKELLQ,-0.9899651443707927,0
G37D,TVKFKYKGEEKQVDISKIKKVWRVGKMISFTYDEGGDKTGRGAVSEKDAPKELLQ,-0.9642982922370646,0
G37E,TVKFKYKGEEKQVDISKIKKVWRVGKMISFTYDEGGEKTGRGAVSEKDAPKELLQ,-1.1132173112676815,0
G37F,TVKFKYKGEEKQVDISKIKKVWRVGKMISFTYDEGGFKTGRGAVSEKDAPKELLQ,-1.0676599912578617,0
G37H,TVKFKYKGEEKQVDISKIKKVWRVGKMISFTYDEGGHKTGRGAVSEKDAPKELLQ,-1.0736076826590737,0
G37I,TVKFKYKGEEKQVDISKIKKVWRVGKMISFTYDEGGIKTGRGAVSEKDAPKELLQ,-1.5571516089752704,0
G37K,TVKFKYKGEEKQVDISKIKKVWRVGKMISFTYDEGGKKTGRGAVSEKDAPKELLQ,-1.0341934597728186,0
G37L,TVKFKYKGEEKQVDISKIKKVWRVGKMISFTYDEGGLKTGRGAVSEKDAPKELLQ,-1.171305362562748,0
G37M,TVKFKYKGEEKQVDISKIKKVWRVGKMISFTYDEGGMKTGRGAVSEKDAPKELLQ,-1.009754888637119,0
G37N,TVKFKYKGEEKQVDISKIKKVWRVGKMISFTYDEGGNKTGRGAVSEKDAPKELLQ,-0.6615855124768228,0
G37P,TVKFKYKGEEKQVDISKIKKVWRVGKMISFTYDEGGPKTGRGAVSEKDAPKELLQ,-1.7250319406985488,0
G37Q,TVKFKYKGEEKQVDISKIKKVWRVGKMISFTYDEGGQKTGRGAVSEKDAPKELLQ,-1.0385811184544895,0
G37R,TVKFKYKGEEKQVDISKIKKVWRVGKMISFTYDEGGRKTGRGAVSEKDAPKELLQ,-1.222220947615059,0
G37S,TVKFKYKGEEKQVDISKIKKVWRVGKMISFTYDEGGSKTGRGAVSEKDAPKELLQ,-0.782047791218921,0
G37T,TVKFKYKGEEKQVDISKIKKVWRVGKMISFTYDEGGTKTGRGAVSEKDAPKELLQ,-1.0901781247481417,0
G37V,TVKFKYKGEEKQVDISKIKKVWRVGKMISFTYDEGGVKTGRGAVSEKDAPKELLQ,-1.521316216606068,0
G37W,TVKFKYKGEEKQVDISKIKKVWRVGKMISFTYDEGGWKTGRGAVSEKDAPKELLQ,-1.3333858605303543,0
G37Y,TVKFKYKGEEKQVDISKIKKVWRVGKMISFTYDEGGYKTGRGAVSEKDAPKELLQ,-1.1492182458400908,0
G40A,TVKFKYKGEEKQVDISKIKKVWRVGKMISFTYDEGGGKTARGAVSEKDAPKELLQ,-0.1042589291136719,1
G40C,TVKFKYKGEEKQVDISKIKKVWRVGKMISFTYDEGGGKTCRGAVSEKDAPKELLQ,-0.5333090931241933,0
G40D,TVKFKYKGEEKQVDISKIKKVWRVGKMISFTYDEGGGKTDRGAVSEKDAPKELLQ,-1.595856708244896,0
G40E,TVKFKYKGEEKQVDISKIKKVWRVGKMISFTYDEGGGKTERGAVSEKDAPKELLQ,-0.7359181454261163,0
G40F,TVKFKYKGEEKQVDISKIKKVWRVGKMISFTYDEGGGKTFRGAVSEKDAPKELLQ,-0.5890999717229839,0
G40H,TVKFKYKGEEKQVDISKIKKVWRVGKMISFTYDEGGGKTHRGAVSEKDAPKELLQ,-0.7840620747855205,0
G40I,TVKFKYKGEEKQVDISKIKKVWRVGKMISFTYDEGGGKTIRGAVSEKDAPKELLQ,-0.9469052654846036,0
G40K,TVKFKYKGEEKQVDISKIKKVWRVGKMISFTYDEGGGKTKRGAVSEKDAPKELLQ,-0.4978332219153083,0
G40L,TVKFKYKGEEKQVDISKIKKVWRVGKMISFTYDEGGGKTLRGAVSEKDAPKELLQ,-0.4176274487217606,1
G40M,TVKFKYKGEEKQVDISKIKKVWRVGKMISFTYDEGGGKTMRGAVSEKDAPKELLQ,-0.2299265313017136,1
G40N,TVKFKYKGEEKQVDISKIKKVWRVGKMISFTYDEGGGKTNRGAVSEKDAPKELLQ,-0.7389880381799667,0
G40P,TVKFKYKGEEKQVDISKIKKVWRVGKMISFTYDEGGGKTPRGAVSEKDAPKELLQ,-2.4034498383346827,0
G40Q,TVKFKYKGEEKQVDISKIKKVWRVGKMISFTYDEGGGKTQRGAVSEKDAPKELLQ,-0.5568956024479572,0
G40R,TVKFKYKGEEKQVDISKIKKVWRVGKMISFTYDEGGGKTRRGAVSEKDAPKELLQ,-0.6383237942236164,0
G40S,TVKFKYKGEEKQVDISKIKKVWRVGKMISFTYDEGGGKTSRGAVSEKDAPKELLQ,-0.4173095770500068,1
G40T,TVKFKYKGEEKQVDISKIKKVWRVGKMISFTYDEGGGKTTRGAVSEKDAPKELLQ,-0.9859656106015686,0
G40V,TVKFKYKGEEKQVDISKIKKVWRVGKMISFTYDEGGGKTVRGAVSEKDAPKELLQ,-0.7897704888505146,0
G40W,TVKFKYKGEEKQVDISKIKKVWRVGKMISFTYDEGGGKTWRGAVSEKDAPKELLQ,-1.003051146891066,0
G40Y,TVKFKYKGEEKQVDISKIKKVWRVGKMISFTYDEGGGKTYRGAVSEKDAPKELLQ,-0.6021030700968941,0
G42A,TVKFKYKGEEKQVDISKIKKVWRVGKMISFTYDEGGGKTGRAAVSEKDAPKELLQ,-0.611153416624969,0
G42C,TVKFKYKGEEKQVDISKIKKVWRVGKMISFTYDEGGGKTGRCAVSEKDAPKELLQ,-1.4486029240597331,0
G42D,TVKFKYKGEEKQVDISKIKKVWRVGKMISFTYDEGGGKTGRDAVSEKDAPKELLQ,-3.143129891142565,0
G42E,TVKFKYKGEEKQVDISKIKKVWRVGKMISFTYDEGGGKTGREAVSEKDAPKELLQ,-3.656644556793904,0
G42F,TVKFKYKGEEKQVDISKIKKVWRVGKMISFTYDEGGGKTGRFAVSEKDAPKELLQ,-1.201231731710858,0
G42H,TVKFKYKGEEKQVDISKIKKVWRVGKMISFTYDEGGGKTGRHAVSEKDAPKELLQ,-2.1272176102324263,0
G42I,TVKFKYKGEEKQVDISKIKKVWRVGKMISFTYDEGGGKTGRIAVSEKDAPKELLQ,-1.7757661076932214,0
G42K,TVKFKYKGEEKQVDISKIKKVWRVGKMISFTYDEGGGKTGRKAVSEKDAPKELLQ,-3.1264438390513285,0
G42L,TVKFKYKGEEKQVDISKIKKVWRVGKMISFTYDEGGGKTGRLAVSEKDAPKELLQ,-2.000010243319013,0
G42M,TVKFKYKGEEKQVDISKIKKVWRVGKMISFTYDEGGGKTGRMAVSEKDAPKELLQ,-1.600475070581486,0
G42N,TVKFKYKGEEKQVDISKIKKVWRVGKMISFTYDEGGGKTGRNAVSEKDAPKELLQ,-2.4217588226082185,0
G42P,TVKFKYKGEEKQVDISKIKKVWRVGKMISFTYDEGGGKTGRPAVSEKDAPKELLQ,-4.666627077972175,0
G42Q,TVKFKYKGEEKQVDISKIKKVWRVGKMISFTYDEGGGKTGRQAVSEKDAPKELLQ,-2.6667016873045863,0
G42R,TVKFKYKGEEKQVDISKIKKVWRVGKMISFTYDEGGGKTGRRAVSEKDAPKELLQ,-3.185841500196938,0
G42S,TVKFKYKGEEKQVDISKIKKVWRVGKMISFTYDEGGGKTGRSAVSEKDAPKELLQ,-1.7438573531084058,0
G42T,TVKFKYKGEEKQVDISKIKKVWRVGKMISFTYDEGGGKTGRTAVSEKDAPKELLQ,-2.320379952662796,0
G42V,TVKFKYKGEEKQVDISKIKKVWRVGKMISFTYDEGGGKTGRVAVSEKDAPKELLQ,-1.7579293986885998,0
G42W,TVKFKYKGEEKQVDISKIKKVWRVGKMISFTYDEGGGKTGRWAVSEKDAPKELLQ,-1.3212205930907306,0
G42Y,TVKFKYKGEEKQVDISKIKKVWRVGKMISFTYDEGGGKTGRYAVSEKDAPKELLQ,-0.918239008310758,0
G8A,TVKFKYKAEEKQVDISKIKKVWRVGKMISFTYDEGGGKTGRGAVSEKDAPKELLQ,-1.3299700308184894,0
G8C,TVKFKYKCEEKQVDISKIKKVWRVGKMISFTYDEGGGKTGRGAVSEKDAPKELLQ,-0.8274380236793668,0
G8D,TVKFKYKDEEKQVDISKIKKVWRVGKMISFTYDEGGGKTGRGAVSEKDAPKELLQ,-0.7191296277817081,0
G8E,TVKFKYKEEEKQVDISKIKKVWRVGKMISFTYDEGGGKTGRGAVSEKDAPKELLQ,-1.1768840725635026,0
G8F,TVKFKYKFEEKQVDISKIKKVWRVGKMISFTYDEGGGKTGRGAVSEKDAPKELLQ,-1.346097275395017,0
G8H,TVKFKYKHEEKQVDISKIKKVWRVGKMISFTYDEGGGKTGRGAVSEKDAPKELLQ,-1.066042857262273,0
G8I,TVKFKYKIEEKQVDISKIKKVWRVGKMISFTYDEGGGKTGRGAVSEKDAPKELLQ,-2.507940848858889,0
G8K,TVKFKYKKEEKQVDISKIKKVWRVGKMISFTYDEGGGKTGRGAVSEKDAPKELLQ,-1.232523626377811,0
G8L,TVKFKYKLEEKQVDISKIKKVWRVGKMISFTYDEGGGKTGRGAVSEKDAPKELLQ,-1.180757502915161,0
G8M,TVKFKYKMEEKQVDISKIKKVWRVGKMISFTYDEGGGKTGRGAVSEKDAPKELLQ,-1.123546227745309,0
G8N,TVKFKYKNEEKQVDISKIKKVWRVGKMISFTYDEGGGKTGRGAVSEKDAPKELLQ,-0.5117375388739758,0
G8P,TVKFKYKPEEKQVDISKIKKVWRVGKMISFTYDEGGGKTGRGAVSEKDAPKELLQ,-3.8908736162646,0
G8Q,TVKFKYKQEEKQVDISKIKKVWRVGKMISFTYDEGGGKTGRGAVSEKDAPKELLQ,-1.2082144761533735,0
G8R,TVKFKYKREEKQVDISKIKKVWRVGKMISFTYDEGGGKTGRGAVSEKDAPKELLQ,-1.3458647641062784,0
G8S,TVKFKYKSEEKQVDISKIKKVWRVGKMISFTYDEGGGKTGRGAVSEKDAPKELLQ,-1.045207438290218,0
G8T,TVKFKYKTEEKQVDISKIKKVWRVGKMISFTYDEGGGKTGRGAVSEKDAPKELLQ,-1.2150038663897558,0
G8V,TVKFKYKVEEKQVDISKIKKVWRVGKMISFTYDEGGGKTGRGAVSEKDAPKELLQ,-2.25923785947678,0
G8W,TVKFKYKWEEKQVDISKIKKVWRVGKMISFTYDEGGGKTGRGAVSEKDAPKELLQ,-1.688069326144884,0
G8Y,TVKFKYKYEEKQVDISKIKKVWRVGKMISFTYDEGGGKTGRGAVSEKDAPKELLQ,-1.5147840861326367,0
I15A,TVKFKYKGEEKQVDASKIKKVWRVGKMISFTYDEGGGKTGRGAVSEKDAPKELLQ,-1.282229203255195,0
I15C,TVKFKYKGEEKQVDCSKIKKVWRVGKMISFTYDEGGGKTGRGAVSEKDAPKELLQ,-0.786929577166275,0
I15D,TVKFKYKGEEKQVDDSKIKKVWRVGKMISFTYDEGGGKTGRGAVSEKDAPKELLQ,-3.0062016430441663,0
I15E,TVKFKYKGEEKQVDESKIKKVWRVGKMISFTYDEGGGKTGRGAVSEKDAPKELLQ,-2.429415379932178,0
I15F,TVKFKYKGEEKQVDFSKIKKVWRVGKMISFTYDEGGGKTGRGAVSEKDAPKELLQ,-0.3366411160205858,1
I15G,TVKFKYKGEEKQVDGSKIKKVWRVGKMISFTYDEGGGKTGRGAVSEKDAPKELLQ,-2.0155771242031992,0
I15H,TVKFKYKGEEKQVDHSKIKKVWRVGKMISFTYDEGGGKTGRGAVSEKDAPKELLQ,-1.580331151059532,0
I15K,TVKFKYKGEEKQVDKSKIKKVWRVGKMISFTYDEGGGKTGRGAVSEKDAPKELLQ,-1.917306606899705,0
I15L,TVKFKYKGEEKQVDLSKIKKVWRVGKMISFTYDEGGGKTGRGAVSEKDAPKELLQ,0.0487996594599069,1
I15M,TVKFKYKGEEKQVDMSKIKKVWRVGKMISFTYDEGGGKTGRGAVSEKDAPKELLQ,-0.0943787420437551,1
I15N,TVKFKYKGEEKQVDNSKIKKVWRVGKMISFTYDEGGGKTGRGAVSEKDAPKELLQ,-2.084719466946587,0
I15P,TVKFKYKGEEKQVDPSKIKKVWRVGKMISFTYDEGGGKTGRGAVSEKDAPKELLQ,-1.859170164267689,0
I15Q,TVKFKYKGEEKQVDQSKIKKVWRVGKMISFTYDEGGGKTGRGAVSEKDAPKELLQ,-1.5225086435154562,0
I15R,TVKFKYKGEEKQVDRSKIKKVWRVGKMISFTYDEGGGKTGRGAVSEKDAPKELLQ,-1.6428789346736403,0
I15S,TVKFKYKGEEKQVDSSKIKKVWRVGKMISFTYDEGGGKTGRGAVSEKDAPKELLQ,-1.4487233705409426,0
I15T,TVKFKYKGEEKQVDTSKIKKVWRVGKMISFTYDEGGGKTGRGAVSEKDAPKELLQ,-0.8566766223270057,0
I15V,TVKFKYKGEEKQVDVSKIKKVWRVGKMISFTYDEGGGKTGRGAVSEKDAPKELLQ,-0.2853867574132169,1
I15W,TVKFKYKGEEKQVDWSKIKKVWRVGKMISFTYDEGGGKTGRGAVSEKDAPKELLQ,-1.0873357947047135,0
I15Y,TVKFKYKGEEKQVDYSKIKKVWRVGKMISFTYDEGGGKTGRGAVSEKDAPKELLQ,-0.8100633629169716,0
I18A,TVKFKYKGEEKQVDISKAKKVWRVGKMISFTYDEGGGKTGRGAVSEKDAPKELLQ,-2.939669494525229,0
I18C,TVKFKYKGEEKQVDISKCKKVWRVGKMISFTYDEGGGKTGRGAVSEKDAPKELLQ,-1.9155223785671416,0
I18F,TVKFKYKGEEKQVDISKFKKVWRVGKMISFTYDEGGGKTGRGAVSEKDAPKELLQ,-1.7254707890717935,0
I18G,TVKFKYKGEEKQVDISKGKKVWRVGKMISFTYDEGGGKTGRGAVSEKDAPKELLQ,-5.155317052226619,0
I18K,TVKFKYKGEEKQVDISKKKKVWRVGKMISFTYDEGGGKTGRGAVSEKDAPKELLQ,-4.113933774534477,0
I18L,TVKFKYKGEEKQVDISKLKKVWRVGKMISFTYDEGGGKTGRGAVSEKDAPKELLQ,-0.6252610038261346,0
I18M,TVKFKYKGEEKQVDISKMKKVWRVGKMISFTYDEGGGKTGRGAVSEKDAPKELLQ,-0.9011965157092504,0
I18R,TVKFKYKGEEKQVDISKRKKVWRVGKMISFTYDEGGGKTGRGAVSEKDAPKELLQ,-4.277154616901195,0
I18T,TVKFKYKGEEKQVDISKTKKVWRVGKMISFTYDEGGGKTGRGAVSEKDAPKELLQ,-2.802112503732141,0
I18V,TVKFKYKGEEKQVDISKVKKVWRVGKMISFTYDEGGGKTGRGAVSEKDAPKELLQ,-0.4390706627677265,1
I18W,TVKFKYKGEEKQVDISKWKKVWRVGKMISFTYDEGGGKTGRGAVSEKDAPKELLQ,-3.469865057850095,0
I18Y,TVKFKYKGEEKQVDISKYKKVWRVGKMISFTYDEGGGKTGRGAVSEKDAPKELLQ,-4.621301802754667,0
I28A,TVKFKYKGEEKQVDISKIKKVWRVGKMASFTYDEGGGKTGRGAVSEKDAPKELLQ,-3.4602679773907523,0
I28C,TVKFKYKGEEKQVDISKIKKVWRVGKMCSFTYDEGGGKTGRGAVSEKDAPKELLQ,-2.11365892194695,0
I28D,TVKFKYKGEEKQVDISKIKKVWRVGKMDSFTYDEGGGKTGRGAVSEKDAPKELLQ,-5.063944580994489,0
I28F,TVKFKYKGEEKQVDISKIKKVWRVGKMFSFTYDEGGGKTGRGAVSEKDAPKELLQ,-0.9709075402636866,0
I28H,TVKFKYKGEEKQVDISKIKKVWRVGKMHSFTYDEGGGKTGRGAVSEKDAPKELLQ,-3.754161868551624,0
I28L,TVKFKYKGEEKQVDISKIKKVWRVGKMLSFTYDEGGGKTGRGAVSEKDAPKELLQ,-0.1780935297747685,1
I28M,TVKFKYKGEEKQVDISKIKKVWRVGKMMSFTYDEGGGKTGRGAVSEKDAPKELLQ,-1.5069964689323043,0
I28R,TVKFKYKGEEKQVDISKIKKVWRVGKMRSFTYDEGGGKTGRGAVSEKDAPKELLQ,-3.963371255054908,0
I28T,TVKFKYKGEEKQVDISKIKKVWRVGKMTSFTYDEGGGKTGRGAVSEKDAPKELLQ,-3.370523401585662,0
I28V,TVKFKYKGEEKQVDISKIKKVWRVGKMVSFTYDEGGGKTGRGAVSEKDAPKELLQ,-0.5700399956533095,0
I28W,TVKFKYKGEEKQVDISKIKKVWRVGKMWSFTYDEGGGKTGRGAVSEKDAPKELLQ,-1.3110953118898987,0
I28Y,TVKFKYKGEEKQVDISKIKKVWRVGKMYSFTYDEGGGKTGRGAVSEKDAPKELLQ,-0.7602688892736738,0
K11A,TVKFKYKGEEAQVDISKIKKVWRVGKMISFTYDEGGGKTGRGAVSEKDAPKELLQ,-1.2379861917383517,0
K11C,TVKFKYKGEECQVDISKIKKVWRVGKMISFTYDEGGGKTGRGAVSEKDAPKELLQ,-0.702951599013395,0
K11D,TVKFKYKGEEDQVDISKIKKVWRVGKMISFTYDEGGGKTGRGAVSEKDAPKELLQ,-2.2625403548021867,0
K11E,TVKFKYKGEEEQVDISKIKKVWRVGKMISFTYDEGGGKTGRGAVSEKDAPKELLQ,-1.9781214248700807,0
K11F,TVKFKYKGEEFQVDISKIKKVWRVGKMISFTYDEGGGKTGRGAVSEKDAPKELLQ,-0.3422799667492877,1
K11G,TVKFKYKGEEGQVDISKIKKVWRVGKMISFTYDEGGGKTGRGAVSEKDAPKELLQ,-1.5385610119464248,0
K11H,TVKFKYKGEEHQVDISKIKKVWRVGKMISFTYDEGGGKTGRGAVSEKDAPKELLQ,-0.3418940307904874,1
K11I,TVKFKYKGEEIQVDISKIKKVWRVGKMISFTYDEGGGKTGRGAVSEKDAPKELLQ,0.0695356409711109,1
K11L,TVKFKYKGEELQVDISKIKKVWRVGKMISFTYDEGGGKTGRGAVSEKDAPKELLQ,-0.3191663004479572,1
K11M,TVKFKYKGEEMQVDISKIKKVWRVGKMISFTYDEGGGKTGRGAVSEKDAPKELLQ,-0.1686674200702187,1
K11N,TVKFKYKGEENQVDISKIKKVWRVGKMISFTYDEGGGKTGRGAVSEKDAPKELLQ,-1.3309324188034797,0
K11P,TVKFKYKGEEPQVDISKIKKVWRVGKMISFTYDEGGGKTGRGAVSEKDAPKELLQ,-3.317031545419338,0
K11Q,TVKFKYKGEEQQVDISKIKKVWRVGKMISFTYDEGGGKTGRGAVSEKDAPKELLQ,-0.6748747089887228,0
K11R,TVKFKYKGEERQVDISKIKKVWRVGKMISFTYDEGGGKTGRGAVSEKDAPKELLQ,0.1863668747180957,1
K11S,TVKFKYKGEESQVDISKIKKVWRVGKMISFTYDEGGGKTGRGAVSEKDAPKELLQ,-1.3458033214579208,0
K11T,TVKFKYKGEETQVDISKIKKVWRVGKMISFTYDEGGGKTGRGAVSEKDAPKELLQ,-0.805087870660361,0
K11V,TVKFKYKGEEVQVDISKIKKVWRVGKMISFTYDEGGGKTGRGAVSEKDAPKELLQ,-0.2735874490134655,1
K11W,TVKFKYKGEEWQVDISKIKKVWRVGKMISFTYDEGGGKTGRGAVSEKDAPKELLQ,-0.9451823530927256,0
K11Y,TVKFKYKGEEYQVDISKIKKVWRVGKMISFTYDEGGGKTGRGAVSEKDAPKELLQ,-0.1108026949570462,1
K17A,TVKFKYKGEEKQVDISAIKKVWRVGKMISFTYDEGGGKTGRGAVSEKDAPKELLQ,-0.0528497659246109,1
K17C,TVKFKYKGEEKQVDISCIKKVWRVGKMISFTYDEGGGKTGRGAVSEKDAPKELLQ,-0.0378855707010492,1
K17D,TVKFKYKGEEKQVDISDIKKVWRVGKMISFTYDEGGGKTGRGAVSEKDAPKELLQ,-0.2499950600645619,1
K17E,TVKFKYKGEEKQVDISEIKKVWRVGKMISFTYDEGGGKTGRGAVSEKDAPKELLQ,-0.7570774311221924,0
K17F,TVKFKYKGEEKQVDISFIKKVWRVGKMISFTYDEGGGKTGRGAVSEKDAPKELLQ,-0.2489115295089661,1
K17G,TVKFKYKGEEKQVDISGIKKVWRVGKMISFTYDEGGGKTGRGAVSEKDAPKELLQ,-1.3423743013196925,0
K17H,TVKFKYKGEEKQVDISHIKKVWRVGKMISFTYDEGGGKTGRGAVSEKDAPKELLQ,-0.193826910437564,1
K17I,TVKFKYKGEEKQVDISIIKKVWRVGKMISFTYDEGGGKTGRGAVSEKDAPKELLQ,-0.6785126726862445,0
K17L,TVKFKYKGEEKQVDISLIKKVWRVGKMISFTYDEGGGKTGRGAVSEKDAPKELLQ,0.0331038928887705,1
K17M,TVKFKYKGEEKQVDISMIKKVWRVGKMISFTYDEGGGKTGRGAVSEKDAPKELLQ,0.1637829255532308,1
K17N,TVKFKYKGEEKQVDISNIKKVWRVGKMISFTYDEGGGKTGRGAVSEKDAPKELLQ,-0.2667705520751005,1
K17P,TVKFKYKGEEKQVDISPIKKVWRVGKMISFTYDEGGGKTGRGAVSEKDAPKELLQ,-4.8692945119854425,0
K17Q,TVKFKYKGEEKQVDISQIKKVWRVGKMISFTYDEGGGKTGRGAVSEKDAPKELLQ,0.0565989805619615,1
K17R,TVKFKYKGEEKQVDISRIKKVWRVGKMISFTYDEGGGKTGRGAVSEKDAPKELLQ,-0.0230484754052877,1
K17S,TVKFKYKGEEKQVDISSIKKVWRVGKMISFTYDEGGGKTGRGAVSEKDAPKELLQ,-0.209590943806079,1
K17T,TVKFKYKGEEKQVDISTIKKVWRVGKMISFTYDEGGGKTGRGAVSEKDAPKELLQ,-0.1751925053958736,1
K17V,TVKFKYKGEEKQVDISVIKKVWRVGKMISFTYDEGGGKTGRGAVSEKDAPKELLQ,-0.4183017950882939,1
K17W,TVKFKYKGEEKQVDISWIKKVWRVGKMISFTYDEGGGKTGRGAVSEKDAPKELLQ,-0.4096847479864314,1
K17Y,TVKFKYKGEEKQVDISYIKKVWRVGKMISFTYDEGGGKTGRGAVSEKDAPKELLQ,-0.3734968580647124,1
K19A,TVKFKYKGEEKQVDISKIAKVWRVGKMISFTYDEGGGKTGRGAVSEKDAPKELLQ,-0.8915597892628782,0
K19C,TVKFKYKGEEKQVDISKICKVWRVGKMISFTYDEGGGKTGRGAVSEKDAPKELLQ,0.0415915047646366,1
K19D,TVKFKYKGEEKQVDISKIDKVWRVGKMISFTYDEGGGKTGRGAVSEKDAPKELLQ,-0.5396816860490188,0
K19E,TVKFKYKGEEKQVDISKIEKVWRVGKMISFTYDEGGGKTGRGAVSEKDAPKELLQ,-0.5866317975094675,0
K19F,TVKFKYKGEEKQVDISKIFKVWRVGKMISFTYDEGGGKTGRGAVSEKDAPKELLQ,0.1320065474855738,1
K19G,TVKFKYKGEEKQVDISKIGKVWRVGKMISFTYDEGGGKTGRGAVSEKDAPKELLQ,-0.8843525630185143,0
K19H,TVKFKYKGEEKQVDISKIHKVWRVGKMISFTYDEGGGKTGRGAVSEKDAPKELLQ,-0.4083693903031498,1
K19I,TVKFKYKGEEKQVDISKIIKVWRVGKMISFTYDEGGGKTGRGAVSEKDAPKELLQ,0.2366274122946912,1
K19L,TVKFKYKGEEKQVDISKILKVWRVGKMISFTYDEGGGKTGRGAVSEKDAPKELLQ,0.334748000220328,1
K19M,TVKFKYKGEEKQVDISKIMKVWRVGKMISFTYDEGGGKTGRGAVSEKDAPKELLQ,0.1568833352542977,1
K19N,TVKFKYKGEEKQVDISKINKVWRVGKMISFTYDEGGGKTGRGAVSEKDAPKELLQ,-0.2870209046284655,1
K19P,TVKFKYKGEEKQVDISKIPKVWRVGKMISFTYDEGGGKTGRGAVSEKDAPKELLQ,-3.804592495357896,0
K19Q,TVKFKYKGEEKQVDISKIQKVWRVGKMISFTYDEGGGKTGRGAVSEKDAPKELLQ,-0.2412547592512686,1
K19R,TVKFKYKGEEKQVDISKIRKVWRVGKMISFTYDEGGGKTGRGAVSEKDAPKELLQ,0.0795561247860714,1
K19S,TVKFKYKGEEKQVDISKISKVWRVGKMISFTYDEGGGKTGRGAVSEKDAPKELLQ,-0.7075366372983058,0
K19T,TVKFKYKGEEKQVDISKITKVWRVGKMISFTYDEGGGKTGRGAVSEKDAPKELLQ,0.0808913200004814,1
K19V,TVKFKYKGEEKQVDISKIVKVWRVGKMISFTYDEGGGKTGRGAVSEKDAPKELLQ,-0.0572702932306246,1
K19W,TVKFKYKGEEKQVDISKIWKVWRVGKMISFTYDEGGGKTGRGAVSEKDAPKELLQ,-0.1650256430139975,1
K19Y,TVKFKYKGEEKQVDISKIYKVWRVGKMISFTYDEGGGKTGRGAVSEKDAPKELLQ,0.1130973573945208,1
K20A,TVKFKYKGEEKQVDISKIKAVWRVGKMISFTYDEGGGKTGRGAVSEKDAPKELLQ,-0.185209705783417,1
K20C,TVKFKYKGEEKQVDISKIKCVWRVGKMISFTYDEGGGKTGRGAVSEKDAPKELLQ,0.2128419071097518,1
K20D,TVKFKYKGEEKQVDISKIKDVWRVGKMISFTYDEGGGKTGRGAVSEKDAPKELLQ,-0.3907358399765877,1
K20E,TVKFKYKGEEKQVDISKIKEVWRVGKMISFTYDEGGGKTGRGAVSEKDAPKELLQ,-0.128132078674108,1
K20F,TVKFKYKGEEKQVDISKIKFVWRVGKMISFTYDEGGGKTGRGAVSEKDAPKELLQ,-0.0927896844907198,1
K20G,TVKFKYKGEEKQVDISKIKGVWRVGKMISFTYDEGGGKTGRGAVSEKDAPKELLQ,-0.7310703641450442,0
K20H,TVKFKYKGEEKQVDISKIKHVWRVGKMISFTYDEGGGKTGRGAVSEKDAPKELLQ,0.0240804700674903,1
K20I,TVKFKYKGEEKQVDISKIKIVWRVGKMISFTYDEGGGKTGRGAVSEKDAPKELLQ,-0.5549346052012649,0
K20L,TVKFKYKGEEKQVDISKIKLVWRVGKMISFTYDEGGGKTGRGAVSEKDAPKELLQ,-0.0841135228240412,1
K20M,TVKFKYKGEEKQVDISKIKMVWRVGKMISFTYDEGGGKTGRGAVSEKDAPKELLQ,-0.0715459593780902,1
K20N,TVKFKYKGEEKQVDISKIKNVWRVGKMISFTYDEGGGKTGRGAVSEKDAPKELLQ,-0.2921618729735549,1
K20P,TVKFKYKGEEKQVDISKIKPVWRVGKMISFTYDEGGGKTGRGAVSEKDAPKELLQ,-3.4621400194713283,0
K20Q,TVKFKYKGEEKQVDISKIKQVWRVGKMISFTYDEGGGKTGRGAVSEKDAPKELLQ,-0.1309024129784033,1
K20R,TVKFKYKGEEKQVDISKIKRVWRVGKMISFTYDEGGGKTGRGAVSEKDAPKELLQ,-0.054489929308664,1
K20S,TVKFKYKGEEKQVDISKIKSVWRVGKMISFTYDEGGGKTGRGAVSEKDAPKELLQ,-0.1745923098867674,1
K20T,TVKFKYKGEEKQVDISKIKTVWRVGKMISFTYDEGGGKTGRGAVSEKDAPKELLQ,-0.2282829290968808,1
K20V,TVKFKYKGEEKQVDISKIKVVWRVGKMISFTYDEGGGKTGRGAVSEKDAPKELLQ,-0.3625695074578612,1
K20W,TVKFKYKGEEKQVDISKIKWVWRVGKMISFTYDEGGGKTGRGAVSEKDAPKELLQ,-0.2660057912639915,1
K20Y,TVKFKYKGEEKQVDISKIKYVWRVGKMISFTYDEGGGKTGRGAVSEKDAPKELLQ,0.0402944718837812,1
K26A,TVKFKYKGEEKQVDISKIKKVWRVGAMISFTYDEGGGKTGRGAVSEKDAPKELLQ,0.0257042084053225,1
K26C,TVKFKYKGEEKQVDISKIKKVWRVGCMISFTYDEGGGKTGRGAVSEKDAPKELLQ,-0.0363074182797023,1
K26D,TVKFKYKGEEKQVDISKIKKVWRVGDMISFTYDEGGGKTGRGAVSEKDAPKELLQ,0.0892869942274297,1
K26E,TVKFKYKGEEKQVDISKIKKVWRVGEMISFTYDEGGGKTGRGAVSEKDAPKELLQ,-0.0943288247809643,1
K26F,TVKFKYKGEEKQVDISKIKKVWRVGFMISFTYDEGGGKTGRGAVSEKDAPKELLQ,-0.1585349393384909,1
K26G,TVKFKYKGEEKQVDISKIKKVWRVGGMISFTYDEGGGKTGRGAVSEKDAPKELLQ,0.0477199425906338,1
K26H,TVKFKYKGEEKQVDISKIKKVWRVGHMISFTYDEGGGKTGRGAVSEKDAPKELLQ,0.0144696317398462,1
K26I,TVKFKYKGEEKQVDISKIKKVWRVGIMISFTYDEGGGKTGRGAVSEKDAPKELLQ,-0.1396083121316138,1
K26L,TVKFKYKGEEKQVDISKIKKVWRVGLMISFTYDEGGGKTGRGAVSEKDAPKELLQ,-0.2073927154738157,1
K26M,TVKFKYKGEEKQVDISKIKKVWRVGMMISFTYDEGGGKTGRGAVSEKDAPKELLQ,-0.0598999999731511,1
K26N,TVKFKYKGEEKQVDISKIKKVWRVGNMISFTYDEGGGKTGRGAVSEKDAPKELLQ,0.18406376820373,1
K26P,TVKFKYKGEEKQVDISKIKKVWRVGPMISFTYDEGGGKTGRGAVSEKDAPKELLQ,-0.3060154216765918,1
K26Q,TVKFKYKGEEKQVDISKIKKVWRVGQMISFTYDEGGGKTGRGAVSEKDAPKELLQ,-0.0142101007349202,1
K26R,TVKFKYKGEEKQVDISKIKKVWRVGRMISFTYDEGGGKTGRGAVSEKDAPKELLQ,-0.0831905016208374,1
K26S,TVKFKYKGEEKQVDISKIKKVWRVGSMISFTYDEGGGKTGRGAVSEKDAPKELLQ,0.0897541754524287,1
K26T,TVKFKYKGEEKQVDISKIKKVWRVGTMISFTYDEGGGKTGRGAVSEKDAPKELLQ,0.2832082103276514,1
K26V,TVKFKYKGEEKQVDISKIKKVWRVGVMISFTYDEGGGKTGRGAVSEKDAPKELLQ,-0.1593590601375858,1
K26W,TVKFKYKGEEKQVDISKIKKVWRVGWMISFTYDEGGGKTGRGAVSEKDAPKELLQ,-0.5855942567551073,0
K26Y,TVKFKYKGEEKQVDISKIKKVWRVGYMISFTYDEGGGKTGRGAVSEKDAPKELLQ,-0.0040723903064083,1
K38A,TVKFKYKGEEKQVDISKIKKVWRVGKMISFTYDEGGGATGRGAVSEKDAPKELLQ,-0.4545115166997053,1
K38C,TVKFKYKGEEKQVDISKIKKVWRVGKMISFTYDEGGGCTGRGAVSEKDAPKELLQ,-0.5588480692488216,0
K38D,TVKFKYKGEEKQVDISKIKKVWRVGKMISFTYDEGGGDTGRGAVSEKDAPKELLQ,-1.17043949457315,0
K38E,TVKFKYKGEEKQVDISKIKKVWRVGKMISFTYDEGGGETGRGAVSEKDAPKELLQ,-0.5648628494701047,0
K38F,TVKFKYKGEEKQVDISKIKKVWRVGKMISFTYDEGGGFTGRGAVSEKDAPKELLQ,-0.4402802270625141,1
K38G,TVKFKYKGEEKQVDISKIKKVWRVGKMISFTYDEGGGGTGRGAVSEKDAPKELLQ,-0.662226383499299,0
K38H,TVKFKYKGEEKQVDISKIKKVWRVGKMISFTYDEGGGHTGRGAVSEKDAPKELLQ,-0.3895986777302487,1
K38I,TVKFKYKGEEKQVDISKIKKVWRVGKMISFTYDEGGGITGRGAVSEKDAPKELLQ,-0.0615523029039248,1
K38L,TVKFKYKGEEKQVDISKIKKVWRVGKMISFTYDEGGGLTGRGAVSEKDAPKELLQ,-0.2940018817062859,1
K38M,TVKFKYKGEEKQVDISKIKKVWRVGKMISFTYDEGGGMTGRGAVSEKDAPKELLQ,-0.3340542604052356,1
K38N,TVKFKYKGEEKQVDISKIKKVWRVGKMISFTYDEGGGNTGRGAVSEKDAPKELLQ,-0.3646487781907579,1
K38P,TVKFKYKGEEKQVDISKIKKVWRVGKMISFTYDEGGGPTGRGAVSEKDAPKELLQ,-1.6143671610574295,0
K38Q,TVKFKYKGEEKQVDISKIKKVWRVGKMISFTYDEGGGQTGRGAVSEKDAPKELLQ,-0.3804587144110884,1
K38R,TVKFKYKGEEKQVDISKIKKVWRVGKMISFTYDEGGGRTGRGAVSEKDAPKELLQ,0.0097354860153622,1
K38S,TVKFKYKGEEKQVDISKIKKVWRVGKMISFTYDEGGGSTGRGAVSEKDAPKELLQ,-0.3986833071993096,1
K38T,TVKFKYKGEEKQVDISKIKKVWRVGKMISFTYDEGGGTTGRGAVSEKDAPKELLQ,-0.2339760985136498,1
K38V,TVKFKYKGEEKQVDISKIKKVWRVGKMISFTYDEGGGVTGRGAVSEKDAPKELLQ,-0.0618586260360993,1
K38W,TVKFKYKGEEKQVDISKIKKVWRVGKMISFTYDEGGGWTGRGAVSEKDAPKELLQ,-0.855638262323589,0
K38Y,TVKFKYKGEEKQVDISKIKKVWRVGKMISFTYDEGGGYTGRGAVSEKDAPKELLQ,-0.5333414077166458,0
K3A,TVAFKYKGEEKQVDISKIKKVWRVGKMISFTYDEGGGKTGRGAVSEKDAPKELLQ,-0.6511190033235721,0
K3C,TVCFKYKGEEKQVDISKIKKVWRVGKMISFTYDEGGGKTGRGAVSEKDAPKELLQ,-0.2309688019466356,1
K3D,TVDFKYKGEEKQVDISKIKKVWRVGKMISFTYDEGGGKTGRGAVSEKDAPKELLQ,-1.2299319297973843,0
K3E,TVEFKYKGEEKQVDISKIKKVWRVGKMISFTYDEGGGKTGRGAVSEKDAPKELLQ,-1.0734788094081351,0
K3F,TVFFKYKGEEKQVDISKIKKVWRVGKMISFTYDEGGGKTGRGAVSEKDAPKELLQ,0.0344099068833712,1
K3G,TVGFKYKGEEKQVDISKIKKVWRVGKMISFTYDEGGGKTGRGAVSEKDAPKELLQ,-1.3753997242843226,0
K3H,TVHFKYKGEEKQVDISKIKKVWRVGKMISFTYDEGGGKTGRGAVSEKDAPKELLQ,-0.2576131916365107,1
K3I,TVIFKYKGEEKQVDISKIKKVWRVGKMISFTYDEGGGKTGRGAVSEKDAPKELLQ,0.0535029764210897,1
K3L,TVLFKYKGEEKQVDISKIKKVWRVGKMISFTYDEGGGKTGRGAVSEKDAPKELLQ,-0.2966695408579789,1
K3M,TVMFKYKGEEKQVDISKIKKVWRVGKMISFTYDEGGGKTGRGAVSEKDAPKELLQ,-0.3704104270719548,1
K3N,TVNFKYKGEEKQVDISKIKKVWRVGKMISFTYDEGGGKTGRGAVSEKDAPKELLQ,-0.3588115022586926,1
K3P,TVPFKYKGEEKQVDISKIKKVWRVGKMISFTYDEGGGKTGRGAVSEKDAPKELLQ,-1.9819316787174324,0
K3Q,TVQFKYKGEEKQVDISKIKKVWRVGKMISFTYDEGGGKTGRGAVSEKDAPKELLQ,-0.4792774060098757,0
K3R,TVRFKYKGEEKQVDISKIKKVWRVGKMISFTYDEGGGKTGRGAVSEKDAPKELLQ,0.1556371310322539,1
K3S,TVSFKYKGEEKQVDISKIKKVWRVGKMISFTYDEGGGKTGRGAVSEKDAPKELLQ,-0.2586735952838666,1
K3T,TVTFKYKGEEKQVDISKIKKVWRVGKMISFTYDEGGGKTGRGAVSEKDAPKELLQ,0.0006473546974454,1
K3V,TVVFKYKGEEKQVDISKIKKVWRVGKMISFTYDEGGGKTGRGAVSEKDAPKELLQ,0.0182894668723161,1
K3W,TVWFKYKGEEKQVDISKIKKVWRVGKMISFTYDEGGGKTGRGAVSEKDAPKELLQ,-0.2785177579126205,1
K3Y,TVYFKYKGEEKQVDISKIKKVWRVGKMISFTYDEGGGKTGRGAVSEKDAPKELLQ,0.0920317349657988,1
K47A,TVKFKYKGEEKQVDISKIKKVWRVGKMISFTYDEGGGKTGRGAVSEADAPKELLQ,-0.0132779096605073,1
K47C,TVKFKYKGEEKQVDISKIKKVWRVGKMISFTYDEGGGKTGRGAVSECDAPKELLQ,-0.2478824120887659,1
K47D,TVKFKYKGEEKQVDISKIKKVWRVGKMISFTYDEGGGKTGRGAVSEDDAPKELLQ,0.0433162496730457,1
K47E,TVKFKYKGEEKQVDISKIKKVWRVGKMISFTYDEGGGKTGRGAVSEEDAPKELLQ,0.1118981421812836,1
K47F,TVKFKYKGEEKQVDISKIKKVWRVGKMISFTYDEGGGKTGRGAVSEFDAPKELLQ,-0.1519873563307978,1
K47G,TVKFKYKGEEKQVDISKIKKVWRVGKMISFTYDEGGGKTGRGAVSEGDAPKELLQ,-0.2667923479622387,1
K47H,TVKFKYKGEEKQVDISKIKKVWRVGKMISFTYDEGGGKTGRGAVSEHDAPKELLQ,-0.265589902986509,1
K47I,TVKFKYKGEEKQVDISKIKKVWRVGKMISFTYDEGGGKTGRGAVSEIDAPKELLQ,-0.1786272062222895,1
K47L,TVKFKYKGEEKQVDISKIKKVWRVGKMISFTYDEGGGKTGRGAVSELDAPKELLQ,-0.074203459378273,1
K47M,TVKFKYKGEEKQVDISKIKKVWRVGKMISFTYDEGGGKTGRGAVSEMDAPKELLQ,-0.0466490324735566,1
K47N,TVKFKYKGEEKQVDISKIKKVWRVGKMISFTYDEGGGKTGRGAVSENDAPKELLQ,-0.2868228886571757,1
K47P,TVKFKYKGEEKQVDISKIKKVWRVGKMISFTYDEGGGKTGRGAVSEPDAPKELLQ,-1.014654993306424,0
K47Q,TVKFKYKGEEKQVDISKIKKVWRVGKMISFTYDEGGGKTGRGAVSEQDAPKELLQ,0.0585095907064276,1
K47R,TVKFKYKGEEKQVDISKIKKVWRVGKMISFTYDEGGGKTGRGAVSERDAPKELLQ,0.0120306962168701,1
K47S,TVKFKYKGEEKQVDISKIKKVWRVGKMISFTYDEGGGKTGRGAVSESDAPKELLQ,-0.1995457851420869,1
K47T,TVKFKYKGEEKQVDISKIKKVWRVGKMISFTYDEGGGKTGRGAVSETDAPKELLQ,-0.2126610089293539,1
K47V,TVKFKYKGEEKQVDISKIKKVWRVGKMISFTYDEGGGKTGRGAVSEVDAPKELLQ,0.0058526705440158,1
K47W,TVKFKYKGEEKQVDISKIKKVWRVGKMISFTYDEGGGKTGRGAVSEWDAPKELLQ,-0.2542079393274634,1
K47Y,TVKFKYKGEEKQVDISKIKKVWRVGKMISFTYDEGGGKTGRGAVSEYDAPKELLQ,-0.0535288131023303,1
K51A,TVKFKYKGEEKQVDISKIKKVWRVGKMISFTYDEGGGKTGRGAVSEKDAPAELLQ,0.0652728167674672,1
K51C,TVKFKYKGEEKQVDISKIKKVWRVGKMISFTYDEGGGKTGRGAVSEKDAPCELLQ,-0.1423428471594547,1
K51D,TVKFKYKGEEKQVDISKIKKVWRVGKMISFTYDEGGGKTGRGAVSEKDAPDELLQ,-0.127870122138181,1
K51E,TVKFKYKGEEKQVDISKIKKVWRVGKMISFTYDEGGGKTGRGAVSEKDAPEELLQ,-0.0141252313103095,1
K51F,TVKFKYKGEEKQVDISKIKKVWRVGKMISFTYDEGGGKTGRGAVSEKDAPFELLQ,0.2540386733221353,1
K51G,TVKFKYKGEEKQVDISKIKKVWRVGKMISFTYDEGGGKTGRGAVSEKDAPGELLQ,-0.3306098702737228,1
K51H,TVKFKYKGEEKQVDISKIKKVWRVGKMISFTYDEGGGKTGRGAVSEKDAPHELLQ,-0.0951281358182063,1
K51I,TVKFKYKGEEKQVDISKIKKVWRVGKMISFTYDEGGGKTGRGAVSEKDAPIELLQ,0.3057098642089944,1
K51L,TVKFKYKGEEKQVDISKIKKVWRVGKMISFTYDEGGGKTGRGAVSEKDAPLELLQ,0.3725095966542637,1
K51M,TVKFKYKGEEKQVDISKIKKVWRVGKMISFTYDEGGGKTGRGAVSEKDAPMELLQ,0.1600640935187653,1
K51N,TVKFKYKGEEKQVDISKIKKVWRVGKMISFTYDEGGGKTGRGAVSEKDAPNELLQ,-0.2229548758229307,1
K51P,TVKFKYKGEEKQVDISKIKKVWRVGKMISFTYDEGGGKTGRGAVSEKDAPPELLQ,0.2356970392536048,1
K51Q,TVKFKYKGEEKQVDISKIKKVWRVGKMISFTYDEGGGKTGRGAVSEKDAPQELLQ,0.0628809440370599,1
K51R,TVKFKYKGEEKQVDISKIKKVWRVGKMISFTYDEGGGKTGRGAVSEKDAPRELLQ,-0.0544265503866325,1
K51S,TVKFKYKGEEKQVDISKIKKVWRVGKMISFTYDEGGGKTGRGAVSEKDAPSELLQ,-0.0610508317627935,1
K51T,TVKFKYKGEEKQVDISKIKKVWRVGKMISFTYDEGGGKTGRGAVSEKDAPTELLQ,-0.0665658324472096,1
K51V,TVKFKYKGEEKQVDISKIKKVWRVGKMISFTYDEGGGKTGRGAVSEKDAPVELLQ,0.182277058492021,1
K51W,TVKFKYKGEEKQVDISKIKKVWRVGKMISFTYDEGGGKTGRGAVSEKDAPWELLQ,0.2747720968196585,1
K51Y,TVKFKYKGEEKQVDISKIKKVWRVGKMISFTYDEGGGKTGRGAVSEKDAPYELLQ,0.135482273005584,1
K5A,TVKFAYKGEEKQVDISKIKKVWRVGKMISFTYDEGGGKTGRGAVSEKDAPKELLQ,-0.6393355994130805,0
K5C,TVKFCYKGEEKQVDISKIKKVWRVGKMISFTYDEGGGKTGRGAVSEKDAPKELLQ,0.2709128914913696,1
K5D,TVKFDYKGEEKQVDISKIKKVWRVGKMISFTYDEGGGKTGRGAVSEKDAPKELLQ,-0.964200071021402,0
K5E,TVKFEYKGEEKQVDISKIKKVWRVGKMISFTYDEGGGKTGRGAVSEKDAPKELLQ,-0.7085134150644485,0
K5F,TVKFFYKGEEKQVDISKIKKVWRVGKMISFTYDEGGGKTGRGAVSEKDAPKELLQ,0.3440717135871018,1
K5G,TVKFGYKGEEKQVDISKIKKVWRVGKMISFTYDEGGGKTGRGAVSEKDAPKELLQ,-1.0904097708407896,0
K5H,TVKFHYKGEEKQVDISKIKKVWRVGKMISFTYDEGGGKTGRGAVSEKDAPKELLQ,-0.234211389489805,1
K5I,TVKFIYKGEEKQVDISKIKKVWRVGKMISFTYDEGGGKTGRGAVSEKDAPKELLQ,0.2683439698271401,1
K5L,TVKFLYKGEEKQVDISKIKKVWRVGKMISFTYDEGGGKTGRGAVSEKDAPKELLQ,0.0770651257834149,1
K5M,TVKFMYKGEEKQVDISKIKKVWRVGKMISFTYDEGGGKTGRGAVSEKDAPKELLQ,0.2439938974819213,1
K5N,TVKFNYKGEEKQVDISKIKKVWRVGKMISFTYDEGGGKTGRGAVSEKDAPKELLQ,-0.1766753704738617,1
K5P,TVKFPYKGEEKQVDISKIKKVWRVGKMISFTYDEGGGKTGRGAVSEKDAPKELLQ,-1.0890855511367512,0
K5Q,TVKFQYKGEEKQVDISKIKKVWRVGKMISFTYDEGGGKTGRGAVSEKDAPKELLQ,-0.21359320963189,1
K5R,TVKFRYKGEEKQVDISKIKKVWRVGKMISFTYDEGGGKTGRGAVSEKDAPKELLQ,0.0248252910902504,1
K5S,TVKFSYKGEEKQVDISKIKKVWRVGKMISFTYDEGGGKTGRGAVSEKDAPKELLQ,-0.1906377801969689,1
K5T,TVKFTYKGEEKQVDISKIKKVWRVGKMISFTYDEGGGKTGRGAVSEKDAPKELLQ,0.1393292311418301,1
K5V,TVKFVYKGEEKQVDISKIKKVWRVGKMISFTYDEGGGKTGRGAVSEKDAPKELLQ,-0.0091971943027351,1
K5W,TVKFWYKGEEKQVDISKIKKVWRVGKMISFTYDEGGGKTGRGAVSEKDAPKELLQ,0.4195823384959025,1
K5Y,TVKFYYKGEEKQVDISKIKKVWRVGKMISFTYDEGGGKTGRGAVSEKDAPKELLQ,0.2775610351855411,1
K7A,TVKFKYAGEEKQVDISKIKKVWRVGKMISFTYDEGGGKTGRGAVSEKDAPKELLQ,-0.4020277615338705,1
K7C,TVKFKYCGEEKQVDISKIKKVWRVGKMISFTYDEGGGKTGRGAVSEKDAPKELLQ,0.0673256737017009,1
K7D,TVKFKYDGEEKQVDISKIKKVWRVGKMISFTYDEGGGKTGRGAVSEKDAPKELLQ,-0.614064933292291,0
K7E,TVKFKYEGEEKQVDISKIKKVWRVGKMISFTYDEGGGKTGRGAVSEKDAPKELLQ,-0.6226589111436018,0
K7F,TVKFKYFGEEKQVDISKIKKVWRVGKMISFTYDEGGGKTGRGAVSEKDAPKELLQ,-0.3272358998020612,1
K7G,TVKFKYGGEEKQVDISKIKKVWRVGKMISFTYDEGGGKTGRGAVSEKDAPKELLQ,-0.4040616385475819,1
K7H,TVKFKYHGEEKQVDISKIKKVWRVGKMISFTYDEGGGKTGRGAVSEKDAPKELLQ,-0.0550692354164699,1
K7I,TVKFKYIGEEKQVDISKIKKVWRVGKMISFTYDEGGGKTGRGAVSEKDAPKELLQ,-1.4547666973297524,0
K7L,TVKFKYLGEEKQVDISKIKKVWRVGKMISFTYDEGGGKTGRGAVSEKDAPKELLQ,-0.2091233385586086,1
K7M,TVKFKYMGEEKQVDISKIKKVWRVGKMISFTYDEGGGKTGRGAVSEKDAPKELLQ,0.0478194338562989,1
K7N,TVKFKYNGEEKQVDISKIKKVWRVGKMISFTYDEGGGKTGRGAVSEKDAPKELLQ,-0.0699514612667044,1
K7P,TVKFKYPGEEKQVDISKIKKVWRVGKMISFTYDEGGGKTGRGAVSEKDAPKELLQ,-2.9238042731631357,0
K7Q,TVKFKYQGEEKQVDISKIKKVWRVGKMISFTYDEGGGKTGRGAVSEKDAPKELLQ,-0.3360434353562755,1
K7R,TVKFKYRGEEKQVDISKIKKVWRVGKMISFTYDEGGGKTGRGAVSEKDAPKELLQ,0.074241482795859,1
K7S,TVKFKYSGEEKQVDISKIKKVWRVGKMISFTYDEGGGKTGRGAVSEKDAPKELLQ,-1.0297165626249227,0
K7T,TVKFKYTGEEKQVDISKIKKVWRVGKMISFTYDEGGGKTGRGAVSEKDAPKELLQ,-2.052140126646171,0
K7V,TVKFKYVGEEKQVDISKIKKVWRVGKMISFTYDEGGGKTGRGAVSEKDAPKELLQ,-1.6443329942360263,0
K7W,TVKFKYWGEEKQVDISKIKKVWRVGKMISFTYDEGGGKTGRGAVSEKDAPKELLQ,-0.502730401685489,0
K7Y,TVKFKYYGEEKQVDISKIKKVWRVGKMISFTYDEGGGKTGRGAVSEKDAPKELLQ,-0.408330784658462,1
L53A,TVKFKYKGEEKQVDISKIKKVWRVGKMISFTYDEGGGKTGRGAVSEKDAPKEALQ,-2.980507205569535,0
L53C,TVKFKYKGEEKQVDISKIKKVWRVGKMISFTYDEGGGKTGRGAVSEKDAPKECLQ,-1.493805319831583,0
L53D,TVKFKYKGEEKQVDISKIKKVWRVGKMISFTYDEGGGKTGRGAVSEKDAPKEDLQ,-3.963732402806074,0
L53E,TVKFKYKGEEKQVDISKIKKVWRVGKMISFTYDEGGGKTGRGAVSEKDAPKEELQ,-3.769310930514981,0
L53F,TVKFKYKGEEKQVDISKIKKVWRVGKMISFTYDEGGGKTGRGAVSEKDAPKEFLQ,-0.9101571408220694,0
L53G,TVKFKYKGEEKQVDISKIKKVWRVGKMISFTYDEGGGKTGRGAVSEKDAPKEGLQ,-3.120777058916413,0
L53H,TVKFKYKGEEKQVDISKIKKVWRVGKMISFTYDEGGGKTGRGAVSEKDAPKEHLQ,-3.536641779703668,0
L53I,TVKFKYKGEEKQVDISKIKKVWRVGKMISFTYDEGGGKTGRGAVSEKDAPKEILQ,-0.7837660208357518,0
L53K,TVKFKYKGEEKQVDISKIKKVWRVGKMISFTYDEGGGKTGRGAVSEKDAPKEKLQ,-3.3299640942298048,0
L53M,TVKFKYKGEEKQVDISKIKKVWRVGKMISFTYDEGGGKTGRGAVSEKDAPKEMLQ,-0.4727542530216908,0
L53N,TVKFKYKGEEKQVDISKIKKVWRVGKMISFTYDEGGGKTGRGAVSEKDAPKENLQ,-3.5530014340516853,0
L53P,TVKFKYKGEEKQVDISKIKKVWRVGKMISFTYDEGGGKTGRGAVSEKDAPKEPLQ,-3.712814261332965,0
L53Q,TVKFKYKGEEKQVDISKIKKVWRVGKMISFTYDEGGGKTGRGAVSEKDAPKEQLQ,-3.030010153500711,0
L53R,TVKFKYKGEEKQVDISKIKKVWRVGKMISFTYDEGGGKTGRGAVSEKDAPKERLQ,-3.403248138150046,0
L53S,TVKFKYKGEEKQVDISKIKKVWRVGKMISFTYDEGGGKTGRGAVSEKDAPKESLQ,-3.654568923093233,0
L53T,TVKFKYKGEEKQVDISKIKKVWRVGKMISFTYDEGGGKTGRGAVSEKDAPKETLQ,-3.056991699815706,0
L53V,TVKFKYKGEEKQVDISKIKKVWRVGKMISFTYDEGGGKTGRGAVSEKDAPKEVLQ,-1.2895297937314876,0
L53W,TVKFKYKGEEKQVDISKIKKVWRVGKMISFTYDEGGGKTGRGAVSEKDAPKEWLQ,-0.4078065746962052,1
L53Y,TVKFKYKGEEKQVDISKIKKVWRVGKMISFTYDEGGGKTGRGAVSEKDAPKEYLQ,-2.721591404357542,0
L54A,TVKFKYKGEEKQVDISKIKKVWRVGKMISFTYDEGGGKTGRGAVSEKDAPKELAQ,-0.699902951540635,0
L54C,TVKFKYKGEEKQVDISKIKKVWRVGKMISFTYDEGGGKTGRGAVSEKDAPKELCQ,-0.6532046187669116,0
L54D,TVKFKYKGEEKQVDISKIKKVWRVGKMISFTYDEGGGKTGRGAVSEKDAPKELDQ,-2.038108295105763,0
L54E,TVKFKYKGEEKQVDISKIKKVWRVGKMISFTYDEGGGKTGRGAVSEKDAPKELEQ,-1.4692519097006764,0
L54F,TVKFKYKGEEKQVDISKIKKVWRVGKMISFTYDEGGGKTGRGAVSEKDAPKELFQ,-0.6263252770666972,0
L54G,TVKFKYKGEEKQVDISKIKKVWRVGKMISFTYDEGGGKTGRGAVSEKDAPKELGQ,-1.5064170524394056,0
L54H,TVKFKYKGEEKQVDISKIKKVWRVGKMISFTYDEGGGKTGRGAVSEKDAPKELHQ,-1.0479332521285285,0
L54I,TVKFKYKGEEKQVDISKIKKVWRVGKMISFTYDEGGGKTGRGAVSEKDAPKELIQ,0.1605861268294584,1
L54K,TVKFKYKGEEKQVDISKIKKVWRVGKMISFTYDEGGGKTGRGAVSEKDAPKELKQ,-0.4487637908818618,1
L54M,TVKFKYKGEEKQVDISKIKKVWRVGKMISFTYDEGGGKTGRGAVSEKDAPKELMQ,-0.5258521947239827,0
L54N,TVKFKYKGEEKQVDISKIKKVWRVGKMISFTYDEGGGKTGRGAVSEKDAPKELNQ,-1.4534777994887582,0
L54P,TVKFKYKGEEKQVDISKIKKVWRVGKMISFTYDEGGGKTGRGAVSEKDAPKELPQ,-2.4674770117002485,0
L54Q,TVKFKYKGEEKQVDISKIKKVWRVGKMISFTYDEGGGKTGRGAVSEKDAPKELQQ,-0.5883536294107876,0
L54R,TVKFKYKGEEKQVDISKIKKVWRVGKMISFTYDEGGGKTGRGAVSEKDAPKELRQ,-0.3777536560162988,1
L54S,TVKFKYKGEEKQVDISKIKKVWRVGKMISFTYDEGGGKTGRGAVSEKDAPKELSQ,-0.8211741800871968,0
L54T,TVKFKYKGEEKQVDISKIKKVWRVGKMISFTYDEGGGKTGRGAVSEKDAPKELTQ,-0.3840538775049125,1
L54V,TVKFKYKGEEKQVDISKIKKVWRVGKMISFTYDEGGGKTGRGAVSEKDAPKELVQ,-0.1828297081206225,1
L54W,TVKFKYKGEEKQVDISKIKKVWRVGKMISFTYDEGGGKTGRGAVSEKDAPKELWQ,-0.405917979151742,1
L54Y,TVKFKYKGEEKQVDISKIKKVWRVGKMISFTYDEGGGKTGRGAVSEKDAPKELYQ,-0.7042390651337875,0
M27A,TVKFKYKGEEKQVDISKIKKVWRVGKAISFTYDEGGGKTGRGAVSEKDAPKELLQ,-1.140032113484426,0
M27C,TVKFKYKGEEKQVDISKIKKVWRVGKCISFTYDEGGGKTGRGAVSEKDAPKELLQ,0.1185582596928753,1
M27D,TVKFKYKGEEKQVDISKIKKVWRVGKDISFTYDEGGGKTGRGAVSEKDAPKELLQ,-1.238722110899595,0
M27E,TVKFKYKGEEKQVDISKIKKVWRVGKEISFTYDEGGGKTGRGAVSEKDAPKELLQ,-1.0774722378948982,0
M27F,TVKFKYKGEEKQVDISKIKKVWRVGKFISFTYDEGGGKTGRGAVSEKDAPKELLQ,0.1474472475324457,1
M27G,TVKFKYKGEEKQVDISKIKKVWRVGKGISFTYDEGGGKTGRGAVSEKDAPKELLQ,-1.4348293408629509,0
M27H,TVKFKYKGEEKQVDISKIKKVWRVGKHISFTYDEGGGKTGRGAVSEKDAPKELLQ,-0.7622036999848989,0
M27I,TVKFKYKGEEKQVDISKIKKVWRVGKIISFTYDEGGGKTGRGAVSEKDAPKELLQ,0.0037355398895044,1
M27K,TVKFKYKGEEKQVDISKIKKVWRVGKKISFTYDEGGGKTGRGAVSEKDAPKELLQ,-0.6088622031249478,0
M27L,TVKFKYKGEEKQVDISKIKKVWRVGKLISFTYDEGGGKTGRGAVSEKDAPKELLQ,0.0751835160279901,1
M27N,TVKFKYKGEEKQVDISKIKKVWRVGKNISFTYDEGGGKTGRGAVSEKDAPKELLQ,-0.6450830476197407,0
M27P,TVKFKYKGEEKQVDISKIKKVWRVGKPISFTYDEGGGKTGRGAVSEKDAPKELLQ,-4.653726030223684,0
M27Q,TVKFKYKGEEKQVDISKIKKVWRVGKQISFTYDEGGGKTGRGAVSEKDAPKELLQ,-0.6806703226471527,0
M27R,TVKFKYKGEEKQVDISKIKKVWRVGKRISFTYDEGGGKTGRGAVSEKDAPKELLQ,-0.5470687375261236,0
M27S,TVKFKYKGEEKQVDISKIKKVWRVGKSISFTYDEGGGKTGRGAVSEKDAPKELLQ,-0.797876901785211,0
M27T,TVKFKYKGEEKQVDISKIKKVWRVGKTISFTYDEGGGKTGRGAVSEKDAPKELLQ,-0.3387841453518949,1
M27V,TVKFKYKGEEKQVDISKIKKVWRVGKVISFTYDEGGGKTGRGAVSEKDAPKELLQ,-0.2260594220259757,1
M27W,TVKFKYKGEEKQVDISKIKKVWRVGKWISFTYDEGGGKTGRGAVSEKDAPKELLQ,0.3045533127733817,1
M27Y,TVKFKYKGEEKQVDISKIKKVWRVGKYISFTYDEGGGKTGRGAVSEKDAPKELLQ,0.3016828729124743,1
P50A,TVKFKYKGEEKQVDISKIKKVWRVGKMISFTYDEGGGKTGRGAVSEKDAAKELLQ,-1.2037167857351103,0
P50C,TVKFKYKGEEKQVDISKIKKVWRVGKMISFTYDEGGGKTGRGAVSEKDACKELLQ,-1.0184656344983587,0
P50D,TVKFKYKGEEKQVDISKIKKVWRVGKMISFTYDEGGGKTGRGAVSEKDADKELLQ,-1.7519812793726215,0
P50E,TVKFKYKGEEKQVDISKIKKVWRVGKMISFTYDEGGGKTGRGAVSEKDAEKELLQ,-2.0811476462227527,0
P50F,TVKFKYKGEEKQVDISKIKKVWRVGKMISFTYDEGGGKTGRGAVSEKDAFKELLQ,-1.7916013032108218,0
P50G,TVKFKYKGEEKQVDISKIKKVWRVGKMISFTYDEGGGKTGRGAVSEKDAGKELLQ,-1.1288823460543576,0
P50H,TVKFKYKGEEKQVDISKIKKVWRVGKMISFTYDEGGGKTGRGAVSEKDAHKELLQ,-1.1727241696491235,0
P50I,TVKFKYKGEEKQVDISKIKKVWRVGKMISFTYDEGGGKTGRGAVSEKDAIKELLQ,-0.8576673835277777,0
P50K,TVKFKYKGEEKQVDISKIKKVWRVGKMISFTYDEGGGKTGRGAVSEKDAKKELLQ,-2.063929805339276,0
P50L,TVKFKYKGEEKQVDISKIKKVWRVGKMISFTYDEGGGKTGRGAVSEKDALKELLQ,-1.3419657101053786,0
P50M,TVKFKYKGEEKQVDISKIKKVWRVGKMISFTYDEGGGKTGRGAVSEKDAMKELLQ,-1.4814921019737657,0
P50N,TVKFKYKGEEKQVDISKIKKVWRVGKMISFTYDEGGGKTGRGAVSEKDANKELLQ,-1.2526834291447786,0
P50Q,TVKFKYKGEEKQVDISKIKKVWRVGKMISFTYDEGGGKTGRGAVSEKDAQKELLQ,-1.4413181047435923,0
P50R,TVKFKYKGEEKQVDISKIKKVWRVGKMISFTYDEGGGKTGRGAVSEKDARKELLQ,-1.7303334127071737,0
P50S,TVKFKYKGEEKQVDISKIKKVWRVGKMISFTYDEGGGKTGRGAVSEKDASKELLQ,-0.8741026713769418,0
P50T,TVKFKYKGEEKQVDISKIKKVWRVGKMISFTYDEGGGKTGRGAVSEKDATKELLQ,-0.8865875330716562,0
P50V,TVKFKYKGEEKQVDISKIKKVWRVGKMISFTYDEGGGKTGRGAVSEKDAVKELLQ,-1.1878275336974342,0
P50W,TVKFKYKGEEKQVDISKIKKVWRVGKMISFTYDEGGGKTGRGAVSEKDAWKELLQ,-1.2659058028602677,0
P50Y,TVKFKYKGEEKQVDISKIKKVWRVGKMISFTYDEGGGKTGRGAVSEKDAYKELLQ,-1.8996332966996985,0
Q12A,TVKFKYKGEEKAVDISKIKKVWRVGKMISFTYDEGGGKTGRGAVSEKDAPKELLQ,-0.1571591117577746,1
Q12C,TVKFKYKGEEKCVDISKIKKVWRVGKMISFTYDEGGGKTGRGAVSEKDAPKELLQ,0.1087853696841829,1
Q12D,TVKFKYKGEEKDVDISKIKKVWRVGKMISFTYDEGGGKTGRGAVSEKDAPKELLQ,-0.6066145983924405,0
Q12E,TVKFKYKGEEKEVDISKIKKVWRVGKMISFTYDEGGGKTGRGAVSEKDAPKELLQ,0.4881585173015246,1
Q12F,TVKFKYKGEEKFVDISKIKKVWRVGKMISFTYDEGGGKTGRGAVSEKDAPKELLQ,0.0368624328313176,1
Q12G,TVKFKYKGEEKGVDISKIKKVWRVGKMISFTYDEGGGKTGRGAVSEKDAPKELLQ,-1.211355418575546,0
Q12H,TVKFKYKGEEKHVDISKIKKVWRVGKMISFTYDEGGGKTGRGAVSEKDAPKELLQ,-0.1448861713185572,1
Q12I,TVKFKYKGEEKIVDISKIKKVWRVGKMISFTYDEGGGKTGRGAVSEKDAPKELLQ,0.2647377458673379,1
Q12K,TVKFKYKGEEKKVDISKIKKVWRVGKMISFTYDEGGGKTGRGAVSEKDAPKELLQ,-0.4483625974228946,1
Q12L,TVKFKYKGEEKLVDISKIKKVWRVGKMISFTYDEGGGKTGRGAVSEKDAPKELLQ,-0.2131773493518611,1
Q12M,TVKFKYKGEEKMVDISKIKKVWRVGKMISFTYDEGGGKTGRGAVSEKDAPKELLQ,-0.0363146624066113,1
Q12N,TVKFKYKGEEKNVDISKIKKVWRVGKMISFTYDEGGGKTGRGAVSEKDAPKELLQ,-0.3949907424453709,1
Q12P,TVKFKYKGEEKPVDISKIKKVWRVGKMISFTYDEGGGKTGRGAVSEKDAPKELLQ,-2.703233855690025,0
Q12R,TVKFKYKGEEKRVDISKIKKVWRVGKMISFTYDEGGGKTGRGAVSEKDAPKELLQ,-0.3148028485912046,1
Q12S,TVKFKYKGEEKSVDISKIKKVWRVGKMISFTYDEGGGKTGRGAVSEKDAPKELLQ,0.1313461075242497,1
Q12T,TVKFKYKGEEKTVDISKIKKVWRVGKMISFTYDEGGGKTGRGAVSEKDAPKELLQ,0.2995175599514503,1
Q12V,TVKFKYKGEEKVVDISKIKKVWRVGKMISFTYDEGGGKTGRGAVSEKDAPKELLQ,0.5916746989977861,1
Q12W,TVKFKYKGEEKWVDISKIKKVWRVGKMISFTYDEGGGKTGRGAVSEKDAPKELLQ,-0.1545867416544704,1
Q12Y,TVKFKYKGEEKYVDISKIKKVWRVGKMISFTYDEGGGKTGRGAVSEKDAPKELLQ,0.0058099236763897,1
Q55A,TVKFKYKGEEKQVDISKIKKVWRVGKMISFTYDEGGGKTGRGAVSEKDAPKELLA,0.1059103371366534,1
Q55C,TVKFKYKGEEKQVDISKIKKVWRVGKMISFTYDEGGGKTGRGAVSEKDAPKELLC,0.0128935448576603,1
Q55D,TVKFKYKGEEKQVDISKIKKVWRVGKMISFTYDEGGGKTGRGAVSEKDAPKELLD,0.0580594036670936,1
Q55E,TVKFKYKGEEKQVDISKIKKVWRVGKMISFTYDEGGGKTGRGAVSEKDAPKELLE,0.206200755732584,1
Q55F,TVKFKYKGEEKQVDISKIKKVWRVGKMISFTYDEGGGKTGRGAVSEKDAPKELLF,-0.0791004690347003,1
Q55G,TVKFKYKGEEKQVDISKIKKVWRVGKMISFTYDEGGGKTGRGAVSEKDAPKELLG,-0.4344978836396138,1
Q55H,TVKFKYKGEEKQVDISKIKKVWRVGKMISFTYDEGGGKTGRGAVSEKDAPKELLH,-0.0936576365495103,1
Q55I,TVKFKYKGEEKQVDISKIKKVWRVGKMISFTYDEGGGKTGRGAVSEKDAPKELLI,0.148857082499247,1
Q55K,TVKFKYKGEEKQVDISKIKKVWRVGKMISFTYDEGGGKTGRGAVSEKDAPKELLK,0.1114599997698526,1
Q55L,TVKFKYKGEEKQVDISKIKKVWRVGKMISFTYDEGGGKTGRGAVSEKDAPKELLL,0.1633631448979979,1
Q55M,TVKFKYKGEEKQVDISKIKKVWRVGKMISFTYDEGGGKTGRGAVSEKDAPKELLM,0.2373337634338561,1
Q55N,TVKFKYKGEEKQVDISKIKKVWRVGKMISFTYDEGGGKTGRGAVSEKDAPKELLN,0.0113960891720008,1
Q55P,TVKFKYKGEEKQVDISKIKKVWRVGKMISFTYDEGGGKTGRGAVSEKDAPKELLP,-0.7458217263738698,0
Q55R,TVKFKYKGEEKQVDISKIKKVWRVGKMISFTYDEGGGKTGRGAVSEKDAPKELLR,0.0468071385513635,1
Q55S,TVKFKYKGEEKQVDISKIKKVWRVGKMISFTYDEGGGKTGRGAVSEKDAPKELLS,-0.0956627991368979,1
Q55T,TVKFKYKGEEKQVDISKIKKVWRVGKMISFTYDEGGGKTGRGAVSEKDAPKELLT,-0.0815538513796889,1
Q55V,TVKFKYKGEEKQVDISKIKKVWRVGKMISFTYDEGGGKTGRGAVSEKDAPKELLV,0.0570467952849416,1
Q55W,TVKFKYKGEEKQVDISKIKKVWRVGKMISFTYDEGGGKTGRGAVSEKDAPKELLW,-0.0250915412137153,1
Q55Y,TVKFKYKGEEKQVDISKIKKVWRVGKMISFTYDEGGGKTGRGAVSEKDAPKELLY,-0.0022565036631263,1
R23A,TVKFKYKGEEKQVDISKIKKVWAVGKMISFTYDEGGGKTGRGAVSEKDAPKELLQ,-0.9890092689968136,0
R23C,TVKFKYKGEEKQVDISKIKKVWCVGKMISFTYDEGGGKTGRGAVSEKDAPKELLQ,-0.9121310381672534,0
R23D,TVKFKYKGEEKQVDISKIKKVWDVGKMISFTYDEGGGKTGRGAVSEKDAPKELLQ,-3.129182211806312,0
R23E,TVKFKYKGEEKQVDISKIKKVWEVGKMISFTYDEGGGKTGRGAVSEKDAPKELLQ,-2.2109093709897065,0
R23F,TVKFKYKGEEKQVDISKIKKVWFVGKMISFTYDEGGGKTGRGAVSEKDAPKELLQ,-0.5190025455440197,0
R23G,TVKFKYKGEEKQVDISKIKKVWGVGKMISFTYDEGGGKTGRGAVSEKDAPKELLQ,-1.915903976989815,0
R23H,TVKFKYKGEEKQVDISKIKKVWHVGKMISFTYDEGGGKTGRGAVSEKDAPKELLQ,-0.558475935116507,0
R23I,TVKFKYKGEEKQVDISKIKKVWIVGKMISFTYDEGGGKTGRGAVSEKDAPKELLQ,-0.278174186346213,1
R23K,TVKFKYKGEEKQVDISKIKKVWKVGKMISFTYDEGGGKTGRGAVSEKDAPKELLQ,-0.140809428910714,1
R23L,TVKFKYKGEEKQVDISKIKKVWLVGKMISFTYDEGGGKTGRGAVSEKDAPKELLQ,-0.6715568373169658,0
R23M,TVKFKYKGEEKQVDISKIKKVWMVGKMISFTYDEGGGKTGRGAVSEKDAPKELLQ,-0.6504108714668746,0
R23N,TVKFKYKGEEKQVDISKIKKVWNVGKMISFTYDEGGGKTGRGAVSEKDAPKELLQ,-1.3495618215979577,0
R23P,TVKFKYKGEEKQVDISKIKKVWPVGKMISFTYDEGGGKTGRGAVSEKDAPKELLQ,-1.8171107205277588,0
R23Q,TVKFKYKGEEKQVDISKIKKVWQVGKMISFTYDEGGGKTGRGAVSEKDAPKELLQ,-0.5655139420195958,0
R23S,TVKFKYKGEEKQVDISKIKKVWSVGKMISFTYDEGGGKTGRGAVSEKDAPKELLQ,-1.1404687924237678,0
R23T,TVKFKYKGEEKQVDISKIKKVWTVGKMISFTYDEGGGKTGRGAVSEKDAPKELLQ,-1.0428071594105337,0
R23V,TVKFKYKGEEKQVDISKIKKVWVVGKMISFTYDEGGGKTGRGAVSEKDAPKELLQ,-0.4944612151583025,0
R23W,TVKFKYKGEEKQVDISKIKKVWWVGKMISFTYDEGGGKTGRGAVSEKDAPKELLQ,-0.0438174029397719,1
R23Y,TVKFKYKGEEKQVDISKIKKVWYVGKMISFTYDEGGGKTGRGAVSEKDAPKELLQ,-0.4813619405860332,0
R41A,TVKFKYKGEEKQVDISKIKKVWRVGKMISFTYDEGGGKTGAGAVSEKDAPKELLQ,-0.7030211764502496,0
R41C,TVKFKYKGEEKQVDISKIKKVWRVGKMISFTYDEGGGKTGCGAVSEKDAPKELLQ,0.0751151117376469,1
R41D,TVKFKYKGEEKQVDISKIKKVWRVGKMISFTYDEGGGKTGDGAVSEKDAPKELLQ,-1.601240558929498,0
R41E,TVKFKYKGEEKQVDISKIKKVWRVGKMISFTYDEGGGKTGEGAVSEKDAPKELLQ,-0.4679641771805003,1
R41F,TVKFKYKGEEKQVDISKIKKVWRVGKMISFTYDEGGGKTGFGAVSEKDAPKELLQ,0.3379959462646642,1
R41G,TVKFKYKGEEKQVDISKIKKVWRVGKMISFTYDEGGGKTGGGAVSEKDAPKELLQ,-1.538748199609166,0
R41H,TVKFKYKGEEKQVDISKIKKVWRVGKMISFTYDEGGGKTGHGAVSEKDAPKELLQ,-0.0039445123174104,1
R41I,TVKFKYKGEEKQVDISKIKKVWRVGKMISFTYDEGGGKTGIGAVSEKDAPKELLQ,0.0373734534928331,1
R41K,TVKFKYKGEEKQVDISKIKKVWRVGKMISFTYDEGGGKTGKGAVSEKDAPKELLQ,-0.3681087851942166,1
R41L,TVKFKYKGEEKQVDISKIKKVWRVGKMISFTYDEGGGKTGLGAVSEKDAPKELLQ,0.0398054756795431,1
R41M,TVKFKYKGEEKQVDISKIKKVWRVGKMISFTYDEGGGKTGMGAVSEKDAPKELLQ,0.1169846965567567,1
R41N,TVKFKYKGEEKQVDISKIKKVWRVGKMISFTYDEGGGKTGNGAVSEKDAPKELLQ,-0.6500758427727256,0
R41P,TVKFKYKGEEKQVDISKIKKVWRVGKMISFTYDEGGGKTGPGAVSEKDAPKELLQ,-2.9176613495922856,0
R41Q,TVKFKYKGEEKQVDISKIKKVWRVGKMISFTYDEGGGKTGQGAVSEKDAPKELLQ,-0.4040967238271475,1
R41S,TVKFKYKGEEKQVDISKIKKVWRVGKMISFTYDEGGGKTGSGAVSEKDAPKELLQ,-0.6398310652237291,0
R41T,TVKFKYKGEEKQVDISKIKKVWRVGKMISFTYDEGGGKTGTGAVSEKDAPKELLQ,-0.2549526961032855,1
R41V,TVKFKYKGEEKQVDISKIKKVWRVGKMISFTYDEGGGKTGVGAVSEKDAPKELLQ,0.0430435043384029,1
R41W,TVKFKYKGEEKQVDISKIKKVWRVGKMISFTYDEGGGKTGWGAVSEKDAPKELLQ,0.3355473070482233,1
R41Y,TVKFKYKGEEKQVDISKIKKVWRVGKMISFTYDEGGGKTGYGAVSEKDAPKELLQ,0.5932086795001972,1
S16A,TVKFKYKGEEKQVDIAKIKKVWRVGKMISFTYDEGGGKTGRGAVSEKDAPKELLQ,0.0245684036831814,1
S16C,TVKFKYKGEEKQVDICKIKKVWRVGKMISFTYDEGGGKTGRGAVSEKDAPKELLQ,-0.2493844501288564,1
S16D,TVKFKYKGEEKQVDIDKIKKVWRVGKMISFTYDEGGGKTGRGAVSEKDAPKELLQ,-0.2299987032184249,1
S16E,TVKFKYKGEEKQVDIEKIKKVWRVGKMISFTYDEGGGKTGRGAVSEKDAPKELLQ,-0.2378870331744655,1
S16F,TVKFKYKGEEKQVDIFKIKKVWRVGKMISFTYDEGGGKTGRGAVSEKDAPKELLQ,-0.3505717823892209,1
S16G,TVKFKYKGEEKQVDIGKIKKVWRVGKMISFTYDEGGGKTGRGAVSEKDAPKELLQ,-0.243801620842381,1
S16H,TVKFKYKGEEKQVDIHKIKKVWRVGKMISFTYDEGGGKTGRGAVSEKDAPKELLQ,-0.3346049744901096,1
S16I,TVKFKYKGEEKQVDIIKIKKVWRVGKMISFTYDEGGGKTGRGAVSEKDAPKELLQ,-0.0390775726744863,1
S16K,TVKFKYKGEEKQVDIKKIKKVWRVGKMISFTYDEGGGKTGRGAVSEKDAPKELLQ,-0.264734459663102,1
S16L,TVKFKYKGEEKQVDILKIKKVWRVGKMISFTYDEGGGKTGRGAVSEKDAPKELLQ,-0.2821769375626477,1
S16M,TVKFKYKGEEKQVDIMKIKKVWRVGKMISFTYDEGGGKTGRGAVSEKDAPKELLQ,-0.2502868311769499,1
S16N,TVKFKYKGEEKQVDINKIKKVWRVGKMISFTYDEGGGKTGRGAVSEKDAPKELLQ,-0.0411479262622611,1
S16P,TVKFKYKGEEKQVDIPKIKKVWRVGKMISFTYDEGGGKTGRGAVSEKDAPKELLQ,-1.053920275745433,0
S16Q,TVKFKYKGEEKQVDIQKIKKVWRVGKMISFTYDEGGGKTGRGAVSEKDAPKELLQ,-0.2149870096566513,1
S16R,TVKFKYKGEEKQVDIRKIKKVWRVGKMISFTYDEGGGKTGRGAVSEKDAPKELLQ,-0.2479185071601879,1
S16T,TVKFKYKGEEKQVDITKIKKVWRVGKMISFTYDEGGGKTGRGAVSEKDAPKELLQ,-0.1752546218969044,1
S16V,TVKFKYKGEEKQVDIVKIKKVWRVGKMISFTYDEGGGKTGRGAVSEKDAPKELLQ,-0.2851796232841797,1
S16W,TVKFKYKGEEKQVDIWKIKKVWRVGKMISFTYDEGGGKTGRGAVSEKDAPKELLQ,-0.1423102047336959,1
S16Y,TVKFKYKGEEKQVDIYKIKKVWRVGKMISFTYDEGGGKTGRGAVSEKDAPKELLQ,-0.3552936734030467,1
S29A,TVKFKYKGEEKQVDISKIKKVWRVGKMIAFTYDEGGGKTGRGAVSEKDAPKELLQ,0.6053196329354513,1
S29C,TVKFKYKGEEKQVDISKIKKVWRVGKMICFTYDEGGGKTGRGAVSEKDAPKELLQ,0.4373825301144656,1
S29D,TVKFKYKGEEKQVDISKIKKVWRVGKMIDFTYDEGGGKTGRGAVSEKDAPKELLQ,-1.4934576739874903,0
S29E,TVKFKYKGEEKQVDISKIKKVWRVGKMIEFTYDEGGGKTGRGAVSEKDAPKELLQ,0.3355957235679732,1
S29F,TVKFKYKGEEKQVDISKIKKVWRVGKMIFFTYDEGGGKTGRGAVSEKDAPKELLQ,0.3874673717337593,1
S29G,TVKFKYKGEEKQVDISKIKKVWRVGKMIGFTYDEGGGKTGRGAVSEKDAPKELLQ,0.0111539153270294,1
S29H,TVKFKYKGEEKQVDISKIKKVWRVGKMIHFTYDEGGGKTGRGAVSEKDAPKELLQ,0.4930589766622395,1
S29I,TVKFKYKGEEKQVDISKIKKVWRVGKMIIFTYDEGGGKTGRGAVSEKDAPKELLQ,0.4338425916638133,1
S29K,TVKFKYKGEEKQVDISKIKKVWRVGKMIKFTYDEGGGKTGRGAVSEKDAPKELLQ,0.3405868080130307,1
S29L,TVKFKYKGEEKQVDISKIKKVWRVGKMILFTYDEGGGKTGRGAVSEKDAPKELLQ,0.4204227061678907,1
S29M,TVKFKYKGEEKQVDISKIKKVWRVGKMIMFTYDEGGGKTGRGAVSEKDAPKELLQ,0.2920411672855021,1
S29N,TVKFKYKGEEKQVDISKIKKVWRVGKMINFTYDEGGGKTGRGAVSEKDAPKELLQ,0.3938075897020736,1
S29P,TVKFKYKGEEKQVDISKIKKVWRVGKMIPFTYDEGGGKTGRGAVSEKDAPKELLQ,-2.3799124712651407,0
S29Q,TVKFKYKGEEKQVDISKIKKVWRVGKMIQFTYDEGGGKTGRGAVSEKDAPKELLQ,0.367716829463264,1
S29R,TVKFKYKGEEKQVDISKIKKVWRVGKMIRFTYDEGGGKTGRGAVSEKDAPKELLQ,0.3731782152997862,1
S29T,TVKFKYKGEEKQVDISKIKKVWRVGKMITFTYDEGGGKTGRGAVSEKDAPKELLQ,0.0291014050281379,1
S29V,TVKFKYKGEEKQVDISKIKKVWRVGKMIVFTYDEGGGKTGRGAVSEKDAPKELLQ,0.4694115225159816,1
S29W,TVKFKYKGEEKQVDISKIKKVWRVGKMIWFTYDEGGGKTGRGAVSEKDAPKELLQ,0.6875864415393789,1
S29Y,TVKFKYKGEEKQVDISKIKKVWRVGKMIYFTYDEGGGKTGRGAVSEKDAPKELLQ,0.4590280548586971,1
S45A,TVKFKYKGEEKQVDISKIKKVWRVGKMISFTYDEGGGKTGRGAVAEKDAPKELLQ,0.1209695691167791,1
S45C,TVKFKYKGEEKQVDISKIKKVWRVGKMISFTYDEGGGKTGRGAVCEKDAPKELLQ,0.2736629333240756,1
S45D,TVKFKYKGEEKQVDISKIKKVWRVGKMISFTYDEGGGKTGRGAVDEKDAPKELLQ,0.2071191694409879,1
S45E,TVKFKYKGEEKQVDISKIKKVWRVGKMISFTYDEGGGKTGRGAVEEKDAPKELLQ,0.2250363865051934,1
S45F,TVKFKYKGEEKQVDISKIKKVWRVGKMISFTYDEGGGKTGRGAVFEKDAPKELLQ,0.1266224184001432,1
S45G,TVKFKYKGEEKQVDISKIKKVWRVGKMISFTYDEGGGKTGRGAVGEKDAPKELLQ,-0.6271065303860786,0
S45H,TVKFKYKGEEKQVDISKIKKVWRVGKMISFTYDEGGGKTGRGAVHEKDAPKELLQ,0.3759998152283064,1
S45I,TVKFKYKGEEKQVDISKIKKVWRVGKMISFTYDEGGGKTGRGAVIEKDAPKELLQ,-0.4259965495176367,1
S45K,TVKFKYKGEEKQVDISKIKKVWRVGKMISFTYDEGGGKTGRGAVKEKDAPKELLQ,-0.0080371230650371,1
S45L,TVKFKYKGEEKQVDISKIKKVWRVGKMISFTYDEGGGKTGRGAVLEKDAPKELLQ,0.2150892091227474,1
S45M,TVKFKYKGEEKQVDISKIKKVWRVGKMISFTYDEGGGKTGRGAVMEKDAPKELLQ,0.1352606629195083,1
S45N,TVKFKYKGEEKQVDISKIKKVWRVGKMISFTYDEGGGKTGRGAVNEKDAPKELLQ,0.3247334894117468,1
S45P,TVKFKYKGEEKQVDISKIKKVWRVGKMISFTYDEGGGKTGRGAVPEKDAPKELLQ,0.2176565277650732,1
S45Q,TVKFKYKGEEKQVDISKIKKVWRVGKMISFTYDEGGGKTGRGAVQEKDAPKELLQ,-0.0395364895311765,1
S45R,TVKFKYKGEEKQVDISKIKKVWRVGKMISFTYDEGGGKTGRGAVREKDAPKELLQ,0.1602528230547655,1
S45T,TVKFKYKGEEKQVDISKIKKVWRVGKMISFTYDEGGGKTGRGAVTEKDAPKELLQ,-0.0870322568792776,1
S45V,TVKFKYKGEEKQVDISKIKKVWRVGKMISFTYDEGGGKTGRGAVVEKDAPKELLQ,-0.3604829280987296,1
S45W,TVKFKYKGEEKQVDISKIKKVWRVGKMISFTYDEGGGKTGRGAVWEKDAPKELLQ,0.2057938166782511,1
S45Y,TVKFKYKGEEKQVDISKIKKVWRVGKMISFTYDEGGGKTGRGAVYEKDAPKELLQ,0.2073230526063811,1
T1A,AVKFKYKGEEKQVDISKIKKVWRVGKMISFTYDEGGGKTGRGAVSEKDAPKELLQ,-0.2512551958750961,1
T1C,CVKFKYKGEEKQVDISKIKKVWRVGKMISFTYDEGGGKTGRGAVSEKDAPKELLQ,-0.1480747071578871,1
T1D,DVKFKYKGEEKQVDISKIKKVWRVGKMISFTYDEGGGKTGRGAVSEKDAPKELLQ,-1.02545304393126,0
T1E,EVKFKYKGEEKQVDISKIKKVWRVGKMISFTYDEGGGKTGRGAVSEKDAPKELLQ,-0.7471043959020367,0
T1F,FVKFKYKGEEKQVDISKIKKVWRVGKMISFTYDEGGGKTGRGAVSEKDAPKELLQ,0.323699536441568,1
T1G,GVKFKYKGEEKQVDISKIKKVWRVGKMISFTYDEGGGKTGRGAVSEKDAPKELLQ,-0.935287908725241,0
T1H,HVKFKYKGEEKQVDISKIKKVWRVGKMISFTYDEGGGKTGRGAVSEKDAPKELLQ,-0.2111120639116048,1
T1I,IVKFKYKGEEKQVDISKIKKVWRVGKMISFTYDEGGGKTGRGAVSEKDAPKELLQ,0.2589117015592155,1
T1K,KVKFKYKGEEKQVDISKIKKVWRVGKMISFTYDEGGGKTGRGAVSEKDAPKELLQ,-0.061190251319017,1
T1L,LVKFKYKGEEKQVDISKIKKVWRVGKMISFTYDEGGGKTGRGAVSEKDAPKELLQ,0.1765649341094635,1
T1M,MVKFKYKGEEKQVDISKIKKVWRVGKMISFTYDEGGGKTGRGAVSEKDAPKELLQ,0.245809287925768,1
T1N,NVKFKYKGEEKQVDISKIKKVWRVGKMISFTYDEGGGKTGRGAVSEKDAPKELLQ,-0.5423665704608869,0
T1P,PVKFKYKGEEKQVDISKIKKVWRVGKMISFTYDEGGGKTGRGAVSEKDAPKELLQ,-0.722492471986151,0
T1Q,QVKFKYKGEEKQVDISKIKKVWRVGKMISFTYDEGGGKTGRGAVSEKDAPKELLQ,-0.0891219420675346,1
T1R,RVKFKYKGEEKQVDISKIKKVWRVGKMISFTYDEGGGKTGRGAVSEKDAPKELLQ,-0.4344417812361589,1
T1S,SVKFKYKGEEKQVDISKIKKVWRVGKMISFTYDEGGGKTGRGAVSEKDAPKELLQ,-0.1033877590025618,1
T1V,VVKFKYKGEEKQVDISKIKKVWRVGKMISFTYDEGGGKTGRGAVSEKDAPKELLQ,0.296146710571108,1
T1W,WVKFKYKGEEKQVDISKIKKVWRVGKMISFTYDEGGGKTGRGAVSEKDAPKELLQ,0.0576886776160394,1
T1Y,YVKFKYKGEEKQVDISKIKKVWRVGKMISFTYDEGGGKTGRGAVSEKDAPKELLQ,0.2844142541855881,1
T31A,TVKFKYKGEEKQVDISKIKKVWRVGKMISFAYDEGGGKTGRGAVSEKDAPKELLQ,-0.8128909399317061,0
T31C,TVKFKYKGEEKQVDISKIKKVWRVGKMISFCYDEGGGKTGRGAVSEKDAPKELLQ,-0.2310457946749915,1
T31D,TVKFKYKGEEKQVDISKIKKVWRVGKMISFDYDEGGGKTGRGAVSEKDAPKELLQ,-0.9469953528623928,0
T31E,TVKFKYKGEEKQVDISKIKKVWRVGKMISFEYDEGGGKTGRGAVSEKDAPKELLQ,-0.3358385361890619,1
T31F,TVKFKYKGEEKQVDISKIKKVWRVGKMISFFYDEGGGKTGRGAVSEKDAPKELLQ,-0.3066760398172476,1
T31G,TVKFKYKGEEKQVDISKIKKVWRVGKMISFGYDEGGGKTGRGAVSEKDAPKELLQ,-2.9358861037179524,0
T31H,TVKFKYKGEEKQVDISKIKKVWRVGKMISFHYDEGGGKTGRGAVSEKDAPKELLQ,-1.1179793770442958,0
T31I,TVKFKYKGEEKQVDISKIKKVWRVGKMISFIYDEGGGKTGRGAVSEKDAPKELLQ,0.1296471152483587,1
T31K,TVKFKYKGEEKQVDISKIKKVWRVGKMISFKYDEGGGKTGRGAVSEKDAPKELLQ,-1.112299524922383,0
T31L,TVKFKYKGEEKQVDISKIKKVWRVGKMISFLYDEGGGKTGRGAVSEKDAPKELLQ,0.0383027450874875,1
T31M,TVKFKYKGEEKQVDISKIKKVWRVGKMISFMYDEGGGKTGRGAVSEKDAPKELLQ,-0.1006816929725076,1
T31N,TVKFKYKGEEKQVDISKIKKVWRVGKMISFNYDEGGGKTGRGAVSEKDAPKELLQ,-1.2817222343889254,0
T31Q,TVKFKYKGEEKQVDISKIKKVWRVGKMISFQYDEGGGKTGRGAVSEKDAPKELLQ,-0.7535112094790026,0
T31R,TVKFKYKGEEKQVDISKIKKVWRVGKMISFRYDEGGGKTGRGAVSEKDAPKELLQ,-1.3866442192467725,0
T31S,TVKFKYKGEEKQVDISKIKKVWRVGKMISFSYDEGGGKTGRGAVSEKDAPKELLQ,-0.6803605358038807,0
T31V,TVKFKYKGEEKQVDISKIKKVWRVGKMISFVYDEGGGKTGRGAVSEKDAPKELLQ,-0.3109405369210325,1
T31W,TVKFKYKGEEKQVDISKIKKVWRVGKMISFWYDEGGGKTGRGAVSEKDAPKELLQ,-0.2994677446062828,1
T31Y,TVKFKYKGEEKQVDISKIKKVWRVGKMISFYYDEGGGKTGRGAVSEKDAPKELLQ,-0.2471166637032866,1
T39A,TVKFKYKGEEKQVDISKIKKVWRVGKMISFTYDEGGGKAGRGAVSEKDAPKELLQ,-0.6866809940641039,0
T39C,TVKFKYKGEEKQVDISKIKKVWRVGKMISFTYDEGGGKCGRGAVSEKDAPKELLQ,-0.1808779499296573,1
T39D,TVKFKYKGEEKQVDISKIKKVWRVGKMISFTYDEGGGKDGRGAVSEKDAPKELLQ,-0.8305395500834862,0
T39E,TVKFKYKGEEKQVDISKIKKVWRVGKMISFTYDEGGGKEGRGAVSEKDAPKELLQ,-0.0994831723037528,1
T39F,TVKFKYKGEEKQVDISKIKKVWRVGKMISFTYDEGGGKFGRGAVSEKDAPKELLQ,-0.0087890307460085,1
T39G,TVKFKYKGEEKQVDISKIKKVWRVGKMISFTYDEGGGKGGRGAVSEKDAPKELLQ,-1.1200312285260177,0
T39H,TVKFKYKGEEKQVDISKIKKVWRVGKMISFTYDEGGGKHGRGAVSEKDAPKELLQ,-0.5587743810790089,0
T39I,TVKFKYKGEEKQVDISKIKKVWRVGKMISFTYDEGGGKIGRGAVSEKDAPKELLQ,0.2648063429912053,1
T39K,TVKFKYKGEEKQVDISKIKKVWRVGKMISFTYDEGGGKKGRGAVSEKDAPKELLQ,-0.6769199025227746,0
T39L,TVKFKYKGEEKQVDISKIKKVWRVGKMISFTYDEGGGKLGRGAVSEKDAPKELLQ,0.2040698914098637,1
T39M,TVKFKYKGEEKQVDISKIKKVWRVGKMISFTYDEGGGKMGRGAVSEKDAPKELLQ,0.2597917203988036,1
T39N,TVKFKYKGEEKQVDISKIKKVWRVGKMISFTYDEGGGKNGRGAVSEKDAPKELLQ,-0.7750132672777137,0
T39P,TVKFKYKGEEKQVDISKIKKVWRVGKMISFTYDEGGGKPGRGAVSEKDAPKELLQ,-1.069667819608735,0
T39Q,TVKFKYKGEEKQVDISKIKKVWRVGKMISFTYDEGGGKQGRGAVSEKDAPKELLQ,-0.4239298225858476,1
T39R,TVKFKYKGEEKQVDISKIKKVWRVGKMISFTYDEGGGKRGRGAVSEKDAPKELLQ,-0.4550651466133177,1
T39S,TVKFKYKGEEKQVDISKIKKVWRVGKMISFTYDEGGGKSGRGAVSEKDAPKELLQ,-0.5321142540913613,0
T39V,TVKFKYKGEEKQVDISKIKKVWRVGKMISFTYDEGGGKVGRGAVSEKDAPKELLQ,0.1635246060170878,1
T39W,TVKFKYKGEEKQVDISKIKKVWRVGKMISFTYDEGGGKWGRGAVSEKDAPKELLQ,-0.0771419154760764,1
T39Y,TVKFKYKGEEKQVDISKIKKVWRVGKMISFTYDEGGGKYGRGAVSEKDAPKELLQ,-0.1402010278862313,1
V13A,TVKFKYKGEEKQADISKIKKVWRVGKMISFTYDEGGGKTGRGAVSEKDAPKELLQ,-1.3010512698109182,0
V13C,TVKFKYKGEEKQCDISKIKKVWRVGKMISFTYDEGGGKTGRGAVSEKDAPKELLQ,-0.6143611312315107,0
V13D,TVKFKYKGEEKQDDISKIKKVWRVGKMISFTYDEGGGKTGRGAVSEKDAPKELLQ,-4.906403526243528,0
V13E,TVKFKYKGEEKQEDISKIKKVWRVGKMISFTYDEGGGKTGRGAVSEKDAPKELLQ,-2.8923865092424483,0
V13F,TVKFKYKGEEKQFDISKIKKVWRVGKMISFTYDEGGGKTGRGAVSEKDAPKELLQ,-1.4889871727817263,0
V13G,TVKFKYKGEEKQGDISKIKKVWRVGKMISFTYDEGGGKTGRGAVSEKDAPKELLQ,-3.702574366306372,0
V13H,TVKFKYKGEEKQHDISKIKKVWRVGKMISFTYDEGGGKTGRGAVSEKDAPKELLQ,-3.447962825982689,0
V13I,TVKFKYKGEEKQIDISKIKKVWRVGKMISFTYDEGGGKTGRGAVSEKDAPKELLQ,0.1017270667585865,1
V13K,TVKFKYKGEEKQKDISKIKKVWRVGKMISFTYDEGGGKTGRGAVSEKDAPKELLQ,-3.2378045269736555,0
V13L,TVKFKYKGEEKQLDISKIKKVWRVGKMISFTYDEGGGKTGRGAVSEKDAPKELLQ,-0.7080598914903451,0
V13M,TVKFKYKGEEKQMDISKIKKVWRVGKMISFTYDEGGGKTGRGAVSEKDAPKELLQ,-1.2349660147829251,0
V13N,TVKFKYKGEEKQNDISKIKKVWRVGKMISFTYDEGGGKTGRGAVSEKDAPKELLQ,-3.976227180679028,0
V13P,TVKFKYKGEEKQPDISKIKKVWRVGKMISFTYDEGGGKTGRGAVSEKDAPKELLQ,-3.965864153025581,0
V13Q,TVKFKYKGEEKQQDISKIKKVWRVGKMISFTYDEGGGKTGRGAVSEKDAPKELLQ,-3.2419117215091617,0
V13R,TVKFKYKGEEKQRDISKIKKVWRVGKMISFTYDEGGGKTGRGAVSEKDAPKELLQ,-3.676509504456991,0
V13S,TVKFKYKGEEKQSDISKIKKVWRVGKMISFTYDEGGGKTGRGAVSEKDAPKELLQ,-2.5008629284261663,0
V13T,TVKFKYKGEEKQTDISKIKKVWRVGKMISFTYDEGGGKTGRGAVSEKDAPKELLQ,-0.7543708280098147,0
V13W,TVKFKYKGEEKQWDISKIKKVWRVGKMISFTYDEGGGKTGRGAVSEKDAPKELLQ,-2.587230599667727,0
V13Y,TVKFKYKGEEKQYDISKIKKVWRVGKMISFTYDEGGGKTGRGAVSEKDAPKELLQ,-2.407034062073188,0
V21A,TVKFKYKGEEKQVDISKIKKAWRVGKMISFTYDEGGGKTGRGAVSEKDAPKELLQ,-0.2078880912841336,1
V21C,TVKFKYKGEEKQVDISKIKKCWRVGKMISFTYDEGGGKTGRGAVSEKDAPKELLQ,-0.4723745587638017,1
V21D,TVKFKYKGEEKQVDISKIKKDWRVGKMISFTYDEGGGKTGRGAVSEKDAPKELLQ,-4.360370047853055,0
V21E,TVKFKYKGEEKQVDISKIKKEWRVGKMISFTYDEGGGKTGRGAVSEKDAPKELLQ,-4.013957768318639,0
V21F,TVKFKYKGEEKQVDISKIKKFWRVGKMISFTYDEGGGKTGRGAVSEKDAPKELLQ,-0.5133401535727748,0
V21G,TVKFKYKGEEKQVDISKIKKGWRVGKMISFTYDEGGGKTGRGAVSEKDAPKELLQ,-2.287319758271241,0
V21H,TVKFKYKGEEKQVDISKIKKHWRVGKMISFTYDEGGGKTGRGAVSEKDAPKELLQ,-1.193387206360046,0
V21I,TVKFKYKGEEKQVDISKIKKIWRVGKMISFTYDEGGGKTGRGAVSEKDAPKELLQ,-0.0226918748729119,1
V21K,TVKFKYKGEEKQVDISKIKKKWRVGKMISFTYDEGGGKTGRGAVSEKDAPKELLQ,-1.504216634040731,0
V21L,TVKFKYKGEEKQVDISKIKKLWRVGKMISFTYDEGGGKTGRGAVSEKDAPKELLQ,-0.6297436357432322,0
V21M,TVKFKYKGEEKQVDISKIKKMWRVGKMISFTYDEGGGKTGRGAVSEKDAPKELLQ,-0.708650504545969,0
V21N,TVKFKYKGEEKQVDISKIKKNWRVGKMISFTYDEGGGKTGRGAVSEKDAPKELLQ,-2.7277814460385006,0
V21P,TVKFKYKGEEKQVDISKIKKPWRVGKMISFTYDEGGGKTGRGAVSEKDAPKELLQ,-3.14088762634162,0
V21Q,TVKFKYKGEEKQVDISKIKKQWRVGKMISFTYDEGGGKTGRGAVSEKDAPKELLQ,-1.8383874157634572,0
V21R,TVKFKYKGEEKQVDISKIKKRWRVGKMISFTYDEGGGKTGRGAVSEKDAPKELLQ,-1.4674149475504217,0
V21S,TVKFKYKGEEKQVDISKIKKSWRVGKMISFTYDEGGGKTGRGAVSEKDAPKELLQ,-0.6255989724789313,0
V21T,TVKFKYKGEEKQVDISKIKKTWRVGKMISFTYDEGGGKTGRGAVSEKDAPKELLQ,-0.7221375017724441,0
V21W,TVKFKYKGEEKQVDISKIKKWWRVGKMISFTYDEGGGKTGRGAVSEKDAPKELLQ,-0.0196352432418507,1
V21Y,TVKFKYKGEEKQVDISKIKKYWRVGKMISFTYDEGGGKTGRGAVSEKDAPKELLQ,-0.6863746933607056,0
V24A,TVKFKYKGEEKQVDISKIKKVWRAGKMISFTYDEGGGKTGRGAVSEKDAPKELLQ,-0.1999452542921105,1
V24C,TVKFKYKGEEKQVDISKIKKVWRCGKMISFTYDEGGGKTGRGAVSEKDAPKELLQ,0.384295824039933,1
V24D,TVKFKYKGEEKQVDISKIKKVWRDGKMISFTYDEGGGKTGRGAVSEKDAPKELLQ,-0.1619107217247997,1
V24E,TVKFKYKGEEKQVDISKIKKVWREGKMISFTYDEGGGKTGRGAVSEKDAPKELLQ,-0.1485919655650143,1
V24F,TVKFKYKGEEKQVDISKIKKVWRFGKMISFTYDEGGGKTGRGAVSEKDAPKELLQ,-0.1573861064322983,1
V24G,TVKFKYKGEEKQVDISKIKKVWRGGKMISFTYDEGGGKTGRGAVSEKDAPKELLQ,-1.217755037941759,0
V24H,TVKFKYKGEEKQVDISKIKKVWRHGKMISFTYDEGGGKTGRGAVSEKDAPKELLQ,0.3555851755053574,1
V24I,TVKFKYKGEEKQVDISKIKKVWRIGKMISFTYDEGGGKTGRGAVSEKDAPKELLQ,-0.0252010727129716,1
V24K,TVKFKYKGEEKQVDISKIKKVWRKGKMISFTYDEGGGKTGRGAVSEKDAPKELLQ,-0.1798376330104716,1
V24L,TVKFKYKGEEKQVDISKIKKVWRLGKMISFTYDEGGGKTGRGAVSEKDAPKELLQ,-0.4568511072019867,1
V24M,TVKFKYKGEEKQVDISKIKKVWRMGKMISFTYDEGGGKTGRGAVSEKDAPKELLQ,-0.2383627353310067,1
V24N,TVKFKYKGEEKQVDISKIKKVWRNGKMISFTYDEGGGKTGRGAVSEKDAPKELLQ,-0.0680219889768345,1
V24P,TVKFKYKGEEKQVDISKIKKVWRPGKMISFTYDEGGGKTGRGAVSEKDAPKELLQ,-2.76596975937409,0
V24Q,TVKFKYKGEEKQVDISKIKKVWRQGKMISFTYDEGGGKTGRGAVSEKDAPKELLQ,0.0022867128422863,1
V24R,TVKFKYKGEEKQVDISKIKKVWRRGKMISFTYDEGGGKTGRGAVSEKDAPKELLQ,-0.1990397591972943,1
V24S,TVKFKYKGEEKQVDISKIKKVWRSGKMISFTYDEGGGKTGRGAVSEKDAPKELLQ,0.1000339227622522,1
V24T,TVKFKYKGEEKQVDISKIKKVWRTGKMISFTYDEGGGKTGRGAVSEKDAPKELLQ,0.0733065945150821,1
V24W,TVKFKYKGEEKQVDISKIKKVWRWGKMISFTYDEGGGKTGRGAVSEKDAPKELLQ,0.2063628921898121,1
V24Y,TVKFKYKGEEKQVDISKIKKVWRYGKMISFTYDEGGGKTGRGAVSEKDAPKELLQ,0.0130503750638286,1
V2A,TAKFKYKGEEKQVDISKIKKVWRVGKMISFTYDEGGGKTGRGAVSEKDAPKELLQ,-2.1240404206274506,0
V2C,TCKFKYKGEEKQVDISKIKKVWRVGKMISFTYDEGGGKTGRGAVSEKDAPKELLQ,-1.433143720564492,0
V2D,TDKFKYKGEEKQVDISKIKKVWRVGKMISFTYDEGGGKTGRGAVSEKDAPKELLQ,-3.7684202409767744,0
V2E,TEKFKYKGEEKQVDISKIKKVWRVGKMISFTYDEGGGKTGRGAVSEKDAPKELLQ,-3.710191197953789,0
V2F,TFKFKYKGEEKQVDISKIKKVWRVGKMISFTYDEGGGKTGRGAVSEKDAPKELLQ,0.0622161251241744,1
V2G,TGKFKYKGEEKQVDISKIKKVWRVGKMISFTYDEGGGKTGRGAVSEKDAPKELLQ,-3.4557846894960798,0
V2H,THKFKYKGEEKQVDISKIKKVWRVGKMISFTYDEGGGKTGRGAVSEKDAPKELLQ,-2.854118614074686,0
V2I,TIKFKYKGEEKQVDISKIKKVWRVGKMISFTYDEGGGKTGRGAVSEKDAPKELLQ,0.2152636028294461,1
V2K,TKKFKYKGEEKQVDISKIKKVWRVGKMISFTYDEGGGKTGRGAVSEKDAPKELLQ,-3.224655956429729,0
V2L,TLKFKYKGEEKQVDISKIKKVWRVGKMISFTYDEGGGKTGRGAVSEKDAPKELLQ,0.0362426585879696,1
V2M,TMKFKYKGEEKQVDISKIKKVWRVGKMISFTYDEGGGKTGRGAVSEKDAPKELLQ,-0.4818305867025314,0
V2N,TNKFKYKGEEKQVDISKIKKVWRVGKMISFTYDEGGGKTGRGAVSEKDAPKELLQ,-3.614247648283289,0
V2P,TPKFKYKGEEKQVDISKIKKVWRVGKMISFTYDEGGGKTGRGAVSEKDAPKELLQ,-3.604511675982948,0
V2Q,TQKFKYKGEEKQVDISKIKKVWRVGKMISFTYDEGGGKTGRGAVSEKDAPKELLQ,-3.133269153729782,0
V2R,TRKFKYKGEEKQVDISKIKKVWRVGKMISFTYDEGGGKTGRGAVSEKDAPKELLQ,-3.322384457248015,0
V2S,TSKFKYKGEEKQVDISKIKKVWRVGKMISFTYDEGGGKTGRGAVSEKDAPKELLQ,-3.530283091948305,0
V2T,TTKFKYKGEEKQVDISKIKKVWRVGKMISFTYDEGGGKTGRGAVSEKDAPKELLQ,-2.215093296883853,0
V2W,TWKFKYKGEEKQVDISKIKKVWRVGKMISFTYDEGGGKTGRGAVSEKDAPKELLQ,-1.5110573847193285,0
V2Y,TYKFKYKGEEKQVDISKIKKVWRVGKMISFTYDEGGGKTGRGAVSEKDAPKELLQ,-1.8415293928056025,0
V44A,TVKFKYKGEEKQVDISKIKKVWRVGKMISFTYDEGGGKTGRGAASEKDAPKELLQ,-2.0600369925097097,0
V44C,TVKFKYKGEEKQVDISKIKKVWRVGKMISFTYDEGGGKTGRGACSEKDAPKELLQ,-0.8657427403602886,0
V44F,TVKFKYKGEEKQVDISKIKKVWRVGKMISFTYDEGGGKTGRGAFSEKDAPKELLQ,-1.4933104891061886,0
V44G,TVKFKYKGEEKQVDISKIKKVWRVGKMISFTYDEGGGKTGRGAGSEKDAPKELLQ,-4.679336307778775,0
V44H,TVKFKYKGEEKQVDISKIKKVWRVGKMISFTYDEGGGKTGRGAHSEKDAPKELLQ,-3.3024348325537907,0
V44I,TVKFKYKGEEKQVDISKIKKVWRVGKMISFTYDEGGGKTGRGAISEKDAPKELLQ,0.4257065953759653,1
V44K,TVKFKYKGEEKQVDISKIKKVWRVGKMISFTYDEGGGKTGRGAKSEKDAPKELLQ,-2.975729764798407,0
V44L,TVKFKYKGEEKQVDISKIKKVWRVGKMISFTYDEGGGKTGRGALSEKDAPKELLQ,-0.2577478844205627,1
V44M,TVKFKYKGEEKQVDISKIKKVWRVGKMISFTYDEGGGKTGRGAMSEKDAPKELLQ,-0.1952135686077039,1
V44N,TVKFKYKGEEKQVDISKIKKVWRVGKMISFTYDEGGGKTGRGANSEKDAPKELLQ,-3.558255065221903,0
V44Q,TVKFKYKGEEKQVDISKIKKVWRVGKMISFTYDEGGGKTGRGAQSEKDAPKELLQ,-2.9274016563847414,0
V44R,TVKFKYKGEEKQVDISKIKKVWRVGKMISFTYDEGGGKTGRGARSEKDAPKELLQ,-2.428963471350261,0
V44S,TVKFKYKGEEKQVDISKIKKVWRVGKMISFTYDEGGGKTGRGASSEKDAPKELLQ,-2.53417730220248,0
V44T,TVKFKYKGEEKQVDISKIKKVWRVGKMISFTYDEGGGKTGRGATSEKDAPKELLQ,-1.1759263759751803,0
V44W,TVKFKYKGEEKQVDISKIKKVWRVGKMISFTYDEGGGKTGRGAWSEKDAPKELLQ,-1.922069694425919,0
V44Y,TVKFKYKGEEKQVDISKIKKVWRVGKMISFTYDEGGGKTGRGAYSEKDAPKELLQ,-2.482302398214542,0
W22A,TVKFKYKGEEKQVDISKIKKVARVGKMISFTYDEGGGKTGRGAVSEKDAPKELLQ,-1.5678950668168392,0
W22C,TVKFKYKGEEKQVDISKIKKVCRVGKMISFTYDEGGGKTGRGAVSEKDAPKELLQ,-0.6791978006282058,0
W22D,TVKFKYKGEEKQVDISKIKKVDRVGKMISFTYDEGGGKTGRGAVSEKDAPKELLQ,-2.395391680709769,0
W22E,TVKFKYKGEEKQVDISKIKKVERVGKMISFTYDEGGGKTGRGAVSEKDAPKELLQ,-1.6347601772371378,0
W22F,TVKFKYKGEEKQVDISKIKKVFRVGKMISFTYDEGGGKTGRGAVSEKDAPKELLQ,-0.725382970566832,0
W22G,TVKFKYKGEEKQVDISKIKKVGRVGKMISFTYDEGGGKTGRGAVSEKDAPKELLQ,-2.2994959418096403,0
W22H,TVKFKYKGEEKQVDISKIKKVHRVGKMISFTYDEGGGKTGRGAVSEKDAPKELLQ,-1.2942194682856898,0
W22I,TVKFKYKGEEKQVDISKIKKVIRVGKMISFTYDEGGGKTGRGAVSEKDAPKELLQ,-0.9720516874305264,0
W22K,TVKFKYKGEEKQVDISKIKKVKRVGKMISFTYDEGGGKTGRGAVSEKDAPKELLQ,-1.2524163998104587,0
W22L,TVKFKYKGEEKQVDISKIKKVLRVGKMISFTYDEGGGKTGRGAVSEKDAPKELLQ,-1.182486924353022,0
W22M,TVKFKYKGEEKQVDISKIKKVMRVGKMISFTYDEGGGKTGRGAVSEKDAPKELLQ,-0.9527206349242046,0
W22N,TVKFKYKGEEKQVDISKIKKVNRVGKMISFTYDEGGGKTGRGAVSEKDAPKELLQ,-1.6404398802194375,0
W22Q,TVKFKYKGEEKQVDISKIKKVQRVGKMISFTYDEGGGKTGRGAVSEKDAPKELLQ,-1.2149010489469707,0
W22R,TVKFKYKGEEKQVDISKIKKVRRVGKMISFTYDEGGGKTGRGAVSEKDAPKELLQ,-0.9439876904709544,0
W22S,TVKFKYKGEEKQVDISKIKKVSRVGKMISFTYDEGGGKTGRGAVSEKDAPKELLQ,-1.4972540869396047,0
W22T,TVKFKYKGEEKQVDISKIKKVTRVGKMISFTYDEGGGKTGRGAVSEKDAPKELLQ,-0.9674010570132427,0
W22V,TVKFKYKGEEKQVDISKIKKVVRVGKMISFTYDEGGGKTGRGAVSEKDAPKELLQ,-1.1459597927173055,0
W22Y,TVKFKYKGEEKQVDISKIKKVYRVGKMISFTYDEGGGKTGRGAVSEKDAPKELLQ,-0.4597415228577528,1
Y32A,TVKFKYKGEEKQVDISKIKKVWRVGKMISFTADEGGGKTGRGAVSEKDAPKELLQ,-4.688585217160228,0
Y32C,TVKFKYKGEEKQVDISKIKKVWRVGKMISFTCDEGGGKTGRGAVSEKDAPKELLQ,-3.199869672207496,0
Y32F,TVKFKYKGEEKQVDISKIKKVWRVGKMISFTFDEGGGKTGRGAVSEKDAPKELLQ,0.1242064226164343,1
Y32H,TVKFKYKGEEKQVDISKIKKVWRVGKMISFTHDEGGGKTGRGAVSEKDAPKELLQ,-2.185981452410743,0
Y32I,TVKFKYKGEEKQVDISKIKKVWRVGKMISFTIDEGGGKTGRGAVSEKDAPKELLQ,-2.0440301002508465,0
Y32L,TVKFKYKGEEKQVDISKIKKVWRVGKMISFTLDEGGGKTGRGAVSEKDAPKELLQ,-2.8831671311468865,0
Y32M,TVKFKYKGEEKQVDISKIKKVWRVGKMISFTMDEGGGKTGRGAVSEKDAPKELLQ,-2.4365443734916417,0
Y32N,TVKFKYKGEEKQVDISKIKKVWRVGKMISFTNDEGGGKTGRGAVSEKDAPKELLQ,-4.680177287071758,0
Y32S,TVKFKYKGEEKQVDISKIKKVWRVGKMISFTSDEGGGKTGRGAVSEKDAPKELLQ,-4.240334670232852,0
Y32T,TVKFKYKGEEKQVDISKIKKVWRVGKMISFTTDEGGGKTGRGAVSEKDAPKELLQ,-2.977668337787298,0
Y32V,TVKFKYKGEEKQVDISKIKKVWRVGKMISFTVDEGGGKTGRGAVSEKDAPKELLQ,-2.49703983837808,0
Y32W,TVKFKYKGEEKQVDISKIKKVWRVGKMISFTWDEGGGKTGRGAVSEKDAPKELLQ,-0.2924944011051238,1
Y6A,TVKFKAKGEEKQVDISKIKKVWRVGKMISFTYDEGGGKTGRGAVSEKDAPKELLQ,-0.7776376687448185,0
Y6C,TVKFKCKGEEKQVDISKIKKVWRVGKMISFTYDEGGGKTGRGAVSEKDAPKELLQ,-0.2894164321174877,1
Y6D,TVKFKDKGEEKQVDISKIKKVWRVGKMISFTYDEGGGKTGRGAVSEKDAPKELLQ,-0.6322640658415017,0
Y6E,TVKFKEKGEEKQVDISKIKKVWRVGKMISFTYDEGGGKTGRGAVSEKDAPKELLQ,-0.7502385155765134,0
Y6F,TVKFKFKGEEKQVDISKIKKVWRVGKMISFTYDEGGGKTGRGAVSEKDAPKELLQ,-0.1263977060440435,1
Y6G,TVKFKGKGEEKQVDISKIKKVWRVGKMISFTYDEGGGKTGRGAVSEKDAPKELLQ,-1.658006600386285,0
Y6H,TVKFKHKGEEKQVDISKIKKVWRVGKMISFTYDEGGGKTGRGAVSEKDAPKELLQ,-0.2790028784892819,1
Y6I,TVKFKIKGEEKQVDISKIKKVWRVGKMISFTYDEGGGKTGRGAVSEKDAPKELLQ,-0.1950215350456545,1
Y6K,TVKFKKKGEEKQVDISKIKKVWRVGKMISFTYDEGGGKTGRGAVSEKDAPKELLQ,-0.7709630701293153,0
Y6L,TVKFKLKGEEKQVDISKIKKVWRVGKMISFTYDEGGGKTGRGAVSEKDAPKELLQ,-0.6768019831165728,0
Y6M,TVKFKMKGEEKQVDISKIKKVWRVGKMISFTYDEGGGKTGRGAVSEKDAPKELLQ,-0.7406587976052617,0
Y6N,TVKFKNKGEEKQVDISKIKKVWRVGKMISFTYDEGGGKTGRGAVSEKDAPKELLQ,-0.9802569516130144,0
Y6P,TVKFKPKGEEKQVDISKIKKVWRVGKMISFTYDEGGGKTGRGAVSEKDAPKELLQ,-2.7481228820751458,0
Y6Q,TVKFKQKGEEKQVDISKIKKVWRVGKMISFTYDEGGGKTGRGAVSEKDAPKELLQ,-0.4773041688703499,0
Y6R,TVKFKRKGEEKQVDISKIKKVWRVGKMISFTYDEGGGKTGRGAVSEKDAPKELLQ,-0.6839504460377617,0
Y6S,TVKFKSKGEEKQVDISKIKKVWRVGKMISFTYDEGGGKTGRGAVSEKDAPKELLQ,-0.4284772894510098,1
Y6T,TVKFKTKGEEKQVDISKIKKVWRVGKMISFTYDEGGGKTGRGAVSEKDAPKELLQ,-0.5965456647117495,0
Y6V,TVKFKVKGEEKQVDISKIKKVWRVGKMISFTYDEGGGKTGRGAVSEKDAPKELLQ,-0.0136191052816236,1
Y6W,TVKFKWKGEEKQVDISKIKKVWRVGKMISFTYDEGGGKTGRGAVSEKDAPKELLQ,0.1828775589869842,1
