mutant,mutated_sequence,DMS_score,DMS_score_bin
A11C,VRQEELAAARCALHDLMTGKRVATVQKDGRRVEFTATSVSDLKKYIAELEVQTGM,-0.1075766722854774,1
A11D,VRQEELAAARDALHDLMTGKRVATVQKDGRRVEFTATSVSDLKKYIAELEVQTGM,-0.630861752542033,0
A11E,VRQEELAAAREALHDLMTGKRVATVQKDGRRVEFTATSVSDLKKYIAELEVQTGM,-0.2531298237646959,1
A11F,VRQEELAAARFALHDLMTGKRVATVQKDGRRVEFTATSVSDLKKYIAELEVQTGM,-1.1307843509865976,0
A11G,VRQEELAAARGALHDLMTGKRVATVQKDGRRVEFTATSVSDLKKYIAELEVQTGM,-0.569721234774704,0
A11H,VRQEELAAARHALHDLMTGKRVATVQKDGRRVEFTATSVSDLKKYIAELEVQTGM,-0.3412163105386416,1
A11I,VRQEELAAARIALHDLMTGKRVATVQKDGRRVEFTATSVSDLKKYIAELEVQTGM,-0.2872368549930186,1
A11K,VRQEELAAARKALHDLMTGKRVATVQKDGRRVEFTATSVSDLKKYIAELEVQTGM,0.2243380760153517,1
A11L,VRQEELAAARLALHDLMTGKRVATVQKDGRRVEFTATSVSDLKKYIAELEVQTGM,0.0137177074272027,1
A11M,VRQEELAAARMALHDLMTGKRVATVQKDGRRVEFTATSVSDLKKYIAELEVQTGM,0.012868953041436,1
A11N,VRQEELAAARNALHDLMTGKRVATVQKDGRRVEFTATSVSDLKKYIAELEVQTGM,-0.196577846002512,1
A11P,VRQEELAAARPALHDLMTGKRVATVQKDGRRVEFTATSVSDLKKYIAELEVQTGM,-3.0214607751656333,0
A11Q,VRQEELAAARQALHDLMTGKRVATVQKDGRRVEFTATSVSDLKKYIAELEVQTGM,0.1810511378203978,1
A11R,VRQEELAAARRALHDLMTGKRVATVQKDGRRVEFTATSVSDLKKYIAELEVQTGM,0.2417944906910132,1
A11S,VRQEELAAARSALHDLMTGKRVATVQKDGRRVEFTATSVSDLKKYIAELEVQTGM,-0.1743698243676403,1
A11T,VRQEELAAARTALHDLMTGKRVATVQKDGRRVEFTATSVSDLKKYIAELEVQTGM,-0.2595446783888597,1
A11V,VRQEELAAARVALHDLMTGKRVATVQKDGRRVEFTATSVSDLKKYIAELEVQTGM,-0.3667951259349049,0
A11W,VRQEELAAARWALHDLMTGKRVATVQKDGRRVEFTATSVSDLKKYIAELEVQTGM,-1.049674773547706,0
A11Y,VRQEELAAARYALHDLMTGKRVATVQKDGRRVEFTATSVSDLKKYIAELEVQTGM,-1.1717962830512163,0
A12C,VRQEELAAARACLHDLMTGKRVATVQKDGRRVEFTATSVSDLKKYIAELEVQTGM,-1.4975572323591908,0
A12D,VRQEELAAARADLHDLMTGKRVATVQKDGRRVEFTATSVSDLKKYIAELEVQTGM,-2.3983600148601703,0
A12E,VRQEELAAARAELHDLMTGKRVATVQKDGRRVEFTATSVSDLKKYIAELEVQTGM,-2.279342957900079,0
A12F,VRQEELAAARAFLHDLMTGKRVATVQKDGRRVEFTATSVSDLKKYIAELEVQTGM,-1.7837883539555517,0
A12G,VRQEELAAARAGLHDLMTGKRVATVQKDGRRVEFTATSVSDLKKYIAELEVQTGM,-1.642285465947597,0
A12H,VRQEELAAARAHLHDLMTGKRVATVQKDGRRVEFTATSVSDLKKYIAELEVQTGM,-2.3369537742073585,0
A12I,VRQEELAAARAILHDLMTGKRVATVQKDGRRVEFTATSVSDLKKYIAELEVQTGM,-1.4615698911321138,0
A12K,VRQEELAAARAKLHDLMTGKRVATVQKDGRRVEFTATSVSDLKKYIAELEVQTGM,-2.1533456187688342,0
A12L,VRQEELAAARALLHDLMTGKRVATVQKDGRRVEFTATSVSDLKKYIAELEVQTGM,-1.3456045843810225,0
A12M,VRQEELAAARAMLHDLMTGKRVATVQKDGRRVEFTATSVSDLKKYIAELEVQTGM,-1.5141907131835108,0
A12N,VRQEELAAARANLHDLMTGKRVATVQKDGRRVEFTATSVSDLKKYIAELEVQTGM,-2.543731802521385,0
A12Q,VRQEELAAARAQLHDLMTGKRVATVQKDGRRVEFTATSVSDLKKYIAELEVQTGM,-1.9883658761496132,0
A12R,VRQEELAAARARLHDLMTGKRVATVQKDGRRVEFTATSVSDLKKYIAELEVQTGM,-1.8863633960259625,0
A12S,VRQEELAAARASLHDLMTGKRVATVQKDGRRVEFTATSVSDLKKYIAELEVQTGM,-1.748327912935515,0
A12T,VRQEELAAARATLHDLMTGKRVATVQKDGRRVEFTATSVSDLKKYIAELEVQTGM,-1.939576953653193,0
A12V,VRQEELAAARAVLHDLMTGKRVATVQKDGRRVEFTATSVSDLKKYIAELEVQTGM,-1.487571827039292,0
A12W,VRQEELAAARAWLHDLMTGKRVATVQKDGRRVEFTATSVSDLKKYIAELEVQTGM,-1.9198180987079896,0
A12Y,VRQEELAAARAYLHDLMTGKRVATVQKDGRRVEFTATSVSDLKKYIAELEVQTGM,-1.9017239092053717,0
A23C,VRQEELAAARAALHDLMTGKRVCTVQKDGRRVEFTATSVSDLKKYIAELEVQTGM,-0.5582929094631566,0
A23D,VRQEELAAARAALHDLMTGKRVDTVQKDGRRVEFTATSVSDLKKYIAELEVQTGM,-1.8572748110614603,0
A23E,VRQEELAAARAALHDLMTGKRVETVQKDGRRVEFTATSVSDLKKYIAELEVQTGM,-1.7209068640417793,0
A23F,VRQEELAAARAALHDLMTGKRVFTVQKDGRRVEFTATSVSDLKKYIAELEVQTGM,-2.0720858449008204,0
A23G,VRQEELAAARAALHDLMTGKRVGTVQKDGRRVEFTATSVSDLKKYIAELEVQTGM,-0.7680554705137643,0
A23H,VRQEELAAARAALHDLMTGKRVHTVQKDGRRVEFTATSVSDLKKYIAELEVQTGM,-1.7869569634079072,0
A23I,VRQEELAAARAALHDLMTGKRVITVQKDGRRVEFTATSVSDLKKYIAELEVQTGM,-0.3358766766325365,1
A23K,VRQEELAAARAALHDLMTGKRVKTVQKDGRRVEFTATSVSDLKKYIAELEVQTGM,-1.87352570381512,0
A23L,VRQEELAAARAALHDLMTGKRVLTVQKDGRRVEFTATSVSDLKKYIAELEVQTGM,-2.048005649897822,0
A23M,VRQEELAAARAALHDLMTGKRVMTVQKDGRRVEFTATSVSDLKKYIAELEVQTGM,-1.8391693795825856,0
A23N,VRQEELAAARAALHDLMTGKRVNTVQKDGRRVEFTATSVSDLKKYIAELEVQTGM,-1.965061088406239,0
A23P,VRQEELAAARAALHDLMTGKRVPTVQKDGRRVEFTATSVSDLKKYIAELEVQTGM,-1.7970456221132105,0
A23Q,VRQEELAAARAALHDLMTGKRVQTVQKDGRRVEFTATSVSDLKKYIAELEVQTGM,-1.5360190556115558,0
A23R,VRQEELAAARAALHDLMTGKRVRTVQKDGRRVEFTATSVSDLKKYIAELEVQTGM,-1.55252030889862,0
A23S,VRQEELAAARAALHDLMTGKRVSTVQKDGRRVEFTATSVSDLKKYIAELEVQTGM,-0.7440521078070006,0
A23T,VRQEELAAARAALHDLMTGKRVTTVQKDGRRVEFTATSVSDLKKYIAELEVQTGM,-0.2837500527816292,1
A23V,VRQEELAAARAALHDLMTGKRVVTVQKDGRRVEFTATSVSDLKKYIAELEVQTGM,0.8217229661945513,1
A23W,VRQEELAAARAALHDLMTGKRVWTVQKDGRRVEFTATSVSDLKKYIAELEVQTGM,-2.2381557926388864,0
A23Y,VRQEELAAARAALHDLMTGKRVYTVQKDGRRVEFTATSVSDLKKYIAELEVQTGM,-2.107597817478677,0
A36C,VRQEELAAARAALHDLMTGKRVATVQKDGRRVEFTCTSVSDLKKYIAELEVQTGM,0.2537767551391945,1
A36D,VRQEELAAARAALHDLMTGKRVATVQKDGRRVEFTDTSVSDLKKYIAELEVQTGM,-0.4755147729967914,0
A36E,VRQEELAAARAALHDLMTGKRVATVQKDGRRVEFTETSVSDLKKYIAELEVQTGM,-0.2772568629482554,1
A36F,VRQEELAAARAALHDLMTGKRVATVQKDGRRVEFTFTSVSDLKKYIAELEVQTGM,0.0421605423730313,1
A36G,VRQEELAAARAALHDLMTGKRVATVQKDGRRVEFTGTSVSDLKKYIAELEVQTGM,-0.574234737844638,0
A36H,VRQEELAAARAALHDLMTGKRVATVQKDGRRVEFTHTSVSDLKKYIAELEVQTGM,0.0824027859559777,1
A36I,VRQEELAAARAALHDLMTGKRVATVQKDGRRVEFTITSVSDLKKYIAELEVQTGM,0.3768542041228513,1
A36K,VRQEELAAARAALHDLMTGKRVATVQKDGRRVEFTKTSVSDLKKYIAELEVQTGM,-0.0717862862325788,1
A36L,VRQEELAAARAALHDLMTGKRVATVQKDGRRVEFTLTSVSDLKKYIAELEVQTGM,0.3609646181641781,1
A36M,VRQEELAAARAALHDLMTGKRVATVQKDGRRVEFTMTSVSDLKKYIAELEVQTGM,0.3895652011442605,1
A36N,VRQEELAAARAALHDLMTGKRVATVQKDGRRVEFTNTSVSDLKKYIAELEVQTGM,-0.256088991290845,1
A36P,VRQEELAAARAALHDLMTGKRVATVQKDGRRVEFTPTSVSDLKKYIAELEVQTGM,-0.3069056093931723,1
A36Q,VRQEELAAARAALHDLMTGKRVATVQKDGRRVEFTQTSVSDLKKYIAELEVQTGM,0.2199637219677384,1
A36R,VRQEELAAARAALHDLMTGKRVATVQKDGRRVEFTRTSVSDLKKYIAELEVQTGM,-0.0053517242656142,1
A36S,VRQEELAAARAALHDLMTGKRVATVQKDGRRVEFTSTSVSDLKKYIAELEVQTGM,-0.0167839839972678,1
A36T,VRQEELAAARAALHDLMTGKRVATVQKDGRRVEFTTTSVSDLKKYIAELEVQTGM,-0.1481467575481732,1
A36V,VRQEELAAARAALHDLMTGKRVATVQKDGRRVEFTVTSVSDLKKYIAELEVQTGM,0.0479716115138115,1
A36W,VRQEELAAARAALHDLMTGKRVATVQKDGRRVEFTWTSVSDLKKYIAELEVQTGM,0.5246848734983285,1
A36Y,VRQEELAAARAALHDLMTGKRVATVQKDGRRVEFTYTSVSDLKKYIAELEVQTGM,0.1290585509189368,1
A47C,VRQEELAAARAALHDLMTGKRVATVQKDGRRVEFTATSVSDLKKYICELEVQTGM,-0.0752855177871683,1
A47D,VRQEELAAARAALHDLMTGKRVATVQKDGRRVEFTATSVSDLKKYIDELEVQTGM,-0.5881299016490216,0
A47E,VRQEELAAARAALHDLMTGKRVATVQKDGRRVEFTATSVSDLKKYIEELEVQTGM,-0.0130921341691094,1
A47F,VRQEELAAARAALHDLMTGKRVATVQKDGRRVEFTATSVSDLKKYIFELEVQTGM,0.0354724183892889,1
A47G,VRQEELAAARAALHDLMTGKRVATVQKDGRRVEFTATSVSDLKKYIGELEVQTGM,-0.5813893529076348,0
A47H,VRQEELAAARAALHDLMTGKRVATVQKDGRRVEFTATSVSDLKKYIHELEVQTGM,0.186150035550229,1
A47I,VRQEELAAARAALHDLMTGKRVATVQKDGRRVEFTATSVSDLKKYIIELEVQTGM,-0.2132414530240955,1
A47K,VRQEELAAARAALHDLMTGKRVATVQKDGRRVEFTATSVSDLKKYIKELEVQTGM,-0.0073701311169682,1
A47L,VRQEELAAARAALHDLMTGKRVATVQKDGRRVEFTATSVSDLKKYILELEVQTGM,0.1716057824559804,1
A47M,VRQEELAAARAALHDLMTGKRVATVQKDGRRVEFTATSVSDLKKYIMELEVQTGM,-0.0460911356499735,1
A47N,VRQEELAAARAALHDLMTGKRVATVQKDGRRVEFTATSVSDLKKYINELEVQTGM,-0.3206890824684123,1
A47P,VRQEELAAARAALHDLMTGKRVATVQKDGRRVEFTATSVSDLKKYIPELEVQTGM,-3.315781640370125,0
A47Q,VRQEELAAARAALHDLMTGKRVATVQKDGRRVEFTATSVSDLKKYIQELEVQTGM,0.0185092897342675,1
A47R,VRQEELAAARAALHDLMTGKRVATVQKDGRRVEFTATSVSDLKKYIRELEVQTGM,0.1407900804562851,1
A47S,VRQEELAAARAALHDLMTGKRVATVQKDGRRVEFTATSVSDLKKYISELEVQTGM,-0.1398309447171541,1
A47T,VRQEELAAARAALHDLMTGKRVATVQKDGRRVEFTATSVSDLKKYITELEVQTGM,-0.3060539306130057,1
A47V,VRQEELAAARAALHDLMTGKRVATVQKDGRRVEFTATSVSDLKKYIVELEVQTGM,-0.3813848165458022,0
A47W,VRQEELAAARAALHDLMTGKRVATVQKDGRRVEFTATSVSDLKKYIWELEVQTGM,0.0549648351907063,1
A47Y,VRQEELAAARAALHDLMTGKRVATVQKDGRRVEFTATSVSDLKKYIYELEVQTGM,0.0791770358292107,1
A7C,VRQEELCAARAALHDLMTGKRVATVQKDGRRVEFTATSVSDLKKYIAELEVQTGM,-0.0730147305145907,1
A7D,VRQEELDAARAALHDLMTGKRVATVQKDGRRVEFTATSVSDLKKYIAELEVQTGM,-0.0310855809927117,1
A7E,VRQEELEAARAALHDLMTGKRVATVQKDGRRVEFTATSVSDLKKYIAELEVQTGM,-0.0960196288643029,1
A7F,VRQEELFAARAALHDLMTGKRVATVQKDGRRVEFTATSVSDLKKYIAELEVQTGM,-0.0464986496626238,1
A7G,VRQEELGAARAALHDLMTGKRVATVQKDGRRVEFTATSVSDLKKYIAELEVQTGM,-0.7812981408237372,0
A7H,VRQEELHAARAALHDLMTGKRVATVQKDGRRVEFTATSVSDLKKYIAELEVQTGM,-0.2037892990774295,1
A7I,VRQEELIAARAALHDLMTGKRVATVQKDGRRVEFTATSVSDLKKYIAELEVQTGM,-0.0451867795859879,1
A7K,VRQEELKAARAALHDLMTGKRVATVQKDGRRVEFTATSVSDLKKYIAELEVQTGM,0.1097288933278788,1
A7L,VRQEELLAARAALHDLMTGKRVATVQKDGRRVEFTATSVSDLKKYIAELEVQTGM,0.0548798290670919,1
A7M,VRQEELMAARAALHDLMTGKRVATVQKDGRRVEFTATSVSDLKKYIAELEVQTGM,0.0822613818219113,1
A7N,VRQEELNAARAALHDLMTGKRVATVQKDGRRVEFTATSVSDLKKYIAELEVQTGM,0.0421030294416633,1
A7P,VRQEELPAARAALHDLMTGKRVATVQKDGRRVEFTATSVSDLKKYIAELEVQTGM,-1.6756888288555565,0
A7Q,VRQEELQAARAALHDLMTGKRVATVQKDGRRVEFTATSVSDLKKYIAELEVQTGM,-0.0084278659060861,1
A7R,VRQEELRAARAALHDLMTGKRVATVQKDGRRVEFTATSVSDLKKYIAELEVQTGM,0.1785377914817676,1
A7S,VRQEELSAARAALHDLMTGKRVATVQKDGRRVEFTATSVSDLKKYIAELEVQTGM,-0.1433405699828931,1
A7T,VRQEELTAARAALHDLMTGKRVATVQKDGRRVEFTATSVSDLKKYIAELEVQTGM,-0.1976952151505897,1
A7V,VRQEELVAARAALHDLMTGKRVATVQKDGRRVEFTATSVSDLKKYIAELEVQTGM,-0.0991342208374574,1
A7W,VRQEELWAARAALHDLMTGKRVATVQKDGRRVEFTATSVSDLKKYIAELEVQTGM,0.0433698730570624,1
A7Y,VRQEELYAARAALHDLMTGKRVATVQKDGRRVEFTATSVSDLKKYIAELEVQTGM,-0.1402631588315106,1
A8C,VRQEELACARAALHDLMTGKRVATVQKDGRRVEFTATSVSDLKKYIAELEVQTGM,0.3071428510946488,1
A8D,VRQEELADARAALHDLMTGKRVATVQKDGRRVEFTATSVSDLKKYIAELEVQTGM,-0.4881786024566832,0
A8E,VRQEELAEARAALHDLMTGKRVATVQKDGRRVEFTATSVSDLKKYIAELEVQTGM,0.1085580398976131,1
A8F,VRQEELAFARAALHDLMTGKRVATVQKDGRRVEFTATSVSDLKKYIAELEVQTGM,-0.1859150799868065,1
A8G,VRQEELAGARAALHDLMTGKRVATVQKDGRRVEFTATSVSDLKKYIAELEVQTGM,-0.5907466003251605,0
A8H,VRQEELAHARAALHDLMTGKRVATVQKDGRRVEFTATSVSDLKKYIAELEVQTGM,-0.3682858011964915,0
A8I,VRQEELAIARAALHDLMTGKRVATVQKDGRRVEFTATSVSDLKKYIAELEVQTGM,0.0265000289668253,1
A8K,VRQEELAKARAALHDLMTGKRVATVQKDGRRVEFTATSVSDLKKYIAELEVQTGM,-0.2604913346786528,1
A8L,VRQEELALARAALHDLMTGKRVATVQKDGRRVEFTATSVSDLKKYIAELEVQTGM,0.0644727439770345,1
A8M,VRQEELAMARAALHDLMTGKRVATVQKDGRRVEFTATSVSDLKKYIAELEVQTGM,0.1005635838239609,1
A8N,VRQEELANARAALHDLMTGKRVATVQKDGRRVEFTATSVSDLKKYIAELEVQTGM,-0.218670686919701,1
A8P,VRQEELAPARAALHDLMTGKRVATVQKDGRRVEFTATSVSDLKKYIAELEVQTGM,-2.468780588236573,0
A8Q,VRQEELAQARAALHDLMTGKRVATVQKDGRRVEFTATSVSDLKKYIAELEVQTGM,0.1128829399661071,1
A8R,VRQEELARARAALHDLMTGKRVATVQKDGRRVEFTATSVSDLKKYIAELEVQTGM,-0.0220304442131231,1
A8S,VRQEELASARAALHDLMTGKRVATVQKDGRRVEFTATSVSDLKKYIAELEVQTGM,0.0894757343581003,1
A8T,VRQEELATARAALHDLMTGKRVATVQKDGRRVEFTATSVSDLKKYIAELEVQTGM,-0.4953816020711707,0
A8V,VRQEELAVARAALHDLMTGKRVATVQKDGRRVEFTATSVSDLKKYIAELEVQTGM,-0.3252747260297939,1
A8W,VRQEELAWARAALHDLMTGKRVATVQKDGRRVEFTATSVSDLKKYIAELEVQTGM,-0.1344169806616286,1
A8Y,VRQEELAYARAALHDLMTGKRVATVQKDGRRVEFTATSVSDLKKYIAELEVQTGM,-0.3103069401678415,1
A9C,VRQEELAACRAALHDLMTGKRVATVQKDGRRVEFTATSVSDLKKYIAELEVQTGM,-0.6519087210068415,0
A9D,VRQEELAADRAALHDLMTGKRVATVQKDGRRVEFTATSVSDLKKYIAELEVQTGM,-3.1549969472575445,0
A9E,VRQEELAAERAALHDLMTGKRVATVQKDGRRVEFTATSVSDLKKYIAELEVQTGM,-2.741588606439734,0
A9F,VRQEELAAFRAALHDLMTGKRVATVQKDGRRVEFTATSVSDLKKYIAELEVQTGM,-0.681279085595254,0
A9G,VRQEELAAGRAALHDLMTGKRVATVQKDGRRVEFTATSVSDLKKYIAELEVQTGM,-1.9406608091769573,0
A9H,VRQEELAAHRAALHDLMTGKRVATVQKDGRRVEFTATSVSDLKKYIAELEVQTGM,-1.67010412279035,0
A9I,VRQEELAAIRAALHDLMTGKRVATVQKDGRRVEFTATSVSDLKKYIAELEVQTGM,-1.3374435159042115,0
A9K,VRQEELAAKRAALHDLMTGKRVATVQKDGRRVEFTATSVSDLKKYIAELEVQTGM,-2.7296669221942715,0
A9L,VRQEELAALRAALHDLMTGKRVATVQKDGRRVEFTATSVSDLKKYIAELEVQTGM,-0.0857292765312065,1
A9M,VRQEELAAMRAALHDLMTGKRVATVQKDGRRVEFTATSVSDLKKYIAELEVQTGM,-0.4038009197180905,0
A9N,VRQEELAANRAALHDLMTGKRVATVQKDGRRVEFTATSVSDLKKYIAELEVQTGM,-2.5985605710729915,0
A9P,VRQEELAAPRAALHDLMTGKRVATVQKDGRRVEFTATSVSDLKKYIAELEVQTGM,-2.932612416950346,0
A9Q,VRQEELAAQRAALHDLMTGKRVATVQKDGRRVEFTATSVSDLKKYIAELEVQTGM,-2.743555088595003,0
A9R,VRQEELAARRAALHDLMTGKRVATVQKDGRRVEFTATSVSDLKKYIAELEVQTGM,-2.666026313945581,0
A9S,VRQEELAASRAALHDLMTGKRVATVQKDGRRVEFTATSVSDLKKYIAELEVQTGM,-1.7513024549936569,0
A9T,VRQEELAATRAALHDLMTGKRVATVQKDGRRVEFTATSVSDLKKYIAELEVQTGM,-1.946178213841082,0
A9V,VRQEELAAVRAALHDLMTGKRVATVQKDGRRVEFTATSVSDLKKYIAELEVQTGM,-1.4024106045969236,0
A9W,VRQEELAAWRAALHDLMTGKRVATVQKDGRRVEFTATSVSDLKKYIAELEVQTGM,-1.206026855695273,0
A9Y,VRQEELAAYRAALHDLMTGKRVATVQKDGRRVEFTATSVSDLKKYIAELEVQTGM,-0.3983740048795403,0
D15A,VRQEELAAARAALHALMTGKRVATVQKDGRRVEFTATSVSDLKKYIAELEVQTGM,0.0872742573686142,1
D15C,VRQEELAAARAALHCLMTGKRVATVQKDGRRVEFTATSVSDLKKYIAELEVQTGM,-0.0391082225701371,1
D15E,VRQEELAAARAALHELMTGKRVATVQKDGRRVEFTATSVSDLKKYIAELEVQTGM,0.1498761522737961,1
D15F,VRQEELAAARAALHFLMTGKRVATVQKDGRRVEFTATSVSDLKKYIAELEVQTGM,-0.7135218535217422,0
D15G,VRQEELAAARAALHGLMTGKRVATVQKDGRRVEFTATSVSDLKKYIAELEVQTGM,-0.7444492595642296,0
D15H,VRQEELAAARAALHHLMTGKRVATVQKDGRRVEFTATSVSDLKKYIAELEVQTGM,-0.4558567885786133,0
D15I,VRQEELAAARAALHILMTGKRVATVQKDGRRVEFTATSVSDLKKYIAELEVQTGM,-0.609555226815317,0
D15K,VRQEELAAARAALHKLMTGKRVATVQKDGRRVEFTATSVSDLKKYIAELEVQTGM,-0.0552296726940584,1
D15L,VRQEELAAARAALHLLMTGKRVATVQKDGRRVEFTATSVSDLKKYIAELEVQTGM,0.1330693146718582,1
D15M,VRQEELAAARAALHMLMTGKRVATVQKDGRRVEFTATSVSDLKKYIAELEVQTGM,-0.0328442924284599,1
D15N,VRQEELAAARAALHNLMTGKRVATVQKDGRRVEFTATSVSDLKKYIAELEVQTGM,-0.3926915354117639,0
D15P,VRQEELAAARAALHPLMTGKRVATVQKDGRRVEFTATSVSDLKKYIAELEVQTGM,-2.845642967470452,0
D15Q,VRQEELAAARAALHQLMTGKRVATVQKDGRRVEFTATSVSDLKKYIAELEVQTGM,0.1542664531818394,1
D15R,VRQEELAAARAALHRLMTGKRVATVQKDGRRVEFTATSVSDLKKYIAELEVQTGM,-0.3184447174320213,1
D15S,VRQEELAAARAALHSLMTGKRVATVQKDGRRVEFTATSVSDLKKYIAELEVQTGM,-0.1465662154039915,1
D15T,VRQEELAAARAALHTLMTGKRVATVQKDGRRVEFTATSVSDLKKYIAELEVQTGM,-0.8646455135175621,0
D15V,VRQEELAAARAALHVLMTGKRVATVQKDGRRVEFTATSVSDLKKYIAELEVQTGM,-0.7904049867755143,0
D15W,VRQEELAAARAALHWLMTGKRVATVQKDGRRVEFTATSVSDLKKYIAELEVQTGM,-0.7599721615330788,0
D15Y,VRQEELAAARAALHYLMTGKRVATVQKDGRRVEFTATSVSDLKKYIAELEVQTGM,-0.7210697968821695,0
D28A,VRQEELAAARAALHDLMTGKRVATVQKAGRRVEFTATSVSDLKKYIAELEVQTGM,-0.7700021907724808,0
D28C,VRQEELAAARAALHDLMTGKRVATVQKCGRRVEFTATSVSDLKKYIAELEVQTGM,-0.0633534630396686,1
D28E,VRQEELAAARAALHDLMTGKRVATVQKEGRRVEFTATSVSDLKKYIAELEVQTGM,-0.2459813026428357,1
D28F,VRQEELAAARAALHDLMTGKRVATVQKFGRRVEFTATSVSDLKKYIAELEVQTGM,-1.9321587051913949,0
D28G,VRQEELAAARAALHDLMTGKRVATVQKGGRRVEFTATSVSDLKKYIAELEVQTGM,-0.1873042770687112,1
D28H,VRQEELAAARAALHDLMTGKRVATVQKHGRRVEFTATSVSDLKKYIAELEVQTGM,-0.885167400510305,0
D28I,VRQEELAAARAALHDLMTGKRVATVQKIGRRVEFTATSVSDLKKYIAELEVQTGM,-2.0618649574097763,0
D28K,VRQEELAAARAALHDLMTGKRVATVQKKGRRVEFTATSVSDLKKYIAELEVQTGM,-1.0984869644469852,0
D28L,VRQEELAAARAALHDLMTGKRVATVQKLGRRVEFTATSVSDLKKYIAELEVQTGM,-1.5750294417926822,0
D28M,VRQEELAAARAALHDLMTGKRVATVQKMGRRVEFTATSVSDLKKYIAELEVQTGM,-1.5513277654038529,0
D28N,VRQEELAAARAALHDLMTGKRVATVQKNGRRVEFTATSVSDLKKYIAELEVQTGM,-0.0765707788011873,1
D28P,VRQEELAAARAALHDLMTGKRVATVQKPGRRVEFTATSVSDLKKYIAELEVQTGM,-1.5104244407266316,0
D28Q,VRQEELAAARAALHDLMTGKRVATVQKQGRRVEFTATSVSDLKKYIAELEVQTGM,-0.5858906615886976,0
D28R,VRQEELAAARAALHDLMTGKRVATVQKRGRRVEFTATSVSDLKKYIAELEVQTGM,-1.14266492458187,0
D28S,VRQEELAAARAALHDLMTGKRVATVQKSGRRVEFTATSVSDLKKYIAELEVQTGM,-0.6557302663754419,0
D28T,VRQEELAAARAALHDLMTGKRVATVQKTGRRVEFTATSVSDLKKYIAELEVQTGM,-1.4631161933070205,0
D28V,VRQEELAAARAALHDLMTGKRVATVQKVGRRVEFTATSVSDLKKYIAELEVQTGM,-1.6848191355805822,0
D28W,VRQEELAAARAALHDLMTGKRVATVQKWGRRVEFTATSVSDLKKYIAELEVQTGM,-2.8549820386524822,0
D28Y,VRQEELAAARAALHDLMTGKRVATVQKYGRRVEFTATSVSDLKKYIAELEVQTGM,-1.6114071814255329,0
D41A,VRQEELAAARAALHDLMTGKRVATVQKDGRRVEFTATSVSALKKYIAELEVQTGM,-0.0455298175347653,1
D41C,VRQEELAAARAALHDLMTGKRVATVQKDGRRVEFTATSVSCLKKYIAELEVQTGM,0.043368783097871,1
D41E,VRQEELAAARAALHDLMTGKRVATVQKDGRRVEFTATSVSELKKYIAELEVQTGM,0.2396671957896443,1
D41F,VRQEELAAARAALHDLMTGKRVATVQKDGRRVEFTATSVSFLKKYIAELEVQTGM,-0.3512327699992696,0
D41G,VRQEELAAARAALHDLMTGKRVATVQKDGRRVEFTATSVSGLKKYIAELEVQTGM,-0.6890911501518975,0
D41H,VRQEELAAARAALHDLMTGKRVATVQKDGRRVEFTATSVSHLKKYIAELEVQTGM,-0.5293294078407333,0
D41I,VRQEELAAARAALHDLMTGKRVATVQKDGRRVEFTATSVSILKKYIAELEVQTGM,-0.2255093546347382,1
D41K,VRQEELAAARAALHDLMTGKRVATVQKDGRRVEFTATSVSKLKKYIAELEVQTGM,-0.3494195937278102,1
D41L,VRQEELAAARAALHDLMTGKRVATVQKDGRRVEFTATSVSLLKKYIAELEVQTGM,0.0347216618107344,1
D41M,VRQEELAAARAALHDLMTGKRVATVQKDGRRVEFTATSVSMLKKYIAELEVQTGM,-0.1391744335105391,1
D41N,VRQEELAAARAALHDLMTGKRVATVQKDGRRVEFTATSVSNLKKYIAELEVQTGM,-0.5933499161178086,0
D41P,VRQEELAAARAALHDLMTGKRVATVQKDGRRVEFTATSVSPLKKYIAELEVQTGM,-2.050997824467265,0
D41Q,VRQEELAAARAALHDLMTGKRVATVQKDGRRVEFTATSVSQLKKYIAELEVQTGM,-0.0929546031793688,1
D41R,VRQEELAAARAALHDLMTGKRVATVQKDGRRVEFTATSVSRLKKYIAELEVQTGM,-0.6233923239903572,0
D41S,VRQEELAAARAALHDLMTGKRVATVQKDGRRVEFTATSVSSLKKYIAELEVQTGM,-0.3243260458082968,1
D41T,VRQEELAAARAALHDLMTGKRVATVQKDGRRVEFTATSVSTLKKYIAELEVQTGM,-0.3981940112112649,0
D41V,VRQEELAAARAALHDLMTGKRVATVQKDGRRVEFTATSVSVLKKYIAELEVQTGM,-0.2839992026603513,1
D41W,VRQEELAAARAALHDLMTGKRVATVQKDGRRVEFTATSVSWLKKYIAELEVQTGM,-0.3566579615586844,0
D41Y,VRQEELAAARAALHDLMTGKRVATVQKDGRRVEFTATSVSYLKKYIAELEVQTGM,-0.4846398323442074,0
E33A,VRQEELAAARAALHDLMTGKRVATVQKDGRRVAFTATSVSDLKKYIAELEVQTGM,-0.7093186992004794,0
E33C,VRQEELAAARAALHDLMTGKRVATVQKDGRRVCFTATSVSDLKKYIAELEVQTGM,0.045294737311563,1
E33D,VRQEELAAARAALHDLMTGKRVATVQKDGRRVDFTATSVSDLKKYIAELEVQTGM,-0.318555911093461,1
E33F,VRQEELAAARAALHDLMTGKRVATVQKDGRRVFFTATSVSDLKKYIAELEVQTGM,-0.1987679904127599,1
E33G,VRQEELAAARAALHDLMTGKRVATVQKDGRRVGFTATSVSDLKKYIAELEVQTGM,-1.6423528713813784,0
E33H,VRQEELAAARAALHDLMTGKRVATVQKDGRRVHFTATSVSDLKKYIAELEVQTGM,-0.4479259199031355,0
E33I,VRQEELAAARAALHDLMTGKRVATVQKDGRRVIFTATSVSDLKKYIAELEVQTGM,0.0164882024234307,1
E33K,VRQEELAAARAALHDLMTGKRVATVQKDGRRVKFTATSVSDLKKYIAELEVQTGM,-0.4141263837808862,0
E33L,VRQEELAAARAALHDLMTGKRVATVQKDGRRVLFTATSVSDLKKYIAELEVQTGM,-0.5585290888914973,0
E33M,VRQEELAAARAALHDLMTGKRVATVQKDGRRVMFTATSVSDLKKYIAELEVQTGM,-0.3693070648147785,0
E33N,VRQEELAAARAALHDLMTGKRVATVQKDGRRVNFTATSVSDLKKYIAELEVQTGM,-0.6707232822759619,0
E33P,VRQEELAAARAALHDLMTGKRVATVQKDGRRVPFTATSVSDLKKYIAELEVQTGM,-1.4198514682039296,0
E33Q,VRQEELAAARAALHDLMTGKRVATVQKDGRRVQFTATSVSDLKKYIAELEVQTGM,-0.2244215033658161,1
E33R,VRQEELAAARAALHDLMTGKRVATVQKDGRRVRFTATSVSDLKKYIAELEVQTGM,-0.3077392012322439,1
E33S,VRQEELAAARAALHDLMTGKRVATVQKDGRRVSFTATSVSDLKKYIAELEVQTGM,-0.4002444979512045,0
E33T,VRQEELAAARAALHDLMTGKRVATVQKDGRRVTFTATSVSDLKKYIAELEVQTGM,-0.1499064972718464,1
E33V,VRQEELAAARAALHDLMTGKRVATVQKDGRRVVFTATSVSDLKKYIAELEVQTGM,-0.0956904918978596,1
E33W,VRQEELAAARAALHDLMTGKRVATVQKDGRRVWFTATSVSDLKKYIAELEVQTGM,-0.4955642839908289,0
E33Y,VRQEELAAARAALHDLMTGKRVATVQKDGRRVYFTATSVSDLKKYIAELEVQTGM,0.0540153511449057,1
E48A,VRQEELAAARAALHDLMTGKRVATVQKDGRRVEFTATSVSDLKKYIAALEVQTGM,-0.3011660851983966,1
E48C,VRQEELAAARAALHDLMTGKRVATVQKDGRRVEFTATSVSDLKKYIACLEVQTGM,0.1013475467551607,1
E48D,VRQEELAAARAALHDLMTGKRVATVQKDGRRVEFTATSVSDLKKYIADLEVQTGM,-0.1604481665732016,1
E48F,VRQEELAAARAALHDLMTGKRVATVQKDGRRVEFTATSVSDLKKYIAFLEVQTGM,0.2389300172370214,1
E48G,VRQEELAAARAALHDLMTGKRVATVQKDGRRVEFTATSVSDLKKYIAGLEVQTGM,-0.799087853132799,0
E48H,VRQEELAAARAALHDLMTGKRVATVQKDGRRVEFTATSVSDLKKYIAHLEVQTGM,-0.2230715192289536,1
E48I,VRQEELAAARAALHDLMTGKRVATVQKDGRRVEFTATSVSDLKKYIAILEVQTGM,-0.2072686452723902,1
E48K,VRQEELAAARAALHDLMTGKRVATVQKDGRRVEFTATSVSDLKKYIAKLEVQTGM,-0.4115721745946548,0
E48L,VRQEELAAARAALHDLMTGKRVATVQKDGRRVEFTATSVSDLKKYIALLEVQTGM,-0.1367435953939386,1
E48M,VRQEELAAARAALHDLMTGKRVATVQKDGRRVEFTATSVSDLKKYIAMLEVQTGM,-0.1454494706401616,1
E48N,VRQEELAAARAALHDLMTGKRVATVQKDGRRVEFTATSVSDLKKYIANLEVQTGM,-0.5328449976264755,0
E48P,VRQEELAAARAALHDLMTGKRVATVQKDGRRVEFTATSVSDLKKYIAPLEVQTGM,-2.8294387352385235,0
E48Q,VRQEELAAARAALHDLMTGKRVATVQKDGRRVEFTATSVSDLKKYIAQLEVQTGM,-0.0407967564893296,1
E48R,VRQEELAAARAALHDLMTGKRVATVQKDGRRVEFTATSVSDLKKYIARLEVQTGM,-0.4218835887027321,0
E48S,VRQEELAAARAALHDLMTGKRVATVQKDGRRVEFTATSVSDLKKYIASLEVQTGM,-0.2949668003813173,1
E48T,VRQEELAAARAALHDLMTGKRVATVQKDGRRVEFTATSVSDLKKYIATLEVQTGM,-0.3835738033727649,0
E48V,VRQEELAAARAALHDLMTGKRVATVQKDGRRVEFTATSVSDLKKYIAVLEVQTGM,-0.284589278351318,1
E48W,VRQEELAAARAALHDLMTGKRVATVQKDGRRVEFTATSVSDLKKYIAWLEVQTGM,0.9429726246996196,1
E48Y,VRQEELAAARAALHDLMTGKRVATVQKDGRRVEFTATSVSDLKKYIAYLEVQTGM,0.3642331724334005,1
E4A,VRQAELAAARAALHDLMTGKRVATVQKDGRRVEFTATSVSDLKKYIAELEVQTGM,0.4648305225299354,1
E4C,VRQCELAAARAALHDLMTGKRVATVQKDGRRVEFTATSVSDLKKYIAELEVQTGM,0.1036228150290643,1
E4D,VRQDELAAARAALHDLMTGKRVATVQKDGRRVEFTATSVSDLKKYIAELEVQTGM,0.0584994825112614,1
E4F,VRQFELAAARAALHDLMTGKRVATVQKDGRRVEFTATSVSDLKKYIAELEVQTGM,0.1832210666255562,1
E4G,VRQGELAAARAALHDLMTGKRVATVQKDGRRVEFTATSVSDLKKYIAELEVQTGM,0.1661768526875571,1
E4H,VRQHELAAARAALHDLMTGKRVATVQKDGRRVEFTATSVSDLKKYIAELEVQTGM,0.2392332458268615,1
E4I,VRQIELAAARAALHDLMTGKRVATVQKDGRRVEFTATSVSDLKKYIAELEVQTGM,0.1077179662862644,1
E4K,VRQKELAAARAALHDLMTGKRVATVQKDGRRVEFTATSVSDLKKYIAELEVQTGM,0.1796586298637557,1
E4L,VRQLELAAARAALHDLMTGKRVATVQKDGRRVEFTATSVSDLKKYIAELEVQTGM,0.1723731417062723,1
E4M,VRQMELAAARAALHDLMTGKRVATVQKDGRRVEFTATSVSDLKKYIAELEVQTGM,0.3790807356408283,1
E4N,VRQNELAAARAALHDLMTGKRVATVQKDGRRVEFTATSVSDLKKYIAELEVQTGM,0.065179791639069,1
E4P,VRQPELAAARAALHDLMTGKRVATVQKDGRRVEFTATSVSDLKKYIAELEVQTGM,-0.3860513855534684,0
E4Q,VRQQELAAARAALHDLMTGKRVATVQKDGRRVEFTATSVSDLKKYIAELEVQTGM,0.1584908004688916,1
E4R,VRQRELAAARAALHDLMTGKRVATVQKDGRRVEFTATSVSDLKKYIAELEVQTGM,0.4158173357423513,1
E4S,VRQSELAAARAALHDLMTGKRVATVQKDGRRVEFTATSVSDLKKYIAELEVQTGM,0.1354643658035872,1
E4T,VRQTELAAARAALHDLMTGKRVATVQKDGRRVEFTATSVSDLKKYIAELEVQTGM,0.0315581502439483,1
E4V,VRQVELAAARAALHDLMTGKRVATVQKDGRRVEFTATSVSDLKKYIAELEVQTGM,0.0943754736541513,1
E4W,VRQWELAAARAALHDLMTGKRVATVQKDGRRVEFTATSVSDLKKYIAELEVQTGM,0.7406684050380501,1
E4Y,VRQYELAAARAALHDLMTGKRVATVQKDGRRVEFTATSVSDLKKYIAELEVQTGM,0.2026486251559744,1
E50A,VRQEELAAARAALHDLMTGKRVATVQKDGRRVEFTATSVSDLKKYIAELAVQTGM,-0.5868156642740296,0
E50C,VRQEELAAARAALHDLMTGKRVATVQKDGRRVEFTATSVSDLKKYIAELCVQTGM,-0.726910833679133,0
E50D,VRQEELAAARAALHDLMTGKRVATVQKDGRRVEFTATSVSDLKKYIAELDVQTGM,-1.1599788975241596,0
E50F,VRQEELAAARAALHDLMTGKRVATVQKDGRRVEFTATSVSDLKKYIAELFVQTGM,-0.8284972210284016,0
E50G,VRQEELAAARAALHDLMTGKRVATVQKDGRRVEFTATSVSDLKKYIAELGVQTGM,-1.2997471310696531,0
E50H,VRQEELAAARAALHDLMTGKRVATVQKDGRRVEFTATSVSDLKKYIAELHVQTGM,-1.2196185333382707,0
E50I,VRQEELAAARAALHDLMTGKRVATVQKDGRRVEFTATSVSDLKKYIAELIVQTGM,-0.2925420714326696,1
E50K,VRQEELAAARAALHDLMTGKRVATVQKDGRRVEFTATSVSDLKKYIAELKVQTGM,-0.9912014425650058,0
E50L,VRQEELAAARAALHDLMTGKRVATVQKDGRRVEFTATSVSDLKKYIAELLVQTGM,-0.4138177610865945,0
E50M,VRQEELAAARAALHDLMTGKRVATVQKDGRRVEFTATSVSDLKKYIAELMVQTGM,-0.2537101522752483,1
E50N,VRQEELAAARAALHDLMTGKRVATVQKDGRRVEFTATSVSDLKKYIAELNVQTGM,-1.2293880295534714,0
E50P,VRQEELAAARAALHDLMTGKRVATVQKDGRRVEFTATSVSDLKKYIAELPVQTGM,-2.906017288908792,0
E50Q,VRQEELAAARAALHDLMTGKRVATVQKDGRRVEFTATSVSDLKKYIAELQVQTGM,-0.6920897587564077,0
E50R,VRQEELAAARAALHDLMTGKRVATVQKDGRRVEFTATSVSDLKKYIAELRVQTGM,-1.1058859425184897,0
E50S,VRQEELAAARAALHDLMTGKRVATVQKDGRRVEFTATSVSDLKKYIAELSVQTGM,-0.6466089942599167,0
E50T,VRQEELAAARAALHDLMTGKRVATVQKDGRRVEFTATSVSDLKKYIAELTVQTGM,-0.6253751477286373,0
E50V,VRQEELAAARAALHDLMTGKRVATVQKDGRRVEFTATSVSDLKKYIAELVVQTGM,-0.3867212775698339,0
E50W,VRQEELAAARAALHDLMTGKRVATVQKDGRRVEFTATSVSDLKKYIAELWVQTGM,-0.7110836225906212,0
E50Y,VRQEELAAARAALHDLMTGKRVATVQKDGRRVEFTATSVSDLKKYIAELYVQTGM,-0.6738882765693028,0
E5C,VRQECLAAARAALHDLMTGKRVATVQKDGRRVEFTATSVSDLKKYIAELEVQTGM,-0.0389672230955251,1
E5D,VRQEDLAAARAALHDLMTGKRVATVQKDGRRVEFTATSVSDLKKYIAELEVQTGM,-0.3463812722306123,1
E5F,VRQEFLAAARAALHDLMTGKRVATVQKDGRRVEFTATSVSDLKKYIAELEVQTGM,-0.4707060370971656,0
E5G,VRQEGLAAARAALHDLMTGKRVATVQKDGRRVEFTATSVSDLKKYIAELEVQTGM,-0.8261347829878529,0
E5H,VRQEHLAAARAALHDLMTGKRVATVQKDGRRVEFTATSVSDLKKYIAELEVQTGM,-0.2614047179691487,1
E5I,VRQEILAAARAALHDLMTGKRVATVQKDGRRVEFTATSVSDLKKYIAELEVQTGM,0.0263714869766045,1
E5K,VRQEKLAAARAALHDLMTGKRVATVQKDGRRVEFTATSVSDLKKYIAELEVQTGM,-0.4551171292164788,0
E5L,VRQELLAAARAALHDLMTGKRVATVQKDGRRVEFTATSVSDLKKYIAELEVQTGM,0.2828015547903897,1
E5M,VRQEMLAAARAALHDLMTGKRVATVQKDGRRVEFTATSVSDLKKYIAELEVQTGM,0.0482224537300544,1
E5N,VRQENLAAARAALHDLMTGKRVATVQKDGRRVEFTATSVSDLKKYIAELEVQTGM,-0.4017666458726641,0
E5P,VRQEPLAAARAALHDLMTGKRVATVQKDGRRVEFTATSVSDLKKYIAELEVQTGM,-0.4281185354889896,0
E5Q,VRQEQLAAARAALHDLMTGKRVATVQKDGRRVEFTATSVSDLKKYIAELEVQTGM,0.0728198646765054,1
E5R,VRQERLAAARAALHDLMTGKRVATVQKDGRRVEFTATSVSDLKKYIAELEVQTGM,-0.1839411975819351,1
E5S,VRQESLAAARAALHDLMTGKRVATVQKDGRRVEFTATSVSDLKKYIAELEVQTGM,-0.2753438117439915,1
E5T,VRQETLAAARAALHDLMTGKRVATVQKDGRRVEFTATSVSDLKKYIAELEVQTGM,-0.1394867072457897,1
E5V,VRQEVLAAARAALHDLMTGKRVATVQKDGRRVEFTATSVSDLKKYIAELEVQTGM,-0.1582166509239551,1
E5W,VRQEWLAAARAALHDLMTGKRVATVQKDGRRVEFTATSVSDLKKYIAELEVQTGM,-0.2331885739352572,1
E5Y,VRQEYLAAARAALHDLMTGKRVATVQKDGRRVEFTATSVSDLKKYIAELEVQTGM,-0.1110101367136056,1
F34A,VRQEELAAARAALHDLMTGKRVATVQKDGRRVEATATSVSDLKKYIAELEVQTGM,-2.275255977718164,0
F34C,VRQEELAAARAALHDLMTGKRVATVQKDGRRVECTATSVSDLKKYIAELEVQTGM,-1.3115432354618537,0
F34D,VRQEELAAARAALHDLMTGKRVATVQKDGRRVEDTATSVSDLKKYIAELEVQTGM,-2.361776666105831,0
F34E,VRQEELAAARAALHDLMTGKRVATVQKDGRRVEETATSVSDLKKYIAELEVQTGM,-2.6448015565118324,0
F34G,VRQEELAAARAALHDLMTGKRVATVQKDGRRVEGTATSVSDLKKYIAELEVQTGM,-2.76914196237666,0
F34H,VRQEELAAARAALHDLMTGKRVATVQKDGRRVEHTATSVSDLKKYIAELEVQTGM,-1.9393971791836824,0
F34I,VRQEELAAARAALHDLMTGKRVATVQKDGRRVEITATSVSDLKKYIAELEVQTGM,-1.3226718740607482,0
F34K,VRQEELAAARAALHDLMTGKRVATVQKDGRRVEKTATSVSDLKKYIAELEVQTGM,-2.401324542358732,0
F34L,VRQEELAAARAALHDLMTGKRVATVQKDGRRVELTATSVSDLKKYIAELEVQTGM,-0.9950436429094668,0
F34M,VRQEELAAARAALHDLMTGKRVATVQKDGRRVEMTATSVSDLKKYIAELEVQTGM,-1.4411886407711272,0
F34N,VRQEELAAARAALHDLMTGKRVATVQKDGRRVENTATSVSDLKKYIAELEVQTGM,-2.329108807153034,0
F34P,VRQEELAAARAALHDLMTGKRVATVQKDGRRVEPTATSVSDLKKYIAELEVQTGM,-2.6164816813291547,0
F34Q,VRQEELAAARAALHDLMTGKRVATVQKDGRRVEQTATSVSDLKKYIAELEVQTGM,-2.295771011186486,0
F34R,VRQEELAAARAALHDLMTGKRVATVQKDGRRVERTATSVSDLKKYIAELEVQTGM,-2.462945214761638,0
F34S,VRQEELAAARAALHDLMTGKRVATVQKDGRRVESTATSVSDLKKYIAELEVQTGM,-2.2612379831161755,0
F34T,VRQEELAAARAALHDLMTGKRVATVQKDGRRVETTATSVSDLKKYIAELEVQTGM,-2.4137897828648227,0
F34V,VRQEELAAARAALHDLMTGKRVATVQKDGRRVEVTATSVSDLKKYIAELEVQTGM,-1.4308081858768142,0
F34W,VRQEELAAARAALHDLMTGKRVATVQKDGRRVEWTATSVSDLKKYIAELEVQTGM,-0.8282761872218376,0
F34Y,VRQEELAAARAALHDLMTGKRVATVQKDGRRVEYTATSVSDLKKYIAELEVQTGM,0.3201696789945627,1
G19A,VRQEELAAARAALHDLMTAKRVATVQKDGRRVEFTATSVSDLKKYIAELEVQTGM,-1.7588397821597843,0
G19C,VRQEELAAARAALHDLMTCKRVATVQKDGRRVEFTATSVSDLKKYIAELEVQTGM,-0.6866501144251318,0
G19D,VRQEELAAARAALHDLMTDKRVATVQKDGRRVEFTATSVSDLKKYIAELEVQTGM,-1.170941099722539,0
G19E,VRQEELAAARAALHDLMTEKRVATVQKDGRRVEFTATSVSDLKKYIAELEVQTGM,-1.6083021343805548,0
G19F,VRQEELAAARAALHDLMTFKRVATVQKDGRRVEFTATSVSDLKKYIAELEVQTGM,-2.175860961059205,0
G19H,VRQEELAAARAALHDLMTHKRVATVQKDGRRVEFTATSVSDLKKYIAELEVQTGM,-1.1633624225190564,0
G19I,VRQEELAAARAALHDLMTIKRVATVQKDGRRVEFTATSVSDLKKYIAELEVQTGM,-2.136916707002375,0
G19K,VRQEELAAARAALHDLMTKKRVATVQKDGRRVEFTATSVSDLKKYIAELEVQTGM,-1.7277355910262249,0
G19L,VRQEELAAARAALHDLMTLKRVATVQKDGRRVEFTATSVSDLKKYIAELEVQTGM,-1.942450835651245,0
G19M,VRQEELAAARAALHDLMTMKRVATVQKDGRRVEFTATSVSDLKKYIAELEVQTGM,-2.0706554574548988,0
G19N,VRQEELAAARAALHDLMTNKRVATVQKDGRRVEFTATSVSDLKKYIAELEVQTGM,-1.0333660521750576,0
G19P,VRQEELAAARAALHDLMTPKRVATVQKDGRRVEFTATSVSDLKKYIAELEVQTGM,-2.2506285227834564,0
G19Q,VRQEELAAARAALHDLMTQKRVATVQKDGRRVEFTATSVSDLKKYIAELEVQTGM,-1.748570715959702,0
G19R,VRQEELAAARAALHDLMTRKRVATVQKDGRRVEFTATSVSDLKKYIAELEVQTGM,-1.8202356424457524,0
G19S,VRQEELAAARAALHDLMTSKRVATVQKDGRRVEFTATSVSDLKKYIAELEVQTGM,-1.4745246801950456,0
G19T,VRQEELAAARAALHDLMTTKRVATVQKDGRRVEFTATSVSDLKKYIAELEVQTGM,-1.5060767604109664,0
G19V,VRQEELAAARAALHDLMTVKRVATVQKDGRRVEFTATSVSDLKKYIAELEVQTGM,-1.9894686199676583,0
G19W,VRQEELAAARAALHDLMTWKRVATVQKDGRRVEFTATSVSDLKKYIAELEVQTGM,-2.403259041533168,0
G19Y,VRQEELAAARAALHDLMTYKRVATVQKDGRRVEFTATSVSDLKKYIAELEVQTGM,-2.033330864324029,0
G29A,VRQEELAAARAALHDLMTGKRVATVQKDARRVEFTATSVSDLKKYIAELEVQTGM,-1.3833329411445432,0
G29C,VRQEELAAARAALHDLMTGKRVATVQKDCRRVEFTATSVSDLKKYIAELEVQTGM,-0.9920519058989712,0
G29D,VRQEELAAARAALHDLMTGKRVATVQKDDRRVEFTATSVSDLKKYIAELEVQTGM,-1.0075017879331247,0
G29E,VRQEELAAARAALHDLMTGKRVATVQKDERRVEFTATSVSDLKKYIAELEVQTGM,-1.3641282266296706,0
G29F,VRQEELAAARAALHDLMTGKRVATVQKDFRRVEFTATSVSDLKKYIAELEVQTGM,-1.6796775488339877,0
G29H,VRQEELAAARAALHDLMTGKRVATVQKDHRRVEFTATSVSDLKKYIAELEVQTGM,-1.269713038532278,0
G29I,VRQEELAAARAALHDLMTGKRVATVQKDIRRVEFTATSVSDLKKYIAELEVQTGM,-2.181416563577564,0
G29K,VRQEELAAARAALHDLMTGKRVATVQKDKRRVEFTATSVSDLKKYIAELEVQTGM,-1.437590902624442,0
G29L,VRQEELAAARAALHDLMTGKRVATVQKDLRRVEFTATSVSDLKKYIAELEVQTGM,-1.7648353297061317,0
G29M,VRQEELAAARAALHDLMTGKRVATVQKDMRRVEFTATSVSDLKKYIAELEVQTGM,-1.4970674432770326,0
G29N,VRQEELAAARAALHDLMTGKRVATVQKDNRRVEFTATSVSDLKKYIAELEVQTGM,-0.9110290755698196,0
G29P,VRQEELAAARAALHDLMTGKRVATVQKDPRRVEFTATSVSDLKKYIAELEVQTGM,-2.436058202704361,0
G29Q,VRQEELAAARAALHDLMTGKRVATVQKDQRRVEFTATSVSDLKKYIAELEVQTGM,-1.3399722080221648,0
G29R,VRQEELAAARAALHDLMTGKRVATVQKDRRRVEFTATSVSDLKKYIAELEVQTGM,-1.6429812168183977,0
G29S,VRQEELAAARAALHDLMTGKRVATVQKDSRRVEFTATSVSDLKKYIAELEVQTGM,-1.2087925921875016,0
G29T,VRQEELAAARAALHDLMTGKRVATVQKDTRRVEFTATSVSDLKKYIAELEVQTGM,-1.5337076917159114,0
G29V,VRQEELAAARAALHDLMTGKRVATVQKDVRRVEFTATSVSDLKKYIAELEVQTGM,-2.0131870835172974,0
G29W,VRQEELAAARAALHDLMTGKRVATVQKDWRRVEFTATSVSDLKKYIAELEVQTGM,-2.514697963963974,0
G29Y,VRQEELAAARAALHDLMTGKRVATVQKDYRRVEFTATSVSDLKKYIAELEVQTGM,-1.8976444131510093,0
G54A,VRQEELAAARAALHDLMTGKRVATVQKDGRRVEFTATSVSDLKKYIAELEVQTAM,-0.3986598724055414,0
G54C,VRQEELAAARAALHDLMTGKRVATVQKDGRRVEFTATSVSDLKKYIAELEVQTCM,0.0129840605452793,1
G54D,VRQEELAAARAALHDLMTGKRVATVQKDGRRVEFTATSVSDLKKYIAELEVQTDM,-0.0174168611791536,1
G54E,VRQEELAAARAALHDLMTGKRVATVQKDGRRVEFTATSVSDLKKYIAELEVQTEM,-0.1070832213999386,1
G54F,VRQEELAAARAALHDLMTGKRVATVQKDGRRVEFTATSVSDLKKYIAELEVQTFM,-0.7972148885518093,0
G54H,VRQEELAAARAALHDLMTGKRVATVQKDGRRVEFTATSVSDLKKYIAELEVQTHM,-0.0704180964604073,1
G54I,VRQEELAAARAALHDLMTGKRVATVQKDGRRVEFTATSVSDLKKYIAELEVQTIM,-0.4176567472377792,0
G54K,VRQEELAAARAALHDLMTGKRVATVQKDGRRVEFTATSVSDLKKYIAELEVQTKM,-0.3754519087986114,0
G54L,VRQEELAAARAALHDLMTGKRVATVQKDGRRVEFTATSVSDLKKYIAELEVQTLM,-0.3857048249704258,0
G54M,VRQEELAAARAALHDLMTGKRVATVQKDGRRVEFTATSVSDLKKYIAELEVQTMM,-0.4166610037714333,0
G54N,VRQEELAAARAALHDLMTGKRVATVQKDGRRVEFTATSVSDLKKYIAELEVQTNM,0.0912995372344265,1
G54P,VRQEELAAARAALHDLMTGKRVATVQKDGRRVEFTATSVSDLKKYIAELEVQTPM,-1.1159816298708654,0
G54Q,VRQEELAAARAALHDLMTGKRVATVQKDGRRVEFTATSVSDLKKYIAELEVQTQM,-0.1378801539693936,1
G54R,VRQEELAAARAALHDLMTGKRVATVQKDGRRVEFTATSVSDLKKYIAELEVQTRM,-0.2162640402079358,1
G54S,VRQEELAAARAALHDLMTGKRVATVQKDGRRVEFTATSVSDLKKYIAELEVQTSM,0.011217614577117,1
G54T,VRQEELAAARAALHDLMTGKRVATVQKDGRRVEFTATSVSDLKKYIAELEVQTTM,-0.5527030253944551,0
G54V,VRQEELAAARAALHDLMTGKRVATVQKDGRRVEFTATSVSDLKKYIAELEVQTVM,-0.8438900984235533,0
G54W,VRQEELAAARAALHDLMTGKRVATVQKDGRRVEFTATSVSDLKKYIAELEVQTWM,-1.0553067456137342,0
G54Y,VRQEELAAARAALHDLMTGKRVATVQKDGRRVEFTATSVSDLKKYIAELEVQTYM,-0.8820724130788258,0
H14A,VRQEELAAARAALADLMTGKRVATVQKDGRRVEFTATSVSDLKKYIAELEVQTGM,-0.0306791194442945,1
H14C,VRQEELAAARAALCDLMTGKRVATVQKDGRRVEFTATSVSDLKKYIAELEVQTGM,0.1262032972768834,1
H14D,VRQEELAAARAALDDLMTGKRVATVQKDGRRVEFTATSVSDLKKYIAELEVQTGM,-0.4893828853096376,0
H14E,VRQEELAAARAALEDLMTGKRVATVQKDGRRVEFTATSVSDLKKYIAELEVQTGM,-0.2391200214145334,1
H14F,VRQEELAAARAALFDLMTGKRVATVQKDGRRVEFTATSVSDLKKYIAELEVQTGM,-0.2348136224118175,1
H14G,VRQEELAAARAALGDLMTGKRVATVQKDGRRVEFTATSVSDLKKYIAELEVQTGM,-0.7466951688420833,0
H14I,VRQEELAAARAALIDLMTGKRVATVQKDGRRVEFTATSVSDLKKYIAELEVQTGM,-0.1432810597193512,1
H14K,VRQEELAAARAALKDLMTGKRVATVQKDGRRVEFTATSVSDLKKYIAELEVQTGM,-0.2266017977782835,1
H14L,VRQEELAAARAALLDLMTGKRVATVQKDGRRVEFTATSVSDLKKYIAELEVQTGM,-0.0697899005289963,1
H14M,VRQEELAAARAALMDLMTGKRVATVQKDGRRVEFTATSVSDLKKYIAELEVQTGM,-0.1335763309260951,1
H14N,VRQEELAAARAALNDLMTGKRVATVQKDGRRVEFTATSVSDLKKYIAELEVQTGM,0.0616027845059505,1
H14P,VRQEELAAARAALPDLMTGKRVATVQKDGRRVEFTATSVSDLKKYIAELEVQTGM,-3.329687413661107,0
H14Q,VRQEELAAARAALQDLMTGKRVATVQKDGRRVEFTATSVSDLKKYIAELEVQTGM,-0.047137985068244,1
H14R,VRQEELAAARAALRDLMTGKRVATVQKDGRRVEFTATSVSDLKKYIAELEVQTGM,0.0254874041501387,1
H14S,VRQEELAAARAALSDLMTGKRVATVQKDGRRVEFTATSVSDLKKYIAELEVQTGM,-0.3572046986728194,0
H14T,VRQEELAAARAALTDLMTGKRVATVQKDGRRVEFTATSVSDLKKYIAELEVQTGM,-0.4959979458775994,0
H14V,VRQEELAAARAALVDLMTGKRVATVQKDGRRVEFTATSVSDLKKYIAELEVQTGM,-0.1215757394579175,1
H14W,VRQEELAAARAALWDLMTGKRVATVQKDGRRVEFTATSVSDLKKYIAELEVQTGM,-0.1809290987035456,1
H14Y,VRQEELAAARAALYDLMTGKRVATVQKDGRRVEFTATSVSDLKKYIAELEVQTGM,0.060052658570334,1
I46A,VRQEELAAARAALHDLMTGKRVATVQKDGRRVEFTATSVSDLKKYAAELEVQTGM,-2.4567656987626645,0
I46C,VRQEELAAARAALHDLMTGKRVATVQKDGRRVEFTATSVSDLKKYCAELEVQTGM,-1.9239516608989096,0
I46D,VRQEELAAARAALHDLMTGKRVATVQKDGRRVEFTATSVSDLKKYDAELEVQTGM,-2.9113130479660896,0
I46E,VRQEELAAARAALHDLMTGKRVATVQKDGRRVEFTATSVSDLKKYEAELEVQTGM,-3.186593133434042,0
I46F,VRQEELAAARAALHDLMTGKRVATVQKDGRRVEFTATSVSDLKKYFAELEVQTGM,-2.552125189186146,0
I46G,VRQEELAAARAALHDLMTGKRVATVQKDGRRVEFTATSVSDLKKYGAELEVQTGM,-3.420703762609648,0
I46H,VRQEELAAARAALHDLMTGKRVATVQKDGRRVEFTATSVSDLKKYHAELEVQTGM,-3.02096928086469,0
I46K,VRQEELAAARAALHDLMTGKRVATVQKDGRRVEFTATSVSDLKKYKAELEVQTGM,-2.7615998430599804,0
I46L,VRQEELAAARAALHDLMTGKRVATVQKDGRRVEFTATSVSDLKKYLAELEVQTGM,-1.1330673005900498,0
I46M,VRQEELAAARAALHDLMTGKRVATVQKDGRRVEFTATSVSDLKKYMAELEVQTGM,-1.855191403344876,0
I46N,VRQEELAAARAALHDLMTGKRVATVQKDGRRVEFTATSVSDLKKYNAELEVQTGM,-2.661845579969849,0
I46P,VRQEELAAARAALHDLMTGKRVATVQKDGRRVEFTATSVSDLKKYPAELEVQTGM,-3.489498317360808,0
I46Q,VRQEELAAARAALHDLMTGKRVATVQKDGRRVEFTATSVSDLKKYQAELEVQTGM,-2.942756911846545,0
I46R,VRQEELAAARAALHDLMTGKRVATVQKDGRRVEFTATSVSDLKKYRAELEVQTGM,-2.94528873731829,0
I46S,VRQEELAAARAALHDLMTGKRVATVQKDGRRVEFTATSVSDLKKYSAELEVQTGM,-2.767453431250761,0
I46T,VRQEELAAARAALHDLMTGKRVATVQKDGRRVEFTATSVSDLKKYTAELEVQTGM,-2.774456527411945,0
I46V,VRQEELAAARAALHDLMTGKRVATVQKDGRRVEFTATSVSDLKKYVAELEVQTGM,-0.9519266978494764,0
I46W,VRQEELAAARAALHDLMTGKRVATVQKDGRRVEFTATSVSDLKKYWAELEVQTGM,-2.425010907145814,0
I46Y,VRQEELAAARAALHDLMTGKRVATVQKDGRRVEFTATSVSDLKKYYAELEVQTGM,-2.8706512747685493,0
K20A,VRQEELAAARAALHDLMTGARVATVQKDGRRVEFTATSVSDLKKYIAELEVQTGM,0.1952891996444519,1
K20C,VRQEELAAARAALHDLMTGCRVATVQKDGRRVEFTATSVSDLKKYIAELEVQTGM,-0.2775201314728406,1
K20D,VRQEELAAARAALHDLMTGDRVATVQKDGRRVEFTATSVSDLKKYIAELEVQTGM,-1.0125837070971548,0
K20E,VRQEELAAARAALHDLMTGERVATVQKDGRRVEFTATSVSDLKKYIAELEVQTGM,-0.5286196941286994,0
K20F,VRQEELAAARAALHDLMTGFRVATVQKDGRRVEFTATSVSDLKKYIAELEVQTGM,-0.9564235369326044,0
K20G,VRQEELAAARAALHDLMTGGRVATVQKDGRRVEFTATSVSDLKKYIAELEVQTGM,-0.2918318166511708,1
K20H,VRQEELAAARAALHDLMTGHRVATVQKDGRRVEFTATSVSDLKKYIAELEVQTGM,0.0259260735521524,1
K20I,VRQEELAAARAALHDLMTGIRVATVQKDGRRVEFTATSVSDLKKYIAELEVQTGM,-0.2997641576221279,1
K20L,VRQEELAAARAALHDLMTGLRVATVQKDGRRVEFTATSVSDLKKYIAELEVQTGM,-0.3395764102610252,1
K20M,VRQEELAAARAALHDLMTGMRVATVQKDGRRVEFTATSVSDLKKYIAELEVQTGM,-0.0692220112826387,1
K20N,VRQEELAAARAALHDLMTGNRVATVQKDGRRVEFTATSVSDLKKYIAELEVQTGM,-0.451638275311959,0
K20P,VRQEELAAARAALHDLMTGPRVATVQKDGRRVEFTATSVSDLKKYIAELEVQTGM,-2.1525057633758773,0
K20Q,VRQEELAAARAALHDLMTGQRVATVQKDGRRVEFTATSVSDLKKYIAELEVQTGM,-0.1135308689872047,1
K20R,VRQEELAAARAALHDLMTGRRVATVQKDGRRVEFTATSVSDLKKYIAELEVQTGM,-0.2105772440332192,1
K20S,VRQEELAAARAALHDLMTGSRVATVQKDGRRVEFTATSVSDLKKYIAELEVQTGM,-0.0291137587289629,1
K20T,VRQEELAAARAALHDLMTGTRVATVQKDGRRVEFTATSVSDLKKYIAELEVQTGM,-0.2964306797421132,1
K20V,VRQEELAAARAALHDLMTGVRVATVQKDGRRVEFTATSVSDLKKYIAELEVQTGM,-0.1514525732962877,1
K20W,VRQEELAAARAALHDLMTGWRVATVQKDGRRVEFTATSVSDLKKYIAELEVQTGM,-1.3508883021923688,0
K20Y,VRQEELAAARAALHDLMTGYRVATVQKDGRRVEFTATSVSDLKKYIAELEVQTGM,-1.037496313691067,0
K27A,VRQEELAAARAALHDLMTGKRVATVQADGRRVEFTATSVSDLKKYIAELEVQTGM,-0.5489270782026971,0
K27C,VRQEELAAARAALHDLMTGKRVATVQCDGRRVEFTATSVSDLKKYIAELEVQTGM,-0.1796959731266705,1
K27D,VRQEELAAARAALHDLMTGKRVATVQDDGRRVEFTATSVSDLKKYIAELEVQTGM,-1.571285540865798,0
K27E,VRQEELAAARAALHDLMTGKRVATVQEDGRRVEFTATSVSDLKKYIAELEVQTGM,-1.480319509617542,0
K27F,VRQEELAAARAALHDLMTGKRVATVQFDGRRVEFTATSVSDLKKYIAELEVQTGM,-0.3179331120426933,1
K27G,VRQEELAAARAALHDLMTGKRVATVQGDGRRVEFTATSVSDLKKYIAELEVQTGM,-1.3022633272722537,0
K27H,VRQEELAAARAALHDLMTGKRVATVQHDGRRVEFTATSVSDLKKYIAELEVQTGM,-0.5877075107181478,0
K27I,VRQEELAAARAALHDLMTGKRVATVQIDGRRVEFTATSVSDLKKYIAELEVQTGM,0.7068727497708123,1
K27L,VRQEELAAARAALHDLMTGKRVATVQLDGRRVEFTATSVSDLKKYIAELEVQTGM,0.1131341935503993,1
K27M,VRQEELAAARAALHDLMTGKRVATVQMDGRRVEFTATSVSDLKKYIAELEVQTGM,0.3922505319951943,1
K27N,VRQEELAAARAALHDLMTGKRVATVQNDGRRVEFTATSVSDLKKYIAELEVQTGM,-1.1618975643608187,0
K27P,VRQEELAAARAALHDLMTGKRVATVQPDGRRVEFTATSVSDLKKYIAELEVQTGM,-1.5128963972845373,0
K27Q,VRQEELAAARAALHDLMTGKRVATVQQDGRRVEFTATSVSDLKKYIAELEVQTGM,-0.1991007812522434,1
K27R,VRQEELAAARAALHDLMTGKRVATVQRDGRRVEFTATSVSDLKKYIAELEVQTGM,0.3102859144390746,1
K27S,VRQEELAAARAALHDLMTGKRVATVQSDGRRVEFTATSVSDLKKYIAELEVQTGM,-0.7146740397251605,0
K27T,VRQEELAAARAALHDLMTGKRVATVQTDGRRVEFTATSVSDLKKYIAELEVQTGM,-0.6302445153891316,0
K27V,VRQEELAAARAALHDLMTGKRVATVQVDGRRVEFTATSVSDLKKYIAELEVQTGM,0.3905776662204396,1
K27W,VRQEELAAARAALHDLMTGKRVATVQWDGRRVEFTATSVSDLKKYIAELEVQTGM,-1.0333550435412993,0
K27Y,VRQEELAAARAALHDLMTGKRVATVQYDGRRVEFTATSVSDLKKYIAELEVQTGM,-0.816025536829772,0
K43A,VRQEELAAARAALHDLMTGKRVATVQKDGRRVEFTATSVSDLAKYIAELEVQTGM,-0.3220269112658149,1
K43C,VRQEELAAARAALHDLMTGKRVATVQKDGRRVEFTATSVSDLCKYIAELEVQTGM,-0.1173933549827044,1
K43D,VRQEELAAARAALHDLMTGKRVATVQKDGRRVEFTATSVSDLDKYIAELEVQTGM,-1.6026091134094649,0
K43F,VRQEELAAARAALHDLMTGKRVATVQKDGRRVEFTATSVSDLFKYIAELEVQTGM,-0.1489249121124856,1
K43G,VRQEELAAARAALHDLMTGKRVATVQKDGRRVEFTATSVSDLGKYIAELEVQTGM,-1.4439763704027273,0
K43H,VRQEELAAARAALHDLMTGKRVATVQKDGRRVEFTATSVSDLHKYIAELEVQTGM,-0.4129059838715339,0
K43I,VRQEELAAARAALHDLMTGKRVATVQKDGRRVEFTATSVSDLIKYIAELEVQTGM,0.2363922910009943,1
K43L,VRQEELAAARAALHDLMTGKRVATVQKDGRRVEFTATSVSDLLKYIAELEVQTGM,0.2595181573953526,1
K43M,VRQEELAAARAALHDLMTGKRVATVQKDGRRVEFTATSVSDLMKYIAELEVQTGM,0.2072545446161551,1
K43N,VRQEELAAARAALHDLMTGKRVATVQKDGRRVEFTATSVSDLNKYIAELEVQTGM,-0.8106407581757353,0
K43P,VRQEELAAARAALHDLMTGKRVATVQKDGRRVEFTATSVSDLPKYIAELEVQTGM,-2.6076270666127432,0
K43Q,VRQEELAAARAALHDLMTGKRVATVQKDGRRVEFTATSVSDLQKYIAELEVQTGM,-0.0094837186733913,1
K43R,VRQEELAAARAALHDLMTGKRVATVQKDGRRVEFTATSVSDLRKYIAELEVQTGM,0.1710655669855159,1
K43S,VRQEELAAARAALHDLMTGKRVATVQKDGRRVEFTATSVSDLSKYIAELEVQTGM,-0.9745805852480898,0
K43T,VRQEELAAARAALHDLMTGKRVATVQKDGRRVEFTATSVSDLTKYIAELEVQTGM,-0.6087583845826758,0
K43V,VRQEELAAARAALHDLMTGKRVATVQKDGRRVEFTATSVSDLVKYIAELEVQTGM,0.1585766455729187,1
K43W,VRQEELAAARAALHDLMTGKRVATVQKDGRRVEFTATSVSDLWKYIAELEVQTGM,-0.332079141997621,1
K43Y,VRQEELAAARAALHDLMTGKRVATVQKDGRRVEFTATSVSDLYKYIAELEVQTGM,-0.0064730352926862,1
K44A,VRQEELAAARAALHDLMTGKRVATVQKDGRRVEFTATSVSDLKAYIAELEVQTGM,0.3232834279859,1
K44C,VRQEELAAARAALHDLMTGKRVATVQKDGRRVEFTATSVSDLKCYIAELEVQTGM,-0.1354685279380296,1
K44D,VRQEELAAARAALHDLMTGKRVATVQKDGRRVEFTATSVSDLKDYIAELEVQTGM,-0.1991774821658167,1
K44E,VRQEELAAARAALHDLMTGKRVATVQKDGRRVEFTATSVSDLKEYIAELEVQTGM,-0.2068222108820285,1
K44F,VRQEELAAARAALHDLMTGKRVATVQKDGRRVEFTATSVSDLKFYIAELEVQTGM,-0.5798640366568311,0
K44G,VRQEELAAARAALHDLMTGKRVATVQKDGRRVEFTATSVSDLKGYIAELEVQTGM,-0.8155766545467884,0
K44H,VRQEELAAARAALHDLMTGKRVATVQKDGRRVEFTATSVSDLKHYIAELEVQTGM,-0.4437266240599475,0
K44I,VRQEELAAARAALHDLMTGKRVATVQKDGRRVEFTATSVSDLKIYIAELEVQTGM,-0.1720903197983538,1
K44L,VRQEELAAARAALHDLMTGKRVATVQKDGRRVEFTATSVSDLKLYIAELEVQTGM,-0.0946450687951174,1
K44M,VRQEELAAARAALHDLMTGKRVATVQKDGRRVEFTATSVSDLKMYIAELEVQTGM,-0.0755310487106535,1
K44N,VRQEELAAARAALHDLMTGKRVATVQKDGRRVEFTATSVSDLKNYIAELEVQTGM,-0.1556866471338898,1
K44P,VRQEELAAARAALHDLMTGKRVATVQKDGRRVEFTATSVSDLKPYIAELEVQTGM,-2.884731825973636,0
K44Q,VRQEELAAARAALHDLMTGKRVATVQKDGRRVEFTATSVSDLKQYIAELEVQTGM,-0.0481947458590541,1
K44R,VRQEELAAARAALHDLMTGKRVATVQKDGRRVEFTATSVSDLKRYIAELEVQTGM,0.115363414275682,1
K44S,VRQEELAAARAALHDLMTGKRVATVQKDGRRVEFTATSVSDLKSYIAELEVQTGM,-0.2170701720564256,1
K44T,VRQEELAAARAALHDLMTGKRVATVQKDGRRVEFTATSVSDLKTYIAELEVQTGM,-0.0561418407418314,1
K44V,VRQEELAAARAALHDLMTGKRVATVQKDGRRVEFTATSVSDLKVYIAELEVQTGM,-0.2689605008342877,1
K44W,VRQEELAAARAALHDLMTGKRVATVQKDGRRVEFTATSVSDLKWYIAELEVQTGM,-0.6856261357942279,0
K44Y,VRQEELAAARAALHDLMTGKRVATVQKDGRRVEFTATSVSDLKYYIAELEVQTGM,-0.6146604254005896,0
L13A,VRQEELAAARAAAHDLMTGKRVATVQKDGRRVEFTATSVSDLKKYIAELEVQTGM,-2.4314538741747107,0
L13C,VRQEELAAARAACHDLMTGKRVATVQKDGRRVEFTATSVSDLKKYIAELEVQTGM,-1.0193060300910293,0
L13D,VRQEELAAARAADHDLMTGKRVATVQKDGRRVEFTATSVSDLKKYIAELEVQTGM,-2.816651074742079,0
L13E,VRQEELAAARAAEHDLMTGKRVATVQKDGRRVEFTATSVSDLKKYIAELEVQTGM,-2.5970166116813767,0
L13F,VRQEELAAARAAFHDLMTGKRVATVQKDGRRVEFTATSVSDLKKYIAELEVQTGM,-0.8014318621120569,0
L13G,VRQEELAAARAAGHDLMTGKRVATVQKDGRRVEFTATSVSDLKKYIAELEVQTGM,-3.0997902212769706,0
L13H,VRQEELAAARAAHHDLMTGKRVATVQKDGRRVEFTATSVSDLKKYIAELEVQTGM,-1.9808142657482557,0
L13I,VRQEELAAARAAIHDLMTGKRVATVQKDGRRVEFTATSVSDLKKYIAELEVQTGM,-1.8108832683719465,0
L13K,VRQEELAAARAAKHDLMTGKRVATVQKDGRRVEFTATSVSDLKKYIAELEVQTGM,-2.769311218311884,0
L13M,VRQEELAAARAAMHDLMTGKRVATVQKDGRRVEFTATSVSDLKKYIAELEVQTGM,-0.8670395346307449,0
L13N,VRQEELAAARAANHDLMTGKRVATVQKDGRRVEFTATSVSDLKKYIAELEVQTGM,-3.060557351838985,0
L13P,VRQEELAAARAAPHDLMTGKRVATVQKDGRRVEFTATSVSDLKKYIAELEVQTGM,-3.627916140780708,0
L13Q,VRQEELAAARAAQHDLMTGKRVATVQKDGRRVEFTATSVSDLKKYIAELEVQTGM,-2.480455365932822,0
L13R,VRQEELAAARAARHDLMTGKRVATVQKDGRRVEFTATSVSDLKKYIAELEVQTGM,-2.7036745119897607,0
L13S,VRQEELAAARAASHDLMTGKRVATVQKDGRRVEFTATSVSDLKKYIAELEVQTGM,-2.9775080170482773,0
L13T,VRQEELAAARAATHDLMTGKRVATVQKDGRRVEFTATSVSDLKKYIAELEVQTGM,-2.8516891033370837,0
L13V,VRQEELAAARAAVHDLMTGKRVATVQKDGRRVEFTATSVSDLKKYIAELEVQTGM,-1.9341993650720852,0
L13W,VRQEELAAARAAWHDLMTGKRVATVQKDGRRVEFTATSVSDLKKYIAELEVQTGM,-1.1904366684196928,0
L13Y,VRQEELAAARAAYHDLMTGKRVATVQKDGRRVEFTATSVSDLKKYIAELEVQTGM,-0.4941086222275834,0
L16A,VRQEELAAARAALHDAMTGKRVATVQKDGRRVEFTATSVSDLKKYIAELEVQTGM,-2.172142543972729,0
L16C,VRQEELAAARAALHDCMTGKRVATVQKDGRRVEFTATSVSDLKKYIAELEVQTGM,-1.7917670677445066,0
L16D,VRQEELAAARAALHDDMTGKRVATVQKDGRRVEFTATSVSDLKKYIAELEVQTGM,-3.1514036863447425,0
L16E,VRQEELAAARAALHDEMTGKRVATVQKDGRRVEFTATSVSDLKKYIAELEVQTGM,-2.8976496320129383,0
L16F,VRQEELAAARAALHDFMTGKRVATVQKDGRRVEFTATSVSDLKKYIAELEVQTGM,-1.8552884682275863,0
L16G,VRQEELAAARAALHDGMTGKRVATVQKDGRRVEFTATSVSDLKKYIAELEVQTGM,-2.844269660168948,0
L16H,VRQEELAAARAALHDHMTGKRVATVQKDGRRVEFTATSVSDLKKYIAELEVQTGM,-2.830341429633936,0
L16I,VRQEELAAARAALHDIMTGKRVATVQKDGRRVEFTATSVSDLKKYIAELEVQTGM,-0.2916978762814106,1
L16K,VRQEELAAARAALHDKMTGKRVATVQKDGRRVEFTATSVSDLKKYIAELEVQTGM,-2.59818309419146,0
L16M,VRQEELAAARAALHDMMTGKRVATVQKDGRRVEFTATSVSDLKKYIAELEVQTGM,-1.5981694833967952,0
L16N,VRQEELAAARAALHDNMTGKRVATVQKDGRRVEFTATSVSDLKKYIAELEVQTGM,-3.03978182639802,0
L16P,VRQEELAAARAALHDPMTGKRVATVQKDGRRVEFTATSVSDLKKYIAELEVQTGM,-2.799419388183001,0
L16Q,VRQEELAAARAALHDQMTGKRVATVQKDGRRVEFTATSVSDLKKYIAELEVQTGM,-2.6576966177736967,0
L16R,VRQEELAAARAALHDRMTGKRVATVQKDGRRVEFTATSVSDLKKYIAELEVQTGM,-2.5306742154238915,0
L16S,VRQEELAAARAALHDSMTGKRVATVQKDGRRVEFTATSVSDLKKYIAELEVQTGM,-2.7135307806216677,0
L16T,VRQEELAAARAALHDTMTGKRVATVQKDGRRVEFTATSVSDLKKYIAELEVQTGM,-2.7021452241389547,0
L16V,VRQEELAAARAALHDVMTGKRVATVQKDGRRVEFTATSVSDLKKYIAELEVQTGM,-1.5605977229901942,0
L16W,VRQEELAAARAALHDWMTGKRVATVQKDGRRVEFTATSVSDLKKYIAELEVQTGM,-1.8373619983788831,0
L16Y,VRQEELAAARAALHDYMTGKRVATVQKDGRRVEFTATSVSDLKKYIAELEVQTGM,-2.1350544722255265,0
L42A,VRQEELAAARAALHDLMTGKRVATVQKDGRRVEFTATSVSDAKKYIAELEVQTGM,-2.624344168746014,0
L42C,VRQEELAAARAALHDLMTGKRVATVQKDGRRVEFTATSVSDCKKYIAELEVQTGM,-2.0257180187007955,0
L42D,VRQEELAAARAALHDLMTGKRVATVQKDGRRVEFTATSVSDDKKYIAELEVQTGM,-3.073640934276425,0
L42E,VRQEELAAARAALHDLMTGKRVATVQKDGRRVEFTATSVSDEKKYIAELEVQTGM,-2.9276466566117607,0
L42F,VRQEELAAARAALHDLMTGKRVATVQKDGRRVEFTATSVSDFKKYIAELEVQTGM,-2.0385163992706485,0
L42G,VRQEELAAARAALHDLMTGKRVATVQKDGRRVEFTATSVSDGKKYIAELEVQTGM,-3.054360616343521,0
L42H,VRQEELAAARAALHDLMTGKRVATVQKDGRRVEFTATSVSDHKKYIAELEVQTGM,-3.1747072059200585,0
L42K,VRQEELAAARAALHDLMTGKRVATVQKDGRRVEFTATSVSDKKKYIAELEVQTGM,-3.039955848438628,0
L42M,VRQEELAAARAALHDLMTGKRVATVQKDGRRVEFTATSVSDMKKYIAELEVQTGM,-2.296435217694783,0
L42N,VRQEELAAARAALHDLMTGKRVATVQKDGRRVEFTATSVSDNKKYIAELEVQTGM,-3.541299871312463,0
L42P,VRQEELAAARAALHDLMTGKRVATVQKDGRRVEFTATSVSDPKKYIAELEVQTGM,-2.95833173677518,0
L42Q,VRQEELAAARAALHDLMTGKRVATVQKDGRRVEFTATSVSDQKKYIAELEVQTGM,-2.4442970006161,0
L42R,VRQEELAAARAALHDLMTGKRVATVQKDGRRVEFTATSVSDRKKYIAELEVQTGM,-3.223551092661597,0
L42S,VRQEELAAARAALHDLMTGKRVATVQKDGRRVEFTATSVSDSKKYIAELEVQTGM,-2.9713758216058066,0
L42T,VRQEELAAARAALHDLMTGKRVATVQKDGRRVEFTATSVSDTKKYIAELEVQTGM,-2.889121315855812,0
L42V,VRQEELAAARAALHDLMTGKRVATVQKDGRRVEFTATSVSDVKKYIAELEVQTGM,-1.8877862277323023,0
L42W,VRQEELAAARAALHDLMTGKRVATVQKDGRRVEFTATSVSDWKKYIAELEVQTGM,-2.236719068849008,0
L42Y,VRQEELAAARAALHDLMTGKRVATVQKDGRRVEFTATSVSDYKKYIAELEVQTGM,-2.488166151240834,0
L49A,VRQEELAAARAALHDLMTGKRVATVQKDGRRVEFTATSVSDLKKYIAEAEVQTGM,-2.035398054499276,0
L49C,VRQEELAAARAALHDLMTGKRVATVQKDGRRVEFTATSVSDLKKYIAECEVQTGM,-1.9503951383282825,0
L49D,VRQEELAAARAALHDLMTGKRVATVQKDGRRVEFTATSVSDLKKYIAEDEVQTGM,-2.7676931131846705,0
L49E,VRQEELAAARAALHDLMTGKRVATVQKDGRRVEFTATSVSDLKKYIAEEEVQTGM,-2.8079432565360944,0
L49F,VRQEELAAARAALHDLMTGKRVATVQKDGRRVEFTATSVSDLKKYIAEFEVQTGM,-1.7607194314769885,0
L49G,VRQEELAAARAALHDLMTGKRVATVQKDGRRVEFTATSVSDLKKYIAEGEVQTGM,-2.4376487073243647,0
L49H,VRQEELAAARAALHDLMTGKRVATVQKDGRRVEFTATSVSDLKKYIAEHEVQTGM,-2.351305991617116,0
L49I,VRQEELAAARAALHDLMTGKRVATVQKDGRRVEFTATSVSDLKKYIAEIEVQTGM,-0.921111686254036,0
L49K,VRQEELAAARAALHDLMTGKRVATVQKDGRRVEFTATSVSDLKKYIAEKEVQTGM,-2.254761337118512,0
L49M,VRQEELAAARAALHDLMTGKRVATVQKDGRRVEFTATSVSDLKKYIAEMEVQTGM,-0.7834048363180721,0
L49N,VRQEELAAARAALHDLMTGKRVATVQKDGRRVEFTATSVSDLKKYIAENEVQTGM,-2.3314992857099286,0
L49P,VRQEELAAARAALHDLMTGKRVATVQKDGRRVEFTATSVSDLKKYIAEPEVQTGM,-2.837787049111199,0
L49Q,VRQEELAAARAALHDLMTGKRVATVQKDGRRVEFTATSVSDLKKYIAEQEVQTGM,-2.2033506716505715,0
L49R,VRQEELAAARAALHDLMTGKRVATVQKDGRRVEFTATSVSDLKKYIAEREVQTGM,-2.169671154076236,0
L49S,VRQEELAAARAALHDLMTGKRVATVQKDGRRVEFTATSVSDLKKYIAESEVQTGM,-2.50750965893484,0
L49T,VRQEELAAARAALHDLMTGKRVATVQKDGRRVEFTATSVSDLKKYIAETEVQTGM,-2.222809865970187,0
L49V,VRQEELAAARAALHDLMTGKRVATVQKDGRRVEFTATSVSDLKKYIAEVEVQTGM,-1.7716275166793063,0
L49W,VRQEELAAARAALHDLMTGKRVATVQKDGRRVEFTATSVSDLKKYIAEWEVQTGM,-1.621669020704381,0
L49Y,VRQEELAAARAALHDLMTGKRVATVQKDGRRVEFTATSVSDLKKYIAEYEVQTGM,-2.054124815533632,0
L6A,VRQEEAAAARAALHDLMTGKRVATVQKDGRRVEFTATSVSDLKKYIAELEVQTGM,-1.9365655725605395,0
L6C,VRQEECAAARAALHDLMTGKRVATVQKDGRRVEFTATSVSDLKKYIAELEVQTGM,-1.6068667485835,0
L6D,VRQEEDAAARAALHDLMTGKRVATVQKDGRRVEFTATSVSDLKKYIAELEVQTGM,-2.7065447638268387,0
L6E,VRQEEEAAARAALHDLMTGKRVATVQKDGRRVEFTATSVSDLKKYIAELEVQTGM,-2.194863382008221,0
L6F,VRQEEFAAARAALHDLMTGKRVATVQKDGRRVEFTATSVSDLKKYIAELEVQTGM,-1.5595487573835911,0
L6G,VRQEEGAAARAALHDLMTGKRVATVQKDGRRVEFTATSVSDLKKYIAELEVQTGM,-2.644230696284387,0
L6H,VRQEEHAAARAALHDLMTGKRVATVQKDGRRVEFTATSVSDLKKYIAELEVQTGM,-2.109276685097254,0
L6I,VRQEEIAAARAALHDLMTGKRVATVQKDGRRVEFTATSVSDLKKYIAELEVQTGM,-0.7312641639661335,0
L6K,VRQEEKAAARAALHDLMTGKRVATVQKDGRRVEFTATSVSDLKKYIAELEVQTGM,-2.3994331184909936,0
L6M,VRQEEMAAARAALHDLMTGKRVATVQKDGRRVEFTATSVSDLKKYIAELEVQTGM,-0.9407114737486632,0
L6N,VRQEENAAARAALHDLMTGKRVATVQKDGRRVEFTATSVSDLKKYIAELEVQTGM,-2.564229015273912,0
L6P,VRQEEPAAARAALHDLMTGKRVATVQKDGRRVEFTATSVSDLKKYIAELEVQTGM,-2.926297571824493,0
L6Q,VRQEEQAAARAALHDLMTGKRVATVQKDGRRVEFTATSVSDLKKYIAELEVQTGM,-2.2703285922473078,0
L6R,VRQEERAAARAALHDLMTGKRVATVQKDGRRVEFTATSVSDLKKYIAELEVQTGM,-2.278757676662792,0
L6S,VRQEESAAARAALHDLMTGKRVATVQKDGRRVEFTATSVSDLKKYIAELEVQTGM,-2.5398036180978383,0
L6T,VRQEETAAARAALHDLMTGKRVATVQKDGRRVEFTATSVSDLKKYIAELEVQTGM,-2.172798211363133,0
L6V,VRQEEVAAARAALHDLMTGKRVATVQKDGRRVEFTATSVSDLKKYIAELEVQTGM,-1.1514509754689668,0
L6W,VRQEEWAAARAALHDLMTGKRVATVQKDGRRVEFTATSVSDLKKYIAELEVQTGM,-1.1420349959483074,0
L6Y,VRQEEYAAARAALHDLMTGKRVATVQKDGRRVEFTATSVSDLKKYIAELEVQTGM,-0.9824436968533976,0
M17A,VRQEELAAARAALHDLATGKRVATVQKDGRRVEFTATSVSDLKKYIAELEVQTGM,-0.7309493088374786,0
M17C,VRQEELAAARAALHDLCTGKRVATVQKDGRRVEFTATSVSDLKKYIAELEVQTGM,-0.1396963930006984,1
M17D,VRQEELAAARAALHDLDTGKRVATVQKDGRRVEFTATSVSDLKKYIAELEVQTGM,-1.2561239713368368,0
M17E,VRQEELAAARAALHDLETGKRVATVQKDGRRVEFTATSVSDLKKYIAELEVQTGM,-0.2683469436783849,1
M17F,VRQEELAAARAALHDLFTGKRVATVQKDGRRVEFTATSVSDLKKYIAELEVQTGM,-0.8524321283153962,0
M17G,VRQEELAAARAALHDLGTGKRVATVQKDGRRVEFTATSVSDLKKYIAELEVQTGM,-1.40236562158214,0
M17H,VRQEELAAARAALHDLHTGKRVATVQKDGRRVEFTATSVSDLKKYIAELEVQTGM,-0.9800737868280088,0
M17I,VRQEELAAARAALHDLITGKRVATVQKDGRRVEFTATSVSDLKKYIAELEVQTGM,-0.5560267340952127,0
M17K,VRQEELAAARAALHDLKTGKRVATVQKDGRRVEFTATSVSDLKKYIAELEVQTGM,-0.8224580839900746,0
M17L,VRQEELAAARAALHDLLTGKRVATVQKDGRRVEFTATSVSDLKKYIAELEVQTGM,0.11030663210179,1
M17N,VRQEELAAARAALHDLNTGKRVATVQKDGRRVEFTATSVSDLKKYIAELEVQTGM,-0.7200678347878613,0
M17P,VRQEELAAARAALHDLPTGKRVATVQKDGRRVEFTATSVSDLKKYIAELEVQTGM,-3.079981187789356,0
M17Q,VRQEELAAARAALHDLQTGKRVATVQKDGRRVEFTATSVSDLKKYIAELEVQTGM,-0.2757172233449005,1
M17R,VRQEELAAARAALHDLRTGKRVATVQKDGRRVEFTATSVSDLKKYIAELEVQTGM,-1.032079707215961,0
M17S,VRQEELAAARAALHDLSTGKRVATVQKDGRRVEFTATSVSDLKKYIAELEVQTGM,-0.8332442562075872,0
M17T,VRQEELAAARAALHDLTTGKRVATVQKDGRRVEFTATSVSDLKKYIAELEVQTGM,-0.7400952506019647,0
M17V,VRQEELAAARAALHDLVTGKRVATVQKDGRRVEFTATSVSDLKKYIAELEVQTGM,-0.2251218897137965,1
M17W,VRQEELAAARAALHDLWTGKRVATVQKDGRRVEFTATSVSDLKKYIAELEVQTGM,-1.326776999469208,0
M17Y,VRQEELAAARAALHDLYTGKRVATVQKDGRRVEFTATSVSDLKKYIAELEVQTGM,-0.4956472545711459,0
M55A,VRQEELAAARAALHDLMTGKRVATVQKDGRRVEFTATSVSDLKKYIAELEVQTGA,0.0471649137360072,1
M55C,VRQEELAAARAALHDLMTGKRVATVQKDGRRVEFTATSVSDLKKYIAELEVQTGC,0.0206897057571393,1
M55D,VRQEELAAARAALHDLMTGKRVATVQKDGRRVEFTATSVSDLKKYIAELEVQTGD,-0.0286085852618045,1
M55E,VRQEELAAARAALHDLMTGKRVATVQKDGRRVEFTATSVSDLKKYIAELEVQTGE,0.0302148848169263,1
M55F,VRQEELAAARAALHDLMTGKRVATVQKDGRRVEFTATSVSDLKKYIAELEVQTGF,-0.627138820821624,0
M55G,VRQEELAAARAALHDLMTGKRVATVQKDGRRVEFTATSVSDLKKYIAELEVQTGG,0.0857396484838144,1
M55H,VRQEELAAARAALHDLMTGKRVATVQKDGRRVEFTATSVSDLKKYIAELEVQTGH,0.0156809697347304,1
M55I,VRQEELAAARAALHDLMTGKRVATVQKDGRRVEFTATSVSDLKKYIAELEVQTGI,0.222075125230825,1
M55K,VRQEELAAARAALHDLMTGKRVATVQKDGRRVEFTATSVSDLKKYIAELEVQTGK,-0.0843859660246546,1
M55L,VRQEELAAARAALHDLMTGKRVATVQKDGRRVEFTATSVSDLKKYIAELEVQTGL,0.0525293446562824,1
M55N,VRQEELAAARAALHDLMTGKRVATVQKDGRRVEFTATSVSDLKKYIAELEVQTGN,0.0379043354796633,1
M55P,VRQEELAAARAALHDLMTGKRVATVQKDGRRVEFTATSVSDLKKYIAELEVQTGP,-0.0894471667121541,1
M55Q,VRQEELAAARAALHDLMTGKRVATVQKDGRRVEFTATSVSDLKKYIAELEVQTGQ,0.2127378261900014,1
M55R,VRQEELAAARAALHDLMTGKRVATVQKDGRRVEFTATSVSDLKKYIAELEVQTGR,-0.2368850754409215,1
M55S,VRQEELAAARAALHDLMTGKRVATVQKDGRRVEFTATSVSDLKKYIAELEVQTGS,0.0781934907462602,1
M55T,VRQEELAAARAALHDLMTGKRVATVQKDGRRVEFTATSVSDLKKYIAELEVQTGT,0.1485743062022031,1
M55V,VRQEELAAARAALHDLMTGKRVATVQKDGRRVEFTATSVSDLKKYIAELEVQTGV,0.1994751429033687,1
M55W,VRQEELAAARAALHDLMTGKRVATVQKDGRRVEFTATSVSDLKKYIAELEVQTGW,-1.2261117114129705,0
M55Y,VRQEELAAARAALHDLMTGKRVATVQKDGRRVEFTATSVSDLKKYIAELEVQTGY,-1.102455706855524,0
Q26A,VRQEELAAARAALHDLMTGKRVATVAKDGRRVEFTATSVSDLKKYIAELEVQTGM,-0.4551673775528115,0
Q26C,VRQEELAAARAALHDLMTGKRVATVCKDGRRVEFTATSVSDLKKYIAELEVQTGM,0.7025213329026112,1
Q26D,VRQEELAAARAALHDLMTGKRVATVDKDGRRVEFTATSVSDLKKYIAELEVQTGM,-0.1627860303632049,1
Q26E,VRQEELAAARAALHDLMTGKRVATVEKDGRRVEFTATSVSDLKKYIAELEVQTGM,0.0624885937197206,1
Q26F,VRQEELAAARAALHDLMTGKRVATVFKDGRRVEFTATSVSDLKKYIAELEVQTGM,0.1440854029700764,1
Q26G,VRQEELAAARAALHDLMTGKRVATVGKDGRRVEFTATSVSDLKKYIAELEVQTGM,-0.9192204683708808,0
Q26H,VRQEELAAARAALHDLMTGKRVATVHKDGRRVEFTATSVSDLKKYIAELEVQTGM,-0.0175510495229911,1
Q26I,VRQEELAAARAALHDLMTGKRVATVIKDGRRVEFTATSVSDLKKYIAELEVQTGM,0.6283485358831835,1
Q26K,VRQEELAAARAALHDLMTGKRVATVKKDGRRVEFTATSVSDLKKYIAELEVQTGM,-0.1733786686099909,1
Q26L,VRQEELAAARAALHDLMTGKRVATVLKDGRRVEFTATSVSDLKKYIAELEVQTGM,0.4422174209307332,1
Q26M,VRQEELAAARAALHDLMTGKRVATVMKDGRRVEFTATSVSDLKKYIAELEVQTGM,0.5915129120399585,1
Q26N,VRQEELAAARAALHDLMTGKRVATVNKDGRRVEFTATSVSDLKKYIAELEVQTGM,0.0834556698868285,1
Q26P,VRQEELAAARAALHDLMTGKRVATVPKDGRRVEFTATSVSDLKKYIAELEVQTGM,-0.6561990928315469,0
Q26R,VRQEELAAARAALHDLMTGKRVATVRKDGRRVEFTATSVSDLKKYIAELEVQTGM,-0.3231441497733698,1
Q26S,VRQEELAAARAALHDLMTGKRVATVSKDGRRVEFTATSVSDLKKYIAELEVQTGM,-0.0620762972198329,1
Q26T,VRQEELAAARAALHDLMTGKRVATVTKDGRRVEFTATSVSDLKKYIAELEVQTGM,0.2857837670282643,1
Q26V,VRQEELAAARAALHDLMTGKRVATVVKDGRRVEFTATSVSDLKKYIAELEVQTGM,0.5643028370403353,1
Q26W,VRQEELAAARAALHDLMTGKRVATVWKDGRRVEFTATSVSDLKKYIAELEVQTGM,0.4116364723847181,1
Q26Y,VRQEELAAARAALHDLMTGKRVATVYKDGRRVEFTATSVSDLKKYIAELEVQTGM,0.3935647894118919,1
Q3A,VRAEELAAARAALHDLMTGKRVATVQKDGRRVEFTATSVSDLKKYIAELEVQTGM,0.057591575777764,1
Q3C,VRCEELAAARAALHDLMTGKRVATVQKDGRRVEFTATSVSDLKKYIAELEVQTGM,0.1944733730251862,1
Q3D,VRDEELAAARAALHDLMTGKRVATVQKDGRRVEFTATSVSDLKKYIAELEVQTGM,-0.1761581894794255,1
Q3E,VREEELAAARAALHDLMTGKRVATVQKDGRRVEFTATSVSDLKKYIAELEVQTGM,0.0174703975406167,1
Q3F,VRFEELAAARAALHDLMTGKRVATVQKDGRRVEFTATSVSDLKKYIAELEVQTGM,0.2611261342348161,1
Q3G,VRGEELAAARAALHDLMTGKRVATVQKDGRRVEFTATSVSDLKKYIAELEVQTGM,-0.1029876955631494,1
Q3H,VRHEELAAARAALHDLMTGKRVATVQKDGRRVEFTATSVSDLKKYIAELEVQTGM,0.1886480119824205,1
Q3I,VRIEELAAARAALHDLMTGKRVATVQKDGRRVEFTATSVSDLKKYIAELEVQTGM,0.197505112354873,1
Q3K,VRKEELAAARAALHDLMTGKRVATVQKDGRRVEFTATSVSDLKKYIAELEVQTGM,0.0266166761328277,1
Q3L,VRLEELAAARAALHDLMTGKRVATVQKDGRRVEFTATSVSDLKKYIAELEVQTGM,0.1971600010344745,1
Q3M,VRMEELAAARAALHDLMTGKRVATVQKDGRRVEFTATSVSDLKKYIAELEVQTGM,0.2525739850734982,1
Q3N,VRNEELAAARAALHDLMTGKRVATVQKDGRRVEFTATSVSDLKKYIAELEVQTGM,-0.0070017400137247,1
Q3P,VRPEELAAARAALHDLMTGKRVATVQKDGRRVEFTATSVSDLKKYIAELEVQTGM,-0.210258871474001,1
Q3S,VRSEELAAARAALHDLMTGKRVATVQKDGRRVEFTATSVSDLKKYIAELEVQTGM,0.0601219775330363,1
Q3T,VRTEELAAARAALHDLMTGKRVATVQKDGRRVEFTATSVSDLKKYIAELEVQTGM,0.0796616497028872,1
Q3V,VRVEELAAARAALHDLMTGKRVATVQKDGRRVEFTATSVSDLKKYIAELEVQTGM,0.1631069248550565,1
Q3W,VRWEELAAARAALHDLMTGKRVATVQKDGRRVEFTATSVSDLKKYIAELEVQTGM,0.2906844625414333,1
Q3Y,VRYEELAAARAALHDLMTGKRVATVQKDGRRVEFTATSVSDLKKYIAELEVQTGM,0.2349027386095183,1
Q52A,VRQEELAAARAALHDLMTGKRVATVQKDGRRVEFTATSVSDLKKYIAELEVATGM,0.1206498127326369,1
Q52C,VRQEELAAARAALHDLMTGKRVATVQKDGRRVEFTATSVSDLKKYIAELEVCTGM,-0.3424102290518904,1
Q52D,VRQEELAAARAALHDLMTGKRVATVQKDGRRVEFTATSVSDLKKYIAELEVDTGM,-0.1368429990893935,1
Q52E,VRQEELAAARAALHDLMTGKRVATVQKDGRRVEFTATSVSDLKKYIAELEVETGM,0.1507426510415515,1
Q52F,VRQEELAAARAALHDLMTGKRVATVQKDGRRVEFTATSVSDLKKYIAELEVFTGM,-0.199548559001327,1
Q52G,VRQEELAAARAALHDLMTGKRVATVQKDGRRVEFTATSVSDLKKYIAELEVGTGM,-0.1644807056798827,1
Q52H,VRQEELAAARAALHDLMTGKRVATVQKDGRRVEFTATSVSDLKKYIAELEVHTGM,-0.1335608138407553,1
Q52I,VRQEELAAARAALHDLMTGKRVATVQKDGRRVEFTATSVSDLKKYIAELEVITGM,0.2095278139848231,1
Q52K,VRQEELAAARAALHDLMTGKRVATVQKDGRRVEFTATSVSDLKKYIAELEVKTGM,0.0417211094240315,1
Q52L,VRQEELAAARAALHDLMTGKRVATVQKDGRRVEFTATSVSDLKKYIAELEVLTGM,0.3914103053997833,1
Q52M,VRQEELAAARAALHDLMTGKRVATVQKDGRRVEFTATSVSDLKKYIAELEVMTGM,0.1811638654261504,1
Q52N,VRQEELAAARAALHDLMTGKRVATVQKDGRRVEFTATSVSDLKKYIAELEVNTGM,-0.0649865917296099,1
Q52P,VRQEELAAARAALHDLMTGKRVATVQKDGRRVEFTATSVSDLKKYIAELEVPTGM,-0.7427137252126554,0
Q52R,VRQEELAAARAALHDLMTGKRVATVQKDGRRVEFTATSVSDLKKYIAELEVRTGM,-0.1150202549798975,1
Q52S,VRQEELAAARAALHDLMTGKRVATVQKDGRRVEFTATSVSDLKKYIAELEVSTGM,-0.0363717877546205,1
Q52T,VRQEELAAARAALHDLMTGKRVATVQKDGRRVEFTATSVSDLKKYIAELEVTTGM,-0.1458067310641677,1
Q52V,VRQEELAAARAALHDLMTGKRVATVQKDGRRVEFTATSVSDLKKYIAELEVVTGM,-0.0399453742344775,1
Q52W,VRQEELAAARAALHDLMTGKRVATVQKDGRRVEFTATSVSDLKKYIAELEVWTGM,-0.1779362998624996,1
Q52Y,VRQEELAAARAALHDLMTGKRVATVQKDGRRVEFTATSVSDLKKYIAELEVYTGM,-0.1738568975271519,1
R10A,VRQEELAAAAAALHDLMTGKRVATVQKDGRRVEFTATSVSDLKKYIAELEVQTGM,-1.3144713085752624,0
R10C,VRQEELAAACAALHDLMTGKRVATVQKDGRRVEFTATSVSDLKKYIAELEVQTGM,-0.3053954410164596,1
R10D,VRQEELAAADAALHDLMTGKRVATVQKDGRRVEFTATSVSDLKKYIAELEVQTGM,-2.36884402116989,0
R10E,VRQEELAAAEAALHDLMTGKRVATVQKDGRRVEFTATSVSDLKKYIAELEVQTGM,-1.3763191443260565,0
R10F,VRQEELAAAFAALHDLMTGKRVATVQKDGRRVEFTATSVSDLKKYIAELEVQTGM,-0.8742722934198164,0
R10G,VRQEELAAAGAALHDLMTGKRVATVQKDGRRVEFTATSVSDLKKYIAELEVQTGM,-2.1041154323372555,0
R10H,VRQEELAAAHAALHDLMTGKRVATVQKDGRRVEFTATSVSDLKKYIAELEVQTGM,-0.6420363552309514,0
R10I,VRQEELAAAIAALHDLMTGKRVATVQKDGRRVEFTATSVSDLKKYIAELEVQTGM,-0.153417069405517,1
R10K,VRQEELAAAKAALHDLMTGKRVATVQKDGRRVEFTATSVSDLKKYIAELEVQTGM,-0.0489928947552775,1
R10L,VRQEELAAALAALHDLMTGKRVATVQKDGRRVEFTATSVSDLKKYIAELEVQTGM,-0.0441021850805336,1
R10M,VRQEELAAAMAALHDLMTGKRVATVQKDGRRVEFTATSVSDLKKYIAELEVQTGM,-0.1762818841109195,1
R10N,VRQEELAAANAALHDLMTGKRVATVQKDGRRVEFTATSVSDLKKYIAELEVQTGM,-0.8464240818479032,0
R10P,VRQEELAAAPAALHDLMTGKRVATVQKDGRRVEFTATSVSDLKKYIAELEVQTGM,-3.15333743588506,0
R10Q,VRQEELAAAQAALHDLMTGKRVATVQKDGRRVEFTATSVSDLKKYIAELEVQTGM,-0.6247288606330188,0
R10S,VRQEELAAASAALHDLMTGKRVATVQKDGRRVEFTATSVSDLKKYIAELEVQTGM,-1.424434359559147,0
R10T,VRQEELAAATAALHDLMTGKRVATVQKDGRRVEFTATSVSDLKKYIAELEVQTGM,-0.9667598146529448,0
R10V,VRQEELAAAVAALHDLMTGKRVATVQKDGRRVEFTATSVSDLKKYIAELEVQTGM,-0.3597284456947105,0
R10W,VRQEELAAAWAALHDLMTGKRVATVQKDGRRVEFTATSVSDLKKYIAELEVQTGM,-0.628567935457081,0
R10Y,VRQEELAAAYAALHDLMTGKRVATVQKDGRRVEFTATSVSDLKKYIAELEVQTGM,0.1203332259049752,1
R21A,VRQEELAAARAALHDLMTGKAVATVQKDGRRVEFTATSVSDLKKYIAELEVQTGM,0.3019347822510498,1
R21C,VRQEELAAARAALHDLMTGKCVATVQKDGRRVEFTATSVSDLKKYIAELEVQTGM,-0.0903048057103532,1
R21D,VRQEELAAARAALHDLMTGKDVATVQKDGRRVEFTATSVSDLKKYIAELEVQTGM,0.0745490386123313,1
R21E,VRQEELAAARAALHDLMTGKEVATVQKDGRRVEFTATSVSDLKKYIAELEVQTGM,0.0714873825696953,1
R21F,VRQEELAAARAALHDLMTGKFVATVQKDGRRVEFTATSVSDLKKYIAELEVQTGM,-0.3169897480624399,1
R21G,VRQEELAAARAALHDLMTGKGVATVQKDGRRVEFTATSVSDLKKYIAELEVQTGM,-0.0561361063409453,1
R21H,VRQEELAAARAALHDLMTGKHVATVQKDGRRVEFTATSVSDLKKYIAELEVQTGM,0.0078827342154808,1
R21I,VRQEELAAARAALHDLMTGKIVATVQKDGRRVEFTATSVSDLKKYIAELEVQTGM,0.1096491204200522,1
R21K,VRQEELAAARAALHDLMTGKKVATVQKDGRRVEFTATSVSDLKKYIAELEVQTGM,0.1712185422131305,1
R21L,VRQEELAAARAALHDLMTGKLVATVQKDGRRVEFTATSVSDLKKYIAELEVQTGM,0.4533444436721585,1
R21M,VRQEELAAARAALHDLMTGKMVATVQKDGRRVEFTATSVSDLKKYIAELEVQTGM,0.2492984373618552,1
R21N,VRQEELAAARAALHDLMTGKNVATVQKDGRRVEFTATSVSDLKKYIAELEVQTGM,-0.0211600356709471,1
R21P,VRQEELAAARAALHDLMTGKPVATVQKDGRRVEFTATSVSDLKKYIAELEVQTGM,0.2349821834700574,1
R21Q,VRQEELAAARAALHDLMTGKQVATVQKDGRRVEFTATSVSDLKKYIAELEVQTGM,0.163657658460071,1
R21S,VRQEELAAARAALHDLMTGKSVATVQKDGRRVEFTATSVSDLKKYIAELEVQTGM,0.144634695910137,1
R21T,VRQEELAAARAALHDLMTGKTVATVQKDGRRVEFTATSVSDLKKYIAELEVQTGM,0.2642358252079848,1
R21V,VRQEELAAARAALHDLMTGKVVATVQKDGRRVEFTATSVSDLKKYIAELEVQTGM,-0.0203252338250345,1
R21W,VRQEELAAARAALHDLMTGKWVATVQKDGRRVEFTATSVSDLKKYIAELEVQTGM,-0.6277020077567776,0
R21Y,VRQEELAAARAALHDLMTGKYVATVQKDGRRVEFTATSVSDLKKYIAELEVQTGM,-0.6564450260969767,0
R2A,VAQEELAAARAALHDLMTGKRVATVQKDGRRVEFTATSVSDLKKYIAELEVQTGM,0.3118072662321993,1
R2C,VCQEELAAARAALHDLMTGKRVATVQKDGRRVEFTATSVSDLKKYIAELEVQTGM,0.0286251735526708,1
R2D,VDQEELAAARAALHDLMTGKRVATVQKDGRRVEFTATSVSDLKKYIAELEVQTGM,-0.2445790540214885,1
R2E,VEQEELAAARAALHDLMTGKRVATVQKDGRRVEFTATSVSDLKKYIAELEVQTGM,-0.1571767352567978,1
R2F,VFQEELAAARAALHDLMTGKRVATVQKDGRRVEFTATSVSDLKKYIAELEVQTGM,0.1108152929208565,1
R2G,VGQEELAAARAALHDLMTGKRVATVQKDGRRVEFTATSVSDLKKYIAELEVQTGM,-0.0265277851251388,1
R2H,VHQEELAAARAALHDLMTGKRVATVQKDGRRVEFTATSVSDLKKYIAELEVQTGM,0.0814822683065381,1
R2I,VIQEELAAARAALHDLMTGKRVATVQKDGRRVEFTATSVSDLKKYIAELEVQTGM,0.143669763278972,1
R2K,VKQEELAAARAALHDLMTGKRVATVQKDGRRVEFTATSVSDLKKYIAELEVQTGM,0.2609671540428024,1
R2L,VLQEELAAARAALHDLMTGKRVATVQKDGRRVEFTATSVSDLKKYIAELEVQTGM,0.4735196649154272,1
R2M,VMQEELAAARAALHDLMTGKRVATVQKDGRRVEFTATSVSDLKKYIAELEVQTGM,0.0597120571969682,1
R2N,VNQEELAAARAALHDLMTGKRVATVQKDGRRVEFTATSVSDLKKYIAELEVQTGM,-0.1423241164619586,1
R2P,VPQEELAAARAALHDLMTGKRVATVQKDGRRVEFTATSVSDLKKYIAELEVQTGM,0.2698876666029792,1
R2Q,VQQEELAAARAALHDLMTGKRVATVQKDGRRVEFTATSVSDLKKYIAELEVQTGM,-0.0533108001649447,1
R2S,VSQEELAAARAALHDLMTGKRVATVQKDGRRVEFTATSVSDLKKYIAELEVQTGM,-0.1530453407198573,1
R2T,VTQEELAAARAALHDLMTGKRVATVQKDGRRVEFTATSVSDLKKYIAELEVQTGM,-0.0762069822849014,1
R2V,VVQEELAAARAALHDLMTGKRVATVQKDGRRVEFTATSVSDLKKYIAELEVQTGM,0.1084243084976788,1
R2W,VWQEELAAARAALHDLMTGKRVATVQKDGRRVEFTATSVSDLKKYIAELEVQTGM,0.1993171396632624,1
R2Y,VYQEELAAARAALHDLMTGKRVATVQKDGRRVEFTATSVSDLKKYIAELEVQTGM,0.144590301934977,1
R30A,VRQEELAAARAALHDLMTGKRVATVQKDGARVEFTATSVSDLKKYIAELEVQTGM,-0.2836723038990438,1
R30C,VRQEELAAARAALHDLMTGKRVATVQKDGCRVEFTATSVSDLKKYIAELEVQTGM,-0.2306633383435499,1
R30D,VRQEELAAARAALHDLMTGKRVATVQKDGDRVEFTATSVSDLKKYIAELEVQTGM,-0.5181676807063127,0
R30E,VRQEELAAARAALHDLMTGKRVATVQKDGERVEFTATSVSDLKKYIAELEVQTGM,-0.0068183010865126,1
R30F,VRQEELAAARAALHDLMTGKRVATVQKDGFRVEFTATSVSDLKKYIAELEVQTGM,-0.0752184748099016,1
R30G,VRQEELAAARAALHDLMTGKRVATVQKDGGRVEFTATSVSDLKKYIAELEVQTGM,-0.5143537610760314,0
R30H,VRQEELAAARAALHDLMTGKRVATVQKDGHRVEFTATSVSDLKKYIAELEVQTGM,-0.0544361600312068,1
R30I,VRQEELAAARAALHDLMTGKRVATVQKDGIRVEFTATSVSDLKKYIAELEVQTGM,0.1112622403566829,1
R30K,VRQEELAAARAALHDLMTGKRVATVQKDGKRVEFTATSVSDLKKYIAELEVQTGM,0.3399199585138741,1
R30L,VRQEELAAARAALHDLMTGKRVATVQKDGLRVEFTATSVSDLKKYIAELEVQTGM,-0.0983164957180648,1
R30M,VRQEELAAARAALHDLMTGKRVATVQKDGMRVEFTATSVSDLKKYIAELEVQTGM,0.2103049478364287,1
R30N,VRQEELAAARAALHDLMTGKRVATVQKDGNRVEFTATSVSDLKKYIAELEVQTGM,-0.2032682175921367,1
R30P,VRQEELAAARAALHDLMTGKRVATVQKDGPRVEFTATSVSDLKKYIAELEVQTGM,-1.8974106716008372,0
R30Q,VRQEELAAARAALHDLMTGKRVATVQKDGQRVEFTATSVSDLKKYIAELEVQTGM,0.0240877526627745,1
R30S,VRQEELAAARAALHDLMTGKRVATVQKDGSRVEFTATSVSDLKKYIAELEVQTGM,-0.249123102275993,1
R30T,VRQEELAAARAALHDLMTGKRVATVQKDGTRVEFTATSVSDLKKYIAELEVQTGM,-0.2382455159615615,1
R30V,VRQEELAAARAALHDLMTGKRVATVQKDGVRVEFTATSVSDLKKYIAELEVQTGM,0.1857603895560284,1
R30W,VRQEELAAARAALHDLMTGKRVATVQKDGWRVEFTATSVSDLKKYIAELEVQTGM,-0.5280248279219166,0
R30Y,VRQEELAAARAALHDLMTGKRVATVQKDGYRVEFTATSVSDLKKYIAELEVQTGM,-0.1469076925947114,1
R31A,VRQEELAAARAALHDLMTGKRVATVQKDGRAVEFTATSVSDLKKYIAELEVQTGM,0.2584018849756124,1
R31C,VRQEELAAARAALHDLMTGKRVATVQKDGRCVEFTATSVSDLKKYIAELEVQTGM,0.0893005956564825,1
R31D,VRQEELAAARAALHDLMTGKRVATVQKDGRDVEFTATSVSDLKKYIAELEVQTGM,-0.0706382686404332,1
R31E,VRQEELAAARAALHDLMTGKRVATVQKDGREVEFTATSVSDLKKYIAELEVQTGM,-0.045302955881509,1
R31F,VRQEELAAARAALHDLMTGKRVATVQKDGRFVEFTATSVSDLKKYIAELEVQTGM,0.2497127737388487,1
R31G,VRQEELAAARAALHDLMTGKRVATVQKDGRGVEFTATSVSDLKKYIAELEVQTGM,-0.4156219947287081,0
R31H,VRQEELAAARAALHDLMTGKRVATVQKDGRHVEFTATSVSDLKKYIAELEVQTGM,-0.1808918718893695,1
R31I,VRQEELAAARAALHDLMTGKRVATVQKDGRIVEFTATSVSDLKKYIAELEVQTGM,0.4608137532470655,1
R31K,VRQEELAAARAALHDLMTGKRVATVQKDGRKVEFTATSVSDLKKYIAELEVQTGM,0.0088475836635426,1
R31L,VRQEELAAARAALHDLMTGKRVATVQKDGRLVEFTATSVSDLKKYIAELEVQTGM,0.4045789406340634,1
R31M,VRQEELAAARAALHDLMTGKRVATVQKDGRMVEFTATSVSDLKKYIAELEVQTGM,0.3841994620031652,1
R31N,VRQEELAAARAALHDLMTGKRVATVQKDGRNVEFTATSVSDLKKYIAELEVQTGM,0.0438281398816293,1
R31P,VRQEELAAARAALHDLMTGKRVATVQKDGRPVEFTATSVSDLKKYIAELEVQTGM,0.2398266036744232,1
R31Q,VRQEELAAARAALHDLMTGKRVATVQKDGRQVEFTATSVSDLKKYIAELEVQTGM,0.1806893540434799,1
R31S,VRQEELAAARAALHDLMTGKRVATVQKDGRSVEFTATSVSDLKKYIAELEVQTGM,0.063652271914675,1
R31T,VRQEELAAARAALHDLMTGKRVATVQKDGRTVEFTATSVSDLKKYIAELEVQTGM,0.2511425237778102,1
R31V,VRQEELAAARAALHDLMTGKRVATVQKDGRVVEFTATSVSDLKKYIAELEVQTGM,0.3413347535082014,1
R31W,VRQEELAAARAALHDLMTGKRVATVQKDGRWVEFTATSVSDLKKYIAELEVQTGM,0.6317444722670564,1
R31Y,VRQEELAAARAALHDLMTGKRVATVQKDGRYVEFTATSVSDLKKYIAELEVQTGM,0.2062893453509486,1
S38A,VRQEELAAARAALHDLMTGKRVATVQKDGRRVEFTATAVSDLKKYIAELEVQTGM,-0.3718337855439757,0
S38C,VRQEELAAARAALHDLMTGKRVATVQKDGRRVEFTATCVSDLKKYIAELEVQTGM,-0.1621350223436373,1
S38D,VRQEELAAARAALHDLMTGKRVATVQKDGRRVEFTATDVSDLKKYIAELEVQTGM,0.2408202963261545,1
S38E,VRQEELAAARAALHDLMTGKRVATVQKDGRRVEFTATEVSDLKKYIAELEVQTGM,0.3067588944761974,1
S38F,VRQEELAAARAALHDLMTGKRVATVQKDGRRVEFTATFVSDLKKYIAELEVQTGM,-1.245996651494508,0
S38G,VRQEELAAARAALHDLMTGKRVATVQKDGRRVEFTATGVSDLKKYIAELEVQTGM,-0.2150926570229532,1
S38H,VRQEELAAARAALHDLMTGKRVATVQKDGRRVEFTATHVSDLKKYIAELEVQTGM,-0.1492582719657003,1
S38I,VRQEELAAARAALHDLMTGKRVATVQKDGRRVEFTATIVSDLKKYIAELEVQTGM,-1.1060793869053869,0
S38K,VRQEELAAARAALHDLMTGKRVATVQKDGRRVEFTATKVSDLKKYIAELEVQTGM,-0.60441263600136,0
S38L,VRQEELAAARAALHDLMTGKRVATVQKDGRRVEFTATLVSDLKKYIAELEVQTGM,-0.5588050801676614,0
S38M,VRQEELAAARAALHDLMTGKRVATVQKDGRRVEFTATMVSDLKKYIAELEVQTGM,0.2978404361678128,1
S38N,VRQEELAAARAALHDLMTGKRVATVQKDGRRVEFTATNVSDLKKYIAELEVQTGM,0.3941454734790532,1
S38P,VRQEELAAARAALHDLMTGKRVATVQKDGRRVEFTATPVSDLKKYIAELEVQTGM,-2.5802595975404787,0
S38Q,VRQEELAAARAALHDLMTGKRVATVQKDGRRVEFTATQVSDLKKYIAELEVQTGM,0.3042362352960888,1
S38R,VRQEELAAARAALHDLMTGKRVATVQKDGRRVEFTATRVSDLKKYIAELEVQTGM,-0.5230927841741932,0
S38T,VRQEELAAARAALHDLMTGKRVATVQKDGRRVEFTATTVSDLKKYIAELEVQTGM,0.2431201036919761,1
S38V,VRQEELAAARAALHDLMTGKRVATVQKDGRRVEFTATVVSDLKKYIAELEVQTGM,-1.113310803005538,0
S38W,VRQEELAAARAALHDLMTGKRVATVQKDGRRVEFTATWVSDLKKYIAELEVQTGM,-1.6941116450597022,0
S38Y,VRQEELAAARAALHDLMTGKRVATVQKDGRRVEFTATYVSDLKKYIAELEVQTGM,-1.4556789790582816,0
S40A,VRQEELAAARAALHDLMTGKRVATVQKDGRRVEFTATSVADLKKYIAELEVQTGM,0.1744611781187184,1
S40C,VRQEELAAARAALHDLMTGKRVATVQKDGRRVEFTATSVCDLKKYIAELEVQTGM,0.1648255733918731,1
S40D,VRQEELAAARAALHDLMTGKRVATVQKDGRRVEFTATSVDDLKKYIAELEVQTGM,0.4128104919333588,1
S40E,VRQEELAAARAALHDLMTGKRVATVQKDGRRVEFTATSVEDLKKYIAELEVQTGM,0.3293815485050562,1
S40F,VRQEELAAARAALHDLMTGKRVATVQKDGRRVEFTATSVFDLKKYIAELEVQTGM,-0.9792960349374789,0
S40G,VRQEELAAARAALHDLMTGKRVATVQKDGRRVEFTATSVGDLKKYIAELEVQTGM,0.3094575055680457,1
S40H,VRQEELAAARAALHDLMTGKRVATVQKDGRRVEFTATSVHDLKKYIAELEVQTGM,0.0379859304770988,1
S40I,VRQEELAAARAALHDLMTGKRVATVQKDGRRVEFTATSVIDLKKYIAELEVQTGM,-0.1340670813917208,1
S40K,VRQEELAAARAALHDLMTGKRVATVQKDGRRVEFTATSVKDLKKYIAELEVQTGM,-0.140190933299487,1
S40L,VRQEELAAARAALHDLMTGKRVATVQKDGRRVEFTATSVLDLKKYIAELEVQTGM,-0.0191366293276726,1
S40M,VRQEELAAARAALHDLMTGKRVATVQKDGRRVEFTATSVMDLKKYIAELEVQTGM,-0.0044331618818089,1
S40N,VRQEELAAARAALHDLMTGKRVATVQKDGRRVEFTATSVNDLKKYIAELEVQTGM,0.2778165672540926,1
S40P,VRQEELAAARAALHDLMTGKRVATVQKDGRRVEFTATSVPDLKKYIAELEVQTGM,-0.017786922001151,1
S40Q,VRQEELAAARAALHDLMTGKRVATVQKDGRRVEFTATSVQDLKKYIAELEVQTGM,0.2072667787796218,1
S40R,VRQEELAAARAALHDLMTGKRVATVQKDGRRVEFTATSVRDLKKYIAELEVQTGM,-0.3100987415110952,1
S40T,VRQEELAAARAALHDLMTGKRVATVQKDGRRVEFTATSVTDLKKYIAELEVQTGM,-0.1087723568694554,1
S40V,VRQEELAAARAALHDLMTGKRVATVQKDGRRVEFTATSVVDLKKYIAELEVQTGM,-0.1563793557945709,1
S40W,VRQEELAAARAALHDLMTGKRVATVQKDGRRVEFTATSVWDLKKYIAELEVQTGM,-0.7828085535328975,0
S40Y,VRQEELAAARAALHDLMTGKRVATVQKDGRRVEFTATSVYDLKKYIAELEVQTGM,-0.927600360035046,0
T18A,VRQEELAAARAALHDLMAGKRVATVQKDGRRVEFTATSVSDLKKYIAELEVQTGM,0.1694099693181865,1
T18C,VRQEELAAARAALHDLMCGKRVATVQKDGRRVEFTATSVSDLKKYIAELEVQTGM,0.0991832341915013,1
T18D,VRQEELAAARAALHDLMDGKRVATVQKDGRRVEFTATSVSDLKKYIAELEVQTGM,-0.30946760121958,1
T18E,VRQEELAAARAALHDLMEGKRVATVQKDGRRVEFTATSVSDLKKYIAELEVQTGM,-0.2751590741729259,1
T18F,VRQEELAAARAALHDLMFGKRVATVQKDGRRVEFTATSVSDLKKYIAELEVQTGM,-0.4555796382560553,0
T18G,VRQEELAAARAALHDLMGGKRVATVQKDGRRVEFTATSVSDLKKYIAELEVQTGM,-0.2119799941471782,1
T18H,VRQEELAAARAALHDLMHGKRVATVQKDGRRVEFTATSVSDLKKYIAELEVQTGM,0.282436903035637,1
T18I,VRQEELAAARAALHDLMIGKRVATVQKDGRRVEFTATSVSDLKKYIAELEVQTGM,-0.2749835847872366,1
T18K,VRQEELAAARAALHDLMKGKRVATVQKDGRRVEFTATSVSDLKKYIAELEVQTGM,-0.1216346108685368,1
T18L,VRQEELAAARAALHDLMLGKRVATVQKDGRRVEFTATSVSDLKKYIAELEVQTGM,-0.2182794882664227,1
T18M,VRQEELAAARAALHDLMMGKRVATVQKDGRRVEFTATSVSDLKKYIAELEVQTGM,0.1957186055193771,1
T18N,VRQEELAAARAALHDLMNGKRVATVQKDGRRVEFTATSVSDLKKYIAELEVQTGM,0.1951338196857106,1
T18P,VRQEELAAARAALHDLMPGKRVATVQKDGRRVEFTATSVSDLKKYIAELEVQTGM,-2.9011767931406585,0
T18Q,VRQEELAAARAALHDLMQGKRVATVQKDGRRVEFTATSVSDLKKYIAELEVQTGM,-0.1361400865696911,1
T18R,VRQEELAAARAALHDLMRGKRVATVQKDGRRVEFTATSVSDLKKYIAELEVQTGM,0.055017330985946,1
T18S,VRQEELAAARAALHDLMSGKRVATVQKDGRRVEFTATSVSDLKKYIAELEVQTGM,0.1959980812326556,1
T18V,VRQEELAAARAALHDLMVGKRVATVQKDGRRVEFTATSVSDLKKYIAELEVQTGM,-0.513752404098013,0
T18W,VRQEELAAARAALHDLMWGKRVATVQKDGRRVEFTATSVSDLKKYIAELEVQTGM,-0.4556498259252675,0
T18Y,VRQEELAAARAALHDLMYGKRVATVQKDGRRVEFTATSVSDLKKYIAELEVQTGM,-0.5166194395288324,0
T24A,VRQEELAAARAALHDLMTGKRVAAVQKDGRRVEFTATSVSDLKKYIAELEVQTGM,0.1542543063524797,1
T24C,VRQEELAAARAALHDLMTGKRVACVQKDGRRVEFTATSVSDLKKYIAELEVQTGM,0.2285596272499344,1
T24D,VRQEELAAARAALHDLMTGKRVADVQKDGRRVEFTATSVSDLKKYIAELEVQTGM,-0.6518866718203178,0
T24E,VRQEELAAARAALHDLMTGKRVAEVQKDGRRVEFTATSVSDLKKYIAELEVQTGM,-0.2214232395235997,1
T24F,VRQEELAAARAALHDLMTGKRVAFVQKDGRRVEFTATSVSDLKKYIAELEVQTGM,0.1125838449304348,1
T24G,VRQEELAAARAALHDLMTGKRVAGVQKDGRRVEFTATSVSDLKKYIAELEVQTGM,-0.640748965987644,0
T24H,VRQEELAAARAALHDLMTGKRVAHVQKDGRRVEFTATSVSDLKKYIAELEVQTGM,0.0344200997410646,1
T24I,VRQEELAAARAALHDLMTGKRVAIVQKDGRRVEFTATSVSDLKKYIAELEVQTGM,0.365279022058798,1
T24K,VRQEELAAARAALHDLMTGKRVAKVQKDGRRVEFTATSVSDLKKYIAELEVQTGM,-0.9760868338851252,0
T24L,VRQEELAAARAALHDLMTGKRVALVQKDGRRVEFTATSVSDLKKYIAELEVQTGM,-0.4246818323141506,0
T24M,VRQEELAAARAALHDLMTGKRVAMVQKDGRRVEFTATSVSDLKKYIAELEVQTGM,-0.1910250199738659,1
T24N,VRQEELAAARAALHDLMTGKRVANVQKDGRRVEFTATSVSDLKKYIAELEVQTGM,-0.5443997080452432,0
T24P,VRQEELAAARAALHDLMTGKRVAPVQKDGRRVEFTATSVSDLKKYIAELEVQTGM,-1.0360734945754138,0
T24Q,VRQEELAAARAALHDLMTGKRVAQVQKDGRRVEFTATSVSDLKKYIAELEVQTGM,-0.3610644423307585,0
T24R,VRQEELAAARAALHDLMTGKRVARVQKDGRRVEFTATSVSDLKKYIAELEVQTGM,-0.8222513616645812,0
T24S,VRQEELAAARAALHDLMTGKRVASVQKDGRRVEFTATSVSDLKKYIAELEVQTGM,0.0902552600738828,1
T24V,VRQEELAAARAALHDLMTGKRVAVVQKDGRRVEFTATSVSDLKKYIAELEVQTGM,0.3758838708154091,1
T24W,VRQEELAAARAALHDLMTGKRVAWVQKDGRRVEFTATSVSDLKKYIAELEVQTGM,-0.392344000026001,0
T24Y,VRQEELAAARAALHDLMTGKRVAYVQKDGRRVEFTATSVSDLKKYIAELEVQTGM,0.3136578928300122,1
T35A,VRQEELAAARAALHDLMTGKRVATVQKDGRRVEFAATSVSDLKKYIAELEVQTGM,-0.8849334638152437,0
T35C,VRQEELAAARAALHDLMTGKRVATVQKDGRRVEFCATSVSDLKKYIAELEVQTGM,-0.1874923495096689,1
T35D,VRQEELAAARAALHDLMTGKRVATVQKDGRRVEFDATSVSDLKKYIAELEVQTGM,-0.1139134998724373,1
T35E,VRQEELAAARAALHDLMTGKRVATVQKDGRRVEFEATSVSDLKKYIAELEVQTGM,-0.9964295290361572,0
T35F,VRQEELAAARAALHDLMTGKRVATVQKDGRRVEFFATSVSDLKKYIAELEVQTGM,-0.1877666889679115,1
T35G,VRQEELAAARAALHDLMTGKRVATVQKDGRRVEFGATSVSDLKKYIAELEVQTGM,-0.952180620557226,0
T35H,VRQEELAAARAALHDLMTGKRVATVQKDGRRVEFHATSVSDLKKYIAELEVQTGM,-0.5340250447473744,0
T35I,VRQEELAAARAALHDLMTGKRVATVQKDGRRVEFIATSVSDLKKYIAELEVQTGM,-1.1404523392939658,0
T35K,VRQEELAAARAALHDLMTGKRVATVQKDGRRVEFKATSVSDLKKYIAELEVQTGM,-1.017781128142504,0
T35L,VRQEELAAARAALHDLMTGKRVATVQKDGRRVEFLATSVSDLKKYIAELEVQTGM,-0.6408749785528292,0
T35M,VRQEELAAARAALHDLMTGKRVATVQKDGRRVEFMATSVSDLKKYIAELEVQTGM,-0.8036431585114994,0
T35N,VRQEELAAARAALHDLMTGKRVATVQKDGRRVEFNATSVSDLKKYIAELEVQTGM,-0.1933135621875474,1
T35P,VRQEELAAARAALHDLMTGKRVATVQKDGRRVEFPATSVSDLKKYIAELEVQTGM,-1.2969390663463165,0
T35Q,VRQEELAAARAALHDLMTGKRVATVQKDGRRVEFQATSVSDLKKYIAELEVQTGM,-0.7832904453663994,0
T35R,VRQEELAAARAALHDLMTGKRVATVQKDGRRVEFRATSVSDLKKYIAELEVQTGM,-0.9955127339550248,0
T35S,VRQEELAAARAALHDLMTGKRVATVQKDGRRVEFSATSVSDLKKYIAELEVQTGM,-0.3217383825603734,1
T35V,VRQEELAAARAALHDLMTGKRVATVQKDGRRVEFVATSVSDLKKYIAELEVQTGM,-0.9343013054088796,0
T35W,VRQEELAAARAALHDLMTGKRVATVQKDGRRVEFWATSVSDLKKYIAELEVQTGM,-0.4021583650580465,0
T35Y,VRQEELAAARAALHDLMTGKRVATVQKDGRRVEFYATSVSDLKKYIAELEVQTGM,-0.056107370441464,1
T37A,VRQEELAAARAALHDLMTGKRVATVQKDGRRVEFTAASVSDLKKYIAELEVQTGM,0.4658238398676682,1
T37C,VRQEELAAARAALHDLMTGKRVATVQKDGRRVEFTACSVSDLKKYIAELEVQTGM,0.0560777748418024,1
T37D,VRQEELAAARAALHDLMTGKRVATVQKDGRRVEFTADSVSDLKKYIAELEVQTGM,0.4682504280650543,1
T37E,VRQEELAAARAALHDLMTGKRVATVQKDGRRVEFTAESVSDLKKYIAELEVQTGM,0.584386152805016,1
T37F,VRQEELAAARAALHDLMTGKRVATVQKDGRRVEFTAFSVSDLKKYIAELEVQTGM,-0.3506140159606259,1
T37G,VRQEELAAARAALHDLMTGKRVATVQKDGRRVEFTAGSVSDLKKYIAELEVQTGM,0.0291840327296575,1
T37H,VRQEELAAARAALHDLMTGKRVATVQKDGRRVEFTAHSVSDLKKYIAELEVQTGM,0.0693942377851577,1
T37I,VRQEELAAARAALHDLMTGKRVATVQKDGRRVEFTAISVSDLKKYIAELEVQTGM,-0.1978751747169806,1
T37K,VRQEELAAARAALHDLMTGKRVATVQKDGRRVEFTAKSVSDLKKYIAELEVQTGM,-0.144305969458947,1
T37L,VRQEELAAARAALHDLMTGKRVATVQKDGRRVEFTALSVSDLKKYIAELEVQTGM,0.0068162702010843,1
T37M,VRQEELAAARAALHDLMTGKRVATVQKDGRRVEFTAMSVSDLKKYIAELEVQTGM,-0.0354987875256753,1
T37N,VRQEELAAARAALHDLMTGKRVATVQKDGRRVEFTANSVSDLKKYIAELEVQTGM,0.3088273301241893,1
T37P,VRQEELAAARAALHDLMTGKRVATVQKDGRRVEFTAPSVSDLKKYIAELEVQTGM,-1.1613788628275512,0
T37Q,VRQEELAAARAALHDLMTGKRVATVQKDGRRVEFTAQSVSDLKKYIAELEVQTGM,0.200823354138115,1
T37R,VRQEELAAARAALHDLMTGKRVATVQKDGRRVEFTARSVSDLKKYIAELEVQTGM,-0.43691373474388,0
T37S,VRQEELAAARAALHDLMTGKRVATVQKDGRRVEFTASSVSDLKKYIAELEVQTGM,0.2644339419969275,1
T37V,VRQEELAAARAALHDLMTGKRVATVQKDGRRVEFTAVSVSDLKKYIAELEVQTGM,-0.1791548202615338,1
T37W,VRQEELAAARAALHDLMTGKRVATVQKDGRRVEFTAWSVSDLKKYIAELEVQTGM,-0.6763635769887175,0
T37Y,VRQEELAAARAALHDLMTGKRVATVQKDGRRVEFTAYSVSDLKKYIAELEVQTGM,-0.4925875100433328,0
T53A,VRQEELAAARAALHDLMTGKRVATVQKDGRRVEFTATSVSDLKKYIAELEVQAGM,0.3751832888002093,1
T53C,VRQEELAAARAALHDLMTGKRVATVQKDGRRVEFTATSVSDLKKYIAELEVQCGM,-0.0985251579359225,1
T53D,VRQEELAAARAALHDLMTGKRVATVQKDGRRVEFTATSVSDLKKYIAELEVQDGM,-0.1784188368611587,1
T53E,VRQEELAAARAALHDLMTGKRVATVQKDGRRVEFTATSVSDLKKYIAELEVQEGM,0.03485111187618,1
T53F,VRQEELAAARAALHDLMTGKRVATVQKDGRRVEFTATSVSDLKKYIAELEVQFGM,0.4006351201852984,1
T53G,VRQEELAAARAALHDLMTGKRVATVQKDGRRVEFTATSVSDLKKYIAELEVQGGM,-0.1080510551383575,1
T53H,VRQEELAAARAALHDLMTGKRVATVQKDGRRVEFTATSVSDLKKYIAELEVQHGM,-0.0767433776996258,1
T53I,VRQEELAAARAALHDLMTGKRVATVQKDGRRVEFTATSVSDLKKYIAELEVQIGM,0.4827254559787981,1
T53K,VRQEELAAARAALHDLMTGKRVATVQKDGRRVEFTATSVSDLKKYIAELEVQKGM,-0.6187054251927147,0
T53L,VRQEELAAARAALHDLMTGKRVATVQKDGRRVEFTATSVSDLKKYIAELEVQLGM,0.6251622274351463,1
T53M,VRQEELAAARAALHDLMTGKRVATVQKDGRRVEFTATSVSDLKKYIAELEVQMGM,0.3889849867765962,1
T53N,VRQEELAAARAALHDLMTGKRVATVQKDGRRVEFTATSVSDLKKYIAELEVQNGM,0.1943488200758505,1
T53P,VRQEELAAARAALHDLMTGKRVATVQKDGRRVEFTATSVSDLKKYIAELEVQPGM,-0.4280663140650209,0
T53Q,VRQEELAAARAALHDLMTGKRVATVQKDGRRVEFTATSVSDLKKYIAELEVQQGM,-0.0045079705707555,1
T53R,VRQEELAAARAALHDLMTGKRVATVQKDGRRVEFTATSVSDLKKYIAELEVQRGM,-0.4861733901400207,0
T53S,VRQEELAAARAALHDLMTGKRVATVQKDGRRVEFTATSVSDLKKYIAELEVQSGM,0.1956228450961719,1
T53V,VRQEELAAARAALHDLMTGKRVATVQKDGRRVEFTATSVSDLKKYIAELEVQVGM,0.3852380857359994,1
T53W,VRQEELAAARAALHDLMTGKRVATVQKDGRRVEFTATSVSDLKKYIAELEVQWGM,0.2002232972653868,1
T53Y,VRQEELAAARAALHDLMTGKRVATVQKDGRRVEFTATSVSDLKKYIAELEVQYGM,0.2813484686319243,1
V1A,ARQEELAAARAALHDLMTGKRVATVQKDGRRVEFTATSVSDLKKYIAELEVQTGM,0.1063263981415989,1
V1C,CRQEELAAARAALHDLMTGKRVATVQKDGRRVEFTATSVSDLKKYIAELEVQTGM,0.1787438484256145,1
V1D,DRQEELAAARAALHDLMTGKRVATVQKDGRRVEFTATSVSDLKKYIAELEVQTGM,0.2439869284757621,1
V1E,ERQEELAAARAALHDLMTGKRVATVQKDGRRVEFTATSVSDLKKYIAELEVQTGM,0.0955301200011051,1
V1F,FRQEELAAARAALHDLMTGKRVATVQKDGRRVEFTATSVSDLKKYIAELEVQTGM,0.1957073606677504,1
V1G,GRQEELAAARAALHDLMTGKRVATVQKDGRRVEFTATSVSDLKKYIAELEVQTGM,0.2176800047559823,1
V1H,HRQEELAAARAALHDLMTGKRVATVQKDGRRVEFTATSVSDLKKYIAELEVQTGM,0.1831029340501153,1
V1I,IRQEELAAARAALHDLMTGKRVATVQKDGRRVEFTATSVSDLKKYIAELEVQTGM,0.106400749212661,1
V1K,KRQEELAAARAALHDLMTGKRVATVQKDGRRVEFTATSVSDLKKYIAELEVQTGM,0.0488774159822344,1
V1L,LRQEELAAARAALHDLMTGKRVATVQKDGRRVEFTATSVSDLKKYIAELEVQTGM,0.1960252924861554,1
V1M,MRQEELAAARAALHDLMTGKRVATVQKDGRRVEFTATSVSDLKKYIAELEVQTGM,0.0928926455929319,1
V1N,NRQEELAAARAALHDLMTGKRVATVQKDGRRVEFTATSVSDLKKYIAELEVQTGM,0.3082205318724464,1
V1P,PRQEELAAARAALHDLMTGKRVATVQKDGRRVEFTATSVSDLKKYIAELEVQTGM,0.2264709141089884,1
V1Q,QRQEELAAARAALHDLMTGKRVATVQKDGRRVEFTATSVSDLKKYIAELEVQTGM,0.1480944124298178,1
V1R,RRQEELAAARAALHDLMTGKRVATVQKDGRRVEFTATSVSDLKKYIAELEVQTGM,0.1275392061709634,1
V1S,SRQEELAAARAALHDLMTGKRVATVQKDGRRVEFTATSVSDLKKYIAELEVQTGM,0.1875855202380987,1
V1T,TRQEELAAARAALHDLMTGKRVATVQKDGRRVEFTATSVSDLKKYIAELEVQTGM,0.2504398298927075,1
V1W,WRQEELAAARAALHDLMTGKRVATVQKDGRRVEFTATSVSDLKKYIAELEVQTGM,0.1204811728736303,1
V1Y,YRQEELAAARAALHDLMTGKRVATVQKDGRRVEFTATSVSDLKKYIAELEVQTGM,0.1285138391088462,1
V22A,VRQEELAAARAALHDLMTGKRAATVQKDGRRVEFTATSVSDLKKYIAELEVQTGM,-0.3298940908732,1
V22C,VRQEELAAARAALHDLMTGKRCATVQKDGRRVEFTATSVSDLKKYIAELEVQTGM,-0.0389485054895724,1
V22D,VRQEELAAARAALHDLMTGKRDATVQKDGRRVEFTATSVSDLKKYIAELEVQTGM,-1.3293770159797464,0
V22E,VRQEELAAARAALHDLMTGKREATVQKDGRRVEFTATSVSDLKKYIAELEVQTGM,-0.6792502090286678,0
V22F,VRQEELAAARAALHDLMTGKRFATVQKDGRRVEFTATSVSDLKKYIAELEVQTGM,-0.1992407863574889,1
V22G,VRQEELAAARAALHDLMTGKRGATVQKDGRRVEFTATSVSDLKKYIAELEVQTGM,-1.0659335696709429,0
V22H,VRQEELAAARAALHDLMTGKRHATVQKDGRRVEFTATSVSDLKKYIAELEVQTGM,-0.5587772317273538,0
V22I,VRQEELAAARAALHDLMTGKRIATVQKDGRRVEFTATSVSDLKKYIAELEVQTGM,-0.0905778079117967,1
V22K,VRQEELAAARAALHDLMTGKRKATVQKDGRRVEFTATSVSDLKKYIAELEVQTGM,-0.3458341934682529,1
V22L,VRQEELAAARAALHDLMTGKRLATVQKDGRRVEFTATSVSDLKKYIAELEVQTGM,-0.291443269770248,1
V22M,VRQEELAAARAALHDLMTGKRMATVQKDGRRVEFTATSVSDLKKYIAELEVQTGM,-0.1958858281185347,1
V22N,VRQEELAAARAALHDLMTGKRNATVQKDGRRVEFTATSVSDLKKYIAELEVQTGM,-0.6401754488741154,0
V22P,VRQEELAAARAALHDLMTGKRPATVQKDGRRVEFTATSVSDLKKYIAELEVQTGM,-1.569895023720382,0
V22Q,VRQEELAAARAALHDLMTGKRQATVQKDGRRVEFTATSVSDLKKYIAELEVQTGM,-0.5564018258046959,0
V22R,VRQEELAAARAALHDLMTGKRRATVQKDGRRVEFTATSVSDLKKYIAELEVQTGM,-0.5167110314146668,0
V22S,VRQEELAAARAALHDLMTGKRSATVQKDGRRVEFTATSVSDLKKYIAELEVQTGM,0.1169812288520493,1
V22T,VRQEELAAARAALHDLMTGKRTATVQKDGRRVEFTATSVSDLKKYIAELEVQTGM,0.0657516879172321,1
V22W,VRQEELAAARAALHDLMTGKRWATVQKDGRRVEFTATSVSDLKKYIAELEVQTGM,-0.5963728704073938,0
V22Y,VRQEELAAARAALHDLMTGKRYATVQKDGRRVEFTATSVSDLKKYIAELEVQTGM,-0.4298989993176452,0
V25A,VRQEELAAARAALHDLMTGKRVATAQKDGRRVEFTATSVSDLKKYIAELEVQTGM,-1.0371157666077586,0
V25C,VRQEELAAARAALHDLMTGKRVATCQKDGRRVEFTATSVSDLKKYIAELEVQTGM,-0.4195611854828245,0
V25D,VRQEELAAARAALHDLMTGKRVATDQKDGRRVEFTATSVSDLKKYIAELEVQTGM,-1.816740015678041,0
V25E,VRQEELAAARAALHDLMTGKRVATEQKDGRRVEFTATSVSDLKKYIAELEVQTGM,-1.842765887273352,0
V25F,VRQEELAAARAALHDLMTGKRVATFQKDGRRVEFTATSVSDLKKYIAELEVQTGM,-1.3266434077079925,0
V25G,VRQEELAAARAALHDLMTGKRVATGQKDGRRVEFTATSVSDLKKYIAELEVQTGM,-1.7127733211068563,0
V25H,VRQEELAAARAALHDLMTGKRVATHQKDGRRVEFTATSVSDLKKYIAELEVQTGM,-1.920788600115921,0
V25I,VRQEELAAARAALHDLMTGKRVATIQKDGRRVEFTATSVSDLKKYIAELEVQTGM,0.2904564954425002,1
V25K,VRQEELAAARAALHDLMTGKRVATKQKDGRRVEFTATSVSDLKKYIAELEVQTGM,-2.1639420678941224,0
V25L,VRQEELAAARAALHDLMTGKRVATLQKDGRRVEFTATSVSDLKKYIAELEVQTGM,0.0048235130371994,1
V25M,VRQEELAAARAALHDLMTGKRVATMQKDGRRVEFTATSVSDLKKYIAELEVQTGM,-0.7938562879147595,0
V25N,VRQEELAAARAALHDLMTGKRVATNQKDGRRVEFTATSVSDLKKYIAELEVQTGM,-1.8780195881522368,0
V25P,VRQEELAAARAALHDLMTGKRVATPQKDGRRVEFTATSVSDLKKYIAELEVQTGM,-2.106715843024853,0
V25Q,VRQEELAAARAALHDLMTGKRVATQQKDGRRVEFTATSVSDLKKYIAELEVQTGM,-1.938464878273776,0
V25R,VRQEELAAARAALHDLMTGKRVATRQKDGRRVEFTATSVSDLKKYIAELEVQTGM,-2.070365359625737,0
V25S,VRQEELAAARAALHDLMTGKRVATSQKDGRRVEFTATSVSDLKKYIAELEVQTGM,-1.7892393322920386,0
V25T,VRQEELAAARAALHDLMTGKRVATTQKDGRRVEFTATSVSDLKKYIAELEVQTGM,-1.2564644686522608,0
V25W,VRQEELAAARAALHDLMTGKRVATWQKDGRRVEFTATSVSDLKKYIAELEVQTGM,-1.935171154608184,0
V25Y,VRQEELAAARAALHDLMTGKRVATYQKDGRRVEFTATSVSDLKKYIAELEVQTGM,-2.443315821111043,0
V32A,VRQEELAAARAALHDLMTGKRVATVQKDGRRAEFTATSVSDLKKYIAELEVQTGM,-1.0363751671750436,0
V32C,VRQEELAAARAALHDLMTGKRVATVQKDGRRCEFTATSVSDLKKYIAELEVQTGM,-0.3683011996855354,0
V32D,VRQEELAAARAALHDLMTGKRVATVQKDGRRDEFTATSVSDLKKYIAELEVQTGM,-1.7468709115838252,0
V32E,VRQEELAAARAALHDLMTGKRVATVQKDGRREEFTATSVSDLKKYIAELEVQTGM,-0.7963089812534396,0
V32F,VRQEELAAARAALHDLMTGKRVATVQKDGRRFEFTATSVSDLKKYIAELEVQTGM,0.0646672705455295,1
V32G,VRQEELAAARAALHDLMTGKRVATVQKDGRRGEFTATSVSDLKKYIAELEVQTGM,-1.6840025450340272,0
V32H,VRQEELAAARAALHDLMTGKRVATVQKDGRRHEFTATSVSDLKKYIAELEVQTGM,-0.4368896105266424,0
V32I,VRQEELAAARAALHDLMTGKRVATVQKDGRRIEFTATSVSDLKKYIAELEVQTGM,0.1236752573275921,1
V32K,VRQEELAAARAALHDLMTGKRVATVQKDGRRKEFTATSVSDLKKYIAELEVQTGM,-0.8116023144918834,0
V32L,VRQEELAAARAALHDLMTGKRVATVQKDGRRLEFTATSVSDLKKYIAELEVQTGM,-0.0031591092369724,1
V32M,VRQEELAAARAALHDLMTGKRVATVQKDGRRMEFTATSVSDLKKYIAELEVQTGM,-0.0383715350451763,1
V32N,VRQEELAAARAALHDLMTGKRVATVQKDGRRNEFTATSVSDLKKYIAELEVQTGM,-1.3845615630090204,0
V32P,VRQEELAAARAALHDLMTGKRVATVQKDGRRPEFTATSVSDLKKYIAELEVQTGM,-1.9196623371578392,0
V32Q,VRQEELAAARAALHDLMTGKRVATVQKDGRRQEFTATSVSDLKKYIAELEVQTGM,-0.5695858856193929,0
V32R,VRQEELAAARAALHDLMTGKRVATVQKDGRRREFTATSVSDLKKYIAELEVQTGM,-0.8043527906681089,0
V32S,VRQEELAAARAALHDLMTGKRVATVQKDGRRSEFTATSVSDLKKYIAELEVQTGM,-1.4212418774729352,0
V32T,VRQEELAAARAALHDLMTGKRVATVQKDGRRTEFTATSVSDLKKYIAELEVQTGM,-0.4598817128317432,0
V32W,VRQEELAAARAALHDLMTGKRVATVQKDGRRWEFTATSVSDLKKYIAELEVQTGM,-0.2382159809602915,1
V32Y,VRQEELAAARAALHDLMTGKRVATVQKDGRRYEFTATSVSDLKKYIAELEVQTGM,-0.2058843365500822,1
V39A,VRQEELAAARAALHDLMTGKRVATVQKDGRRVEFTATSASDLKKYIAELEVQTGM,-0.8155699262390812,0
V39C,VRQEELAAARAALHDLMTGKRVATVQKDGRRVEFTATSCSDLKKYIAELEVQTGM,-0.3813037576614815,0
V39D,VRQEELAAARAALHDLMTGKRVATVQKDGRRVEFTATSDSDLKKYIAELEVQTGM,-2.051501935529392,0
V39E,VRQEELAAARAALHDLMTGKRVATVQKDGRRVEFTATSESDLKKYIAELEVQTGM,-1.3548568029224906,0
V39F,VRQEELAAARAALHDLMTGKRVATVQKDGRRVEFTATSFSDLKKYIAELEVQTGM,-0.5701412739061773,0
V39G,VRQEELAAARAALHDLMTGKRVATVQKDGRRVEFTATSGSDLKKYIAELEVQTGM,-2.052897620098941,0
V39H,VRQEELAAARAALHDLMTGKRVATVQKDGRRVEFTATSHSDLKKYIAELEVQTGM,-1.7528610913714109,0
V39I,VRQEELAAARAALHDLMTGKRVATVQKDGRRVEFTATSISDLKKYIAELEVQTGM,0.4708265486972713,1
V39K,VRQEELAAARAALHDLMTGKRVATVQKDGRRVEFTATSKSDLKKYIAELEVQTGM,-1.3129668378226949,0
V39L,VRQEELAAARAALHDLMTGKRVATVQKDGRRVEFTATSLSDLKKYIAELEVQTGM,0.376829823895322,1
V39M,VRQEELAAARAALHDLMTGKRVATVQKDGRRVEFTATSMSDLKKYIAELEVQTGM,0.3244250812226741,1
V39N,VRQEELAAARAALHDLMTGKRVATVQKDGRRVEFTATSNSDLKKYIAELEVQTGM,-2.306068952675744,0
V39P,VRQEELAAARAALHDLMTGKRVATVQKDGRRVEFTATSPSDLKKYIAELEVQTGM,-2.27534587567524,0
V39Q,VRQEELAAARAALHDLMTGKRVATVQKDGRRVEFTATSQSDLKKYIAELEVQTGM,-1.075980467650294,0
V39R,VRQEELAAARAALHDLMTGKRVATVQKDGRRVEFTATSRSDLKKYIAELEVQTGM,-1.7090846461797726,0
V39S,VRQEELAAARAALHDLMTGKRVATVQKDGRRVEFTATSSSDLKKYIAELEVQTGM,-1.2443929567125336,0
V39T,VRQEELAAARAALHDLMTGKRVATVQKDGRRVEFTATSTSDLKKYIAELEVQTGM,-0.9330775936619068,0
V39W,VRQEELAAARAALHDLMTGKRVATVQKDGRRVEFTATSWSDLKKYIAELEVQTGM,-0.8148901289930257,0
V39Y,VRQEELAAARAALHDLMTGKRVATVQKDGRRVEFTATSYSDLKKYIAELEVQTGM,-1.0314513348376853,0
V51A,VRQEELAAARAALHDLMTGKRVATVQKDGRRVEFTATSVSDLKKYIAELEAQTGM,0.317361240635635,1
V51C,VRQEELAAARAALHDLMTGKRVATVQKDGRRVEFTATSVSDLKKYIAELECQTGM,0.112032708857015,1
V51D,VRQEELAAARAALHDLMTGKRVATVQKDGRRVEFTATSVSDLKKYIAELEDQTGM,0.055737072629423,1
V51E,VRQEELAAARAALHDLMTGKRVATVQKDGRRVEFTATSVSDLKKYIAELEEQTGM,0.1541865381406628,1
V51F,VRQEELAAARAALHDLMTGKRVATVQKDGRRVEFTATSVSDLKKYIAELEFQTGM,0.2112398885426141,1
V51G,VRQEELAAARAALHDLMTGKRVATVQKDGRRVEFTATSVSDLKKYIAELEGQTGM,-0.0295474928894226,1
V51H,VRQEELAAARAALHDLMTGKRVATVQKDGRRVEFTATSVSDLKKYIAELEHQTGM,0.2056097322227712,1
V51I,VRQEELAAARAALHDLMTGKRVATVQKDGRRVEFTATSVSDLKKYIAELEIQTGM,0.123075223361202,1
V51K,VRQEELAAARAALHDLMTGKRVATVQKDGRRVEFTATSVSDLKKYIAELEKQTGM,0.1089852416170473,1
V51L,VRQEELAAARAALHDLMTGKRVATVQKDGRRVEFTATSVSDLKKYIAELELQTGM,0.2307113186113119,1
V51M,VRQEELAAARAALHDLMTGKRVATVQKDGRRVEFTATSVSDLKKYIAELEMQTGM,0.2956121279489361,1
V51N,VRQEELAAARAALHDLMTGKRVATVQKDGRRVEFTATSVSDLKKYIAELENQTGM,0.1199843561844549,1
V51P,VRQEELAAARAALHDLMTGKRVATVQKDGRRVEFTATSVSDLKKYIAELEPQTGM,-0.9523733666344776,0
V51Q,VRQEELAAARAALHDLMTGKRVATVQKDGRRVEFTATSVSDLKKYIAELEQQTGM,0.2938463895441168,1
V51R,VRQEELAAARAALHDLMTGKRVATVQKDGRRVEFTATSVSDLKKYIAELERQTGM,0.3324507221410409,1
V51S,VRQEELAAARAALHDLMTGKRVATVQKDGRRVEFTATSVSDLKKYIAELESQTGM,0.2683462373945877,1
V51T,VRQEELAAARAALHDLMTGKRVATVQKDGRRVEFTATSVSDLKKYIAELETQTGM,0.0603460017245915,1
V51W,VRQEELAAARAALHDLMTGKRVATVQKDGRRVEFTATSVSDLKKYIAELEWQTGM,0.1715475555696728,1
V51Y,VRQEELAAARAALHDLMTGKRVATVQKDGRRVEFTATSVSDLKKYIAELEYQTGM,0.2409848242040571,1
Y45A,VRQEELAAARAALHDLMTGKRVATVQKDGRRVEFTATSVSDLKKAIAELEVQTGM,-2.09786076014224,0
Y45C,VRQEELAAARAALHDLMTGKRVATVQKDGRRVEFTATSVSDLKKCIAELEVQTGM,-1.0781603775905242,0
Y45D,VRQEELAAARAALHDLMTGKRVATVQKDGRRVEFTATSVSDLKKDIAELEVQTGM,-2.694706760665888,0
Y45E,VRQEELAAARAALHDLMTGKRVATVQKDGRRVEFTATSVSDLKKEIAELEVQTGM,-2.4331422576828934,0
Y45F,VRQEELAAARAALHDLMTGKRVATVQKDGRRVEFTATSVSDLKKFIAELEVQTGM,-0.3834235930457086,0
Y45G,VRQEELAAARAALHDLMTGKRVATVQKDGRRVEFTATSVSDLKKGIAELEVQTGM,-3.09302058023379,0
Y45H,VRQEELAAARAALHDLMTGKRVATVQKDGRRVEFTATSVSDLKKHIAELEVQTGM,-1.0655636183964217,0
Y45I,VRQEELAAARAALHDLMTGKRVATVQKDGRRVEFTATSVSDLKKIIAELEVQTGM,-0.4668722944497729,0
Y45K,VRQEELAAARAALHDLMTGKRVATVQKDGRRVEFTATSVSDLKKKIAELEVQTGM,-1.944012375357231,0
Y45L,VRQEELAAARAALHDLMTGKRVATVQKDGRRVEFTATSVSDLKKLIAELEVQTGM,-0.0780282453145391,1
Y45M,VRQEELAAARAALHDLMTGKRVATVQKDGRRVEFTATSVSDLKKMIAELEVQTGM,-0.4610209243601386,0
Y45N,VRQEELAAARAALHDLMTGKRVATVQKDGRRVEFTATSVSDLKKNIAELEVQTGM,-2.281334927506644,0
Y45P,VRQEELAAARAALHDLMTGKRVATVQKDGRRVEFTATSVSDLKKPIAELEVQTGM,-3.594459851254972,0
Y45Q,VRQEELAAARAALHDLMTGKRVATVQKDGRRVEFTATSVSDLKKQIAELEVQTGM,-2.005131818704343,0
Y45R,VRQEELAAARAALHDLMTGKRVATVQKDGRRVEFTATSVSDLKKRIAELEVQTGM,-1.7674955427364347,0
Y45S,VRQEELAAARAALHDLMTGKRVATVQKDGRRVEFTATSVSDLKKSIAELEVQTGM,-2.562448081931989,0
Y45T,VRQEELAAARAALHDLMTGKRVATVQKDGRRVEFTATSVSDLKKTIAELEVQTGM,-1.863871368093441,0
Y45V,VRQEELAAARAALHDLMTGKRVATVQKDGRRVEFTATSVSDLKKVIAELEVQTGM,-1.2806951134806337,0
Y45W,VRQEELAAARAALHDLMTGKRVATVQKDGRRVEFTATSVSDLKKWIAELEVQTGM,0.5672493939651893,1
