mutant,mutated_sequence,DMS_score,DMS_score_bin
A14C,NRRVIAMPSVRKWCREKGVDIRLVQGTGKNGRVLKEDIDAFLAG,-0.8781163168061621,0
A14F,NRRVIAMPSVRKWFREKGVDIRLVQGTGKNGRVLKEDIDAFLAG,-2.399460860877709,0
A14G,NRRVIAMPSVRKWGREKGVDIRLVQGTGKNGRVLKEDIDAFLAG,-2.5709496864463355,0
A14L,NRRVIAMPSVRKWLREKGVDIRLVQGTGKNGRVLKEDIDAFLAG,-2.1063187711760203,0
A14P,NRRVIAMPSVRKWPREKGVDIRLVQGTGKNGRVLKEDIDAFLAG,-2.0401054738541573,0
A14S,NRRVIAMPSVRKWSREKGVDIRLVQGTGKNGRVLKEDIDAFLAG,-1.533529683516345,0
A14W,NRRVIAMPSVRKWWREKGVDIRLVQGTGKNGRVLKEDIDAFLAG,-1.9354575028814345,0
A14Y,NRRVIAMPSVRKWYREKGVDIRLVQGTGKNGRVLKEDIDAFLAG,-2.700997650866019,0
A40C,NRRVIAMPSVRKWAREKGVDIRLVQGTGKNGRVLKEDIDCFLAG,-0.2681948858958862,1
A40D,NRRVIAMPSVRKWAREKGVDIRLVQGTGKNGRVLKEDIDDFLAG,-0.3285904104150479,1
A40E,NRRVIAMPSVRKWAREKGVDIRLVQGTGKNGRVLKEDIDEFLAG,-0.501575136806383,0
A40F,NRRVIAMPSVRKWAREKGVDIRLVQGTGKNGRVLKEDIDFFLAG,-0.4312483950258974,0
A40G,NRRVIAMPSVRKWAREKGVDIRLVQGTGKNGRVLKEDIDGFLAG,-0.7589276862492655,0
A40H,NRRVIAMPSVRKWAREKGVDIRLVQGTGKNGRVLKEDIDHFLAG,-0.2339859963080086,1
A40I,NRRVIAMPSVRKWAREKGVDIRLVQGTGKNGRVLKEDIDIFLAG,-0.6335267029962113,0
A40K,NRRVIAMPSVRKWAREKGVDIRLVQGTGKNGRVLKEDIDKFLAG,-0.1486073272000112,1
A40L,NRRVIAMPSVRKWAREKGVDIRLVQGTGKNGRVLKEDIDLFLAG,-0.2502357116199318,1
A40M,NRRVIAMPSVRKWAREKGVDIRLVQGTGKNGRVLKEDIDMFLAG,-0.307334105552747,1
A40N,NRRVIAMPSVRKWAREKGVDIRLVQGTGKNGRVLKEDIDNFLAG,-0.0334772501263458,1
A40Q,NRRVIAMPSVRKWAREKGVDIRLVQGTGKNGRVLKEDIDQFLAG,-0.3398725505332467,1
A40R,NRRVIAMPSVRKWAREKGVDIRLVQGTGKNGRVLKEDIDRFLAG,0.0652256652805336,1
A40S,NRRVIAMPSVRKWAREKGVDIRLVQGTGKNGRVLKEDIDSFLAG,-0.2976274523343933,1
A40T,NRRVIAMPSVRKWAREKGVDIRLVQGTGKNGRVLKEDIDTFLAG,-0.2722812647314745,1
A40V,NRRVIAMPSVRKWAREKGVDIRLVQGTGKNGRVLKEDIDVFLAG,-0.4364793915640801,0
A40W,NRRVIAMPSVRKWAREKGVDIRLVQGTGKNGRVLKEDIDWFLAG,-0.5576771721830402,0
A40Y,NRRVIAMPSVRKWAREKGVDIRLVQGTGKNGRVLKEDIDYFLAG,-0.5443651717354259,0
A43C,NRRVIAMPSVRKWAREKGVDIRLVQGTGKNGRVLKEDIDAFLCG,-0.27068210335667614,1
A43D,NRRVIAMPSVRKWAREKGVDIRLVQGTGKNGRVLKEDIDAFLDG,-0.3278412096087808,1
A43E,NRRVIAMPSVRKWAREKGVDIRLVQGTGKNGRVLKEDIDAFLEG,-0.1534160583275161,1
A43F,NRRVIAMPSVRKWAREKGVDIRLVQGTGKNGRVLKEDIDAFLFG,-0.31505797475101804,1
A43G,NRRVIAMPSVRKWAREKGVDIRLVQGTGKNGRVLKEDIDAFLGG,-0.42661071405652334,0
A43H,NRRVIAMPSVRKWAREKGVDIRLVQGTGKNGRVLKEDIDAFLHG,-0.3927525704389367,1
A43I,NRRVIAMPSVRKWAREKGVDIRLVQGTGKNGRVLKEDIDAFLIG,-0.11690414106350536,1
A43K,NRRVIAMPSVRKWAREKGVDIRLVQGTGKNGRVLKEDIDAFLKG,-0.09806827431044879,1
A43L,NRRVIAMPSVRKWAREKGVDIRLVQGTGKNGRVLKEDIDAFLLG,-0.0141016280075847,1
A43M,NRRVIAMPSVRKWAREKGVDIRLVQGTGKNGRVLKEDIDAFLMG,-0.036821444380446,1
A43N,NRRVIAMPSVRKWAREKGVDIRLVQGTGKNGRVLKEDIDAFLNG,-0.1718610970213414,1
A43P,NRRVIAMPSVRKWAREKGVDIRLVQGTGKNGRVLKEDIDAFLPG,-1.1490790765380787,0
A43Q,NRRVIAMPSVRKWAREKGVDIRLVQGTGKNGRVLKEDIDAFLQG,-0.16209495363960325,1
A43R,NRRVIAMPSVRKWAREKGVDIRLVQGTGKNGRVLKEDIDAFLRG,0.020215636693162547,1
A43S,NRRVIAMPSVRKWAREKGVDIRLVQGTGKNGRVLKEDIDAFLSG,-0.2862810128732413,1
A43T,NRRVIAMPSVRKWAREKGVDIRLVQGTGKNGRVLKEDIDAFLTG,-0.25511474117562244,1
A43V,NRRVIAMPSVRKWAREKGVDIRLVQGTGKNGRVLKEDIDAFLVG,-0.1000973669683271,1
A43W,NRRVIAMPSVRKWAREKGVDIRLVQGTGKNGRVLKEDIDAFLWG,-0.3675756852701761,1
A43Y,NRRVIAMPSVRKWAREKGVDIRLVQGTGKNGRVLKEDIDAFLYG,-0.23296722761863164,1
A6C,NRRVICMPSVRKWAREKGVDIRLVQGTGKNGRVLKEDIDAFLAG,-0.9497034053821248,0
A6D,NRRVIDMPSVRKWAREKGVDIRLVQGTGKNGRVLKEDIDAFLAG,-2.544825926239762,0
A6E,NRRVIEMPSVRKWAREKGVDIRLVQGTGKNGRVLKEDIDAFLAG,-2.546550911836183,0
A6F,NRRVIFMPSVRKWAREKGVDIRLVQGTGKNGRVLKEDIDAFLAG,-1.957518123212432,0
A6G,NRRVIGMPSVRKWAREKGVDIRLVQGTGKNGRVLKEDIDAFLAG,-1.926818356735732,0
A6H,NRRVIHMPSVRKWAREKGVDIRLVQGTGKNGRVLKEDIDAFLAG,-1.8355916411344135,0
A6I,NRRVIIMPSVRKWAREKGVDIRLVQGTGKNGRVLKEDIDAFLAG,-0.9514023598438186,0
A6K,NRRVIKMPSVRKWAREKGVDIRLVQGTGKNGRVLKEDIDAFLAG,-2.4216863148841385,0
A6L,NRRVILMPSVRKWAREKGVDIRLVQGTGKNGRVLKEDIDAFLAG,-1.896834699889734,0
A6M,NRRVIMMPSVRKWAREKGVDIRLVQGTGKNGRVLKEDIDAFLAG,-1.776812994971367,0
A6N,NRRVINMPSVRKWAREKGVDIRLVQGTGKNGRVLKEDIDAFLAG,-2.1939950249328515,0
A6P,NRRVIPMPSVRKWAREKGVDIRLVQGTGKNGRVLKEDIDAFLAG,-2.1103376851021647,0
A6Q,NRRVIQMPSVRKWAREKGVDIRLVQGTGKNGRVLKEDIDAFLAG,-2.0256794846497046,0
A6R,NRRVIRMPSVRKWAREKGVDIRLVQGTGKNGRVLKEDIDAFLAG,-2.2423662001079783,0
A6S,NRRVISMPSVRKWAREKGVDIRLVQGTGKNGRVLKEDIDAFLAG,-1.0915166860847578,0
A6T,NRRVITMPSVRKWAREKGVDIRLVQGTGKNGRVLKEDIDAFLAG,-1.239642022640527,0
A6V,NRRVIVMPSVRKWAREKGVDIRLVQGTGKNGRVLKEDIDAFLAG,-1.1401958562831156,0
A6W,NRRVIWMPSVRKWAREKGVDIRLVQGTGKNGRVLKEDIDAFLAG,-1.7040316112237024,0
A6Y,NRRVIYMPSVRKWAREKGVDIRLVQGTGKNGRVLKEDIDAFLAG,-1.7223189597182,0
D20A,NRRVIAMPSVRKWAREKGVAIRLVQGTGKNGRVLKEDIDAFLAG,-1.2932287271829432,0
D20E,NRRVIAMPSVRKWAREKGVEIRLVQGTGKNGRVLKEDIDAFLAG,-1.08577410327055,0
D20F,NRRVIAMPSVRKWAREKGVFIRLVQGTGKNGRVLKEDIDAFLAG,-1.7257521775312843,0
D20G,NRRVIAMPSVRKWAREKGVGIRLVQGTGKNGRVLKEDIDAFLAG,-3.588330913348245,0
D20H,NRRVIAMPSVRKWAREKGVHIRLVQGTGKNGRVLKEDIDAFLAG,-1.7150557143934375,0
D20I,NRRVIAMPSVRKWAREKGVIIRLVQGTGKNGRVLKEDIDAFLAG,-1.6388503850189906,0
D20K,NRRVIAMPSVRKWAREKGVKIRLVQGTGKNGRVLKEDIDAFLAG,-1.537852444773619,0
D20L,NRRVIAMPSVRKWAREKGVLIRLVQGTGKNGRVLKEDIDAFLAG,-1.4537800703792476,0
D20M,NRRVIAMPSVRKWAREKGVMIRLVQGTGKNGRVLKEDIDAFLAG,-1.5706813452435051,0
D20N,NRRVIAMPSVRKWAREKGVNIRLVQGTGKNGRVLKEDIDAFLAG,-0.506950442901358,0
D20P,NRRVIAMPSVRKWAREKGVPIRLVQGTGKNGRVLKEDIDAFLAG,-1.1025225094621365,0
D20Q,NRRVIAMPSVRKWAREKGVQIRLVQGTGKNGRVLKEDIDAFLAG,-1.3556699005546735,0
D20R,NRRVIAMPSVRKWAREKGVRIRLVQGTGKNGRVLKEDIDAFLAG,-1.6401619375406429,0
D20S,NRRVIAMPSVRKWAREKGVSIRLVQGTGKNGRVLKEDIDAFLAG,-1.365736626745108,0
D20T,NRRVIAMPSVRKWAREKGVTIRLVQGTGKNGRVLKEDIDAFLAG,-2.0034685114126694,0
D20V,NRRVIAMPSVRKWAREKGVVIRLVQGTGKNGRVLKEDIDAFLAG,-1.9528371751728013,0
D20W,NRRVIAMPSVRKWAREKGVWIRLVQGTGKNGRVLKEDIDAFLAG,-1.5347711193544702,0
D20Y,NRRVIAMPSVRKWAREKGVYIRLVQGTGKNGRVLKEDIDAFLAG,-1.5289538465373398,0
D37I,NRRVIAMPSVRKWAREKGVDIRLVQGTGKNGRVLKEIIDAFLAG,-2.371429386331944,0
D37N,NRRVIAMPSVRKWAREKGVDIRLVQGTGKNGRVLKENIDAFLAG,-1.1585603848825698,0
D37T,NRRVIAMPSVRKWAREKGVDIRLVQGTGKNGRVLKETIDAFLAG,-3.2899449110209984,0
D37W,NRRVIAMPSVRKWAREKGVDIRLVQGTGKNGRVLKEWIDAFLAG,-1.2791590517261977,0
D39A,NRRVIAMPSVRKWAREKGVDIRLVQGTGKNGRVLKEDIAAFLAG,-0.660478963446423,0
D39E,NRRVIAMPSVRKWAREKGVDIRLVQGTGKNGRVLKEDIEAFLAG,-0.4201907121661481,0
D39F,NRRVIAMPSVRKWAREKGVDIRLVQGTGKNGRVLKEDIFAFLAG,-0.8919374424617836,0
D39G,NRRVIAMPSVRKWAREKGVDIRLVQGTGKNGRVLKEDIGAFLAG,-1.1826844182519465,0
D39H,NRRVIAMPSVRKWAREKGVDIRLVQGTGKNGRVLKEDIHAFLAG,-1.0812363138709424,0
D39I,NRRVIAMPSVRKWAREKGVDIRLVQGTGKNGRVLKEDIIAFLAG,-0.4114282186148603,1
D39K,NRRVIAMPSVRKWAREKGVDIRLVQGTGKNGRVLKEDIKAFLAG,-0.6909098801203848,0
D39L,NRRVIAMPSVRKWAREKGVDIRLVQGTGKNGRVLKEDILAFLAG,-0.586478978789831,0
D39M,NRRVIAMPSVRKWAREKGVDIRLVQGTGKNGRVLKEDIMAFLAG,-0.4169990738973448,0
D39N,NRRVIAMPSVRKWAREKGVDIRLVQGTGKNGRVLKEDINAFLAG,-0.2594109425599669,1
D39Q,NRRVIAMPSVRKWAREKGVDIRLVQGTGKNGRVLKEDIQAFLAG,-0.5654902922913134,0
D39R,NRRVIAMPSVRKWAREKGVDIRLVQGTGKNGRVLKEDIRAFLAG,-0.6234312798572841,0
D39S,NRRVIAMPSVRKWAREKGVDIRLVQGTGKNGRVLKEDISAFLAG,-0.7282321896038448,0
D39T,NRRVIAMPSVRKWAREKGVDIRLVQGTGKNGRVLKEDITAFLAG,-0.5617228712808626,0
D39V,NRRVIAMPSVRKWAREKGVDIRLVQGTGKNGRVLKEDIVAFLAG,-0.4486017025954361,0
D39W,NRRVIAMPSVRKWAREKGVDIRLVQGTGKNGRVLKEDIWAFLAG,-0.9082240797227245,0
D39Y,NRRVIAMPSVRKWAREKGVDIRLVQGTGKNGRVLKEDIYAFLAG,-0.8814233838962224,0
E16A,NRRVIAMPSVRKWARAKGVDIRLVQGTGKNGRVLKEDIDAFLAG,-0.0881720323964776,1
E16A:A43D,NRRVIAMPSVRKWARAKGVDIRLVQGTGKNGRVLKEDIDAFLDG,-0.3211664423473785,1
E16A:A43G,NRRVIAMPSVRKWARAKGVDIRLVQGTGKNGRVLKEDIDAFLGG,-0.7677585563962395,0
E16A:A43I,NRRVIAMPSVRKWARAKGVDIRLVQGTGKNGRVLKEDIDAFLIG,-0.1697297253578575,1
E16A:A43L,NRRVIAMPSVRKWARAKGVDIRLVQGTGKNGRVLKEDIDAFLLG,-0.1461962608954938,1
E16A:A43P,NRRVIAMPSVRKWARAKGVDIRLVQGTGKNGRVLKEDIDAFLPG,-1.0037694152597398,0
E16A:A43Q,NRRVIAMPSVRKWARAKGVDIRLVQGTGKNGRVLKEDIDAFLQG,-0.3920786120864115,1
E16A:A43R,NRRVIAMPSVRKWARAKGVDIRLVQGTGKNGRVLKEDIDAFLRG,-0.0026542646202654,1
E16A:A43S,NRRVIAMPSVRKWARAKGVDIRLVQGTGKNGRVLKEDIDAFLSG,-0.2166114344750402,1
E16A:A43T,NRRVIAMPSVRKWARAKGVDIRLVQGTGKNGRVLKEDIDAFLTG,-0.2574142117489115,1
E16A:A43V,NRRVIAMPSVRKWARAKGVDIRLVQGTGKNGRVLKEDIDAFLVG,-0.047221205161307,1
E16A:A43Y,NRRVIAMPSVRKWARAKGVDIRLVQGTGKNGRVLKEDIDAFLYG,-0.5892524050286863,0
E16C,NRRVIAMPSVRKWARCKGVDIRLVQGTGKNGRVLKEDIDAFLAG,0.1827351826795813,1
E16C:A43D,NRRVIAMPSVRKWARCKGVDIRLVQGTGKNGRVLKEDIDAFLDG,-0.3554612725583093,1
E16C:A43E,NRRVIAMPSVRKWARCKGVDIRLVQGTGKNGRVLKEDIDAFLEG,0.034760254413098,1
E16C:A43F,NRRVIAMPSVRKWARCKGVDIRLVQGTGKNGRVLKEDIDAFLFG,0.0088251590410779,1
E16C:A43H,NRRVIAMPSVRKWARCKGVDIRLVQGTGKNGRVLKEDIDAFLHG,-0.0808447321248451,1
E16C:A43K,NRRVIAMPSVRKWARCKGVDIRLVQGTGKNGRVLKEDIDAFLKG,0.0523496187331811,1
E16C:A43L,NRRVIAMPSVRKWARCKGVDIRLVQGTGKNGRVLKEDIDAFLLG,0.2879914112446515,1
E16C:A43M,NRRVIAMPSVRKWARCKGVDIRLVQGTGKNGRVLKEDIDAFLMG,0.091197149537205,1
E16C:A43S,NRRVIAMPSVRKWARCKGVDIRLVQGTGKNGRVLKEDIDAFLSG,-0.2759460458653526,1
E16C:A43V,NRRVIAMPSVRKWARCKGVDIRLVQGTGKNGRVLKEDIDAFLVG,0.010196431675852,1
E16C:A43W,NRRVIAMPSVRKWARCKGVDIRLVQGTGKNGRVLKEDIDAFLWG,-0.0172578751411638,1
E16C:A43Y,NRRVIAMPSVRKWARCKGVDIRLVQGTGKNGRVLKEDIDAFLYG,-0.122395922291929,1
E16D,NRRVIAMPSVRKWARDKGVDIRLVQGTGKNGRVLKEDIDAFLAG,-0.22396331628090554,1
E16D:A43C,NRRVIAMPSVRKWARDKGVDIRLVQGTGKNGRVLKEDIDAFLCG,-0.8554099229311045,0
E16D:A43D,NRRVIAMPSVRKWARDKGVDIRLVQGTGKNGRVLKEDIDAFLDG,-0.3494588091361752,1
E16D:A43E,NRRVIAMPSVRKWARDKGVDIRLVQGTGKNGRVLKEDIDAFLEG,-0.3884034542054513,1
E16D:A43F,NRRVIAMPSVRKWARDKGVDIRLVQGTGKNGRVLKEDIDAFLFG,-0.2681839537785633,1
E16D:A43G,NRRVIAMPSVRKWARDKGVDIRLVQGTGKNGRVLKEDIDAFLGG,-0.6235805485276682,0
E16D:A43I,NRRVIAMPSVRKWARDKGVDIRLVQGTGKNGRVLKEDIDAFLIG,-0.2083464142802662,1
E16D:A43M,NRRVIAMPSVRKWARDKGVDIRLVQGTGKNGRVLKEDIDAFLMG,-0.3132359637685278,1
E16D:A43N,NRRVIAMPSVRKWARDKGVDIRLVQGTGKNGRVLKEDIDAFLNG,-0.371679208832421,1
E16D:A43P,NRRVIAMPSVRKWARDKGVDIRLVQGTGKNGRVLKEDIDAFLPG,-1.3405949106040662,0
E16D:A43Q,NRRVIAMPSVRKWARDKGVDIRLVQGTGKNGRVLKEDIDAFLQG,-0.0453041177539863,1
E16D:A43R,NRRVIAMPSVRKWARDKGVDIRLVQGTGKNGRVLKEDIDAFLRG,-0.244043823772186,1
E16D:A43S,NRRVIAMPSVRKWARDKGVDIRLVQGTGKNGRVLKEDIDAFLSG,-0.4274404921499184,0
E16D:A43V,NRRVIAMPSVRKWARDKGVDIRLVQGTGKNGRVLKEDIDAFLVG,-0.2985689904471416,1
E16D:A43Y,NRRVIAMPSVRKWARDKGVDIRLVQGTGKNGRVLKEDIDAFLYG,-0.7206689463900904,0
E16F,NRRVIAMPSVRKWARFKGVDIRLVQGTGKNGRVLKEDIDAFLAG,-0.0838656453142423,1
E16F:A43C,NRRVIAMPSVRKWARFKGVDIRLVQGTGKNGRVLKEDIDAFLCG,-0.1814065525977293,1
E16F:A43D,NRRVIAMPSVRKWARFKGVDIRLVQGTGKNGRVLKEDIDAFLDG,-0.2531980036830434,1
E16F:A43E,NRRVIAMPSVRKWARFKGVDIRLVQGTGKNGRVLKEDIDAFLEG,0.0358596325795401,1
E16F:A43G,NRRVIAMPSVRKWARFKGVDIRLVQGTGKNGRVLKEDIDAFLGG,-0.3344154134383057,1
E16F:A43I,NRRVIAMPSVRKWARFKGVDIRLVQGTGKNGRVLKEDIDAFLIG,0.1749170602488794,1
E16F:A43P,NRRVIAMPSVRKWARFKGVDIRLVQGTGKNGRVLKEDIDAFLPG,-0.7488287313008535,0
E16F:A43T,NRRVIAMPSVRKWARFKGVDIRLVQGTGKNGRVLKEDIDAFLTG,-0.0920335955073499,1
E16F:A43V,NRRVIAMPSVRKWARFKGVDIRLVQGTGKNGRVLKEDIDAFLVG,-0.1114267513832802,1
E16F:A43W,NRRVIAMPSVRKWARFKGVDIRLVQGTGKNGRVLKEDIDAFLWG,-0.1752317566346266,1
E16F:A43Y,NRRVIAMPSVRKWARFKGVDIRLVQGTGKNGRVLKEDIDAFLYG,-0.2631876106408812,1
E16G,NRRVIAMPSVRKWARGKGVDIRLVQGTGKNGRVLKEDIDAFLAG,-1.0102348638464862,0
E16G:A43C,NRRVIAMPSVRKWARGKGVDIRLVQGTGKNGRVLKEDIDAFLCG,-1.022645283804828,0
E16G:A43E,NRRVIAMPSVRKWARGKGVDIRLVQGTGKNGRVLKEDIDAFLEG,-1.0555355607472388,0
E16G:A43F,NRRVIAMPSVRKWARGKGVDIRLVQGTGKNGRVLKEDIDAFLFG,-1.065823655921289,0
E16G:A43I,NRRVIAMPSVRKWARGKGVDIRLVQGTGKNGRVLKEDIDAFLIG,-0.9312806514127994,0
E16G:A43K,NRRVIAMPSVRKWARGKGVDIRLVQGTGKNGRVLKEDIDAFLKG,-1.1543662859340396,0
E16G:A43M,NRRVIAMPSVRKWARGKGVDIRLVQGTGKNGRVLKEDIDAFLMG,-0.8612026048938353,0
E16G:A43N,NRRVIAMPSVRKWARGKGVDIRLVQGTGKNGRVLKEDIDAFLNG,-1.4126685792024296,0
E16G:A43R,NRRVIAMPSVRKWARGKGVDIRLVQGTGKNGRVLKEDIDAFLRG,-0.8804720957032237,0
E16G:A43T,NRRVIAMPSVRKWARGKGVDIRLVQGTGKNGRVLKEDIDAFLTG,-1.239674909414019,0
E16H,NRRVIAMPSVRKWARHKGVDIRLVQGTGKNGRVLKEDIDAFLAG,-0.422853750610932,0
E16H:A43C,NRRVIAMPSVRKWARHKGVDIRLVQGTGKNGRVLKEDIDAFLCG,-0.5886114468771861,0
E16H:A43D,NRRVIAMPSVRKWARHKGVDIRLVQGTGKNGRVLKEDIDAFLDG,-0.6502337569952195,0
E16H:A43F,NRRVIAMPSVRKWARHKGVDIRLVQGTGKNGRVLKEDIDAFLFG,-0.3400123694463093,1
E16H:A43G,NRRVIAMPSVRKWARHKGVDIRLVQGTGKNGRVLKEDIDAFLGG,-0.6036333804587244,0
E16H:A43I,NRRVIAMPSVRKWARHKGVDIRLVQGTGKNGRVLKEDIDAFLIG,-0.2568347941297531,1
E16H:A43K,NRRVIAMPSVRKWARHKGVDIRLVQGTGKNGRVLKEDIDAFLKG,-0.3518903493829395,1
E16H:A43L,NRRVIAMPSVRKWARHKGVDIRLVQGTGKNGRVLKEDIDAFLLG,-0.3442562094173635,1
E16H:A43M,NRRVIAMPSVRKWARHKGVDIRLVQGTGKNGRVLKEDIDAFLMG,-0.3615116564701672,1
E16H:A43N,NRRVIAMPSVRKWARHKGVDIRLVQGTGKNGRVLKEDIDAFLNG,-0.7347345976240565,0
E16H:A43P,NRRVIAMPSVRKWARHKGVDIRLVQGTGKNGRVLKEDIDAFLPG,-1.5791688629671208,0
E16H:A43Q,NRRVIAMPSVRKWARHKGVDIRLVQGTGKNGRVLKEDIDAFLQG,-0.5182023587990914,0
E16H:A43R,NRRVIAMPSVRKWARHKGVDIRLVQGTGKNGRVLKEDIDAFLRG,-0.3442272282284726,1
E16H:A43S,NRRVIAMPSVRKWARHKGVDIRLVQGTGKNGRVLKEDIDAFLSG,-0.2446205623680568,1
E16H:A43T,NRRVIAMPSVRKWARHKGVDIRLVQGTGKNGRVLKEDIDAFLTG,-0.5678807604831051,0
E16H:A43V,NRRVIAMPSVRKWARHKGVDIRLVQGTGKNGRVLKEDIDAFLVG,-0.3872344710927353,1
E16H:A43W,NRRVIAMPSVRKWARHKGVDIRLVQGTGKNGRVLKEDIDAFLWG,-0.4316907959786356,0
E16H:A43Y,NRRVIAMPSVRKWARHKGVDIRLVQGTGKNGRVLKEDIDAFLYG,-0.4925958960490568,0
E16I,NRRVIAMPSVRKWARIKGVDIRLVQGTGKNGRVLKEDIDAFLAG,-0.1678079217226695,1
E16I:A43D,NRRVIAMPSVRKWARIKGVDIRLVQGTGKNGRVLKEDIDAFLDG,-0.5541817273703007,0
E16I:A43E,NRRVIAMPSVRKWARIKGVDIRLVQGTGKNGRVLKEDIDAFLEG,0.0079538311287579,1
E16I:A43F,NRRVIAMPSVRKWARIKGVDIRLVQGTGKNGRVLKEDIDAFLFG,-0.0781835297556563,1
E16I:A43H,NRRVIAMPSVRKWARIKGVDIRLVQGTGKNGRVLKEDIDAFLHG,-0.3136510618894803,1
E16I:A43I,NRRVIAMPSVRKWARIKGVDIRLVQGTGKNGRVLKEDIDAFLIG,0.0023137124089043,1
E16I:A43K,NRRVIAMPSVRKWARIKGVDIRLVQGTGKNGRVLKEDIDAFLKG,0.0318189030810209,1
E16I:A43M,NRRVIAMPSVRKWARIKGVDIRLVQGTGKNGRVLKEDIDAFLMG,0.057456229967733,1
E16I:A43N,NRRVIAMPSVRKWARIKGVDIRLVQGTGKNGRVLKEDIDAFLNG,-0.0913254198502278,1
E16I:A43Q,NRRVIAMPSVRKWARIKGVDIRLVQGTGKNGRVLKEDIDAFLQG,-0.1035844627847577,1
E16I:A43R,NRRVIAMPSVRKWARIKGVDIRLVQGTGKNGRVLKEDIDAFLRG,0.0992354068697274,1
E16I:A43S,NRRVIAMPSVRKWARIKGVDIRLVQGTGKNGRVLKEDIDAFLSG,-0.1429445331591896,1
E16I:A43T,NRRVIAMPSVRKWARIKGVDIRLVQGTGKNGRVLKEDIDAFLTG,-0.0656685501404954,1
E16I:A43W,NRRVIAMPSVRKWARIKGVDIRLVQGTGKNGRVLKEDIDAFLWG,0.0432667748413821,1
E16I:A43Y,NRRVIAMPSVRKWARIKGVDIRLVQGTGKNGRVLKEDIDAFLYG,-0.2625417720208096,1
E16K,NRRVIAMPSVRKWARKKGVDIRLVQGTGKNGRVLKEDIDAFLAG,-0.11534438534590215,1
E16K:A43F,NRRVIAMPSVRKWARKKGVDIRLVQGTGKNGRVLKEDIDAFLFG,-0.2678321929990264,1
E16K:A43H,NRRVIAMPSVRKWARKKGVDIRLVQGTGKNGRVLKEDIDAFLHG,-0.3322251459542396,1
E16K:A43I,NRRVIAMPSVRKWARKKGVDIRLVQGTGKNGRVLKEDIDAFLIG,-0.0353663156120624,1
E16K:A43K,NRRVIAMPSVRKWARKKGVDIRLVQGTGKNGRVLKEDIDAFLKG,-0.1730941306360134,1
E16K:A43M,NRRVIAMPSVRKWARKKGVDIRLVQGTGKNGRVLKEDIDAFLMG,-0.1300888971032923,1
E16K:A43N,NRRVIAMPSVRKWARKKGVDIRLVQGTGKNGRVLKEDIDAFLNG,-0.2105470895389602,1
E16K:A43P,NRRVIAMPSVRKWARKKGVDIRLVQGTGKNGRVLKEDIDAFLPG,-0.9387028596118694,0
E16K:A43Q,NRRVIAMPSVRKWARKKGVDIRLVQGTGKNGRVLKEDIDAFLQG,0.0202536989084523,1
E16K:A43R,NRRVIAMPSVRKWARKKGVDIRLVQGTGKNGRVLKEDIDAFLRG,0.2213639592595586,1
E16K:A43S,NRRVIAMPSVRKWARKKGVDIRLVQGTGKNGRVLKEDIDAFLSG,-0.1042817816198589,1
E16K:A43T,NRRVIAMPSVRKWARKKGVDIRLVQGTGKNGRVLKEDIDAFLTG,-0.0458635108641383,1
E16L,NRRVIAMPSVRKWARLKGVDIRLVQGTGKNGRVLKEDIDAFLAG,0.29042623144003293,1
E16L:A43D,NRRVIAMPSVRKWARLKGVDIRLVQGTGKNGRVLKEDIDAFLDG,0.2262069188503632,1
E16L:A43E,NRRVIAMPSVRKWARLKGVDIRLVQGTGKNGRVLKEDIDAFLEG,0.1754388288723181,1
E16L:A43F,NRRVIAMPSVRKWARLKGVDIRLVQGTGKNGRVLKEDIDAFLFG,0.0688315407115469,1
E16L:A43G,NRRVIAMPSVRKWARLKGVDIRLVQGTGKNGRVLKEDIDAFLGG,0.0088373743328227,1
E16L:A43H,NRRVIAMPSVRKWARLKGVDIRLVQGTGKNGRVLKEDIDAFLHG,-0.048060638027807,1
E16L:A43K,NRRVIAMPSVRKWARLKGVDIRLVQGTGKNGRVLKEDIDAFLKG,0.1317483076802368,1
E16L:A43L,NRRVIAMPSVRKWARLKGVDIRLVQGTGKNGRVLKEDIDAFLLG,0.2510037288525426,1
E16L:A43M,NRRVIAMPSVRKWARLKGVDIRLVQGTGKNGRVLKEDIDAFLMG,0.1665200407162963,1
E16L:A43P,NRRVIAMPSVRKWARLKGVDIRLVQGTGKNGRVLKEDIDAFLPG,-1.469658959495545,0
E16L:A43Q,NRRVIAMPSVRKWARLKGVDIRLVQGTGKNGRVLKEDIDAFLQG,0.0942739384395032,1
E16L:A43T,NRRVIAMPSVRKWARLKGVDIRLVQGTGKNGRVLKEDIDAFLTG,0.0875512816391586,1
E16L:A43Y,NRRVIAMPSVRKWARLKGVDIRLVQGTGKNGRVLKEDIDAFLYG,0.0549584519615002,1
E16M,NRRVIAMPSVRKWARMKGVDIRLVQGTGKNGRVLKEDIDAFLAG,0.0216457955397868,1
E16M:A43F,NRRVIAMPSVRKWARMKGVDIRLVQGTGKNGRVLKEDIDAFLFG,0.2258179687580015,1
E16M:A43H,NRRVIAMPSVRKWARMKGVDIRLVQGTGKNGRVLKEDIDAFLHG,-0.0881133409788543,1
E16M:A43I,NRRVIAMPSVRKWARMKGVDIRLVQGTGKNGRVLKEDIDAFLIG,0.0406662785505775,1
E16M:A43L,NRRVIAMPSVRKWARMKGVDIRLVQGTGKNGRVLKEDIDAFLLG,0.2212907842794425,1
E16M:A43M,NRRVIAMPSVRKWARMKGVDIRLVQGTGKNGRVLKEDIDAFLMG,0.4074222900464606,1
E16M:A43N,NRRVIAMPSVRKWARMKGVDIRLVQGTGKNGRVLKEDIDAFLNG,-0.1962501243363323,1
E16M:A43P,NRRVIAMPSVRKWARMKGVDIRLVQGTGKNGRVLKEDIDAFLPG,-0.8480409170338012,0
E16M:A43Q,NRRVIAMPSVRKWARMKGVDIRLVQGTGKNGRVLKEDIDAFLQG,0.2130504247512448,1
E16M:A43R,NRRVIAMPSVRKWARMKGVDIRLVQGTGKNGRVLKEDIDAFLRG,0.2865151196126017,1
E16M:A43T,NRRVIAMPSVRKWARMKGVDIRLVQGTGKNGRVLKEDIDAFLTG,-0.1189129081958206,1
E16M:A43V,NRRVIAMPSVRKWARMKGVDIRLVQGTGKNGRVLKEDIDAFLVG,0.2343772959168237,1
E16M:A43W,NRRVIAMPSVRKWARMKGVDIRLVQGTGKNGRVLKEDIDAFLWG,-0.035398789707397,1
E16N,NRRVIAMPSVRKWARNKGVDIRLVQGTGKNGRVLKEDIDAFLAG,-0.5776178004806654,0
E16N:A43C,NRRVIAMPSVRKWARNKGVDIRLVQGTGKNGRVLKEDIDAFLCG,-0.8340901485921344,0
E16N:A43D,NRRVIAMPSVRKWARNKGVDIRLVQGTGKNGRVLKEDIDAFLDG,-0.7376639699984089,0
E16N:A43E,NRRVIAMPSVRKWARNKGVDIRLVQGTGKNGRVLKEDIDAFLEG,-0.5626301083693126,0
E16N:A43G,NRRVIAMPSVRKWARNKGVDIRLVQGTGKNGRVLKEDIDAFLGG,-1.146667331139844,0
E16N:A43H,NRRVIAMPSVRKWARNKGVDIRLVQGTGKNGRVLKEDIDAFLHG,-1.1963869157538458,0
E16N:A43I,NRRVIAMPSVRKWARNKGVDIRLVQGTGKNGRVLKEDIDAFLIG,-0.6771556535876337,0
E16N:A43K,NRRVIAMPSVRKWARNKGVDIRLVQGTGKNGRVLKEDIDAFLKG,-0.5889190073541544,0
E16N:A43L,NRRVIAMPSVRKWARNKGVDIRLVQGTGKNGRVLKEDIDAFLLG,-0.16639627222307,1
E16N:A43M,NRRVIAMPSVRKWARNKGVDIRLVQGTGKNGRVLKEDIDAFLMG,-0.4045524020298954,1
E16N:A43N,NRRVIAMPSVRKWARNKGVDIRLVQGTGKNGRVLKEDIDAFLNG,-0.7348399597374704,0
E16N:A43S,NRRVIAMPSVRKWARNKGVDIRLVQGTGKNGRVLKEDIDAFLSG,-0.5795517273944615,0
E16N:A43T,NRRVIAMPSVRKWARNKGVDIRLVQGTGKNGRVLKEDIDAFLTG,-0.6045060119606473,0
E16N:A43V,NRRVIAMPSVRKWARNKGVDIRLVQGTGKNGRVLKEDIDAFLVG,-0.3929072030043983,1
E16N:A43Y,NRRVIAMPSVRKWARNKGVDIRLVQGTGKNGRVLKEDIDAFLYG,-0.636052335168694,0
E16Q,NRRVIAMPSVRKWARQKGVDIRLVQGTGKNGRVLKEDIDAFLAG,-0.1134442629667065,1
E16Q:A43C,NRRVIAMPSVRKWARQKGVDIRLVQGTGKNGRVLKEDIDAFLCG,-0.4135563455641216,1
E16Q:A43D,NRRVIAMPSVRKWARQKGVDIRLVQGTGKNGRVLKEDIDAFLDG,-0.3326514455492093,1
E16Q:A43E,NRRVIAMPSVRKWARQKGVDIRLVQGTGKNGRVLKEDIDAFLEG,-0.1671037722926471,1
E16Q:A43F,NRRVIAMPSVRKWARQKGVDIRLVQGTGKNGRVLKEDIDAFLFG,-0.2252808310272964,1
E16Q:A43G,NRRVIAMPSVRKWARQKGVDIRLVQGTGKNGRVLKEDIDAFLGG,-0.3940597234007112,1
E16Q:A43I,NRRVIAMPSVRKWARQKGVDIRLVQGTGKNGRVLKEDIDAFLIG,-0.1806313076813652,1
E16Q:A43K,NRRVIAMPSVRKWARQKGVDIRLVQGTGKNGRVLKEDIDAFLKG,-0.0100593201092715,1
E16Q:A43L,NRRVIAMPSVRKWARQKGVDIRLVQGTGKNGRVLKEDIDAFLLG,-0.1572608548356662,1
E16Q:A43M,NRRVIAMPSVRKWARQKGVDIRLVQGTGKNGRVLKEDIDAFLMG,-0.0322077538364045,1
E16Q:A43N,NRRVIAMPSVRKWARQKGVDIRLVQGTGKNGRVLKEDIDAFLNG,-0.147015737863339,1
E16Q:A43Q,NRRVIAMPSVRKWARQKGVDIRLVQGTGKNGRVLKEDIDAFLQG,-0.1598665168285742,1
E16Q:A43S,NRRVIAMPSVRKWARQKGVDIRLVQGTGKNGRVLKEDIDAFLSG,-0.2183652532542903,1
E16Q:A43T,NRRVIAMPSVRKWARQKGVDIRLVQGTGKNGRVLKEDIDAFLTG,-0.2723777159665523,1
E16Q:A43V,NRRVIAMPSVRKWARQKGVDIRLVQGTGKNGRVLKEDIDAFLVG,-0.0421994354735177,1
E16Q:A43W,NRRVIAMPSVRKWARQKGVDIRLVQGTGKNGRVLKEDIDAFLWG,-0.210918088929644,1
E16Q:A43Y,NRRVIAMPSVRKWARQKGVDIRLVQGTGKNGRVLKEDIDAFLYG,0.0167972103429279,1
E16R,NRRVIAMPSVRKWARRKGVDIRLVQGTGKNGRVLKEDIDAFLAG,-0.17788243137713275,1
E16R:A43C,NRRVIAMPSVRKWARRKGVDIRLVQGTGKNGRVLKEDIDAFLCG,-0.3607092368899973,1
E16R:A43D,NRRVIAMPSVRKWARRKGVDIRLVQGTGKNGRVLKEDIDAFLDG,-0.5820579232066301,0
E16R:A43E,NRRVIAMPSVRKWARRKGVDIRLVQGTGKNGRVLKEDIDAFLEG,-0.6964108818113293,0
E16R:A43H,NRRVIAMPSVRKWARRKGVDIRLVQGTGKNGRVLKEDIDAFLHG,-0.5263288754498165,0
E16R:A43I,NRRVIAMPSVRKWARRKGVDIRLVQGTGKNGRVLKEDIDAFLIG,-0.3058369251464992,1
E16R:A43K,NRRVIAMPSVRKWARRKGVDIRLVQGTGKNGRVLKEDIDAFLKG,-0.2941963282245248,1
E16R:A43N,NRRVIAMPSVRKWARRKGVDIRLVQGTGKNGRVLKEDIDAFLNG,-0.1982386482793421,1
E16R:A43Q,NRRVIAMPSVRKWARRKGVDIRLVQGTGKNGRVLKEDIDAFLQG,-0.2573577201879593,1
E16R:A43R,NRRVIAMPSVRKWARRKGVDIRLVQGTGKNGRVLKEDIDAFLRG,-0.0774396072971619,1
E16R:A43T,NRRVIAMPSVRKWARRKGVDIRLVQGTGKNGRVLKEDIDAFLTG,-0.96644028604088,0
E16R:A43V,NRRVIAMPSVRKWARRKGVDIRLVQGTGKNGRVLKEDIDAFLVG,-0.2793635753722281,1
E16S,NRRVIAMPSVRKWARSKGVDIRLVQGTGKNGRVLKEDIDAFLAG,-0.3398128413982961,1
E16S:A43C,NRRVIAMPSVRKWARSKGVDIRLVQGTGKNGRVLKEDIDAFLCG,-0.4519073353243774,0
E16S:A43D,NRRVIAMPSVRKWARSKGVDIRLVQGTGKNGRVLKEDIDAFLDG,-0.6173939992369819,0
E16S:A43F,NRRVIAMPSVRKWARSKGVDIRLVQGTGKNGRVLKEDIDAFLFG,-0.3753778394363216,1
E16S:A43G,NRRVIAMPSVRKWARSKGVDIRLVQGTGKNGRVLKEDIDAFLGG,-0.4330691514444686,0
E16S:A43H,NRRVIAMPSVRKWARSKGVDIRLVQGTGKNGRVLKEDIDAFLHG,-0.3002599720105974,1
E16S:A43I,NRRVIAMPSVRKWARSKGVDIRLVQGTGKNGRVLKEDIDAFLIG,-0.2625933035635266,1
E16S:A43M,NRRVIAMPSVRKWARSKGVDIRLVQGTGKNGRVLKEDIDAFLMG,-0.1454484155345099,1
E16S:A43N,NRRVIAMPSVRKWARSKGVDIRLVQGTGKNGRVLKEDIDAFLNG,-0.2667449756575113,1
E16S:A43P,NRRVIAMPSVRKWARSKGVDIRLVQGTGKNGRVLKEDIDAFLPG,-1.2523527450389125,0
E16S:A43Q,NRRVIAMPSVRKWARSKGVDIRLVQGTGKNGRVLKEDIDAFLQG,-0.4846569200626973,0
E16S:A43R,NRRVIAMPSVRKWARSKGVDIRLVQGTGKNGRVLKEDIDAFLRG,-0.0713083257875686,1
E16S:A43T,NRRVIAMPSVRKWARSKGVDIRLVQGTGKNGRVLKEDIDAFLTG,-0.5331188792370174,0
E16S:A43W,NRRVIAMPSVRKWARSKGVDIRLVQGTGKNGRVLKEDIDAFLWG,-0.3825224050878875,1
E16T,NRRVIAMPSVRKWARTKGVDIRLVQGTGKNGRVLKEDIDAFLAG,-0.3885364381935443,1
E16T:A43C,NRRVIAMPSVRKWARTKGVDIRLVQGTGKNGRVLKEDIDAFLCG,-0.9836765808840476,0
E16T:A43D,NRRVIAMPSVRKWARTKGVDIRLVQGTGKNGRVLKEDIDAFLDG,-0.4972542323356483,0
E16T:A43E,NRRVIAMPSVRKWARTKGVDIRLVQGTGKNGRVLKEDIDAFLEG,-0.3342715957809679,1
E16T:A43F,NRRVIAMPSVRKWARTKGVDIRLVQGTGKNGRVLKEDIDAFLFG,-0.4443712918353069,0
E16T:A43H,NRRVIAMPSVRKWARTKGVDIRLVQGTGKNGRVLKEDIDAFLHG,-0.7296804931923617,0
E16T:A43I,NRRVIAMPSVRKWARTKGVDIRLVQGTGKNGRVLKEDIDAFLIG,-0.338394048339937,1
E16T:A43K,NRRVIAMPSVRKWARTKGVDIRLVQGTGKNGRVLKEDIDAFLKG,-0.6486232186799219,0
E16T:A43L,NRRVIAMPSVRKWARTKGVDIRLVQGTGKNGRVLKEDIDAFLLG,-0.294638540427568,1
E16T:A43M,NRRVIAMPSVRKWARTKGVDIRLVQGTGKNGRVLKEDIDAFLMG,-0.2519645415687872,1
E16T:A43N,NRRVIAMPSVRKWARTKGVDIRLVQGTGKNGRVLKEDIDAFLNG,-0.4362210449762109,0
E16T:A43S,NRRVIAMPSVRKWARTKGVDIRLVQGTGKNGRVLKEDIDAFLSG,-0.6428430966041967,0
E16T:A43T,NRRVIAMPSVRKWARTKGVDIRLVQGTGKNGRVLKEDIDAFLTG,-0.5102321759029862,0
E16T:A43V,NRRVIAMPSVRKWARTKGVDIRLVQGTGKNGRVLKEDIDAFLVG,-0.4483184136763274,0
E16T:A43Y,NRRVIAMPSVRKWARTKGVDIRLVQGTGKNGRVLKEDIDAFLYG,-0.4844583649961453,0
E16V,NRRVIAMPSVRKWARVKGVDIRLVQGTGKNGRVLKEDIDAFLAG,-0.175735915555534,1
E16V:A43D,NRRVIAMPSVRKWARVKGVDIRLVQGTGKNGRVLKEDIDAFLDG,-0.5894328063807794,0
E16V:A43E,NRRVIAMPSVRKWARVKGVDIRLVQGTGKNGRVLKEDIDAFLEG,-0.5111494370470338,0
E16V:A43F,NRRVIAMPSVRKWARVKGVDIRLVQGTGKNGRVLKEDIDAFLFG,-0.3080467133178457,1
E16V:A43G,NRRVIAMPSVRKWARVKGVDIRLVQGTGKNGRVLKEDIDAFLGG,-0.5353868570168663,0
E16V:A43I,NRRVIAMPSVRKWARVKGVDIRLVQGTGKNGRVLKEDIDAFLIG,-0.1972608321194702,1
E16V:A43K,NRRVIAMPSVRKWARVKGVDIRLVQGTGKNGRVLKEDIDAFLKG,-0.1737860288869654,1
E16V:A43M,NRRVIAMPSVRKWARVKGVDIRLVQGTGKNGRVLKEDIDAFLMG,-0.312519116108402,1
E16V:A43N,NRRVIAMPSVRKWARVKGVDIRLVQGTGKNGRVLKEDIDAFLNG,-0.4319094499786735,0
E16V:A43R,NRRVIAMPSVRKWARVKGVDIRLVQGTGKNGRVLKEDIDAFLRG,-0.1576274840580955,1
E16V:A43S,NRRVIAMPSVRKWARVKGVDIRLVQGTGKNGRVLKEDIDAFLSG,-0.3087120950924475,1
E16V:A43T,NRRVIAMPSVRKWARVKGVDIRLVQGTGKNGRVLKEDIDAFLTG,-0.5489562662173118,0
E16V:A43V,NRRVIAMPSVRKWARVKGVDIRLVQGTGKNGRVLKEDIDAFLVG,-0.566606585343763,0
E16V:A43Y,NRRVIAMPSVRKWARVKGVDIRLVQGTGKNGRVLKEDIDAFLYG,-0.2107559729135784,1
E16W,NRRVIAMPSVRKWARWKGVDIRLVQGTGKNGRVLKEDIDAFLAG,-0.29052746199719515,1
E16W:A43C,NRRVIAMPSVRKWARWKGVDIRLVQGTGKNGRVLKEDIDAFLCG,-0.2657447523070235,1
E16W:A43E,NRRVIAMPSVRKWARWKGVDIRLVQGTGKNGRVLKEDIDAFLEG,-0.3065752177999794,1
E16W:A43F,NRRVIAMPSVRKWARWKGVDIRLVQGTGKNGRVLKEDIDAFLFG,-0.3406704843899755,1
E16W:A43H,NRRVIAMPSVRKWARWKGVDIRLVQGTGKNGRVLKEDIDAFLHG,-0.7266699737405937,0
E16W:A43I,NRRVIAMPSVRKWARWKGVDIRLVQGTGKNGRVLKEDIDAFLIG,-0.2911133942247996,1
E16W:A43K,NRRVIAMPSVRKWARWKGVDIRLVQGTGKNGRVLKEDIDAFLKG,-0.4046987686950984,1
E16W:A43M,NRRVIAMPSVRKWARWKGVDIRLVQGTGKNGRVLKEDIDAFLMG,-0.2213882706599559,1
E16W:A43P,NRRVIAMPSVRKWARWKGVDIRLVQGTGKNGRVLKEDIDAFLPG,-1.0130178218056345,0
E16W:A43Q,NRRVIAMPSVRKWARWKGVDIRLVQGTGKNGRVLKEDIDAFLQG,-0.2911753315453413,1
E16W:A43R,NRRVIAMPSVRKWARWKGVDIRLVQGTGKNGRVLKEDIDAFLRG,-0.0537942843580019,1
E16W:A43S,NRRVIAMPSVRKWARWKGVDIRLVQGTGKNGRVLKEDIDAFLSG,-0.4483433923128266,0
E16Y,NRRVIAMPSVRKWARYKGVDIRLVQGTGKNGRVLKEDIDAFLAG,-0.036556339922274805,1
E16Y:A43F,NRRVIAMPSVRKWARYKGVDIRLVQGTGKNGRVLKEDIDAFLFG,-0.1944707797449152,1
E16Y:A43I,NRRVIAMPSVRKWARYKGVDIRLVQGTGKNGRVLKEDIDAFLIG,0.0865139514190551,1
E16Y:A43K,NRRVIAMPSVRKWARYKGVDIRLVQGTGKNGRVLKEDIDAFLKG,-0.0050048024203857,1
E16Y:A43L,NRRVIAMPSVRKWARYKGVDIRLVQGTGKNGRVLKEDIDAFLLG,0.2558058931974463,1
E16Y:A43N,NRRVIAMPSVRKWARYKGVDIRLVQGTGKNGRVLKEDIDAFLNG,0.0879656585912704,1
E16Y:A43P,NRRVIAMPSVRKWARYKGVDIRLVQGTGKNGRVLKEDIDAFLPG,-0.8785920656548294,0
E16Y:A43R,NRRVIAMPSVRKWARYKGVDIRLVQGTGKNGRVLKEDIDAFLRG,-0.0844846719944003,1
E16Y:A43T,NRRVIAMPSVRKWARYKGVDIRLVQGTGKNGRVLKEDIDAFLTG,-0.1183310372595483,1
E16Y:A43V,NRRVIAMPSVRKWARYKGVDIRLVQGTGKNGRVLKEDIDAFLVG,0.0450190391138924,1
E16Y:A43W,NRRVIAMPSVRKWARYKGVDIRLVQGTGKNGRVLKEDIDAFLWG,-0.1150916727344855,1
E16Y:A43Y,NRRVIAMPSVRKWARYKGVDIRLVQGTGKNGRVLKEDIDAFLYG,-0.2181242827268974,1
E36A,NRRVIAMPSVRKWAREKGVDIRLVQGTGKNGRVLKADIDAFLAG,0.0572595921107774,1
E36C,NRRVIAMPSVRKWAREKGVDIRLVQGTGKNGRVLKCDIDAFLAG,-0.0768173018892994,1
E36D,NRRVIAMPSVRKWAREKGVDIRLVQGTGKNGRVLKDDIDAFLAG,-0.4184266101815534,0
E36F,NRRVIAMPSVRKWAREKGVDIRLVQGTGKNGRVLKFDIDAFLAG,-0.623172089520013,0
E36G,NRRVIAMPSVRKWAREKGVDIRLVQGTGKNGRVLKGDIDAFLAG,-0.1862784635556753,1
E36H,NRRVIAMPSVRKWAREKGVDIRLVQGTGKNGRVLKHDIDAFLAG,-0.1641946098612874,1
E36I,NRRVIAMPSVRKWAREKGVDIRLVQGTGKNGRVLKIDIDAFLAG,-0.1310535682277183,1
E36K,NRRVIAMPSVRKWAREKGVDIRLVQGTGKNGRVLKKDIDAFLAG,0.1634201433450819,1
E36L,NRRVIAMPSVRKWAREKGVDIRLVQGTGKNGRVLKLDIDAFLAG,-0.3479035700545481,1
E36M,NRRVIAMPSVRKWAREKGVDIRLVQGTGKNGRVLKMDIDAFLAG,-0.172454596535478,1
E36N,NRRVIAMPSVRKWAREKGVDIRLVQGTGKNGRVLKNDIDAFLAG,-0.4166464363164519,1
E36P,NRRVIAMPSVRKWAREKGVDIRLVQGTGKNGRVLKPDIDAFLAG,-0.8167037633273848,0
E36Q,NRRVIAMPSVRKWAREKGVDIRLVQGTGKNGRVLKQDIDAFLAG,-0.0459803383005299,1
E36R,NRRVIAMPSVRKWAREKGVDIRLVQGTGKNGRVLKRDIDAFLAG,0.4250005914401016,1
E36S,NRRVIAMPSVRKWAREKGVDIRLVQGTGKNGRVLKSDIDAFLAG,0.0409970924544333,1
E36T,NRRVIAMPSVRKWAREKGVDIRLVQGTGKNGRVLKTDIDAFLAG,-0.1485086765865269,1
E36V,NRRVIAMPSVRKWAREKGVDIRLVQGTGKNGRVLKVDIDAFLAG,-0.1282385950432294,1
E36W,NRRVIAMPSVRKWAREKGVDIRLVQGTGKNGRVLKWDIDAFLAG,-0.3683123873513434,1
E36Y,NRRVIAMPSVRKWAREKGVDIRLVQGTGKNGRVLKYDIDAFLAG,-0.4669942176224637,0
F41A,NRRVIAMPSVRKWAREKGVDIRLVQGTGKNGRVLKEDIDAALAG,-1.0379367137895614,0
F41E,NRRVIAMPSVRKWAREKGVDIRLVQGTGKNGRVLKEDIDAELAG,-2.040768290219675,0
F41H,NRRVIAMPSVRKWAREKGVDIRLVQGTGKNGRVLKEDIDAHLAG,-0.7090736164995177,0
F41I,NRRVIAMPSVRKWAREKGVDIRLVQGTGKNGRVLKEDIDAILAG,-0.9939149520096908,0
F41K,NRRVIAMPSVRKWAREKGVDIRLVQGTGKNGRVLKEDIDAKLAG,-1.723676328658165,0
F41L,NRRVIAMPSVRKWAREKGVDIRLVQGTGKNGRVLKEDIDALLAG,-0.8427030323361333,0
F41M,NRRVIAMPSVRKWAREKGVDIRLVQGTGKNGRVLKEDIDAMLAG,-1.0013113472660922,0
F41N,NRRVIAMPSVRKWAREKGVDIRLVQGTGKNGRVLKEDIDANLAG,-2.4801164159223523,0
F41Q,NRRVIAMPSVRKWAREKGVDIRLVQGTGKNGRVLKEDIDAQLAG,-1.657961403516385,0
F41R,NRRVIAMPSVRKWAREKGVDIRLVQGTGKNGRVLKEDIDARLAG,-1.7393154998850862,0
F41S,NRRVIAMPSVRKWAREKGVDIRLVQGTGKNGRVLKEDIDASLAG,-1.647607816227552,0
F41T,NRRVIAMPSVRKWAREKGVDIRLVQGTGKNGRVLKEDIDATLAG,-1.6837710911585229,0
F41V,NRRVIAMPSVRKWAREKGVDIRLVQGTGKNGRVLKEDIDAVLAG,-0.8372362288741453,0
F41Y,NRRVIAMPSVRKWAREKGVDIRLVQGTGKNGRVLKEDIDAYLAG,0.1147790480327124,1
G18A,NRRVIAMPSVRKWAREKAVDIRLVQGTGKNGRVLKEDIDAFLAG,-1.1145161090930191,0
G18D,NRRVIAMPSVRKWAREKDVDIRLVQGTGKNGRVLKEDIDAFLAG,-0.914563166452328,0
G18E,NRRVIAMPSVRKWAREKEVDIRLVQGTGKNGRVLKEDIDAFLAG,-1.0100102691415236,0
G18F,NRRVIAMPSVRKWAREKFVDIRLVQGTGKNGRVLKEDIDAFLAG,-0.9934663547947128,0
G18H,NRRVIAMPSVRKWAREKHVDIRLVQGTGKNGRVLKEDIDAFLAG,-0.6633942261706549,0
G18I,NRRVIAMPSVRKWAREKIVDIRLVQGTGKNGRVLKEDIDAFLAG,-2.2577927202355244,0
G18K,NRRVIAMPSVRKWAREKKVDIRLVQGTGKNGRVLKEDIDAFLAG,-0.5998952252138503,0
G18L,NRRVIAMPSVRKWAREKLVDIRLVQGTGKNGRVLKEDIDAFLAG,-1.035516956715903,0
G18M,NRRVIAMPSVRKWAREKMVDIRLVQGTGKNGRVLKEDIDAFLAG,-0.7381842329671504,0
G18N,NRRVIAMPSVRKWAREKNVDIRLVQGTGKNGRVLKEDIDAFLAG,-0.4613922442264515,0
G18Q,NRRVIAMPSVRKWAREKQVDIRLVQGTGKNGRVLKEDIDAFLAG,-0.787555679054178,0
G18R,NRRVIAMPSVRKWAREKRVDIRLVQGTGKNGRVLKEDIDAFLAG,-0.7938162115302505,0
G18S,NRRVIAMPSVRKWAREKSVDIRLVQGTGKNGRVLKEDIDAFLAG,-1.0377011380036003,0
G18T,NRRVIAMPSVRKWAREKTVDIRLVQGTGKNGRVLKEDIDAFLAG,-2.088615893181569,0
G18V,NRRVIAMPSVRKWAREKVVDIRLVQGTGKNGRVLKEDIDAFLAG,-2.1877404540424794,0
G18W,NRRVIAMPSVRKWAREKWVDIRLVQGTGKNGRVLKEDIDAFLAG,-1.414032379693054,0
G18Y,NRRVIAMPSVRKWAREKYVDIRLVQGTGKNGRVLKEDIDAFLAG,-1.1257077488688578,0
G26A,NRRVIAMPSVRKWAREKGVDIRLVQATGKNGRVLKEDIDAFLAG,-0.9173590376506366,0
G26H,NRRVIAMPSVRKWAREKGVDIRLVQHTGKNGRVLKEDIDAFLAG,-2.4164813049074843,0
G26N,NRRVIAMPSVRKWAREKGVDIRLVQNTGKNGRVLKEDIDAFLAG,-3.554111050539187,0
G26P,NRRVIAMPSVRKWAREKGVDIRLVQPTGKNGRVLKEDIDAFLAG,-0.6963553496925381,0
G26R,NRRVIAMPSVRKWAREKGVDIRLVQRTGKNGRVLKEDIDAFLAG,-3.269872808484171,0
G26S,NRRVIAMPSVRKWAREKGVDIRLVQSTGKNGRVLKEDIDAFLAG,-1.654939412783619,0
G26T,NRRVIAMPSVRKWAREKGVDIRLVQTTGKNGRVLKEDIDAFLAG,-2.98079901884389,0
G26W,NRRVIAMPSVRKWAREKGVDIRLVQWTGKNGRVLKEDIDAFLAG,-3.252304524473681,0
G28A,NRRVIAMPSVRKWAREKGVDIRLVQGTAKNGRVLKEDIDAFLAG,-1.7354805488601612,0
G28D,NRRVIAMPSVRKWAREKGVDIRLVQGTDKNGRVLKEDIDAFLAG,-3.1871257111477265,0
G28H,NRRVIAMPSVRKWAREKGVDIRLVQGTHKNGRVLKEDIDAFLAG,-3.56016214212516,0
G28S,NRRVIAMPSVRKWAREKGVDIRLVQGTSKNGRVLKEDIDAFLAG,-2.477975875295628,0
G31A,NRRVIAMPSVRKWAREKGVDIRLVQGTGKNARVLKEDIDAFLAG,-1.2876340736966327,0
G31C,NRRVIAMPSVRKWAREKGVDIRLVQGTGKNCRVLKEDIDAFLAG,-0.7965689438162309,0
G31D,NRRVIAMPSVRKWAREKGVDIRLVQGTGKNDRVLKEDIDAFLAG,-1.469276539951576,0
G31E,NRRVIAMPSVRKWAREKGVDIRLVQGTGKNERVLKEDIDAFLAG,-1.4727628837422382,0
G31F,NRRVIAMPSVRKWAREKGVDIRLVQGTGKNFRVLKEDIDAFLAG,-0.9900955356640346,0
G31H,NRRVIAMPSVRKWAREKGVDIRLVQGTGKNHRVLKEDIDAFLAG,-0.9389086880731125,0
G31K,NRRVIAMPSVRKWAREKGVDIRLVQGTGKNKRVLKEDIDAFLAG,-0.9941197371710776,0
G31L,NRRVIAMPSVRKWAREKGVDIRLVQGTGKNLRVLKEDIDAFLAG,-1.5225369227078136,0
G31M,NRRVIAMPSVRKWAREKGVDIRLVQGTGKNMRVLKEDIDAFLAG,-1.18494415732399,0
G31N,NRRVIAMPSVRKWAREKGVDIRLVQGTGKNNRVLKEDIDAFLAG,-0.7591459397445119,0
G31Q,NRRVIAMPSVRKWAREKGVDIRLVQGTGKNQRVLKEDIDAFLAG,-1.0721477829777144,0
G31R,NRRVIAMPSVRKWAREKGVDIRLVQGTGKNRRVLKEDIDAFLAG,-1.010596624088969,0
G31S,NRRVIAMPSVRKWAREKGVDIRLVQGTGKNSRVLKEDIDAFLAG,-1.1562435516020124,0
G31T,NRRVIAMPSVRKWAREKGVDIRLVQGTGKNTRVLKEDIDAFLAG,-2.1683160565071806,0
G31W,NRRVIAMPSVRKWAREKGVDIRLVQGTGKNWRVLKEDIDAFLAG,-1.524082743518547,0
G31Y,NRRVIAMPSVRKWAREKGVDIRLVQGTGKNYRVLKEDIDAFLAG,-1.119703223638592,0
G44A,NRRVIAMPSVRKWAREKGVDIRLVQGTGKNGRVLKEDIDAFLAA,0.20360657793560394,1
G44C,NRRVIAMPSVRKWAREKGVDIRLVQGTGKNGRVLKEDIDAFLAC,-0.0861533484049337,1
G44D,NRRVIAMPSVRKWAREKGVDIRLVQGTGKNGRVLKEDIDAFLAD,-0.1084607323254767,1
G44E,NRRVIAMPSVRKWAREKGVDIRLVQGTGKNGRVLKEDIDAFLAE,0.0419984898488063,1
G44F,NRRVIAMPSVRKWAREKGVDIRLVQGTGKNGRVLKEDIDAFLAF,0.2666172781008991,1
G44H,NRRVIAMPSVRKWAREKGVDIRLVQGTGKNGRVLKEDIDAFLAH,0.0290535316276483,1
G44I,NRRVIAMPSVRKWAREKGVDIRLVQGTGKNGRVLKEDIDAFLAI,0.06628489867598605,1
G44K,NRRVIAMPSVRKWAREKGVDIRLVQGTGKNGRVLKEDIDAFLAK,0.0786754171872846,1
G44L,NRRVIAMPSVRKWAREKGVDIRLVQGTGKNGRVLKEDIDAFLAL,0.25506165712017576,1
G44M,NRRVIAMPSVRKWAREKGVDIRLVQGTGKNGRVLKEDIDAFLAM,0.0362175719764104,1
G44N,NRRVIAMPSVRKWAREKGVDIRLVQGTGKNGRVLKEDIDAFLAN,0.1293197462886897,1
G44P,NRRVIAMPSVRKWAREKGVDIRLVQGTGKNGRVLKEDIDAFLAP,-0.6029049310128896,0
G44Q,NRRVIAMPSVRKWAREKGVDIRLVQGTGKNGRVLKEDIDAFLAQ,0.131963621072219,1
G44R,NRRVIAMPSVRKWAREKGVDIRLVQGTGKNGRVLKEDIDAFLAR,0.21899840020333822,1
G44S,NRRVIAMPSVRKWAREKGVDIRLVQGTGKNGRVLKEDIDAFLAS,0.1566102193937668,1
G44T,NRRVIAMPSVRKWAREKGVDIRLVQGTGKNGRVLKEDIDAFLAT,0.0962374895031361,1
G44V,NRRVIAMPSVRKWAREKGVDIRLVQGTGKNGRVLKEDIDAFLAV,0.05337831457688485,1
G44W,NRRVIAMPSVRKWAREKGVDIRLVQGTGKNGRVLKEDIDAFLAW,0.22264247794922948,1
G44Y,NRRVIAMPSVRKWAREKGVDIRLVQGTGKNGRVLKEDIDAFLAY,0.16513898229769225,1
I21F,NRRVIAMPSVRKWAREKGVDFRLVQGTGKNGRVLKEDIDAFLAG,-1.892332433814094,0
I21L,NRRVIAMPSVRKWAREKGVDLRLVQGTGKNGRVLKEDIDAFLAG,-0.5699978799423571,0
I21M,NRRVIAMPSVRKWAREKGVDMRLVQGTGKNGRVLKEDIDAFLAG,-1.2306824268213972,0
I21P,NRRVIAMPSVRKWAREKGVDPRLVQGTGKNGRVLKEDIDAFLAG,-3.070411947746347,0
I21V,NRRVIAMPSVRKWAREKGVDVRLVQGTGKNGRVLKEDIDAFLAG,-1.210875765337076,0
I21W,NRRVIAMPSVRKWAREKGVDWRLVQGTGKNGRVLKEDIDAFLAG,-1.1097421250858968,0
I21Y,NRRVIAMPSVRKWAREKGVDYRLVQGTGKNGRVLKEDIDAFLAG,-1.7541736289253262,0
I38C,NRRVIAMPSVRKWAREKGVDIRLVQGTGKNGRVLKEDCDAFLAG,-3.376582268899096,0
I38L,NRRVIAMPSVRKWAREKGVDIRLVQGTGKNGRVLKEDLDAFLAG,-1.3747434542177532,0
I38V,NRRVIAMPSVRKWAREKGVDIRLVQGTGKNGRVLKEDVDAFLAG,-0.0849601767925842,1
I5A,NRRVAAMPSVRKWAREKGVDIRLVQGTGKNGRVLKEDIDAFLAG,-1.080042419920776,0
I5D,NRRVDAMPSVRKWAREKGVDIRLVQGTGKNGRVLKEDIDAFLAG,-0.9656189406927322,0
I5E,NRRVEAMPSVRKWAREKGVDIRLVQGTGKNGRVLKEDIDAFLAG,-0.932437109605293,0
I5F,NRRVFAMPSVRKWAREKGVDIRLVQGTGKNGRVLKEDIDAFLAG,-0.3929812816335998,1
I5G,NRRVGAMPSVRKWAREKGVDIRLVQGTGKNGRVLKEDIDAFLAG,-1.6321486370020772,0
I5H,NRRVHAMPSVRKWAREKGVDIRLVQGTGKNGRVLKEDIDAFLAG,-0.6141314969889922,0
I5K,NRRVKAMPSVRKWAREKGVDIRLVQGTGKNGRVLKEDIDAFLAG,-0.5050146974387975,0
I5L,NRRVLAMPSVRKWAREKGVDIRLVQGTGKNGRVLKEDIDAFLAG,-0.101886188358796,1
I5M,NRRVMAMPSVRKWAREKGVDIRLVQGTGKNGRVLKEDIDAFLAG,-0.5122640628505803,0
I5N,NRRVNAMPSVRKWAREKGVDIRLVQGTGKNGRVLKEDIDAFLAG,-0.403719351588808,1
I5P,NRRVPAMPSVRKWAREKGVDIRLVQGTGKNGRVLKEDIDAFLAG,-1.141756598128079,0
I5Q,NRRVQAMPSVRKWAREKGVDIRLVQGTGKNGRVLKEDIDAFLAG,-0.6429300967609186,0
I5R,NRRVRAMPSVRKWAREKGVDIRLVQGTGKNGRVLKEDIDAFLAG,-0.4009315400684841,1
I5S,NRRVSAMPSVRKWAREKGVDIRLVQGTGKNGRVLKEDIDAFLAG,-0.9110717850524768,0
I5T,NRRVTAMPSVRKWAREKGVDIRLVQGTGKNGRVLKEDIDAFLAG,-0.7177151082008577,0
I5V,NRRVVAMPSVRKWAREKGVDIRLVQGTGKNGRVLKEDIDAFLAG,-0.1896482784361937,1
I5W,NRRVWAMPSVRKWAREKGVDIRLVQGTGKNGRVLKEDIDAFLAG,-0.6945125634182705,0
I5Y,NRRVYAMPSVRKWAREKGVDIRLVQGTGKNGRVLKEDIDAFLAG,-0.4926218974764644,0
K12A,NRRVIAMPSVRAWAREKGVDIRLVQGTGKNGRVLKEDIDAFLAG,-0.3248806651475413,1
K12D,NRRVIAMPSVRDWAREKGVDIRLVQGTGKNGRVLKEDIDAFLAG,-0.7434154721644528,0
K12E,NRRVIAMPSVREWAREKGVDIRLVQGTGKNGRVLKEDIDAFLAG,-0.6314074878585743,0
K12F,NRRVIAMPSVRFWAREKGVDIRLVQGTGKNGRVLKEDIDAFLAG,-0.8766399149619148,0
K12G,NRRVIAMPSVRGWAREKGVDIRLVQGTGKNGRVLKEDIDAFLAG,-1.520431873564033,0
K12H,NRRVIAMPSVRHWAREKGVDIRLVQGTGKNGRVLKEDIDAFLAG,-0.775332462813024,0
K12I,NRRVIAMPSVRIWAREKGVDIRLVQGTGKNGRVLKEDIDAFLAG,-0.744934478484748,0
K12L,NRRVIAMPSVRLWAREKGVDIRLVQGTGKNGRVLKEDIDAFLAG,-0.5573768488734254,0
K12M,NRRVIAMPSVRMWAREKGVDIRLVQGTGKNGRVLKEDIDAFLAG,-0.6173812034600088,0
K12N,NRRVIAMPSVRNWAREKGVDIRLVQGTGKNGRVLKEDIDAFLAG,-0.7387523948849943,0
K12Q,NRRVIAMPSVRQWAREKGVDIRLVQGTGKNGRVLKEDIDAFLAG,-0.4705423562435427,0
K12R,NRRVIAMPSVRRWAREKGVDIRLVQGTGKNGRVLKEDIDAFLAG,-0.0112197893874639,1
K12S,NRRVIAMPSVRSWAREKGVDIRLVQGTGKNGRVLKEDIDAFLAG,-0.7676444999789274,0
K12T,NRRVIAMPSVRTWAREKGVDIRLVQGTGKNGRVLKEDIDAFLAG,-1.0086530019786766,0
K12V,NRRVIAMPSVRVWAREKGVDIRLVQGTGKNGRVLKEDIDAFLAG,-0.9866813498952398,0
K12W,NRRVIAMPSVRWWAREKGVDIRLVQGTGKNGRVLKEDIDAFLAG,-0.3909331199725621,1
K12Y,NRRVIAMPSVRYWAREKGVDIRLVQGTGKNGRVLKEDIDAFLAG,-0.869103385350728,0
K17A,NRRVIAMPSVRKWAREAGVDIRLVQGTGKNGRVLKEDIDAFLAG,-0.5124331391440067,0
K17C,NRRVIAMPSVRKWARECGVDIRLVQGTGKNGRVLKEDIDAFLAG,0.2543973761297384,1
K17E,NRRVIAMPSVRKWAREEGVDIRLVQGTGKNGRVLKEDIDAFLAG,-1.6998031017190924,0
K17F,NRRVIAMPSVRKWAREFGVDIRLVQGTGKNGRVLKEDIDAFLAG,-0.8859669556426746,0
K17G,NRRVIAMPSVRKWAREGGVDIRLVQGTGKNGRVLKEDIDAFLAG,-2.040827620791844,0
K17H,NRRVIAMPSVRKWAREHGVDIRLVQGTGKNGRVLKEDIDAFLAG,0.1226102932647323,1
K17I,NRRVIAMPSVRKWAREIGVDIRLVQGTGKNGRVLKEDIDAFLAG,-0.7156933713676168,0
K17L,NRRVIAMPSVRKWARELGVDIRLVQGTGKNGRVLKEDIDAFLAG,-0.0990456447127141,1
K17M,NRRVIAMPSVRKWAREMGVDIRLVQGTGKNGRVLKEDIDAFLAG,0.0702867265909121,1
K17N,NRRVIAMPSVRKWARENGVDIRLVQGTGKNGRVLKEDIDAFLAG,0.3248882143400178,1
K17Q,NRRVIAMPSVRKWAREQGVDIRLVQGTGKNGRVLKEDIDAFLAG,-0.1966815417171097,1
K17R,NRRVIAMPSVRKWARERGVDIRLVQGTGKNGRVLKEDIDAFLAG,-0.1613140586828829,1
K17S,NRRVIAMPSVRKWARESGVDIRLVQGTGKNGRVLKEDIDAFLAG,-0.5869463386531493,0
K17T,NRRVIAMPSVRKWARETGVDIRLVQGTGKNGRVLKEDIDAFLAG,-0.701825746097442,0
K17V,NRRVIAMPSVRKWAREVGVDIRLVQGTGKNGRVLKEDIDAFLAG,-0.2548772743327494,1
K17W,NRRVIAMPSVRKWAREWGVDIRLVQGTGKNGRVLKEDIDAFLAG,-0.4034138077344336,1
K17Y,NRRVIAMPSVRKWAREYGVDIRLVQGTGKNGRVLKEDIDAFLAG,-1.0462808731752684,0
K29A,NRRVIAMPSVRKWAREKGVDIRLVQGTGANGRVLKEDIDAFLAG,-0.2218899086545658,1
K29C,NRRVIAMPSVRKWAREKGVDIRLVQGTGCNGRVLKEDIDAFLAG,-0.474212752256594,0
K29D,NRRVIAMPSVRKWAREKGVDIRLVQGTGDNGRVLKEDIDAFLAG,-0.596977375353382,0
K29E,NRRVIAMPSVRKWAREKGVDIRLVQGTGENGRVLKEDIDAFLAG,-0.3818920518614552,1
K29F,NRRVIAMPSVRKWAREKGVDIRLVQGTGFNGRVLKEDIDAFLAG,-0.2337422087970884,1
K29G,NRRVIAMPSVRKWAREKGVDIRLVQGTGGNGRVLKEDIDAFLAG,-0.7189309139054003,0
K29H,NRRVIAMPSVRKWAREKGVDIRLVQGTGHNGRVLKEDIDAFLAG,-0.2934406490387773,1
K29I,NRRVIAMPSVRKWAREKGVDIRLVQGTGINGRVLKEDIDAFLAG,-0.3491592653344368,1
K29L,NRRVIAMPSVRKWAREKGVDIRLVQGTGLNGRVLKEDIDAFLAG,-0.3060956266570933,1
K29M,NRRVIAMPSVRKWAREKGVDIRLVQGTGMNGRVLKEDIDAFLAG,-0.2757211140401696,1
K29N,NRRVIAMPSVRKWAREKGVDIRLVQGTGNNGRVLKEDIDAFLAG,-0.5505569780503534,0
K29P,NRRVIAMPSVRKWAREKGVDIRLVQGTGPNGRVLKEDIDAFLAG,-0.1313420911233302,1
K29Q,NRRVIAMPSVRKWAREKGVDIRLVQGTGQNGRVLKEDIDAFLAG,-0.3566164666560314,1
K29R,NRRVIAMPSVRKWAREKGVDIRLVQGTGRNGRVLKEDIDAFLAG,-0.1394089821543453,1
K29S,NRRVIAMPSVRKWAREKGVDIRLVQGTGSNGRVLKEDIDAFLAG,-0.53968668502,0
K29T,NRRVIAMPSVRKWAREKGVDIRLVQGTGTNGRVLKEDIDAFLAG,-0.4411663340576419,0
K29V,NRRVIAMPSVRKWAREKGVDIRLVQGTGVNGRVLKEDIDAFLAG,-0.2218440075259153,1
K29W,NRRVIAMPSVRKWAREKGVDIRLVQGTGWNGRVLKEDIDAFLAG,-0.2863267121098958,1
K29Y,NRRVIAMPSVRKWAREKGVDIRLVQGTGYNGRVLKEDIDAFLAG,-0.2397504470733822,1
K35A,NRRVIAMPSVRKWAREKGVDIRLVQGTGKNGRVLAEDIDAFLAG,-1.0634358004171092,0
K35D,NRRVIAMPSVRKWAREKGVDIRLVQGTGKNGRVLDEDIDAFLAG,-2.7116181760505342,0
K35E,NRRVIAMPSVRKWAREKGVDIRLVQGTGKNGRVLEEDIDAFLAG,-1.4988715986753245,0
K35F,NRRVIAMPSVRKWAREKGVDIRLVQGTGKNGRVLFEDIDAFLAG,-0.7200043928683424,0
K35G,NRRVIAMPSVRKWAREKGVDIRLVQGTGKNGRVLGEDIDAFLAG,-2.1271776022409217,0
K35H,NRRVIAMPSVRKWAREKGVDIRLVQGTGKNGRVLHEDIDAFLAG,-0.5861818345116414,0
K35I,NRRVIAMPSVRKWAREKGVDIRLVQGTGKNGRVLIEDIDAFLAG,-0.5171204533228067,0
K35L,NRRVIAMPSVRKWAREKGVDIRLVQGTGKNGRVLLEDIDAFLAG,-0.51338093487003,0
K35M,NRRVIAMPSVRKWAREKGVDIRLVQGTGKNGRVLMEDIDAFLAG,-0.3396926159591302,1
K35N,NRRVIAMPSVRKWAREKGVDIRLVQGTGKNGRVLNEDIDAFLAG,-1.7101296902888166,0
K35P,NRRVIAMPSVRKWAREKGVDIRLVQGTGKNGRVLPEDIDAFLAG,-1.84081381348766,0
K35Q,NRRVIAMPSVRKWAREKGVDIRLVQGTGKNGRVLQEDIDAFLAG,-1.0082336455671386,0
K35R,NRRVIAMPSVRKWAREKGVDIRLVQGTGKNGRVLREDIDAFLAG,-0.3119067550665324,1
K35S,NRRVIAMPSVRKWAREKGVDIRLVQGTGKNGRVLSEDIDAFLAG,-1.4936145321786922,0
K35T,NRRVIAMPSVRKWAREKGVDIRLVQGTGKNGRVLTEDIDAFLAG,-1.267163305540082,0
K35V,NRRVIAMPSVRKWAREKGVDIRLVQGTGKNGRVLVEDIDAFLAG,-0.8305368491604372,0
K35W,NRRVIAMPSVRKWAREKGVDIRLVQGTGKNGRVLWEDIDAFLAG,-0.9655172357638064,0
K35Y,NRRVIAMPSVRKWAREKGVDIRLVQGTGKNGRVLYEDIDAFLAG,-1.103095587266984,0
L23A,NRRVIAMPSVRKWAREKGVDIRAVQGTGKNGRVLKEDIDAFLAG,-0.4513644382665909,0
L23A:G44C,NRRVIAMPSVRKWAREKGVDIRAVQGTGKNGRVLKEDIDAFLAC,-0.634333295782556,0
L23A:G44D,NRRVIAMPSVRKWAREKGVDIRAVQGTGKNGRVLKEDIDAFLAD,-0.4228267103166967,0
L23A:G44F,NRRVIAMPSVRKWAREKGVDIRAVQGTGKNGRVLKEDIDAFLAF,0.0028354945579662,1
L23A:G44I,NRRVIAMPSVRKWAREKGVDIRAVQGTGKNGRVLKEDIDAFLAI,-0.3119791928284572,1
L23A:G44M,NRRVIAMPSVRKWAREKGVDIRAVQGTGKNGRVLKEDIDAFLAM,-0.0562700726901521,1
L23A:G44N,NRRVIAMPSVRKWAREKGVDIRAVQGTGKNGRVLKEDIDAFLAN,-0.3925230849249921,1
L23A:G44P,NRRVIAMPSVRKWAREKGVDIRAVQGTGKNGRVLKEDIDAFLAP,-1.2212739556242893,0
L23A:G44S,NRRVIAMPSVRKWAREKGVDIRAVQGTGKNGRVLKEDIDAFLAS,-0.3163319467096235,1
L23A:G44T,NRRVIAMPSVRKWAREKGVDIRAVQGTGKNGRVLKEDIDAFLAT,-0.3545644139302215,1
L23A:G44V,NRRVIAMPSVRKWAREKGVDIRAVQGTGKNGRVLKEDIDAFLAV,-0.5139097543501747,0
L23C,NRRVIAMPSVRKWAREKGVDIRCVQGTGKNGRVLKEDIDAFLAG,-0.12553647004647783,1
L23C:G44E,NRRVIAMPSVRKWAREKGVDIRCVQGTGKNGRVLKEDIDAFLAE,-0.0158137913899807,1
L23C:G44F,NRRVIAMPSVRKWAREKGVDIRCVQGTGKNGRVLKEDIDAFLAF,0.2519479597223144,1
L23C:G44I,NRRVIAMPSVRKWAREKGVDIRCVQGTGKNGRVLKEDIDAFLAI,-0.0207989390551617,1
L23C:G44K,NRRVIAMPSVRKWAREKGVDIRCVQGTGKNGRVLKEDIDAFLAK,0.116694410293916,1
L23C:G44L,NRRVIAMPSVRKWAREKGVDIRCVQGTGKNGRVLKEDIDAFLAL,0.0324801725765757,1
L23C:G44N,NRRVIAMPSVRKWAREKGVDIRCVQGTGKNGRVLKEDIDAFLAN,0.2579490622494087,1
L23C:G44Q,NRRVIAMPSVRKWAREKGVDIRCVQGTGKNGRVLKEDIDAFLAQ,0.0103762963716445,1
L23C:G44T,NRRVIAMPSVRKWAREKGVDIRCVQGTGKNGRVLKEDIDAFLAT,0.0188715750410741,1
L23C:G44V,NRRVIAMPSVRKWAREKGVDIRCVQGTGKNGRVLKEDIDAFLAV,-0.0283793276487296,1
L23C:G44Y,NRRVIAMPSVRKWAREKGVDIRCVQGTGKNGRVLKEDIDAFLAY,0.1994652773119973,1
L23D,NRRVIAMPSVRKWAREKGVDIRDVQGTGKNGRVLKEDIDAFLAG,-0.4987395653938276,0
L23D:G44A,NRRVIAMPSVRKWAREKGVDIRDVQGTGKNGRVLKEDIDAFLAA,-0.3882943898967399,1
L23D:G44E,NRRVIAMPSVRKWAREKGVDIRDVQGTGKNGRVLKEDIDAFLAE,-0.6206726691891253,0
L23D:G44I,NRRVIAMPSVRKWAREKGVDIRDVQGTGKNGRVLKEDIDAFLAI,-0.5350558212946086,0
L23D:G44L,NRRVIAMPSVRKWAREKGVDIRDVQGTGKNGRVLKEDIDAFLAL,-0.4545135445028423,0
L23D:G44M,NRRVIAMPSVRKWAREKGVDIRDVQGTGKNGRVLKEDIDAFLAM,-0.3038200609229253,1
L23D:G44P,NRRVIAMPSVRKWAREKGVDIRDVQGTGKNGRVLKEDIDAFLAP,-1.1667517847190592,0
L23D:G44Q,NRRVIAMPSVRKWAREKGVDIRDVQGTGKNGRVLKEDIDAFLAQ,-0.3786922492604212,1
L23D:G44R,NRRVIAMPSVRKWAREKGVDIRDVQGTGKNGRVLKEDIDAFLAR,-0.2843816721323957,1
L23D:G44S,NRRVIAMPSVRKWAREKGVDIRDVQGTGKNGRVLKEDIDAFLAS,-0.0559423451806919,1
L23D:G44T,NRRVIAMPSVRKWAREKGVDIRDVQGTGKNGRVLKEDIDAFLAT,-0.461720479906055,0
L23D:G44Y,NRRVIAMPSVRKWAREKGVDIRDVQGTGKNGRVLKEDIDAFLAY,-0.4174996969594708,0
L23E,NRRVIAMPSVRKWAREKGVDIREVQGTGKNGRVLKEDIDAFLAG,-0.46701103179231374,0
L23E:G44A,NRRVIAMPSVRKWAREKGVDIREVQGTGKNGRVLKEDIDAFLAA,-0.1646502150335447,1
L23E:G44D,NRRVIAMPSVRKWAREKGVDIREVQGTGKNGRVLKEDIDAFLAD,-0.685806331645598,0
L23E:G44F,NRRVIAMPSVRKWAREKGVDIREVQGTGKNGRVLKEDIDAFLAF,-0.0688747415494841,1
L23E:G44H,NRRVIAMPSVRKWAREKGVDIREVQGTGKNGRVLKEDIDAFLAH,-0.3138993970951382,1
L23E:G44K,NRRVIAMPSVRKWAREKGVDIREVQGTGKNGRVLKEDIDAFLAK,-0.0542508426883339,1
L23E:G44L,NRRVIAMPSVRKWAREKGVDIREVQGTGKNGRVLKEDIDAFLAL,-0.2073764342643063,1
L23E:G44M,NRRVIAMPSVRKWAREKGVDIREVQGTGKNGRVLKEDIDAFLAM,-0.3108928763989054,1
L23E:G44N,NRRVIAMPSVRKWAREKGVDIREVQGTGKNGRVLKEDIDAFLAN,-0.2217967726521861,1
L23E:G44P,NRRVIAMPSVRKWAREKGVDIREVQGTGKNGRVLKEDIDAFLAP,-1.018252340737975,0
L23E:G44R,NRRVIAMPSVRKWAREKGVDIREVQGTGKNGRVLKEDIDAFLAR,-0.2955519872630825,1
L23E:G44S,NRRVIAMPSVRKWAREKGVDIREVQGTGKNGRVLKEDIDAFLAS,-0.3979413574201835,1
L23E:G44T,NRRVIAMPSVRKWAREKGVDIREVQGTGKNGRVLKEDIDAFLAT,-0.5713295992455203,0
L23E:G44V,NRRVIAMPSVRKWAREKGVDIREVQGTGKNGRVLKEDIDAFLAV,-0.4418573978024382,0
L23F,NRRVIAMPSVRKWAREKGVDIRFVQGTGKNGRVLKEDIDAFLAG,-0.3355642769785398,1
L23F:G44C,NRRVIAMPSVRKWAREKGVDIRFVQGTGKNGRVLKEDIDAFLAC,-0.0997437853245486,1
L23F:G44D,NRRVIAMPSVRKWAREKGVDIRFVQGTGKNGRVLKEDIDAFLAD,-0.5022299724508539,0
L23F:G44E,NRRVIAMPSVRKWAREKGVDIRFVQGTGKNGRVLKEDIDAFLAE,-0.326680100139467,1
L23F:G44F,NRRVIAMPSVRKWAREKGVDIRFVQGTGKNGRVLKEDIDAFLAF,-0.0953063077930584,1
L23F:G44K,NRRVIAMPSVRKWAREKGVDIRFVQGTGKNGRVLKEDIDAFLAK,-0.0028243587767566,1
L23F:G44M,NRRVIAMPSVRKWAREKGVDIRFVQGTGKNGRVLKEDIDAFLAM,-0.0276285595246372,1
L23F:G44N,NRRVIAMPSVRKWAREKGVDIRFVQGTGKNGRVLKEDIDAFLAN,-0.1571064668436532,1
L23F:G44R,NRRVIAMPSVRKWAREKGVDIRFVQGTGKNGRVLKEDIDAFLAR,-0.0501990297170618,1
L23F:G44V,NRRVIAMPSVRKWAREKGVDIRFVQGTGKNGRVLKEDIDAFLAV,-0.1385049581921342,1
L23F:G44W,NRRVIAMPSVRKWAREKGVDIRFVQGTGKNGRVLKEDIDAFLAW,0.1290474777191876,1
L23G,NRRVIAMPSVRKWAREKGVDIRGVQGTGKNGRVLKEDIDAFLAG,-0.984041330243664,0
L23G:G44D,NRRVIAMPSVRKWAREKGVDIRGVQGTGKNGRVLKEDIDAFLAD,-1.0976783605349238,0
L23G:G44E,NRRVIAMPSVRKWAREKGVDIRGVQGTGKNGRVLKEDIDAFLAE,-0.9611102450208128,0
L23G:G44F,NRRVIAMPSVRKWAREKGVDIRGVQGTGKNGRVLKEDIDAFLAF,-0.8572322386126745,0
L23G:G44H,NRRVIAMPSVRKWAREKGVDIRGVQGTGKNGRVLKEDIDAFLAH,-1.001488330214651,0
L23G:G44I,NRRVIAMPSVRKWAREKGVDIRGVQGTGKNGRVLKEDIDAFLAI,-0.8675216011160769,0
L23G:G44K,NRRVIAMPSVRKWAREKGVDIRGVQGTGKNGRVLKEDIDAFLAK,-0.685181440265042,0
L23G:G44L,NRRVIAMPSVRKWAREKGVDIRGVQGTGKNGRVLKEDIDAFLAL,-0.6234775077563826,0
L23G:G44M,NRRVIAMPSVRKWAREKGVDIRGVQGTGKNGRVLKEDIDAFLAM,-0.8961757818133076,0
L23G:G44P,NRRVIAMPSVRKWAREKGVDIRGVQGTGKNGRVLKEDIDAFLAP,-2.053841112107283,0
L23G:G44Q,NRRVIAMPSVRKWAREKGVDIRGVQGTGKNGRVLKEDIDAFLAQ,-0.8218602115927114,0
L23G:G44S,NRRVIAMPSVRKWAREKGVDIRGVQGTGKNGRVLKEDIDAFLAS,-1.0658040788109369,0
L23G:G44V,NRRVIAMPSVRKWAREKGVDIRGVQGTGKNGRVLKEDIDAFLAV,-1.0624704948129975,0
L23G:G44W,NRRVIAMPSVRKWAREKGVDIRGVQGTGKNGRVLKEDIDAFLAW,-0.8859806023891175,0
L23G:G44Y,NRRVIAMPSVRKWAREKGVDIRGVQGTGKNGRVLKEDIDAFLAY,-1.0443572896952609,0
L23H,NRRVIAMPSVRKWAREKGVDIRHVQGTGKNGRVLKEDIDAFLAG,-0.4757821450108856,0
L23H:G44A,NRRVIAMPSVRKWAREKGVDIRHVQGTGKNGRVLKEDIDAFLAA,-0.1899794598307362,1
L23H:G44C,NRRVIAMPSVRKWAREKGVDIRHVQGTGKNGRVLKEDIDAFLAC,-0.3001515283541724,1
L23H:G44D,NRRVIAMPSVRKWAREKGVDIRHVQGTGKNGRVLKEDIDAFLAD,-0.6539932296072837,0
L23H:G44E,NRRVIAMPSVRKWAREKGVDIRHVQGTGKNGRVLKEDIDAFLAE,-0.5043210179336954,0
L23H:G44H,NRRVIAMPSVRKWAREKGVDIRHVQGTGKNGRVLKEDIDAFLAH,-0.6316787932937276,0
L23H:G44I,NRRVIAMPSVRKWAREKGVDIRHVQGTGKNGRVLKEDIDAFLAI,-0.4632947020055336,0
L23H:G44K,NRRVIAMPSVRKWAREKGVDIRHVQGTGKNGRVLKEDIDAFLAK,-0.1437341659649136,1
L23H:G44L,NRRVIAMPSVRKWAREKGVDIRHVQGTGKNGRVLKEDIDAFLAL,-0.2404696556771131,1
L23H:G44M,NRRVIAMPSVRKWAREKGVDIRHVQGTGKNGRVLKEDIDAFLAM,-0.0752556325982807,1
L23H:G44N,NRRVIAMPSVRKWAREKGVDIRHVQGTGKNGRVLKEDIDAFLAN,-0.2858330560298951,1
L23H:G44P,NRRVIAMPSVRKWAREKGVDIRHVQGTGKNGRVLKEDIDAFLAP,-1.0782510776940808,0
L23H:G44Q,NRRVIAMPSVRKWAREKGVDIRHVQGTGKNGRVLKEDIDAFLAQ,-0.3656562489479142,1
L23H:G44T,NRRVIAMPSVRKWAREKGVDIRHVQGTGKNGRVLKEDIDAFLAT,-0.49863376728895,0
L23H:G44V,NRRVIAMPSVRKWAREKGVDIRHVQGTGKNGRVLKEDIDAFLAV,-0.9923137448287322,0
L23I,NRRVIAMPSVRKWAREKGVDIRIVQGTGKNGRVLKEDIDAFLAG,-0.44345680092659645,0
L23I:G44C,NRRVIAMPSVRKWAREKGVDIRIVQGTGKNGRVLKEDIDAFLAC,-0.6379122945990421,0
L23I:G44D,NRRVIAMPSVRKWAREKGVDIRIVQGTGKNGRVLKEDIDAFLAD,-0.6087801361580749,0
L23I:G44E,NRRVIAMPSVRKWAREKGVDIRIVQGTGKNGRVLKEDIDAFLAE,-0.6123626654962386,0
L23I:G44F,NRRVIAMPSVRKWAREKGVDIRIVQGTGKNGRVLKEDIDAFLAF,-0.2650631768279083,1
L23I:G44H,NRRVIAMPSVRKWAREKGVDIRIVQGTGKNGRVLKEDIDAFLAH,-0.4917503799092397,0
L23I:G44K,NRRVIAMPSVRKWAREKGVDIRIVQGTGKNGRVLKEDIDAFLAK,-0.2561420916612453,1
L23I:G44L,NRRVIAMPSVRKWAREKGVDIRIVQGTGKNGRVLKEDIDAFLAL,-0.3979334352597572,1
L23I:G44M,NRRVIAMPSVRKWAREKGVDIRIVQGTGKNGRVLKEDIDAFLAM,-0.2905969446668703,1
L23I:G44P,NRRVIAMPSVRKWAREKGVDIRIVQGTGKNGRVLKEDIDAFLAP,-1.1263777177328986,0
L23I:G44T,NRRVIAMPSVRKWAREKGVDIRIVQGTGKNGRVLKEDIDAFLAT,-0.3695791044122454,1
L23I:G44V,NRRVIAMPSVRKWAREKGVDIRIVQGTGKNGRVLKEDIDAFLAV,-0.2266320048916572,1
L23I:G44W,NRRVIAMPSVRKWAREKGVDIRIVQGTGKNGRVLKEDIDAFLAW,-0.0117996943338445,1
L23I:G44Y,NRRVIAMPSVRKWAREKGVDIRIVQGTGKNGRVLKEDIDAFLAY,-0.3696977425335159,1
L23K,NRRVIAMPSVRKWAREKGVDIRKVQGTGKNGRVLKEDIDAFLAG,-0.1916962231464114,1
L23K:G44A,NRRVIAMPSVRKWAREKGVDIRKVQGTGKNGRVLKEDIDAFLAA,-0.1402068389619146,1
L23K:G44C,NRRVIAMPSVRKWAREKGVDIRKVQGTGKNGRVLKEDIDAFLAC,-0.0814689390950684,1
L23K:G44D,NRRVIAMPSVRKWAREKGVDIRKVQGTGKNGRVLKEDIDAFLAD,-0.4020023352729915,1
L23K:G44E,NRRVIAMPSVRKWAREKGVDIRKVQGTGKNGRVLKEDIDAFLAE,-0.2309658855062268,1
L23K:G44F,NRRVIAMPSVRKWAREKGVDIRKVQGTGKNGRVLKEDIDAFLAF,0.2671606691243147,1
L23K:G44H,NRRVIAMPSVRKWAREKGVDIRKVQGTGKNGRVLKEDIDAFLAH,-0.0850713866624239,1
L23K:G44K,NRRVIAMPSVRKWAREKGVDIRKVQGTGKNGRVLKEDIDAFLAK,-0.122408038121732,1
L23K:G44N,NRRVIAMPSVRKWAREKGVDIRKVQGTGKNGRVLKEDIDAFLAN,-0.1099915345175288,1
L23K:G44P,NRRVIAMPSVRKWAREKGVDIRKVQGTGKNGRVLKEDIDAFLAP,-0.844600570585194,0
L23K:G44Q,NRRVIAMPSVRKWAREKGVDIRKVQGTGKNGRVLKEDIDAFLAQ,0.0003730340561265,1
L23K:G44R,NRRVIAMPSVRKWAREKGVDIRKVQGTGKNGRVLKEDIDAFLAR,0.0463190559172383,1
L23K:G44T,NRRVIAMPSVRKWAREKGVDIRKVQGTGKNGRVLKEDIDAFLAT,-0.2450862505902069,1
L23K:G44V,NRRVIAMPSVRKWAREKGVDIRKVQGTGKNGRVLKEDIDAFLAV,-0.134395917990358,1
L23K:G44W,NRRVIAMPSVRKWAREKGVDIRKVQGTGKNGRVLKEDIDAFLAW,0.0453348337805472,1
L23K:G44Y,NRRVIAMPSVRKWAREKGVDIRKVQGTGKNGRVLKEDIDAFLAY,0.0917186377031016,1
L23M,NRRVIAMPSVRKWAREKGVDIRMVQGTGKNGRVLKEDIDAFLAG,-0.0733736479265791,1
L23M:G44D,NRRVIAMPSVRKWAREKGVDIRMVQGTGKNGRVLKEDIDAFLAD,-0.1359716835870466,1
L23M:G44E,NRRVIAMPSVRKWAREKGVDIRMVQGTGKNGRVLKEDIDAFLAE,0.0122456507976158,1
L23M:G44K,NRRVIAMPSVRKWAREKGVDIRMVQGTGKNGRVLKEDIDAFLAK,0.2916254162014908,1
L23M:G44L,NRRVIAMPSVRKWAREKGVDIRMVQGTGKNGRVLKEDIDAFLAL,0.1732052176320038,1
L23M:G44Q,NRRVIAMPSVRKWAREKGVDIRMVQGTGKNGRVLKEDIDAFLAQ,-0.0790008381063085,1
L23M:G44R,NRRVIAMPSVRKWAREKGVDIRMVQGTGKNGRVLKEDIDAFLAR,0.2506092994252742,1
L23M:G44V,NRRVIAMPSVRKWAREKGVDIRMVQGTGKNGRVLKEDIDAFLAV,0.0777002308238121,1
L23M:G44Y,NRRVIAMPSVRKWAREKGVDIRMVQGTGKNGRVLKEDIDAFLAY,0.1147311388192662,1
L23N,NRRVIAMPSVRKWAREKGVDIRNVQGTGKNGRVLKEDIDAFLAG,-0.4359248997423344,0
L23N:G44A,NRRVIAMPSVRKWAREKGVDIRNVQGTGKNGRVLKEDIDAFLAA,-0.497841460868988,0
L23N:G44D,NRRVIAMPSVRKWAREKGVDIRNVQGTGKNGRVLKEDIDAFLAD,-0.5020892099279664,0
L23N:G44E,NRRVIAMPSVRKWAREKGVDIRNVQGTGKNGRVLKEDIDAFLAE,-0.6690427099584384,0
L23N:G44F,NRRVIAMPSVRKWAREKGVDIRNVQGTGKNGRVLKEDIDAFLAF,0.0211074536727062,1
L23N:G44H,NRRVIAMPSVRKWAREKGVDIRNVQGTGKNGRVLKEDIDAFLAH,-0.1630904769602126,1
L23N:G44I,NRRVIAMPSVRKWAREKGVDIRNVQGTGKNGRVLKEDIDAFLAI,-0.2634962130015816,1
L23N:G44M,NRRVIAMPSVRKWAREKGVDIRNVQGTGKNGRVLKEDIDAFLAM,-0.0525755693598632,1
L23N:G44N,NRRVIAMPSVRKWAREKGVDIRNVQGTGKNGRVLKEDIDAFLAN,-0.1944495136407433,1
L23N:G44P,NRRVIAMPSVRKWAREKGVDIRNVQGTGKNGRVLKEDIDAFLAP,-1.4527452298056185,0
L23N:G44Q,NRRVIAMPSVRKWAREKGVDIRNVQGTGKNGRVLKEDIDAFLAQ,-0.2223037176939239,1
L23N:G44R,NRRVIAMPSVRKWAREKGVDIRNVQGTGKNGRVLKEDIDAFLAR,-0.493653123788432,0
L23N:G44W,NRRVIAMPSVRKWAREKGVDIRNVQGTGKNGRVLKEDIDAFLAW,-0.3343528008241243,1
L23N:G44Y,NRRVIAMPSVRKWAREKGVDIRNVQGTGKNGRVLKEDIDAFLAY,-0.2687990066604104,1
L23Q,NRRVIAMPSVRKWAREKGVDIRQVQGTGKNGRVLKEDIDAFLAG,-0.2274909074916493,1
L23Q:G44A,NRRVIAMPSVRKWAREKGVDIRQVQGTGKNGRVLKEDIDAFLAA,-0.1380997300027506,1
L23Q:G44C,NRRVIAMPSVRKWAREKGVDIRQVQGTGKNGRVLKEDIDAFLAC,-0.2566341419811619,1
L23Q:G44F,NRRVIAMPSVRKWAREKGVDIRQVQGTGKNGRVLKEDIDAFLAF,0.0518983266717709,1
L23Q:G44H,NRRVIAMPSVRKWAREKGVDIRQVQGTGKNGRVLKEDIDAFLAH,-0.168108121173458,1
L23Q:G44I,NRRVIAMPSVRKWAREKGVDIRQVQGTGKNGRVLKEDIDAFLAI,-0.290927413404602,1
L23Q:G44K,NRRVIAMPSVRKWAREKGVDIRQVQGTGKNGRVLKEDIDAFLAK,-0.1111286340711572,1
L23Q:G44L,NRRVIAMPSVRKWAREKGVDIRQVQGTGKNGRVLKEDIDAFLAL,0.0148074431581215,1
L23Q:G44M,NRRVIAMPSVRKWAREKGVDIRQVQGTGKNGRVLKEDIDAFLAM,-0.0732296204007885,1
L23Q:G44P,NRRVIAMPSVRKWAREKGVDIRQVQGTGKNGRVLKEDIDAFLAP,-0.918275242892931,0
L23Q:G44Q,NRRVIAMPSVRKWAREKGVDIRQVQGTGKNGRVLKEDIDAFLAQ,-0.0921561058871942,1
L23Q:G44R,NRRVIAMPSVRKWAREKGVDIRQVQGTGKNGRVLKEDIDAFLAR,0.1744995534402864,1
L23Q:G44S,NRRVIAMPSVRKWAREKGVDIRQVQGTGKNGRVLKEDIDAFLAS,-0.2619238268257482,1
L23Q:G44V,NRRVIAMPSVRKWAREKGVDIRQVQGTGKNGRVLKEDIDAFLAV,-0.1941347366611951,1
L23Q:G44W,NRRVIAMPSVRKWAREKGVDIRQVQGTGKNGRVLKEDIDAFLAW,-0.1891627946168288,1
L23Q:G44Y,NRRVIAMPSVRKWAREKGVDIRQVQGTGKNGRVLKEDIDAFLAY,-0.1949976527925865,1
L23R,NRRVIAMPSVRKWAREKGVDIRRVQGTGKNGRVLKEDIDAFLAG,-0.2338122331455503,1
L23R:G44A,NRRVIAMPSVRKWAREKGVDIRRVQGTGKNGRVLKEDIDAFLAA,-0.442761483402724,0
L23R:G44D,NRRVIAMPSVRKWAREKGVDIRRVQGTGKNGRVLKEDIDAFLAD,-0.510059319973414,0
L23R:G44F,NRRVIAMPSVRKWAREKGVDIRRVQGTGKNGRVLKEDIDAFLAF,-0.1243071553419921,1
L23R:G44H,NRRVIAMPSVRKWAREKGVDIRRVQGTGKNGRVLKEDIDAFLAH,-0.1803487052945254,1
L23R:G44K,NRRVIAMPSVRKWAREKGVDIRRVQGTGKNGRVLKEDIDAFLAK,0.1059666557811631,1
L23R:G44L,NRRVIAMPSVRKWAREKGVDIRRVQGTGKNGRVLKEDIDAFLAL,-0.4518719039429042,0
L23R:G44N,NRRVIAMPSVRKWAREKGVDIRRVQGTGKNGRVLKEDIDAFLAN,-0.2462331612471522,1
L23R:G44P,NRRVIAMPSVRKWAREKGVDIRRVQGTGKNGRVLKEDIDAFLAP,-0.8680383966121352,0
L23R:G44Q,NRRVIAMPSVRKWAREKGVDIRRVQGTGKNGRVLKEDIDAFLAQ,-0.0860303752438014,1
L23R:G44R,NRRVIAMPSVRKWAREKGVDIRRVQGTGKNGRVLKEDIDAFLAR,-0.0218261611104866,1
L23R:G44S,NRRVIAMPSVRKWAREKGVDIRRVQGTGKNGRVLKEDIDAFLAS,-0.1640032303737983,1
L23R:G44V,NRRVIAMPSVRKWAREKGVDIRRVQGTGKNGRVLKEDIDAFLAV,-0.3663621851318916,1
L23R:G44Y,NRRVIAMPSVRKWAREKGVDIRRVQGTGKNGRVLKEDIDAFLAY,-0.1104923321988762,1
L23S,NRRVIAMPSVRKWAREKGVDIRSVQGTGKNGRVLKEDIDAFLAG,-0.5101859070428989,0
L23S:G44A,NRRVIAMPSVRKWAREKGVDIRSVQGTGKNGRVLKEDIDAFLAA,-0.2751114662211416,1
L23S:G44C,NRRVIAMPSVRKWAREKGVDIRSVQGTGKNGRVLKEDIDAFLAC,-0.2609110138100345,1
L23S:G44E,NRRVIAMPSVRKWAREKGVDIRSVQGTGKNGRVLKEDIDAFLAE,-0.6074397282230004,0
L23S:G44H,NRRVIAMPSVRKWAREKGVDIRSVQGTGKNGRVLKEDIDAFLAH,-0.5393470553598556,0
L23S:G44L,NRRVIAMPSVRKWAREKGVDIRSVQGTGKNGRVLKEDIDAFLAL,-0.1380999386325094,1
L23S:G44M,NRRVIAMPSVRKWAREKGVDIRSVQGTGKNGRVLKEDIDAFLAM,-0.3215681724851036,1
L23S:G44N,NRRVIAMPSVRKWAREKGVDIRSVQGTGKNGRVLKEDIDAFLAN,-0.408006184889806,1
L23S:G44P,NRRVIAMPSVRKWAREKGVDIRSVQGTGKNGRVLKEDIDAFLAP,-1.281538600272373,0
L23S:G44Q,NRRVIAMPSVRKWAREKGVDIRSVQGTGKNGRVLKEDIDAFLAQ,-0.5473142109235947,0
L23S:G44R,NRRVIAMPSVRKWAREKGVDIRSVQGTGKNGRVLKEDIDAFLAR,-0.3344778959903398,1
L23S:G44S,NRRVIAMPSVRKWAREKGVDIRSVQGTGKNGRVLKEDIDAFLAS,-0.318018553914428,1
L23S:G44V,NRRVIAMPSVRKWAREKGVDIRSVQGTGKNGRVLKEDIDAFLAV,-0.5406685635204349,0
L23S:G44W,NRRVIAMPSVRKWAREKGVDIRSVQGTGKNGRVLKEDIDAFLAW,-0.5041111581388731,0
L23S:G44Y,NRRVIAMPSVRKWAREKGVDIRSVQGTGKNGRVLKEDIDAFLAY,-0.3298435234292753,1
L23T,NRRVIAMPSVRKWAREKGVDIRTVQGTGKNGRVLKEDIDAFLAG,-0.9495404233980705,0
L23T:G44C,NRRVIAMPSVRKWAREKGVDIRTVQGTGKNGRVLKEDIDAFLAC,-1.357635167699903,0
L23T:G44E,NRRVIAMPSVRKWAREKGVDIRTVQGTGKNGRVLKEDIDAFLAE,-0.8331999565655124,0
L23T:G44F,NRRVIAMPSVRKWAREKGVDIRTVQGTGKNGRVLKEDIDAFLAF,-0.4337300829221817,0
L23T:G44H,NRRVIAMPSVRKWAREKGVDIRTVQGTGKNGRVLKEDIDAFLAH,-0.7435798148905024,0
L23T:G44I,NRRVIAMPSVRKWAREKGVDIRTVQGTGKNGRVLKEDIDAFLAI,-0.5501178334593773,0
L23T:G44K,NRRVIAMPSVRKWAREKGVDIRTVQGTGKNGRVLKEDIDAFLAK,-0.1647926164420114,1
L23T:G44L,NRRVIAMPSVRKWAREKGVDIRTVQGTGKNGRVLKEDIDAFLAL,-0.4710249195021383,0
L23T:G44M,NRRVIAMPSVRKWAREKGVDIRTVQGTGKNGRVLKEDIDAFLAM,-0.4849871685930402,0
L23T:G44N,NRRVIAMPSVRKWAREKGVDIRTVQGTGKNGRVLKEDIDAFLAN,-0.3616253471266613,1
L23T:G44P,NRRVIAMPSVRKWAREKGVDIRTVQGTGKNGRVLKEDIDAFLAP,-1.4699156904864223,0
L23T:G44R,NRRVIAMPSVRKWAREKGVDIRTVQGTGKNGRVLKEDIDAFLAR,-0.2004758133689606,1
L23T:G44S,NRRVIAMPSVRKWAREKGVDIRTVQGTGKNGRVLKEDIDAFLAS,-0.4988469444073296,0
L23T:G44T,NRRVIAMPSVRKWAREKGVDIRTVQGTGKNGRVLKEDIDAFLAT,-0.7555846045178525,0
L23T:G44Y,NRRVIAMPSVRKWAREKGVDIRTVQGTGKNGRVLKEDIDAFLAY,-0.5970696588929587,0
L23V,NRRVIAMPSVRKWAREKGVDIRVVQGTGKNGRVLKEDIDAFLAG,-0.38535885478169507,1
L23V:G44D,NRRVIAMPSVRKWAREKGVDIRVVQGTGKNGRVLKEDIDAFLAD,-0.5808666840660943,0
L23V:G44E,NRRVIAMPSVRKWAREKGVDIRVVQGTGKNGRVLKEDIDAFLAE,-0.6770625760366689,0
L23V:G44F,NRRVIAMPSVRKWAREKGVDIRVVQGTGKNGRVLKEDIDAFLAF,-0.115718669330926,1
L23V:G44H,NRRVIAMPSVRKWAREKGVDIRVVQGTGKNGRVLKEDIDAFLAH,-0.4008434617546301,1
L23V:G44I,NRRVIAMPSVRKWAREKGVDIRVVQGTGKNGRVLKEDIDAFLAI,-0.4780271848130506,0
L23V:G44L,NRRVIAMPSVRKWAREKGVDIRVVQGTGKNGRVLKEDIDAFLAL,-0.0884053370177051,1
L23V:G44N,NRRVIAMPSVRKWAREKGVDIRVVQGTGKNGRVLKEDIDAFLAN,-0.4967608379430199,0
L23V:G44P,NRRVIAMPSVRKWAREKGVDIRVVQGTGKNGRVLKEDIDAFLAP,-0.9754730612510036,0
L23V:G44Q,NRRVIAMPSVRKWAREKGVDIRVVQGTGKNGRVLKEDIDAFLAQ,-0.2539040681552142,1
L23V:G44V,NRRVIAMPSVRKWAREKGVDIRVVQGTGKNGRVLKEDIDAFLAV,-0.3033497649675909,1
L23V:G44W,NRRVIAMPSVRKWAREKGVDIRVVQGTGKNGRVLKEDIDAFLAW,-0.2733364249165935,1
L23V:G44Y,NRRVIAMPSVRKWAREKGVDIRVVQGTGKNGRVLKEDIDAFLAY,-0.2245437577836559,1
L23W,NRRVIAMPSVRKWAREKGVDIRWVQGTGKNGRVLKEDIDAFLAG,-0.4140257336057098,1
L23W:G44A,NRRVIAMPSVRKWAREKGVDIRWVQGTGKNGRVLKEDIDAFLAA,-0.2648155163739276,1
L23W:G44E,NRRVIAMPSVRKWAREKGVDIRWVQGTGKNGRVLKEDIDAFLAE,-0.5653174318872063,0
L23W:G44I,NRRVIAMPSVRKWAREKGVDIRWVQGTGKNGRVLKEDIDAFLAI,-0.4002118344991521,1
L23W:G44K,NRRVIAMPSVRKWAREKGVDIRWVQGTGKNGRVLKEDIDAFLAK,-0.3113290518101852,1
L23W:G44L,NRRVIAMPSVRKWAREKGVDIRWVQGTGKNGRVLKEDIDAFLAL,-0.067563139091864,1
L23W:G44M,NRRVIAMPSVRKWAREKGVDIRWVQGTGKNGRVLKEDIDAFLAM,-0.375861373206714,1
L23W:G44N,NRRVIAMPSVRKWAREKGVDIRWVQGTGKNGRVLKEDIDAFLAN,-0.0923320431970458,1
L23W:G44P,NRRVIAMPSVRKWAREKGVDIRWVQGTGKNGRVLKEDIDAFLAP,-1.2578061823593276,0
L23W:G44R,NRRVIAMPSVRKWAREKGVDIRWVQGTGKNGRVLKEDIDAFLAR,-0.1609078729975914,1
L23W:G44T,NRRVIAMPSVRKWAREKGVDIRWVQGTGKNGRVLKEDIDAFLAT,-0.2228256308541913,1
L23W:G44W,NRRVIAMPSVRKWAREKGVDIRWVQGTGKNGRVLKEDIDAFLAW,-0.1655103442414205,1
L23W:G44Y,NRRVIAMPSVRKWAREKGVDIRWVQGTGKNGRVLKEDIDAFLAY,-0.4096842931795721,1
L23Y,NRRVIAMPSVRKWAREKGVDIRYVQGTGKNGRVLKEDIDAFLAG,-0.3661509082987537,1
L23Y:G44C,NRRVIAMPSVRKWAREKGVDIRYVQGTGKNGRVLKEDIDAFLAC,-0.2944808528603717,1
L23Y:G44D,NRRVIAMPSVRKWAREKGVDIRYVQGTGKNGRVLKEDIDAFLAD,-0.5063250671893136,0
L23Y:G44E,NRRVIAMPSVRKWAREKGVDIRYVQGTGKNGRVLKEDIDAFLAE,-0.4162515936424862,1
L23Y:G44F,NRRVIAMPSVRKWAREKGVDIRYVQGTGKNGRVLKEDIDAFLAF,-0.0527575742254153,1
L23Y:G44H,NRRVIAMPSVRKWAREKGVDIRYVQGTGKNGRVLKEDIDAFLAH,-0.4355679686880442,0
L23Y:G44I,NRRVIAMPSVRKWAREKGVDIRYVQGTGKNGRVLKEDIDAFLAI,-0.2966851724795272,1
L23Y:G44K,NRRVIAMPSVRKWAREKGVDIRYVQGTGKNGRVLKEDIDAFLAK,-0.1065786831142618,1
L23Y:G44M,NRRVIAMPSVRKWAREKGVDIRYVQGTGKNGRVLKEDIDAFLAM,-0.1635191522709194,1
L23Y:G44N,NRRVIAMPSVRKWAREKGVDIRYVQGTGKNGRVLKEDIDAFLAN,-0.0901528408474581,1
L23Y:G44P,NRRVIAMPSVRKWAREKGVDIRYVQGTGKNGRVLKEDIDAFLAP,-0.7412663008253584,0
L23Y:G44T,NRRVIAMPSVRKWAREKGVDIRYVQGTGKNGRVLKEDIDAFLAT,-0.4284625125121093,0
L23Y:G44Y,NRRVIAMPSVRKWAREKGVDIRYVQGTGKNGRVLKEDIDAFLAY,-0.0140830182500302,1
L34A,NRRVIAMPSVRKWAREKGVDIRLVQGTGKNGRVAKEDIDAFLAG,-1.8996227611466356,0
L34C,NRRVIAMPSVRKWAREKGVDIRLVQGTGKNGRVCKEDIDAFLAG,-0.7084122562629693,0
L34D,NRRVIAMPSVRKWAREKGVDIRLVQGTGKNGRVDKEDIDAFLAG,-1.6492720492554174,0
L34E,NRRVIAMPSVRKWAREKGVDIRLVQGTGKNGRVEKEDIDAFLAG,-0.7860754486550481,0
L34F,NRRVIAMPSVRKWAREKGVDIRLVQGTGKNGRVFKEDIDAFLAG,-0.8431359599328956,0
L34G,NRRVIAMPSVRKWAREKGVDIRLVQGTGKNGRVGKEDIDAFLAG,-1.6725782744505455,0
L34H,NRRVIAMPSVRKWAREKGVDIRLVQGTGKNGRVHKEDIDAFLAG,-0.9914481109908402,0
L34I,NRRVIAMPSVRKWAREKGVDIRLVQGTGKNGRVIKEDIDAFLAG,-0.5563814481883642,0
L34K,NRRVIAMPSVRKWAREKGVDIRLVQGTGKNGRVKKEDIDAFLAG,-0.6906851992591654,0
L34M,NRRVIAMPSVRKWAREKGVDIRLVQGTGKNGRVMKEDIDAFLAG,-0.5243606741285962,0
L34N,NRRVIAMPSVRKWAREKGVDIRLVQGTGKNGRVNKEDIDAFLAG,-0.9782765889069922,0
L34Q,NRRVIAMPSVRKWAREKGVDIRLVQGTGKNGRVQKEDIDAFLAG,-0.8395582746229091,0
L34R,NRRVIAMPSVRKWAREKGVDIRLVQGTGKNGRVRKEDIDAFLAG,-0.5752358760993816,0
L34S,NRRVIAMPSVRKWAREKGVDIRLVQGTGKNGRVSKEDIDAFLAG,-0.8114621921752181,0
L34T,NRRVIAMPSVRKWAREKGVDIRLVQGTGKNGRVTKEDIDAFLAG,-0.3339965666784286,1
L34V,NRRVIAMPSVRKWAREKGVDIRLVQGTGKNGRVVKEDIDAFLAG,-0.7121977599225693,0
L34W,NRRVIAMPSVRKWAREKGVDIRLVQGTGKNGRVWKEDIDAFLAG,-1.9013339833635132,0
L34Y,NRRVIAMPSVRKWAREKGVDIRLVQGTGKNGRVYKEDIDAFLAG,-0.8491045128025405,0
L42A,NRRVIAMPSVRKWAREKGVDIRLVQGTGKNGRVLKEDIDAFAAG,-0.4032793493761795,1
L42C,NRRVIAMPSVRKWAREKGVDIRLVQGTGKNGRVLKEDIDAFCAG,-0.8820588024357499,0
L42D,NRRVIAMPSVRKWAREKGVDIRLVQGTGKNGRVLKEDIDAFDAG,-1.3359148767623128,0
L42E,NRRVIAMPSVRKWAREKGVDIRLVQGTGKNGRVLKEDIDAFEAG,-1.192619723537894,0
L42F,NRRVIAMPSVRKWAREKGVDIRLVQGTGKNGRVLKEDIDAFFAG,-0.7384294216550633,0
L42G,NRRVIAMPSVRKWAREKGVDIRLVQGTGKNGRVLKEDIDAFGAG,-1.2568120582940283,0
L42H,NRRVIAMPSVRKWAREKGVDIRLVQGTGKNGRVLKEDIDAFHAG,-0.8471377093873156,0
L42I,NRRVIAMPSVRKWAREKGVDIRLVQGTGKNGRVLKEDIDAFIAG,-0.037376954489666,1
L42K,NRRVIAMPSVRKWAREKGVDIRLVQGTGKNGRVLKEDIDAFKAG,-0.8895156837955382,0
L42M,NRRVIAMPSVRKWAREKGVDIRLVQGTGKNGRVLKEDIDAFMAG,-0.4569490204720043,0
L42N,NRRVIAMPSVRKWAREKGVDIRLVQGTGKNGRVLKEDIDAFNAG,-1.156958972602936,0
L42P,NRRVIAMPSVRKWAREKGVDIRLVQGTGKNGRVLKEDIDAFPAG,-1.5286457150634227,0
L42Q,NRRVIAMPSVRKWAREKGVDIRLVQGTGKNGRVLKEDIDAFQAG,-0.8928009527976744,0
L42R,NRRVIAMPSVRKWAREKGVDIRLVQGTGKNGRVLKEDIDAFRAG,-0.7954983899242913,0
L42S,NRRVIAMPSVRKWAREKGVDIRLVQGTGKNGRVLKEDIDAFSAG,-0.8300448812945955,0
L42T,NRRVIAMPSVRKWAREKGVDIRLVQGTGKNGRVLKEDIDAFTAG,-0.889823583045148,0
L42V,NRRVIAMPSVRKWAREKGVDIRLVQGTGKNGRVLKEDIDAFVAG,-0.1084808015759182,1
L42W,NRRVIAMPSVRKWAREKGVDIRLVQGTGKNGRVLKEDIDAFWAG,-0.7637387094518029,0
L42Y,NRRVIAMPSVRKWAREKGVDIRLVQGTGKNGRVLKEDIDAFYAG,-0.816216867978768,0
M7A,NRRVIAAPSVRKWAREKGVDIRLVQGTGKNGRVLKEDIDAFLAG,1.0488867853835702,1
M7D,NRRVIADPSVRKWAREKGVDIRLVQGTGKNGRVLKEDIDAFLAG,0.6231688998450888,1
M7E,NRRVIAEPSVRKWAREKGVDIRLVQGTGKNGRVLKEDIDAFLAG,0.2036052999104458,1
M7F,NRRVIAFPSVRKWAREKGVDIRLVQGTGKNGRVLKEDIDAFLAG,0.4137580588942353,1
M7G,NRRVIAGPSVRKWAREKGVDIRLVQGTGKNGRVLKEDIDAFLAG,0.5900327477701364,1
M7H,NRRVIAHPSVRKWAREKGVDIRLVQGTGKNGRVLKEDIDAFLAG,0.7612822918228082,1
M7I,NRRVIAIPSVRKWAREKGVDIRLVQGTGKNGRVLKEDIDAFLAG,-0.4953844850717632,0
M7K,NRRVIAKPSVRKWAREKGVDIRLVQGTGKNGRVLKEDIDAFLAG,0.6418789653273458,1
M7L,NRRVIALPSVRKWAREKGVDIRLVQGTGKNGRVLKEDIDAFLAG,0.0713142006070173,1
M7N,NRRVIANPSVRKWAREKGVDIRLVQGTGKNGRVLKEDIDAFLAG,0.3736439741571633,1
M7P,NRRVIAPPSVRKWAREKGVDIRLVQGTGKNGRVLKEDIDAFLAG,-0.7015915575454119,0
M7Q,NRRVIAQPSVRKWAREKGVDIRLVQGTGKNGRVLKEDIDAFLAG,-0.0715165349952133,1
M7R,NRRVIARPSVRKWAREKGVDIRLVQGTGKNGRVLKEDIDAFLAG,0.6403074846966388,1
M7S,NRRVIASPSVRKWAREKGVDIRLVQGTGKNGRVLKEDIDAFLAG,1.4906932546067395,1
M7T,NRRVIATPSVRKWAREKGVDIRLVQGTGKNGRVLKEDIDAFLAG,1.1492918553727254,1
M7V,NRRVIAVPSVRKWAREKGVDIRLVQGTGKNGRVLKEDIDAFLAG,-0.2399338452622572,1
M7W,NRRVIAWPSVRKWAREKGVDIRLVQGTGKNGRVLKEDIDAFLAG,0.6477047072109832,1
M7Y,NRRVIAYPSVRKWAREKGVDIRLVQGTGKNGRVLKEDIDAFLAG,0.7432457434914097,1
N1A,ARRVIAMPSVRKWAREKGVDIRLVQGTGKNGRVLKEDIDAFLAG,-0.3309239410015285,1
N1C,CRRVIAMPSVRKWAREKGVDIRLVQGTGKNGRVLKEDIDAFLAG,0.3689949300984083,1
N1D,DRRVIAMPSVRKWAREKGVDIRLVQGTGKNGRVLKEDIDAFLAG,-0.1840334229781488,1
N1E,ERRVIAMPSVRKWAREKGVDIRLVQGTGKNGRVLKEDIDAFLAG,-0.2610037002381675,1
N1F,FRRVIAMPSVRKWAREKGVDIRLVQGTGKNGRVLKEDIDAFLAG,-0.728260196330222,0
N1G,GRRVIAMPSVRKWAREKGVDIRLVQGTGKNGRVLKEDIDAFLAG,-0.0921951005948367,1
N1H,HRRVIAMPSVRKWAREKGVDIRLVQGTGKNGRVLKEDIDAFLAG,-0.0587945821130109,1
N1I,IRRVIAMPSVRKWAREKGVDIRLVQGTGKNGRVLKEDIDAFLAG,-0.2428779165517482,1
N1K,KRRVIAMPSVRKWAREKGVDIRLVQGTGKNGRVLKEDIDAFLAG,-0.07602385488138,1
N1L,LRRVIAMPSVRKWAREKGVDIRLVQGTGKNGRVLKEDIDAFLAG,-0.4400103456726958,0
N1M,MRRVIAMPSVRKWAREKGVDIRLVQGTGKNGRVLKEDIDAFLAG,-0.4364929191448974,0
N1P,PRRVIAMPSVRKWAREKGVDIRLVQGTGKNGRVLKEDIDAFLAG,-0.0364690779656986,1
N1Q,QRRVIAMPSVRKWAREKGVDIRLVQGTGKNGRVLKEDIDAFLAG,-0.1283570066228674,1
N1R,RRRVIAMPSVRKWAREKGVDIRLVQGTGKNGRVLKEDIDAFLAG,-0.2967609203114589,1
N1S,SRRVIAMPSVRKWAREKGVDIRLVQGTGKNGRVLKEDIDAFLAG,-0.175924887556309,1
N1T,TRRVIAMPSVRKWAREKGVDIRLVQGTGKNGRVLKEDIDAFLAG,0.0921003716668664,1
N1V,VRRVIAMPSVRKWAREKGVDIRLVQGTGKNGRVLKEDIDAFLAG,-0.1133504212893226,1
N1W,WRRVIAMPSVRKWAREKGVDIRLVQGTGKNGRVLKEDIDAFLAG,-0.957149972426882,0
N1Y,YRRVIAMPSVRKWAREKGVDIRLVQGTGKNGRVLKEDIDAFLAG,-0.7207601057687456,0
N30A,NRRVIAMPSVRKWAREKGVDIRLVQGTGKAGRVLKEDIDAFLAG,-0.4161437469431179,1
N30C,NRRVIAMPSVRKWAREKGVDIRLVQGTGKCGRVLKEDIDAFLAG,-0.1633541444640323,1
N30D,NRRVIAMPSVRKWAREKGVDIRLVQGTGKDGRVLKEDIDAFLAG,-0.2468145257584053,1
N30E,NRRVIAMPSVRKWAREKGVDIRLVQGTGKEGRVLKEDIDAFLAG,-0.6105194507563767,0
N30F,NRRVIAMPSVRKWAREKGVDIRLVQGTGKFGRVLKEDIDAFLAG,-0.0788720232533783,1
N30G,NRRVIAMPSVRKWAREKGVDIRLVQGTGKGGRVLKEDIDAFLAG,-0.0859281647773242,1
N30H,NRRVIAMPSVRKWAREKGVDIRLVQGTGKHGRVLKEDIDAFLAG,-0.1604575550860296,1
N30I,NRRVIAMPSVRKWAREKGVDIRLVQGTGKIGRVLKEDIDAFLAG,-1.454337063689266,0
N30K,NRRVIAMPSVRKWAREKGVDIRLVQGTGKKGRVLKEDIDAFLAG,-0.3262825642125562,1
N30L,NRRVIAMPSVRKWAREKGVDIRLVQGTGKLGRVLKEDIDAFLAG,-0.4125796654035998,1
N30M,NRRVIAMPSVRKWAREKGVDIRLVQGTGKMGRVLKEDIDAFLAG,-0.367531516828171,1
N30Q,NRRVIAMPSVRKWAREKGVDIRLVQGTGKQGRVLKEDIDAFLAG,-0.5050163269197645,0
N30R,NRRVIAMPSVRKWAREKGVDIRLVQGTGKRGRVLKEDIDAFLAG,-0.234588988815398,1
N30S,NRRVIAMPSVRKWAREKGVDIRLVQGTGKSGRVLKEDIDAFLAG,-0.5096431118291997,0
N30T,NRRVIAMPSVRKWAREKGVDIRLVQGTGKTGRVLKEDIDAFLAG,-1.428893876412486,0
N30V,NRRVIAMPSVRKWAREKGVDIRLVQGTGKVGRVLKEDIDAFLAG,-1.421013027527386,0
N30W,NRRVIAMPSVRKWAREKGVDIRLVQGTGKWGRVLKEDIDAFLAG,-0.1275687212334721,1
N30Y,NRRVIAMPSVRKWAREKGVDIRLVQGTGKYGRVLKEDIDAFLAG,-0.0478852567572993,1
P8A,NRRVIAMASVRKWAREKGVDIRLVQGTGKNGRVLKEDIDAFLAG,-0.059589006527899,1
P8C,NRRVIAMCSVRKWAREKGVDIRLVQGTGKNGRVLKEDIDAFLAG,0.0714595472806136,1
P8D,NRRVIAMDSVRKWAREKGVDIRLVQGTGKNGRVLKEDIDAFLAG,-0.7601889361975813,0
P8E,NRRVIAMESVRKWAREKGVDIRLVQGTGKNGRVLKEDIDAFLAG,-0.6138827686935002,0
P8F,NRRVIAMFSVRKWAREKGVDIRLVQGTGKNGRVLKEDIDAFLAG,-0.6250221787281527,0
P8G,NRRVIAMGSVRKWAREKGVDIRLVQGTGKNGRVLKEDIDAFLAG,-0.5695915310807602,0
P8H,NRRVIAMHSVRKWAREKGVDIRLVQGTGKNGRVLKEDIDAFLAG,-0.3981843734505759,1
P8I,NRRVIAMISVRKWAREKGVDIRLVQGTGKNGRVLKEDIDAFLAG,-0.4973199945162516,0
P8K,NRRVIAMKSVRKWAREKGVDIRLVQGTGKNGRVLKEDIDAFLAG,0.1420611411368284,1
P8L,NRRVIAMLSVRKWAREKGVDIRLVQGTGKNGRVLKEDIDAFLAG,-0.2785162180555747,1
P8M,NRRVIAMMSVRKWAREKGVDIRLVQGTGKNGRVLKEDIDAFLAG,-0.3158852330516852,1
P8N,NRRVIAMNSVRKWAREKGVDIRLVQGTGKNGRVLKEDIDAFLAG,-0.5038021185881574,0
P8Q,NRRVIAMQSVRKWAREKGVDIRLVQGTGKNGRVLKEDIDAFLAG,-0.4196791963536448,0
P8R,NRRVIAMRSVRKWAREKGVDIRLVQGTGKNGRVLKEDIDAFLAG,0.2566455831391265,1
P8S,NRRVIAMSSVRKWAREKGVDIRLVQGTGKNGRVLKEDIDAFLAG,-0.355123578489664,1
P8T,NRRVIAMTSVRKWAREKGVDIRLVQGTGKNGRVLKEDIDAFLAG,-0.6534058338138609,0
P8V,NRRVIAMVSVRKWAREKGVDIRLVQGTGKNGRVLKEDIDAFLAG,-0.6151515697927215,0
P8W,NRRVIAMWSVRKWAREKGVDIRLVQGTGKNGRVLKEDIDAFLAG,-0.3032304476372145,1
P8Y,NRRVIAMYSVRKWAREKGVDIRLVQGTGKNGRVLKEDIDAFLAG,-0.4146734412741995,1
Q25A,NRRVIAMPSVRKWAREKGVDIRLVAGTGKNGRVLKEDIDAFLAG,-0.2329778922171219,1
Q25D,NRRVIAMPSVRKWAREKGVDIRLVDGTGKNGRVLKEDIDAFLAG,-0.4834332952300251,0
Q25E,NRRVIAMPSVRKWAREKGVDIRLVEGTGKNGRVLKEDIDAFLAG,-0.2417496779719927,1
Q25F,NRRVIAMPSVRKWAREKGVDIRLVFGTGKNGRVLKEDIDAFLAG,0.0034016726046179,1
Q25G,NRRVIAMPSVRKWAREKGVDIRLVGGTGKNGRVLKEDIDAFLAG,-0.8284427299758816,0
Q25H,NRRVIAMPSVRKWAREKGVDIRLVHGTGKNGRVLKEDIDAFLAG,0.0098176363414839,1
Q25I,NRRVIAMPSVRKWAREKGVDIRLVIGTGKNGRVLKEDIDAFLAG,0.015493519605279,1
Q25K,NRRVIAMPSVRKWAREKGVDIRLVKGTGKNGRVLKEDIDAFLAG,0.0570107089296336,1
Q25L,NRRVIAMPSVRKWAREKGVDIRLVLGTGKNGRVLKEDIDAFLAG,-0.1337872855525317,1
Q25M,NRRVIAMPSVRKWAREKGVDIRLVMGTGKNGRVLKEDIDAFLAG,-0.0436778601760607,1
Q25N,NRRVIAMPSVRKWAREKGVDIRLVNGTGKNGRVLKEDIDAFLAG,-0.1199986613678141,1
Q25P,NRRVIAMPSVRKWAREKGVDIRLVPGTGKNGRVLKEDIDAFLAG,-0.1575956850192756,1
Q25R,NRRVIAMPSVRKWAREKGVDIRLVRGTGKNGRVLKEDIDAFLAG,0.1332851786070068,1
Q25S,NRRVIAMPSVRKWAREKGVDIRLVSGTGKNGRVLKEDIDAFLAG,-0.2272376609883686,1
Q25T,NRRVIAMPSVRKWAREKGVDIRLVTGTGKNGRVLKEDIDAFLAG,0.0323075118257256,1
Q25V,NRRVIAMPSVRKWAREKGVDIRLVVGTGKNGRVLKEDIDAFLAG,0.040999425928029,1
Q25W,NRRVIAMPSVRKWAREKGVDIRLVWGTGKNGRVLKEDIDAFLAG,-0.0709555122933207,1
Q25Y,NRRVIAMPSVRKWAREKGVDIRLVYGTGKNGRVLKEDIDAFLAG,-0.0416843700871059,1
R11A,NRRVIAMPSVAKWAREKGVDIRLVQGTGKNGRVLKEDIDAFLAG,-1.3623138606882994,0
R11D,NRRVIAMPSVDKWAREKGVDIRLVQGTGKNGRVLKEDIDAFLAG,-2.160845599328457,0
R11E,NRRVIAMPSVEKWAREKGVDIRLVQGTGKNGRVLKEDIDAFLAG,-1.4735108466439917,0
R11F,NRRVIAMPSVFKWAREKGVDIRLVQGTGKNGRVLKEDIDAFLAG,-0.1958246326284038,1
R11G,NRRVIAMPSVGKWAREKGVDIRLVQGTGKNGRVLKEDIDAFLAG,-2.3471035444610813,0
R11H,NRRVIAMPSVHKWAREKGVDIRLVQGTGKNGRVLKEDIDAFLAG,-0.5634307961436535,0
R11I,NRRVIAMPSVIKWAREKGVDIRLVQGTGKNGRVLKEDIDAFLAG,-0.5311384614757895,0
R11K,NRRVIAMPSVKKWAREKGVDIRLVQGTGKNGRVLKEDIDAFLAG,-0.5480608801165117,0
R11L,NRRVIAMPSVLKWAREKGVDIRLVQGTGKNGRVLKEDIDAFLAG,-0.3915318055860965,1
R11M,NRRVIAMPSVMKWAREKGVDIRLVQGTGKNGRVLKEDIDAFLAG,-0.7127070321277895,0
R11N,NRRVIAMPSVNKWAREKGVDIRLVQGTGKNGRVLKEDIDAFLAG,-2.118173487489876,0
R11P,NRRVIAMPSVPKWAREKGVDIRLVQGTGKNGRVLKEDIDAFLAG,-1.7058558796125514,0
R11Q,NRRVIAMPSVQKWAREKGVDIRLVQGTGKNGRVLKEDIDAFLAG,-0.9947428192472144,0
R11S,NRRVIAMPSVSKWAREKGVDIRLVQGTGKNGRVLKEDIDAFLAG,-1.757467610346536,0
R11T,NRRVIAMPSVTKWAREKGVDIRLVQGTGKNGRVLKEDIDAFLAG,-1.487554562783195,0
R11V,NRRVIAMPSVVKWAREKGVDIRLVQGTGKNGRVLKEDIDAFLAG,-0.7899256927472704,0
R11W,NRRVIAMPSVWKWAREKGVDIRLVQGTGKNGRVLKEDIDAFLAG,0.102459650116967,1
R11Y,NRRVIAMPSVYKWAREKGVDIRLVQGTGKNGRVLKEDIDAFLAG,-0.2559901770795503,1
R15A,NRRVIAMPSVRKWAAEKGVDIRLVQGTGKNGRVLKEDIDAFLAG,-0.1998710383646287,1
R15C,NRRVIAMPSVRKWACEKGVDIRLVQGTGKNGRVLKEDIDAFLAG,0.4909542649968328,1
R15D,NRRVIAMPSVRKWADEKGVDIRLVQGTGKNGRVLKEDIDAFLAG,-0.3992795641595656,1
R15E,NRRVIAMPSVRKWAEEKGVDIRLVQGTGKNGRVLKEDIDAFLAG,-0.2861600453070996,1
R15F,NRRVIAMPSVRKWAFEKGVDIRLVQGTGKNGRVLKEDIDAFLAG,-0.2631762419402639,1
R15G,NRRVIAMPSVRKWAGEKGVDIRLVQGTGKNGRVLKEDIDAFLAG,-1.1001585314387132,0
R15H,NRRVIAMPSVRKWAHEKGVDIRLVQGTGKNGRVLKEDIDAFLAG,-0.299404727253818,1
R15I,NRRVIAMPSVRKWAIEKGVDIRLVQGTGKNGRVLKEDIDAFLAG,-0.0791443503596456,1
R15K,NRRVIAMPSVRKWAKEKGVDIRLVQGTGKNGRVLKEDIDAFLAG,0.1392152828693613,1
R15L,NRRVIAMPSVRKWALEKGVDIRLVQGTGKNGRVLKEDIDAFLAG,-0.1651185192356821,1
R15M,NRRVIAMPSVRKWAMEKGVDIRLVQGTGKNGRVLKEDIDAFLAG,-0.2566527644872143,1
R15N,NRRVIAMPSVRKWANEKGVDIRLVQGTGKNGRVLKEDIDAFLAG,-0.4903750950797834,0
R15P,NRRVIAMPSVRKWAPEKGVDIRLVQGTGKNGRVLKEDIDAFLAG,-2.5047531055961785,0
R15Q,NRRVIAMPSVRKWAQEKGVDIRLVQGTGKNGRVLKEDIDAFLAG,-0.2234963881955454,1
R15S,NRRVIAMPSVRKWASEKGVDIRLVQGTGKNGRVLKEDIDAFLAG,-0.4568325358905927,0
R15T,NRRVIAMPSVRKWATEKGVDIRLVQGTGKNGRVLKEDIDAFLAG,-0.4489397469662393,0
R15V,NRRVIAMPSVRKWAVEKGVDIRLVQGTGKNGRVLKEDIDAFLAG,-0.2243064213889232,1
R15W,NRRVIAMPSVRKWAWEKGVDIRLVQGTGKNGRVLKEDIDAFLAG,-0.0871778605339077,1
R15Y,NRRVIAMPSVRKWAYEKGVDIRLVQGTGKNGRVLKEDIDAFLAG,-0.1475756375760557,1
R22A,NRRVIAMPSVRKWAREKGVDIALVQGTGKNGRVLKEDIDAFLAG,-0.5709072936724082,0
R22C,NRRVIAMPSVRKWAREKGVDICLVQGTGKNGRVLKEDIDAFLAG,-0.1585107652788546,1
R22D,NRRVIAMPSVRKWAREKGVDIDLVQGTGKNGRVLKEDIDAFLAG,-1.0744638439679988,0
R22E,NRRVIAMPSVRKWAREKGVDIELVQGTGKNGRVLKEDIDAFLAG,-0.694234031344684,0
R22F,NRRVIAMPSVRKWAREKGVDIFLVQGTGKNGRVLKEDIDAFLAG,-0.5704340280145224,0
R22G,NRRVIAMPSVRKWAREKGVDIGLVQGTGKNGRVLKEDIDAFLAG,-0.761481462171244,0
R22H,NRRVIAMPSVRKWAREKGVDIHLVQGTGKNGRVLKEDIDAFLAG,-0.5586440056248803,0
R22I,NRRVIAMPSVRKWAREKGVDIILVQGTGKNGRVLKEDIDAFLAG,-1.1248069676065775,0
R22K,NRRVIAMPSVRKWAREKGVDIKLVQGTGKNGRVLKEDIDAFLAG,-0.3712990424218696,1
R22L,NRRVIAMPSVRKWAREKGVDILLVQGTGKNGRVLKEDIDAFLAG,-0.6183537981688558,0
R22M,NRRVIAMPSVRKWAREKGVDIMLVQGTGKNGRVLKEDIDAFLAG,-0.523553956146579,0
R22N,NRRVIAMPSVRKWAREKGVDINLVQGTGKNGRVLKEDIDAFLAG,-0.2530755294260753,1
R22Q,NRRVIAMPSVRKWAREKGVDIQLVQGTGKNGRVLKEDIDAFLAG,-0.594600392321798,0
R22S,NRRVIAMPSVRKWAREKGVDISLVQGTGKNGRVLKEDIDAFLAG,-0.4536161401961722,0
R22T,NRRVIAMPSVRKWAREKGVDITLVQGTGKNGRVLKEDIDAFLAG,-0.3904709090143381,1
R22V,NRRVIAMPSVRKWAREKGVDIVLVQGTGKNGRVLKEDIDAFLAG,-0.9548749276366442,0
R22W,NRRVIAMPSVRKWAREKGVDIWLVQGTGKNGRVLKEDIDAFLAG,-0.4959384644247242,0
R22Y,NRRVIAMPSVRKWAREKGVDIYLVQGTGKNGRVLKEDIDAFLAG,-0.4089949903653869,1
R2A,NARVIAMPSVRKWAREKGVDIRLVQGTGKNGRVLKEDIDAFLAG,-0.5378960076770642,0
R2D,NDRVIAMPSVRKWAREKGVDIRLVQGTGKNGRVLKEDIDAFLAG,-0.4639890028632321,0
R2E,NERVIAMPSVRKWAREKGVDIRLVQGTGKNGRVLKEDIDAFLAG,-0.7565441075477108,0
R2F,NFRVIAMPSVRKWAREKGVDIRLVQGTGKNGRVLKEDIDAFLAG,-0.5778895483846211,0
R2G,NGRVIAMPSVRKWAREKGVDIRLVQGTGKNGRVLKEDIDAFLAG,-0.3285979848030429,1
R2H,NHRVIAMPSVRKWAREKGVDIRLVQGTGKNGRVLKEDIDAFLAG,-0.1641398002728462,1
R2I,NIRVIAMPSVRKWAREKGVDIRLVQGTGKNGRVLKEDIDAFLAG,-0.2542310869842117,1
R2K,NKRVIAMPSVRKWAREKGVDIRLVQGTGKNGRVLKEDIDAFLAG,-0.0107213741609606,1
R2L,NLRVIAMPSVRKWAREKGVDIRLVQGTGKNGRVLKEDIDAFLAG,-0.3057155805883749,1
R2M,NMRVIAMPSVRKWAREKGVDIRLVQGTGKNGRVLKEDIDAFLAG,-0.5059640195889679,0
R2N,NNRVIAMPSVRKWAREKGVDIRLVQGTGKNGRVLKEDIDAFLAG,-0.313313383502718,1
R2P,NPRVIAMPSVRKWAREKGVDIRLVQGTGKNGRVLKEDIDAFLAG,-0.4182819895077494,0
R2Q,NQRVIAMPSVRKWAREKGVDIRLVQGTGKNGRVLKEDIDAFLAG,-0.360875029247488,1
R2S,NSRVIAMPSVRKWAREKGVDIRLVQGTGKNGRVLKEDIDAFLAG,-0.4035552008169025,1
R2T,NTRVIAMPSVRKWAREKGVDIRLVQGTGKNGRVLKEDIDAFLAG,-0.3129771176857607,1
R2V,NVRVIAMPSVRKWAREKGVDIRLVQGTGKNGRVLKEDIDAFLAG,-0.2791112371301234,1
R2W,NWRVIAMPSVRKWAREKGVDIRLVQGTGKNGRVLKEDIDAFLAG,-0.831223563623456,0
R2Y,NYRVIAMPSVRKWAREKGVDIRLVQGTGKNGRVLKEDIDAFLAG,-0.6498690132076765,0
R32A,NRRVIAMPSVRKWAREKGVDIRLVQGTGKNGAVLKEDIDAFLAG,-0.3032107716731342,1
R32D,NRRVIAMPSVRKWAREKGVDIRLVQGTGKNGDVLKEDIDAFLAG,-1.3753026881884591,0
R32E,NRRVIAMPSVRKWAREKGVDIRLVQGTGKNGEVLKEDIDAFLAG,0.0779166208874713,1
R32F,NRRVIAMPSVRKWAREKGVDIRLVQGTGKNGFVLKEDIDAFLAG,-1.1138221974750604,0
R32G,NRRVIAMPSVRKWAREKGVDIRLVQGTGKNGGVLKEDIDAFLAG,-1.227910366677612,0
R32H,NRRVIAMPSVRKWAREKGVDIRLVQGTGKNGHVLKEDIDAFLAG,-0.9188960460604856,0
R32I,NRRVIAMPSVRKWAREKGVDIRLVQGTGKNGIVLKEDIDAFLAG,-0.9243178047056856,0
R32K,NRRVIAMPSVRKWAREKGVDIRLVQGTGKNGKVLKEDIDAFLAG,-0.8616910645115736,0
R32L,NRRVIAMPSVRKWAREKGVDIRLVQGTGKNGLVLKEDIDAFLAG,-0.6554787509549374,0
R32M,NRRVIAMPSVRKWAREKGVDIRLVQGTGKNGMVLKEDIDAFLAG,-0.1804441031947545,1
R32N,NRRVIAMPSVRKWAREKGVDIRLVQGTGKNGNVLKEDIDAFLAG,-1.1723455869886097,0
R32Q,NRRVIAMPSVRKWAREKGVDIRLVQGTGKNGQVLKEDIDAFLAG,-0.2562071437594264,1
R32S,NRRVIAMPSVRKWAREKGVDIRLVQGTGKNGSVLKEDIDAFLAG,-0.5762806978519697,0
R32T,NRRVIAMPSVRKWAREKGVDIRLVQGTGKNGTVLKEDIDAFLAG,-0.8995944439091845,0
R32V,NRRVIAMPSVRKWAREKGVDIRLVQGTGKNGVVLKEDIDAFLAG,-1.081833715417922,0
R32W,NRRVIAMPSVRKWAREKGVDIRLVQGTGKNGWVLKEDIDAFLAG,-0.6326736092836565,0
R32Y,NRRVIAMPSVRKWAREKGVDIRLVQGTGKNGYVLKEDIDAFLAG,-0.967850000583704,0
R3A,NRAVIAMPSVRKWAREKGVDIRLVQGTGKNGRVLKEDIDAFLAG,-0.540001271522236,0
R3D,NRDVIAMPSVRKWAREKGVDIRLVQGTGKNGRVLKEDIDAFLAG,-0.6264403201232103,0
R3E,NREVIAMPSVRKWAREKGVDIRLVQGTGKNGRVLKEDIDAFLAG,-0.5274268313018067,0
R3F,NRFVIAMPSVRKWAREKGVDIRLVQGTGKNGRVLKEDIDAFLAG,-0.4898235022576456,0
R3G,NRGVIAMPSVRKWAREKGVDIRLVQGTGKNGRVLKEDIDAFLAG,-0.5026632458377662,0
R3H,NRHVIAMPSVRKWAREKGVDIRLVQGTGKNGRVLKEDIDAFLAG,-0.2807489853367961,1
R3I,NRIVIAMPSVRKWAREKGVDIRLVQGTGKNGRVLKEDIDAFLAG,-0.1260314563807485,1
R3K,NRKVIAMPSVRKWAREKGVDIRLVQGTGKNGRVLKEDIDAFLAG,-0.0439538520415823,1
R3L,NRLVIAMPSVRKWAREKGVDIRLVQGTGKNGRVLKEDIDAFLAG,-0.2216539215226443,1
R3M,NRMVIAMPSVRKWAREKGVDIRLVQGTGKNGRVLKEDIDAFLAG,-0.6147943175936286,0
R3N,NRNVIAMPSVRKWAREKGVDIRLVQGTGKNGRVLKEDIDAFLAG,-0.3938012146524459,1
R3P,NRPVIAMPSVRKWAREKGVDIRLVQGTGKNGRVLKEDIDAFLAG,-0.405490747997042,1
R3Q,NRQVIAMPSVRKWAREKGVDIRLVQGTGKNGRVLKEDIDAFLAG,-0.2851213404333323,1
R3S,NRSVIAMPSVRKWAREKGVDIRLVQGTGKNGRVLKEDIDAFLAG,-0.5169976281876973,0
R3T,NRTVIAMPSVRKWAREKGVDIRLVQGTGKNGRVLKEDIDAFLAG,-0.3551484613142399,1
R3V,NRVVIAMPSVRKWAREKGVDIRLVQGTGKNGRVLKEDIDAFLAG,-0.1048958704545466,1
R3W,NRWVIAMPSVRKWAREKGVDIRLVQGTGKNGRVLKEDIDAFLAG,-0.6571843484342756,0
R3Y,NRYVIAMPSVRKWAREKGVDIRLVQGTGKNGRVLKEDIDAFLAG,-0.625497812817414,0
S9A,NRRVIAMPAVRKWAREKGVDIRLVQGTGKNGRVLKEDIDAFLAG,-0.0441671508034429,1
S9C,NRRVIAMPCVRKWAREKGVDIRLVQGTGKNGRVLKEDIDAFLAG,0.1828293559709015,1
S9D,NRRVIAMPDVRKWAREKGVDIRLVQGTGKNGRVLKEDIDAFLAG,-0.2403823438896717,1
S9E,NRRVIAMPEVRKWAREKGVDIRLVQGTGKNGRVLKEDIDAFLAG,-0.3495823272757423,1
S9F,NRRVIAMPFVRKWAREKGVDIRLVQGTGKNGRVLKEDIDAFLAG,-0.4398835867125781,0
S9G,NRRVIAMPGVRKWAREKGVDIRLVQGTGKNGRVLKEDIDAFLAG,-0.4972544225429494,0
S9H,NRRVIAMPHVRKWAREKGVDIRLVQGTGKNGRVLKEDIDAFLAG,-0.2459180440505877,1
S9I,NRRVIAMPIVRKWAREKGVDIRLVQGTGKNGRVLKEDIDAFLAG,-0.8060938992021132,0
S9K,NRRVIAMPKVRKWAREKGVDIRLVQGTGKNGRVLKEDIDAFLAG,-0.3415818347631494,1
S9L,NRRVIAMPLVRKWAREKGVDIRLVQGTGKNGRVLKEDIDAFLAG,-0.6487158949787863,0
S9M,NRRVIAMPMVRKWAREKGVDIRLVQGTGKNGRVLKEDIDAFLAG,-0.5216373213966938,0
S9N,NRRVIAMPNVRKWAREKGVDIRLVQGTGKNGRVLKEDIDAFLAG,-0.3269252832388782,1
S9P,NRRVIAMPPVRKWAREKGVDIRLVQGTGKNGRVLKEDIDAFLAG,-1.121854110141086,0
S9Q,NRRVIAMPQVRKWAREKGVDIRLVQGTGKNGRVLKEDIDAFLAG,-0.4557670728403371,0
S9R,NRRVIAMPRVRKWAREKGVDIRLVQGTGKNGRVLKEDIDAFLAG,-0.4692682950529239,0
S9T,NRRVIAMPTVRKWAREKGVDIRLVQGTGKNGRVLKEDIDAFLAG,-0.6062320851894043,0
S9V,NRRVIAMPVVRKWAREKGVDIRLVQGTGKNGRVLKEDIDAFLAG,-0.689682030054646,0
S9W,NRRVIAMPWVRKWAREKGVDIRLVQGTGKNGRVLKEDIDAFLAG,-0.1349300811737874,1
S9Y,NRRVIAMPYVRKWAREKGVDIRLVQGTGKNGRVLKEDIDAFLAG,-0.208567990157285,1
T27A,NRRVIAMPSVRKWAREKGVDIRLVQGAGKNGRVLKEDIDAFLAG,-2.1819871881627564,0
T27C:D37F,NRRVIAMPSVRKWAREKGVDIRLVQGCGKNGRVLKEFIDAFLAG,-2.6236509263160164,0
T27C:D37V,NRRVIAMPSVRKWAREKGVDIRLVQGCGKNGRVLKEVIDAFLAG,-2.991823430607244,0
T27E,NRRVIAMPSVRKWAREKGVDIRLVQGEGKNGRVLKEDIDAFLAG,-3.616805967530298,0
T27E:D37Y,NRRVIAMPSVRKWAREKGVDIRLVQGEGKNGRVLKEYIDAFLAG,-3.384583641366258,0
T27F,NRRVIAMPSVRKWAREKGVDIRLVQGFGKNGRVLKEDIDAFLAG,-2.0417854231251837,0
T27F:D37F,NRRVIAMPSVRKWAREKGVDIRLVQGFGKNGRVLKEFIDAFLAG,-2.538531182830857,0
T27F:D37H,NRRVIAMPSVRKWAREKGVDIRLVQGFGKNGRVLKEHIDAFLAG,-1.7965428611579397,0
T27F:D37V,NRRVIAMPSVRKWAREKGVDIRLVQGFGKNGRVLKEVIDAFLAG,-2.381544916058474,0
T27G,NRRVIAMPSVRKWAREKGVDIRLVQGGGKNGRVLKEDIDAFLAG,-1.6461962977404938,0
T27G:D37S,NRRVIAMPSVRKWAREKGVDIRLVQGGGKNGRVLKESIDAFLAG,-3.354537321420417,0
T27H,NRRVIAMPSVRKWAREKGVDIRLVQGHGKNGRVLKEDIDAFLAG,-1.122325107062514,0
T27H:D37H,NRRVIAMPSVRKWAREKGVDIRLVQGHGKNGRVLKEHIDAFLAG,-3.230508145757192,0
T27K,NRRVIAMPSVRKWAREKGVDIRLVQGKGKNGRVLKEDIDAFLAG,-1.2911479104939811,0
T27L,NRRVIAMPSVRKWAREKGVDIRLVQGLGKNGRVLKEDIDAFLAG,-2.4619941809059833,0
T27L:D37C,NRRVIAMPSVRKWAREKGVDIRLVQGLGKNGRVLKECIDAFLAG,-3.16206564090128,0
T27M,NRRVIAMPSVRKWAREKGVDIRLVQGMGKNGRVLKEDIDAFLAG,-1.5613618848591795,0
T27M:D37I,NRRVIAMPSVRKWAREKGVDIRLVQGMGKNGRVLKEIIDAFLAG,-1.604749868836426,0
T27N,NRRVIAMPSVRKWAREKGVDIRLVQGNGKNGRVLKEDIDAFLAG,-1.4732572764858953,0
T27N:D37C,NRRVIAMPSVRKWAREKGVDIRLVQGNGKNGRVLKECIDAFLAG,-3.446194939787935,0
T27P:D37Y,NRRVIAMPSVRKWAREKGVDIRLVQGPGKNGRVLKEYIDAFLAG,-2.246655375816569,0
T27Q,NRRVIAMPSVRKWAREKGVDIRLVQGQGKNGRVLKEDIDAFLAG,-1.6448389268680668,0
T27R,NRRVIAMPSVRKWAREKGVDIRLVQGRGKNGRVLKEDIDAFLAG,-1.0012833045211342,0
T27S,NRRVIAMPSVRKWAREKGVDIRLVQGSGKNGRVLKEDIDAFLAG,-0.024384084549465404,1
T27S:D37N,NRRVIAMPSVRKWAREKGVDIRLVQGSGKNGRVLKENIDAFLAG,-2.6432568546459474,0
T27V:D37H,NRRVIAMPSVRKWAREKGVDIRLVQGVGKNGRVLKEHIDAFLAG,-3.1860950465130937,0
T27W,NRRVIAMPSVRKWAREKGVDIRLVQGWGKNGRVLKEDIDAFLAG,-2.805870020704769,0
T27W:D37M,NRRVIAMPSVRKWAREKGVDIRLVQGWGKNGRVLKEMIDAFLAG,-3.006967758742886,0
T27W:D37W,NRRVIAMPSVRKWAREKGVDIRLVQGWGKNGRVLKEWIDAFLAG,-2.8848257806988986,0
T27Y,NRRVIAMPSVRKWAREKGVDIRLVQGYGKNGRVLKEDIDAFLAG,-2.1437073677017224,0
T27Y:D37C,NRRVIAMPSVRKWAREKGVDIRLVQGYGKNGRVLKECIDAFLAG,-2.755767735017188,0
T27Y:D37W,NRRVIAMPSVRKWAREKGVDIRLVQGYGKNGRVLKEWIDAFLAG,-3.167240095188435,0
V10A,NRRVIAMPSARKWAREKGVDIRLVQGTGKNGRVLKEDIDAFLAG,-1.1936614037035729,0
V10D,NRRVIAMPSDRKWAREKGVDIRLVQGTGKNGRVLKEDIDAFLAG,-2.7252243496250728,0
V10E,NRRVIAMPSERKWAREKGVDIRLVQGTGKNGRVLKEDIDAFLAG,-1.5600995864181595,0
V10F,NRRVIAMPSFRKWAREKGVDIRLVQGTGKNGRVLKEDIDAFLAG,-3.4187669232658786,0
V10I,NRRVIAMPSIRKWAREKGVDIRLVQGTGKNGRVLKEDIDAFLAG,-1.0297402157774431,0
V10L,NRRVIAMPSLRKWAREKGVDIRLVQGTGKNGRVLKEDIDAFLAG,-1.5536240230383636,0
V10M,NRRVIAMPSMRKWAREKGVDIRLVQGTGKNGRVLKEDIDAFLAG,-2.230128975034982,0
V10S,NRRVIAMPSSRKWAREKGVDIRLVQGTGKNGRVLKEDIDAFLAG,-2.5839369046816936,0
V10T,NRRVIAMPSTRKWAREKGVDIRLVQGTGKNGRVLKEDIDAFLAG,-1.3073393529871384,0
V10W,NRRVIAMPSWRKWAREKGVDIRLVQGTGKNGRVLKEDIDAFLAG,-3.221503651438732,0
V19A,NRRVIAMPSVRKWAREKGADIRLVQGTGKNGRVLKEDIDAFLAG,-1.920576249330238,0
V19C,NRRVIAMPSVRKWAREKGCDIRLVQGTGKNGRVLKEDIDAFLAG,-1.3590808887824344,0
V19F,NRRVIAMPSVRKWAREKGFDIRLVQGTGKNGRVLKEDIDAFLAG,-2.961549055518582,0
V19I,NRRVIAMPSVRKWAREKGIDIRLVQGTGKNGRVLKEDIDAFLAG,-0.4375315295919839,0
V19L,NRRVIAMPSVRKWAREKGLDIRLVQGTGKNGRVLKEDIDAFLAG,-1.1742425896577835,0
V19M,NRRVIAMPSVRKWAREKGMDIRLVQGTGKNGRVLKEDIDAFLAG,-2.220660603798555,0
V19T,NRRVIAMPSVRKWAREKGTDIRLVQGTGKNGRVLKEDIDAFLAG,-2.3799560825329933,0
V24A,NRRVIAMPSVRKWAREKGVDIRLAQGTGKNGRVLKEDIDAFLAG,-2.8795739146924286,0
V24F,NRRVIAMPSVRKWAREKGVDIRLFQGTGKNGRVLKEDIDAFLAG,-3.279789311233735,0
V24I,NRRVIAMPSVRKWAREKGVDIRLIQGTGKNGRVLKEDIDAFLAG,-0.2298076165162488,1
V24L,NRRVIAMPSVRKWAREKGVDIRLLQGTGKNGRVLKEDIDAFLAG,-0.9990491759256316,0
V24M,NRRVIAMPSVRKWAREKGVDIRLMQGTGKNGRVLKEDIDAFLAG,-1.52759759918146,0
V33I,NRRVIAMPSVRKWAREKGVDIRLVQGTGKNGRILKEDIDAFLAG,0.108306096256209,1
V33K,NRRVIAMPSVRKWAREKGVDIRLVQGTGKNGRKLKEDIDAFLAG,-2.6686060125992146,0
V33L,NRRVIAMPSVRKWAREKGVDIRLVQGTGKNGRLLKEDIDAFLAG,-1.5494199482648043,0
V33M,NRRVIAMPSVRKWAREKGVDIRLVQGTGKNGRMLKEDIDAFLAG,-2.86692389908633,0
V33T,NRRVIAMPSVRKWAREKGVDIRLVQGTGKNGRTLKEDIDAFLAG,-1.4795608292955769,0
V4A,NRRAIAMPSVRKWAREKGVDIRLVQGTGKNGRVLKEDIDAFLAG,-1.1250337817617353,0
V4C,NRRCIAMPSVRKWAREKGVDIRLVQGTGKNGRVLKEDIDAFLAG,-1.0314520733917631,0
V4D,NRRDIAMPSVRKWAREKGVDIRLVQGTGKNGRVLKEDIDAFLAG,-1.640056742180918,0
V4E,NRREIAMPSVRKWAREKGVDIRLVQGTGKNGRVLKEDIDAFLAG,-1.7318061606427162,0
V4F,NRRFIAMPSVRKWAREKGVDIRLVQGTGKNGRVLKEDIDAFLAG,-1.079025008743366,0
V4G,NRRGIAMPSVRKWAREKGVDIRLVQGTGKNGRVLKEDIDAFLAG,-1.2206621176596577,0
V4H,NRRHIAMPSVRKWAREKGVDIRLVQGTGKNGRVLKEDIDAFLAG,-1.4246952938161317,0
V4I,NRRIIAMPSVRKWAREKGVDIRLVQGTGKNGRVLKEDIDAFLAG,-0.2162369416915646,1
V4K,NRRKIAMPSVRKWAREKGVDIRLVQGTGKNGRVLKEDIDAFLAG,-0.903954744976392,0
V4L,NRRLIAMPSVRKWAREKGVDIRLVQGTGKNGRVLKEDIDAFLAG,-0.724241986772092,0
V4M,NRRMIAMPSVRKWAREKGVDIRLVQGTGKNGRVLKEDIDAFLAG,-1.28475525625181,0
V4N,NRRNIAMPSVRKWAREKGVDIRLVQGTGKNGRVLKEDIDAFLAG,-1.4783814106775734,0
V4P,NRRPIAMPSVRKWAREKGVDIRLVQGTGKNGRVLKEDIDAFLAG,-0.7193594093954336,0
V4Q,NRRQIAMPSVRKWAREKGVDIRLVQGTGKNGRVLKEDIDAFLAG,-1.1345580089205114,0
V4R,NRRRIAMPSVRKWAREKGVDIRLVQGTGKNGRVLKEDIDAFLAG,-1.1373267474781263,0
V4S,NRRSIAMPSVRKWAREKGVDIRLVQGTGKNGRVLKEDIDAFLAG,-1.4280468682328933,0
V4T,NRRTIAMPSVRKWAREKGVDIRLVQGTGKNGRVLKEDIDAFLAG,-0.9547223095967112,0
V4W,NRRWIAMPSVRKWAREKGVDIRLVQGTGKNGRVLKEDIDAFLAG,-1.317756325827971,0
V4Y,NRRYIAMPSVRKWAREKGVDIRLVQGTGKNGRVLKEDIDAFLAG,-1.084762192853348,0
W13A,NRRVIAMPSVRKAAREKGVDIRLVQGTGKNGRVLKEDIDAFLAG,-0.5520237034742319,0
W13C,NRRVIAMPSVRKCAREKGVDIRLVQGTGKNGRVLKEDIDAFLAG,-0.2130274086632688,1
W13D,NRRVIAMPSVRKDAREKGVDIRLVQGTGKNGRVLKEDIDAFLAG,-1.2508711095476603,0
W13E,NRRVIAMPSVRKEAREKGVDIRLVQGTGKNGRVLKEDIDAFLAG,-0.734702292859688,0
W13F,NRRVIAMPSVRKFAREKGVDIRLVQGTGKNGRVLKEDIDAFLAG,0.2090097099943531,1
W13G,NRRVIAMPSVRKGAREKGVDIRLVQGTGKNGRVLKEDIDAFLAG,-1.7089155512385852,0
W13H,NRRVIAMPSVRKHAREKGVDIRLVQGTGKNGRVLKEDIDAFLAG,0.4493024522188276,1
W13I,NRRVIAMPSVRKIAREKGVDIRLVQGTGKNGRVLKEDIDAFLAG,-0.2734930099003634,1
W13K,NRRVIAMPSVRKKAREKGVDIRLVQGTGKNGRVLKEDIDAFLAG,-0.8428952483171992,0
W13L,NRRVIAMPSVRKLAREKGVDIRLVQGTGKNGRVLKEDIDAFLAG,0.040655492464964,1
W13M,NRRVIAMPSVRKMAREKGVDIRLVQGTGKNGRVLKEDIDAFLAG,-0.2196643473499095,1
W13N,NRRVIAMPSVRKNAREKGVDIRLVQGTGKNGRVLKEDIDAFLAG,-1.3335304325674049,0
W13P,NRRVIAMPSVRKPAREKGVDIRLVQGTGKNGRVLKEDIDAFLAG,-2.429161770359457,0
W13Q,NRRVIAMPSVRKQAREKGVDIRLVQGTGKNGRVLKEDIDAFLAG,-0.7703070821605893,0
W13R,NRRVIAMPSVRKRAREKGVDIRLVQGTGKNGRVLKEDIDAFLAG,-0.435545375380638,0
W13S,NRRVIAMPSVRKSAREKGVDIRLVQGTGKNGRVLKEDIDAFLAG,-1.043697138119389,0
W13T,NRRVIAMPSVRKTAREKGVDIRLVQGTGKNGRVLKEDIDAFLAG,-0.9606501616274544,0
W13V,NRRVIAMPSVRKVAREKGVDIRLVQGTGKNGRVLKEDIDAFLAG,-0.5547921584331288,0
