mutant,mutated_sequence,DMS_score,DMS_score_bin
A13C,PWSAKENKAFERCLAVYDKDTPDRWANVARAVEGRTPEEVKKHYEILVEDIKYI,-1.6014524231403129,0
A13I,PWSAKENKAFERILAVYDKDTPDRWANVARAVEGRTPEEVKKHYEILVEDIKYI,-1.8535311190740664,0
A13L,PWSAKENKAFERLLAVYDKDTPDRWANVARAVEGRTPEEVKKHYEILVEDIKYI,-1.3384086741144965,0
A13M,PWSAKENKAFERMLAVYDKDTPDRWANVARAVEGRTPEEVKKHYEILVEDIKYI,-1.9822590012918628,0
A13W,PWSAKENKAFERWLAVYDKDTPDRWANVARAVEGRTPEEVKKHYEILVEDIKYI,-1.6849513959741431,0
A15C,PWSAKENKAFERALCVYDKDTPDRWANVARAVEGRTPEEVKKHYEILVEDIKYI,0.5819866303284196,1
A15D,PWSAKENKAFERALDVYDKDTPDRWANVARAVEGRTPEEVKKHYEILVEDIKYI,-0.9423926366558846,0
A15E,PWSAKENKAFERALEVYDKDTPDRWANVARAVEGRTPEEVKKHYEILVEDIKYI,-0.0673237682178469,1
A15F,PWSAKENKAFERALFVYDKDTPDRWANVARAVEGRTPEEVKKHYEILVEDIKYI,-0.2437414143339303,1
A15G,PWSAKENKAFERALGVYDKDTPDRWANVARAVEGRTPEEVKKHYEILVEDIKYI,-0.6318636646652706,0
A15H,PWSAKENKAFERALHVYDKDTPDRWANVARAVEGRTPEEVKKHYEILVEDIKYI,-0.2052406607272772,1
A15I,PWSAKENKAFERALIVYDKDTPDRWANVARAVEGRTPEEVKKHYEILVEDIKYI,0.0692568946413865,1
A15K,PWSAKENKAFERALKVYDKDTPDRWANVARAVEGRTPEEVKKHYEILVEDIKYI,0.2296973947724203,1
A15L,PWSAKENKAFERALLVYDKDTPDRWANVARAVEGRTPEEVKKHYEILVEDIKYI,0.4128880153033236,1
A15M,PWSAKENKAFERALMVYDKDTPDRWANVARAVEGRTPEEVKKHYEILVEDIKYI,0.2056549281096642,1
A15N,PWSAKENKAFERALNVYDKDTPDRWANVARAVEGRTPEEVKKHYEILVEDIKYI,-0.429198907789333,0
A15Q,PWSAKENKAFERALQVYDKDTPDRWANVARAVEGRTPEEVKKHYEILVEDIKYI,0.14604240328093,1
A15R,PWSAKENKAFERALRVYDKDTPDRWANVARAVEGRTPEEVKKHYEILVEDIKYI,0.2235772184991111,1
A15S,PWSAKENKAFERALSVYDKDTPDRWANVARAVEGRTPEEVKKHYEILVEDIKYI,-0.2278209793392319,1
A15T,PWSAKENKAFERALTVYDKDTPDRWANVARAVEGRTPEEVKKHYEILVEDIKYI,-0.2039272120079783,1
A15V,PWSAKENKAFERALVVYDKDTPDRWANVARAVEGRTPEEVKKHYEILVEDIKYI,-0.0807207332414408,1
A15W,PWSAKENKAFERALWVYDKDTPDRWANVARAVEGRTPEEVKKHYEILVEDIKYI,-0.3235117102131695,1
A15Y,PWSAKENKAFERALYVYDKDTPDRWANVARAVEGRTPEEVKKHYEILVEDIKYI,-0.4715465142680228,0
A26C,PWSAKENKAFERALAVYDKDTPDRWCNVARAVEGRTPEEVKKHYEILVEDIKYI,-0.1799543628799917,1
A26D,PWSAKENKAFERALAVYDKDTPDRWDNVARAVEGRTPEEVKKHYEILVEDIKYI,-0.0719455121212613,1
A26E,PWSAKENKAFERALAVYDKDTPDRWENVARAVEGRTPEEVKKHYEILVEDIKYI,0.3385547634724981,1
A26F,PWSAKENKAFERALAVYDKDTPDRWFNVARAVEGRTPEEVKKHYEILVEDIKYI,0.4289399232775468,1
A26G,PWSAKENKAFERALAVYDKDTPDRWGNVARAVEGRTPEEVKKHYEILVEDIKYI,-0.6910949518542617,0
A26H,PWSAKENKAFERALAVYDKDTPDRWHNVARAVEGRTPEEVKKHYEILVEDIKYI,-0.101949683513919,1
A26I,PWSAKENKAFERALAVYDKDTPDRWINVARAVEGRTPEEVKKHYEILVEDIKYI,0.5521042024356624,1
A26K,PWSAKENKAFERALAVYDKDTPDRWKNVARAVEGRTPEEVKKHYEILVEDIKYI,-0.1446249763888545,1
A26L,PWSAKENKAFERALAVYDKDTPDRWLNVARAVEGRTPEEVKKHYEILVEDIKYI,0.227147191796301,1
A26M,PWSAKENKAFERALAVYDKDTPDRWMNVARAVEGRTPEEVKKHYEILVEDIKYI,0.0601833680978447,1
A26N,PWSAKENKAFERALAVYDKDTPDRWNNVARAVEGRTPEEVKKHYEILVEDIKYI,-0.1938012578234484,1
A26P,PWSAKENKAFERALAVYDKDTPDRWPNVARAVEGRTPEEVKKHYEILVEDIKYI,-1.4314425614552977,0
A26Q,PWSAKENKAFERALAVYDKDTPDRWQNVARAVEGRTPEEVKKHYEILVEDIKYI,-0.0499488713429099,1
A26R,PWSAKENKAFERALAVYDKDTPDRWRNVARAVEGRTPEEVKKHYEILVEDIKYI,-0.0157325821392981,1
A26S,PWSAKENKAFERALAVYDKDTPDRWSNVARAVEGRTPEEVKKHYEILVEDIKYI,-0.4178958597923123,0
A26T,PWSAKENKAFERALAVYDKDTPDRWTNVARAVEGRTPEEVKKHYEILVEDIKYI,-0.0191532854701335,1
A26V,PWSAKENKAFERALAVYDKDTPDRWVNVARAVEGRTPEEVKKHYEILVEDIKYI,0.4566438172004621,1
A26W,PWSAKENKAFERALAVYDKDTPDRWWNVARAVEGRTPEEVKKHYEILVEDIKYI,-0.0180796981886404,1
A26Y,PWSAKENKAFERALAVYDKDTPDRWYNVARAVEGRTPEEVKKHYEILVEDIKYI,-0.0339831110036157,1
A29C,PWSAKENKAFERALAVYDKDTPDRWANVCRAVEGRTPEEVKKHYEILVEDIKYI,-1.9260146622741408,0
A29L,PWSAKENKAFERALAVYDKDTPDRWANVLRAVEGRTPEEVKKHYEILVEDIKYI,-1.4716654684905488,0
A29M,PWSAKENKAFERALAVYDKDTPDRWANVMRAVEGRTPEEVKKHYEILVEDIKYI,-1.4148470298520008,0
A29S,PWSAKENKAFERALAVYDKDTPDRWANVSRAVEGRTPEEVKKHYEILVEDIKYI,-0.5771915577506767,0
A29T,PWSAKENKAFERALAVYDKDTPDRWANVTRAVEGRTPEEVKKHYEILVEDIKYI,-1.186773930178771,0
A29Y,PWSAKENKAFERALAVYDKDTPDRWANVYRAVEGRTPEEVKKHYEILVEDIKYI,-1.906106368174851,0
A31C,PWSAKENKAFERALAVYDKDTPDRWANVARCVEGRTPEEVKKHYEILVEDIKYI,0.232986374521396,1
A31D,PWSAKENKAFERALAVYDKDTPDRWANVARDVEGRTPEEVKKHYEILVEDIKYI,-0.9790084541419798,0
A31E,PWSAKENKAFERALAVYDKDTPDRWANVAREVEGRTPEEVKKHYEILVEDIKYI,-0.0964063305205134,1
A31F,PWSAKENKAFERALAVYDKDTPDRWANVARFVEGRTPEEVKKHYEILVEDIKYI,0.3360526208790939,1
A31H,PWSAKENKAFERALAVYDKDTPDRWANVARHVEGRTPEEVKKHYEILVEDIKYI,-0.037794433029443,1
A31I,PWSAKENKAFERALAVYDKDTPDRWANVARIVEGRTPEEVKKHYEILVEDIKYI,0.0617401354392093,1
A31K,PWSAKENKAFERALAVYDKDTPDRWANVARKVEGRTPEEVKKHYEILVEDIKYI,-0.7018257494484899,0
A31L,PWSAKENKAFERALAVYDKDTPDRWANVARLVEGRTPEEVKKHYEILVEDIKYI,0.6473022355038451,1
A31M,PWSAKENKAFERALAVYDKDTPDRWANVARMVEGRTPEEVKKHYEILVEDIKYI,0.9073155853819874,1
A31N,PWSAKENKAFERALAVYDKDTPDRWANVARNVEGRTPEEVKKHYEILVEDIKYI,-0.8052187699278063,0
A31Q,PWSAKENKAFERALAVYDKDTPDRWANVARQVEGRTPEEVKKHYEILVEDIKYI,-0.2726486069256632,1
A31R,PWSAKENKAFERALAVYDKDTPDRWANVARRVEGRTPEEVKKHYEILVEDIKYI,-0.3924138757099831,1
A31S,PWSAKENKAFERALAVYDKDTPDRWANVARSVEGRTPEEVKKHYEILVEDIKYI,-0.3227473741423869,1
A31T,PWSAKENKAFERALAVYDKDTPDRWANVARTVEGRTPEEVKKHYEILVEDIKYI,-0.8745239140070943,0
A31V,PWSAKENKAFERALAVYDKDTPDRWANVARVVEGRTPEEVKKHYEILVEDIKYI,-0.1265421165994746,1
A31W,PWSAKENKAFERALAVYDKDTPDRWANVARWVEGRTPEEVKKHYEILVEDIKYI,0.4217956337875033,1
A31Y,PWSAKENKAFERALAVYDKDTPDRWANVARYVEGRTPEEVKKHYEILVEDIKYI,0.5149224266276122,1
A4C,PWSCKENKAFERALAVYDKDTPDRWANVARAVEGRTPEEVKKHYEILVEDIKYI,0.7751424140903793,1
A4D,PWSDKENKAFERALAVYDKDTPDRWANVARAVEGRTPEEVKKHYEILVEDIKYI,0.6237315755897348,1
A4E,PWSEKENKAFERALAVYDKDTPDRWANVARAVEGRTPEEVKKHYEILVEDIKYI,0.6593973389457088,1
A4F,PWSFKENKAFERALAVYDKDTPDRWANVARAVEGRTPEEVKKHYEILVEDIKYI,-0.2071344049350427,1
A4G,PWSGKENKAFERALAVYDKDTPDRWANVARAVEGRTPEEVKKHYEILVEDIKYI,-0.7724919100189613,0
A4H,PWSHKENKAFERALAVYDKDTPDRWANVARAVEGRTPEEVKKHYEILVEDIKYI,-0.0466866951897373,1
A4I,PWSIKENKAFERALAVYDKDTPDRWANVARAVEGRTPEEVKKHYEILVEDIKYI,-0.3516628734900965,1
A4K,PWSKKENKAFERALAVYDKDTPDRWANVARAVEGRTPEEVKKHYEILVEDIKYI,-0.2280349903848131,1
A4L,PWSLKENKAFERALAVYDKDTPDRWANVARAVEGRTPEEVKKHYEILVEDIKYI,-0.4200750049722638,0
A4M,PWSMKENKAFERALAVYDKDTPDRWANVARAVEGRTPEEVKKHYEILVEDIKYI,-0.3236317295501152,1
A4N,PWSNKENKAFERALAVYDKDTPDRWANVARAVEGRTPEEVKKHYEILVEDIKYI,-0.2297108495029995,1
A4P,PWSPKENKAFERALAVYDKDTPDRWANVARAVEGRTPEEVKKHYEILVEDIKYI,0.2342591833352041,1
A4Q,PWSQKENKAFERALAVYDKDTPDRWANVARAVEGRTPEEVKKHYEILVEDIKYI,0.1400264193762752,1
A4R,PWSRKENKAFERALAVYDKDTPDRWANVARAVEGRTPEEVKKHYEILVEDIKYI,-0.3410236399831096,1
A4S,PWSSKENKAFERALAVYDKDTPDRWANVARAVEGRTPEEVKKHYEILVEDIKYI,-0.1796150524698128,1
A4T,PWSTKENKAFERALAVYDKDTPDRWANVARAVEGRTPEEVKKHYEILVEDIKYI,0.0109836395675393,1
A4V,PWSVKENKAFERALAVYDKDTPDRWANVARAVEGRTPEEVKKHYEILVEDIKYI,0.0631538899710713,1
A4W,PWSWKENKAFERALAVYDKDTPDRWANVARAVEGRTPEEVKKHYEILVEDIKYI,0.1908250288352584,1
A4Y,PWSYKENKAFERALAVYDKDTPDRWANVARAVEGRTPEEVKKHYEILVEDIKYI,-0.0281805450182335,1
A9C,PWSAKENKCFERALAVYDKDTPDRWANVARAVEGRTPEEVKKHYEILVEDIKYI,-0.442077787206534,0
A9D,PWSAKENKDFERALAVYDKDTPDRWANVARAVEGRTPEEVKKHYEILVEDIKYI,-0.2895633175024183,1
A9E,PWSAKENKEFERALAVYDKDTPDRWANVARAVEGRTPEEVKKHYEILVEDIKYI,-0.08310043524187,1
A9F,PWSAKENKFFERALAVYDKDTPDRWANVARAVEGRTPEEVKKHYEILVEDIKYI,-1.3327281332173753,0
A9H,PWSAKENKHFERALAVYDKDTPDRWANVARAVEGRTPEEVKKHYEILVEDIKYI,-0.7597192851650162,0
A9I,PWSAKENKIFERALAVYDKDTPDRWANVARAVEGRTPEEVKKHYEILVEDIKYI,-0.4598126773170981,0
A9K,PWSAKENKKFERALAVYDKDTPDRWANVARAVEGRTPEEVKKHYEILVEDIKYI,-0.6450408048857408,0
A9L,PWSAKENKLFERALAVYDKDTPDRWANVARAVEGRTPEEVKKHYEILVEDIKYI,0.1033655115903913,1
A9M,PWSAKENKMFERALAVYDKDTPDRWANVARAVEGRTPEEVKKHYEILVEDIKYI,-0.0809295451716238,1
A9N,PWSAKENKNFERALAVYDKDTPDRWANVARAVEGRTPEEVKKHYEILVEDIKYI,-0.5578376654954856,0
A9Q,PWSAKENKQFERALAVYDKDTPDRWANVARAVEGRTPEEVKKHYEILVEDIKYI,-0.1423136638099502,1
A9R,PWSAKENKRFERALAVYDKDTPDRWANVARAVEGRTPEEVKKHYEILVEDIKYI,-0.8118039731944549,0
A9S,PWSAKENKSFERALAVYDKDTPDRWANVARAVEGRTPEEVKKHYEILVEDIKYI,-0.8945411669632921,0
A9T,PWSAKENKTFERALAVYDKDTPDRWANVARAVEGRTPEEVKKHYEILVEDIKYI,-1.008778553053144,0
A9V,PWSAKENKVFERALAVYDKDTPDRWANVARAVEGRTPEEVKKHYEILVEDIKYI,-0.6954569842620618,0
A9W,PWSAKENKWFERALAVYDKDTPDRWANVARAVEGRTPEEVKKHYEILVEDIKYI,-1.2908759092563589,0
A9Y,PWSAKENKYFERALAVYDKDTPDRWANVARAVEGRTPEEVKKHYEILVEDIKYI,-1.091789160082382,0
D18A,PWSAKENKAFERALAVYAKDTPDRWANVARAVEGRTPEEVKKHYEILVEDIKYI,-0.0754774873292545,1
D18C,PWSAKENKAFERALAVYCKDTPDRWANVARAVEGRTPEEVKKHYEILVEDIKYI,0.2004300663780074,1
D18E,PWSAKENKAFERALAVYEKDTPDRWANVARAVEGRTPEEVKKHYEILVEDIKYI,-0.434020080699208,0
D18F,PWSAKENKAFERALAVYFKDTPDRWANVARAVEGRTPEEVKKHYEILVEDIKYI,-0.0929532097226737,1
D18G,PWSAKENKAFERALAVYGKDTPDRWANVARAVEGRTPEEVKKHYEILVEDIKYI,0.1938189933027652,1
D18H,PWSAKENKAFERALAVYHKDTPDRWANVARAVEGRTPEEVKKHYEILVEDIKYI,-0.0040469063146049,1
D18I,PWSAKENKAFERALAVYIKDTPDRWANVARAVEGRTPEEVKKHYEILVEDIKYI,-0.6959895286122622,0
D18K,PWSAKENKAFERALAVYKKDTPDRWANVARAVEGRTPEEVKKHYEILVEDIKYI,0.0126879813403144,1
D18L,PWSAKENKAFERALAVYLKDTPDRWANVARAVEGRTPEEVKKHYEILVEDIKYI,-0.511114713224502,0
D18M,PWSAKENKAFERALAVYMKDTPDRWANVARAVEGRTPEEVKKHYEILVEDIKYI,-0.5028562531674108,0
D18N,PWSAKENKAFERALAVYNKDTPDRWANVARAVEGRTPEEVKKHYEILVEDIKYI,-0.0010700874272457,1
D18P,PWSAKENKAFERALAVYPKDTPDRWANVARAVEGRTPEEVKKHYEILVEDIKYI,0.310481962375488,1
D18Q,PWSAKENKAFERALAVYQKDTPDRWANVARAVEGRTPEEVKKHYEILVEDIKYI,-0.1060470763707006,1
D18R,PWSAKENKAFERALAVYRKDTPDRWANVARAVEGRTPEEVKKHYEILVEDIKYI,-0.2041727898215227,1
D18S,PWSAKENKAFERALAVYSKDTPDRWANVARAVEGRTPEEVKKHYEILVEDIKYI,0.0279085850508946,1
D18T,PWSAKENKAFERALAVYTKDTPDRWANVARAVEGRTPEEVKKHYEILVEDIKYI,0.2099529773283033,1
D18V,PWSAKENKAFERALAVYVKDTPDRWANVARAVEGRTPEEVKKHYEILVEDIKYI,-0.3911127680697257,1
D18W,PWSAKENKAFERALAVYWKDTPDRWANVARAVEGRTPEEVKKHYEILVEDIKYI,0.3946301239873913,1
D18Y,PWSAKENKAFERALAVYYKDTPDRWANVARAVEGRTPEEVKKHYEILVEDIKYI,0.1465758117369169,1
D20A,PWSAKENKAFERALAVYDKATPDRWANVARAVEGRTPEEVKKHYEILVEDIKYI,-0.5714894017914031,0
D20C,PWSAKENKAFERALAVYDKCTPDRWANVARAVEGRTPEEVKKHYEILVEDIKYI,-0.1714351073856195,1
D20E,PWSAKENKAFERALAVYDKETPDRWANVARAVEGRTPEEVKKHYEILVEDIKYI,-0.3837556530451914,1
D20F,PWSAKENKAFERALAVYDKFTPDRWANVARAVEGRTPEEVKKHYEILVEDIKYI,-0.2119024717939424,1
D20G,PWSAKENKAFERALAVYDKGTPDRWANVARAVEGRTPEEVKKHYEILVEDIKYI,-0.7093095234059752,0
D20H,PWSAKENKAFERALAVYDKHTPDRWANVARAVEGRTPEEVKKHYEILVEDIKYI,-0.334639399882233,1
D20I,PWSAKENKAFERALAVYDKITPDRWANVARAVEGRTPEEVKKHYEILVEDIKYI,-1.3220796319802273,0
D20K,PWSAKENKAFERALAVYDKKTPDRWANVARAVEGRTPEEVKKHYEILVEDIKYI,-1.0776131464417693,0
D20L,PWSAKENKAFERALAVYDKLTPDRWANVARAVEGRTPEEVKKHYEILVEDIKYI,-1.1302627741023723,0
D20M,PWSAKENKAFERALAVYDKMTPDRWANVARAVEGRTPEEVKKHYEILVEDIKYI,-0.7777679676905948,0
D20N,PWSAKENKAFERALAVYDKNTPDRWANVARAVEGRTPEEVKKHYEILVEDIKYI,-0.1072894555324963,1
D20P,PWSAKENKAFERALAVYDKPTPDRWANVARAVEGRTPEEVKKHYEILVEDIKYI,-0.7725018919466087,0
D20Q,PWSAKENKAFERALAVYDKQTPDRWANVARAVEGRTPEEVKKHYEILVEDIKYI,-0.5548533856347981,0
D20R,PWSAKENKAFERALAVYDKRTPDRWANVARAVEGRTPEEVKKHYEILVEDIKYI,-1.0590436295014287,0
D20S,PWSAKENKAFERALAVYDKSTPDRWANVARAVEGRTPEEVKKHYEILVEDIKYI,-0.6999577663066336,0
D20T,PWSAKENKAFERALAVYDKTTPDRWANVARAVEGRTPEEVKKHYEILVEDIKYI,-0.7050526480399599,0
D20V,PWSAKENKAFERALAVYDKVTPDRWANVARAVEGRTPEEVKKHYEILVEDIKYI,-1.604253302899517,0
D20W,PWSAKENKAFERALAVYDKWTPDRWANVARAVEGRTPEEVKKHYEILVEDIKYI,-0.3200380405986764,1
D20Y,PWSAKENKAFERALAVYDKYTPDRWANVARAVEGRTPEEVKKHYEILVEDIKYI,-0.5123630372586829,0
D23A,PWSAKENKAFERALAVYDKDTPARWANVARAVEGRTPEEVKKHYEILVEDIKYI,-1.6459948965822289,0
D23C,PWSAKENKAFERALAVYDKDTPCRWANVARAVEGRTPEEVKKHYEILVEDIKYI,-0.3414068481929538,1
D23E,PWSAKENKAFERALAVYDKDTPERWANVARAVEGRTPEEVKKHYEILVEDIKYI,-0.3189058163637657,1
D23F,PWSAKENKAFERALAVYDKDTPFRWANVARAVEGRTPEEVKKHYEILVEDIKYI,-1.0291072238767156,0
D23G,PWSAKENKAFERALAVYDKDTPGRWANVARAVEGRTPEEVKKHYEILVEDIKYI,-1.0817959905762056,0
D23H,PWSAKENKAFERALAVYDKDTPHRWANVARAVEGRTPEEVKKHYEILVEDIKYI,-1.31860956609321,0
D23L,PWSAKENKAFERALAVYDKDTPLRWANVARAVEGRTPEEVKKHYEILVEDIKYI,-1.4636017355995672,0
D23M,PWSAKENKAFERALAVYDKDTPMRWANVARAVEGRTPEEVKKHYEILVEDIKYI,-0.866264559035272,0
D23N,PWSAKENKAFERALAVYDKDTPNRWANVARAVEGRTPEEVKKHYEILVEDIKYI,-0.4099261166512968,0
D23Q,PWSAKENKAFERALAVYDKDTPQRWANVARAVEGRTPEEVKKHYEILVEDIKYI,-0.6704563324206592,0
D23S,PWSAKENKAFERALAVYDKDTPSRWANVARAVEGRTPEEVKKHYEILVEDIKYI,-0.9159921522967572,0
D23T,PWSAKENKAFERALAVYDKDTPTRWANVARAVEGRTPEEVKKHYEILVEDIKYI,-1.517515973619203,0
D23W,PWSAKENKAFERALAVYDKDTPWRWANVARAVEGRTPEEVKKHYEILVEDIKYI,-1.3270067029946273,0
D23Y,PWSAKENKAFERALAVYDKDTPYRWANVARAVEGRTPEEVKKHYEILVEDIKYI,-0.4386173200797745,0
D50A,PWSAKENKAFERALAVYDKDTPDRWANVARAVEGRTPEEVKKHYEILVEAIKYI,0.360877180604477,1
D50C,PWSAKENKAFERALAVYDKDTPDRWANVARAVEGRTPEEVKKHYEILVECIKYI,0.8153369801024422,1
D50E,PWSAKENKAFERALAVYDKDTPDRWANVARAVEGRTPEEVKKHYEILVEEIKYI,0.4324402446622648,1
D50F,PWSAKENKAFERALAVYDKDTPDRWANVARAVEGRTPEEVKKHYEILVEFIKYI,0.4567247564100287,1
D50G,PWSAKENKAFERALAVYDKDTPDRWANVARAVEGRTPEEVKKHYEILVEGIKYI,0.3056919573022385,1
D50H,PWSAKENKAFERALAVYDKDTPDRWANVARAVEGRTPEEVKKHYEILVEHIKYI,0.5367112229558091,1
D50I,PWSAKENKAFERALAVYDKDTPDRWANVARAVEGRTPEEVKKHYEILVEIIKYI,0.5294235211711482,1
D50K,PWSAKENKAFERALAVYDKDTPDRWANVARAVEGRTPEEVKKHYEILVEKIKYI,0.5809126833858826,1
D50L,PWSAKENKAFERALAVYDKDTPDRWANVARAVEGRTPEEVKKHYEILVELIKYI,0.4482854463333441,1
D50M,PWSAKENKAFERALAVYDKDTPDRWANVARAVEGRTPEEVKKHYEILVEMIKYI,0.5383502176057233,1
D50N,PWSAKENKAFERALAVYDKDTPDRWANVARAVEGRTPEEVKKHYEILVENIKYI,0.4675819443019566,1
D50P,PWSAKENKAFERALAVYDKDTPDRWANVARAVEGRTPEEVKKHYEILVEPIKYI,-0.398475402861695,0
D50Q,PWSAKENKAFERALAVYDKDTPDRWANVARAVEGRTPEEVKKHYEILVEQIKYI,0.4939580818275335,1
D50R,PWSAKENKAFERALAVYDKDTPDRWANVARAVEGRTPEEVKKHYEILVERIKYI,0.3695504545277741,1
D50S,PWSAKENKAFERALAVYDKDTPDRWANVARAVEGRTPEEVKKHYEILVESIKYI,0.2635928650658421,1
D50T,PWSAKENKAFERALAVYDKDTPDRWANVARAVEGRTPEEVKKHYEILVETIKYI,0.5441678103940015,1
D50V,PWSAKENKAFERALAVYDKDTPDRWANVARAVEGRTPEEVKKHYEILVEVIKYI,0.2310639662194962,1
D50W,PWSAKENKAFERALAVYDKDTPDRWANVARAVEGRTPEEVKKHYEILVEWIKYI,0.8460885656090587,1
D50Y,PWSAKENKAFERALAVYDKDTPDRWANVARAVEGRTPEEVKKHYEILVEYIKYI,0.6574084328587724,1
E11A,PWSAKENKAFARALAVYDKDTPDRWANVARAVEGRTPEEVKKHYEILVEDIKYI,0.1768221648056769,1
E11D,PWSAKENKAFDRALAVYDKDTPDRWANVARAVEGRTPEEVKKHYEILVEDIKYI,-0.7774397993229664,0
E11F,PWSAKENKAFFRALAVYDKDTPDRWANVARAVEGRTPEEVKKHYEILVEDIKYI,1.3477268020312805,1
E11G,PWSAKENKAFGRALAVYDKDTPDRWANVARAVEGRTPEEVKKHYEILVEDIKYI,-0.7090038711787079,0
E11H,PWSAKENKAFHRALAVYDKDTPDRWANVARAVEGRTPEEVKKHYEILVEDIKYI,0.2956027829309129,1
E11I,PWSAKENKAFIRALAVYDKDTPDRWANVARAVEGRTPEEVKKHYEILVEDIKYI,0.9457925690752926,1
E11K,PWSAKENKAFKRALAVYDKDTPDRWANVARAVEGRTPEEVKKHYEILVEDIKYI,0.2511718895967614,1
E11L,PWSAKENKAFLRALAVYDKDTPDRWANVARAVEGRTPEEVKKHYEILVEDIKYI,1.1210523374857204,1
E11M,PWSAKENKAFMRALAVYDKDTPDRWANVARAVEGRTPEEVKKHYEILVEDIKYI,0.9390915654927272,1
E11N,PWSAKENKAFNRALAVYDKDTPDRWANVARAVEGRTPEEVKKHYEILVEDIKYI,-0.1581584382957166,1
E11Q,PWSAKENKAFQRALAVYDKDTPDRWANVARAVEGRTPEEVKKHYEILVEDIKYI,0.2226610232126189,1
E11R,PWSAKENKAFRRALAVYDKDTPDRWANVARAVEGRTPEEVKKHYEILVEDIKYI,0.6953619829136257,1
E11S,PWSAKENKAFSRALAVYDKDTPDRWANVARAVEGRTPEEVKKHYEILVEDIKYI,-0.2264906221520123,1
E11T,PWSAKENKAFTRALAVYDKDTPDRWANVARAVEGRTPEEVKKHYEILVEDIKYI,0.0610127676488065,1
E11V,PWSAKENKAFVRALAVYDKDTPDRWANVARAVEGRTPEEVKKHYEILVEDIKYI,0.4059725036625887,1
E11W,PWSAKENKAFWRALAVYDKDTPDRWANVARAVEGRTPEEVKKHYEILVEDIKYI,1.1981705376980765,1
E11Y,PWSAKENKAFYRALAVYDKDTPDRWANVARAVEGRTPEEVKKHYEILVEDIKYI,1.005833888198136,1
E33A,PWSAKENKAFERALAVYDKDTPDRWANVARAVAGRTPEEVKKHYEILVEDIKYI,0.1760466642419409,1
E33C,PWSAKENKAFERALAVYDKDTPDRWANVARAVCGRTPEEVKKHYEILVEDIKYI,0.1922200319136169,1
E33D,PWSAKENKAFERALAVYDKDTPDRWANVARAVDGRTPEEVKKHYEILVEDIKYI,-0.3901064798440801,1
E33F,PWSAKENKAFERALAVYDKDTPDRWANVARAVFGRTPEEVKKHYEILVEDIKYI,-0.034053589406646,1
E33G,PWSAKENKAFERALAVYDKDTPDRWANVARAVGGRTPEEVKKHYEILVEDIKYI,0.849322140420246,1
E33H,PWSAKENKAFERALAVYDKDTPDRWANVARAVHGRTPEEVKKHYEILVEDIKYI,-0.1171394604509374,1
E33I,PWSAKENKAFERALAVYDKDTPDRWANVARAVIGRTPEEVKKHYEILVEDIKYI,0.021789803833927,1
E33K,PWSAKENKAFERALAVYDKDTPDRWANVARAVKGRTPEEVKKHYEILVEDIKYI,0.3366084356276229,1
E33L,PWSAKENKAFERALAVYDKDTPDRWANVARAVLGRTPEEVKKHYEILVEDIKYI,0.006720278347067,1
E33M,PWSAKENKAFERALAVYDKDTPDRWANVARAVMGRTPEEVKKHYEILVEDIKYI,0.301014652913226,1
E33N,PWSAKENKAFERALAVYDKDTPDRWANVARAVNGRTPEEVKKHYEILVEDIKYI,-0.099242108108327,1
E33P,PWSAKENKAFERALAVYDKDTPDRWANVARAVPGRTPEEVKKHYEILVEDIKYI,0.9196851350582786,1
E33Q,PWSAKENKAFERALAVYDKDTPDRWANVARAVQGRTPEEVKKHYEILVEDIKYI,0.2302023518127816,1
E33R,PWSAKENKAFERALAVYDKDTPDRWANVARAVRGRTPEEVKKHYEILVEDIKYI,0.3091364271389984,1
E33S,PWSAKENKAFERALAVYDKDTPDRWANVARAVSGRTPEEVKKHYEILVEDIKYI,0.0085408396047559,1
E33T,PWSAKENKAFERALAVYDKDTPDRWANVARAVTGRTPEEVKKHYEILVEDIKYI,0.4352877563547936,1
E33V,PWSAKENKAFERALAVYDKDTPDRWANVARAVVGRTPEEVKKHYEILVEDIKYI,0.0439266077532538,1
E33W,PWSAKENKAFERALAVYDKDTPDRWANVARAVWGRTPEEVKKHYEILVEDIKYI,-0.2617531697253007,1
E33Y,PWSAKENKAFERALAVYDKDTPDRWANVARAVYGRTPEEVKKHYEILVEDIKYI,-0.180264794618274,1
E38A,PWSAKENKAFERALAVYDKDTPDRWANVARAVEGRTPAEVKKHYEILVEDIKYI,-0.2384448956508915,1
E38C,PWSAKENKAFERALAVYDKDTPDRWANVARAVEGRTPCEVKKHYEILVEDIKYI,-0.5694913241449009,0
E38D,PWSAKENKAFERALAVYDKDTPDRWANVARAVEGRTPDEVKKHYEILVEDIKYI,-0.2230359246751015,1
E38F,PWSAKENKAFERALAVYDKDTPDRWANVARAVEGRTPFEVKKHYEILVEDIKYI,-0.8649395076524069,0
E38G,PWSAKENKAFERALAVYDKDTPDRWANVARAVEGRTPGEVKKHYEILVEDIKYI,-1.1117071347949392,0
E38H,PWSAKENKAFERALAVYDKDTPDRWANVARAVEGRTPHEVKKHYEILVEDIKYI,-0.9469420330281512,0
E38I,PWSAKENKAFERALAVYDKDTPDRWANVARAVEGRTPIEVKKHYEILVEDIKYI,-1.1228761346530676,0
E38K,PWSAKENKAFERALAVYDKDTPDRWANVARAVEGRTPKEVKKHYEILVEDIKYI,-1.2750339285237398,0
E38L,PWSAKENKAFERALAVYDKDTPDRWANVARAVEGRTPLEVKKHYEILVEDIKYI,-0.6212007669917086,0
E38M,PWSAKENKAFERALAVYDKDTPDRWANVARAVEGRTPMEVKKHYEILVEDIKYI,-0.6712722199380123,0
E38N,PWSAKENKAFERALAVYDKDTPDRWANVARAVEGRTPNEVKKHYEILVEDIKYI,-0.9079779779370216,0
E38Q,PWSAKENKAFERALAVYDKDTPDRWANVARAVEGRTPQEVKKHYEILVEDIKYI,-0.5789945028584629,0
E38R,PWSAKENKAFERALAVYDKDTPDRWANVARAVEGRTPREVKKHYEILVEDIKYI,-0.7498013784523154,0
E38S,PWSAKENKAFERALAVYDKDTPDRWANVARAVEGRTPSEVKKHYEILVEDIKYI,-0.7604227631667777,0
E38T,PWSAKENKAFERALAVYDKDTPDRWANVARAVEGRTPTEVKKHYEILVEDIKYI,-1.0035024717513272,0
E38V,PWSAKENKAFERALAVYDKDTPDRWANVARAVEGRTPVEVKKHYEILVEDIKYI,-1.3132515055243348,0
E38W,PWSAKENKAFERALAVYDKDTPDRWANVARAVEGRTPWEVKKHYEILVEDIKYI,-0.5038678002999342,0
E38Y,PWSAKENKAFERALAVYDKDTPDRWANVARAVEGRTPYEVKKHYEILVEDIKYI,-0.7408084460375055,0
E39A,PWSAKENKAFERALAVYDKDTPDRWANVARAVEGRTPEAVKKHYEILVEDIKYI,-1.7824708738793449,0
E39C,PWSAKENKAFERALAVYDKDTPDRWANVARAVEGRTPECVKKHYEILVEDIKYI,-1.6897685548059729,0
E39D,PWSAKENKAFERALAVYDKDTPDRWANVARAVEGRTPEDVKKHYEILVEDIKYI,-0.7709045583212357,0
E39M,PWSAKENKAFERALAVYDKDTPDRWANVARAVEGRTPEMVKKHYEILVEDIKYI,-1.5675469231434684,0
E39Q,PWSAKENKAFERALAVYDKDTPDRWANVARAVEGRTPEQVKKHYEILVEDIKYI,-1.0008639278719966,0
E45A,PWSAKENKAFERALAVYDKDTPDRWANVARAVEGRTPEEVKKHYAILVEDIKYI,-0.3439243481421428,1
E45C,PWSAKENKAFERALAVYDKDTPDRWANVARAVEGRTPEEVKKHYCILVEDIKYI,-0.4232572423291998,0
E45D,PWSAKENKAFERALAVYDKDTPDRWANVARAVEGRTPEEVKKHYDILVEDIKYI,0.0934623891083641,1
E45F,PWSAKENKAFERALAVYDKDTPDRWANVARAVEGRTPEEVKKHYFILVEDIKYI,0.032620237695383,1
E45G,PWSAKENKAFERALAVYDKDTPDRWANVARAVEGRTPEEVKKHYGILVEDIKYI,-0.6568251676804705,0
E45H,PWSAKENKAFERALAVYDKDTPDRWANVARAVEGRTPEEVKKHYHILVEDIKYI,-0.3988540797464959,0
E45I,PWSAKENKAFERALAVYDKDTPDRWANVARAVEGRTPEEVKKHYIILVEDIKYI,-0.5220173399691441,0
E45K,PWSAKENKAFERALAVYDKDTPDRWANVARAVEGRTPEEVKKHYKILVEDIKYI,-0.4804876304744272,0
E45L,PWSAKENKAFERALAVYDKDTPDRWANVARAVEGRTPEEVKKHYLILVEDIKYI,0.0463783346993973,1
E45M,PWSAKENKAFERALAVYDKDTPDRWANVARAVEGRTPEEVKKHYMILVEDIKYI,0.0301296165165061,1
E45N,PWSAKENKAFERALAVYDKDTPDRWANVARAVEGRTPEEVKKHYNILVEDIKYI,-0.5267114608686099,0
E45Q,PWSAKENKAFERALAVYDKDTPDRWANVARAVEGRTPEEVKKHYQILVEDIKYI,-0.0214598148385247,1
E45R,PWSAKENKAFERALAVYDKDTPDRWANVARAVEGRTPEEVKKHYRILVEDIKYI,-0.4975775077496971,0
E45S,PWSAKENKAFERALAVYDKDTPDRWANVARAVEGRTPEEVKKHYSILVEDIKYI,-0.487423396828792,0
E45T,PWSAKENKAFERALAVYDKDTPDRWANVARAVEGRTPEEVKKHYTILVEDIKYI,-0.6300143002008037,0
E45V,PWSAKENKAFERALAVYDKDTPDRWANVARAVEGRTPEEVKKHYVILVEDIKYI,-1.2465066020580389,0
E45W,PWSAKENKAFERALAVYDKDTPDRWANVARAVEGRTPEEVKKHYWILVEDIKYI,-0.2051152425470659,1
E45Y,PWSAKENKAFERALAVYDKDTPDRWANVARAVEGRTPEEVKKHYYILVEDIKYI,0.3001400100152482,1
E49A,PWSAKENKAFERALAVYDKDTPDRWANVARAVEGRTPEEVKKHYEILVADIKYI,0.4591976634912647,1
E49C,PWSAKENKAFERALAVYDKDTPDRWANVARAVEGRTPEEVKKHYEILVCDIKYI,-0.0107669722556551,1
E49D,PWSAKENKAFERALAVYDKDTPDRWANVARAVEGRTPEEVKKHYEILVDDIKYI,0.0013799265551788,1
E49F,PWSAKENKAFERALAVYDKDTPDRWANVARAVEGRTPEEVKKHYEILVFDIKYI,0.1324192378620807,1
E49G,PWSAKENKAFERALAVYDKDTPDRWANVARAVEGRTPEEVKKHYEILVGDIKYI,0.2529651549756435,1
E49H,PWSAKENKAFERALAVYDKDTPDRWANVARAVEGRTPEEVKKHYEILVHDIKYI,0.0849720029086351,1
E49I,PWSAKENKAFERALAVYDKDTPDRWANVARAVEGRTPEEVKKHYEILVIDIKYI,0.0828437544766369,1
E49K,PWSAKENKAFERALAVYDKDTPDRWANVARAVEGRTPEEVKKHYEILVKDIKYI,0.2788879451668955,1
E49L,PWSAKENKAFERALAVYDKDTPDRWANVARAVEGRTPEEVKKHYEILVLDIKYI,0.4938001336831354,1
E49M,PWSAKENKAFERALAVYDKDTPDRWANVARAVEGRTPEEVKKHYEILVMDIKYI,0.4214589419718073,1
E49N,PWSAKENKAFERALAVYDKDTPDRWANVARAVEGRTPEEVKKHYEILVNDIKYI,0.3548693889663263,1
E49P,PWSAKENKAFERALAVYDKDTPDRWANVARAVEGRTPEEVKKHYEILVPDIKYI,-0.4105999836190334,0
E49Q,PWSAKENKAFERALAVYDKDTPDRWANVARAVEGRTPEEVKKHYEILVQDIKYI,0.31334191093187,1
E49R,PWSAKENKAFERALAVYDKDTPDRWANVARAVEGRTPEEVKKHYEILVRDIKYI,0.4983740430075816,1
E49S,PWSAKENKAFERALAVYDKDTPDRWANVARAVEGRTPEEVKKHYEILVSDIKYI,0.2844128687529503,1
E49T,PWSAKENKAFERALAVYDKDTPDRWANVARAVEGRTPEEVKKHYEILVTDIKYI,0.05034684359443,1
E49V,PWSAKENKAFERALAVYDKDTPDRWANVARAVEGRTPEEVKKHYEILVVDIKYI,0.1260171860898229,1
E49W,PWSAKENKAFERALAVYDKDTPDRWANVARAVEGRTPEEVKKHYEILVWDIKYI,-0.0069003023108844,1
E49Y,PWSAKENKAFERALAVYDKDTPDRWANVARAVEGRTPEEVKKHYEILVYDIKYI,-0.2531648589248674,1
E6A:R35F,PWSAKANKAFERALAVYDKDTPDRWANVARAVEGFTPEEVKKHYEILVEDIKYI,-1.319463952222278,0
E6A:R35K,PWSAKANKAFERALAVYDKDTPDRWANVARAVEGKTPEEVKKHYEILVEDIKYI,-1.412100422016077,0
E6A:R35L,PWSAKANKAFERALAVYDKDTPDRWANVARAVEGLTPEEVKKHYEILVEDIKYI,-2.173076841957931,0
E6A:R35M,PWSAKANKAFERALAVYDKDTPDRWANVARAVEGMTPEEVKKHYEILVEDIKYI,-1.5712548161910829,0
E6A:R35V,PWSAKANKAFERALAVYDKDTPDRWANVARAVEGVTPEEVKKHYEILVEDIKYI,-1.3824963321213573,0
E6A:R35Y,PWSAKANKAFERALAVYDKDTPDRWANVARAVEGYTPEEVKKHYEILVEDIKYI,-1.6077469378046771,0
E6D,PWSAKDNKAFERALAVYDKDTPDRWANVARAVEGRTPEEVKKHYEILVEDIKYI,-0.4344781772273626,0
E6D:E39D,PWSAKDNKAFERALAVYDKDTPDRWANVARAVEGRTPEDVKKHYEILVEDIKYI,-1.0022494804315656,0
E6D:E39Q,PWSAKDNKAFERALAVYDKDTPDRWANVARAVEGRTPEQVKKHYEILVEDIKYI,-1.1821970393520294,0
E6D:R35A,PWSAKDNKAFERALAVYDKDTPDRWANVARAVEGATPEEVKKHYEILVEDIKYI,-1.832078948697302,0
E6D:R35F,PWSAKDNKAFERALAVYDKDTPDRWANVARAVEGFTPEEVKKHYEILVEDIKYI,-1.1801541413566468,0
E6D:R35H,PWSAKDNKAFERALAVYDKDTPDRWANVARAVEGHTPEEVKKHYEILVEDIKYI,-1.7038610598903494,0
E6D:R35K,PWSAKDNKAFERALAVYDKDTPDRWANVARAVEGKTPEEVKKHYEILVEDIKYI,-0.3634983351960597,1
E6D:R35M,PWSAKDNKAFERALAVYDKDTPDRWANVARAVEGMTPEEVKKHYEILVEDIKYI,-2.083282309845551,0
E6D:R35W,PWSAKDNKAFERALAVYDKDTPDRWANVARAVEGWTPEEVKKHYEILVEDIKYI,-1.5507400562558955,0
E6D:R35Y,PWSAKDNKAFERALAVYDKDTPDRWANVARAVEGYTPEEVKKHYEILVEDIKYI,-1.3650638501715369,0
E6D:T36D,PWSAKDNKAFERALAVYDKDTPDRWANVARAVEGRDPEEVKKHYEILVEDIKYI,-1.7984672778374478,0
E6D:T36I,PWSAKDNKAFERALAVYDKDTPDRWANVARAVEGRIPEEVKKHYEILVEDIKYI,-2.071006737622999,0
E6D:T36N,PWSAKDNKAFERALAVYDKDTPDRWANVARAVEGRNPEEVKKHYEILVEDIKYI,-1.8766257774121875,0
E6D:T36S,PWSAKDNKAFERALAVYDKDTPDRWANVARAVEGRSPEEVKKHYEILVEDIKYI,-0.7690014382593073,0
E6F:R35I,PWSAKFNKAFERALAVYDKDTPDRWANVARAVEGITPEEVKKHYEILVEDIKYI,-1.941697462079499,0
E6F:R35L,PWSAKFNKAFERALAVYDKDTPDRWANVARAVEGLTPEEVKKHYEILVEDIKYI,-1.130445827657858,0
E6F:R35M,PWSAKFNKAFERALAVYDKDTPDRWANVARAVEGMTPEEVKKHYEILVEDIKYI,-1.805303530087884,0
E6H:R35F,PWSAKHNKAFERALAVYDKDTPDRWANVARAVEGFTPEEVKKHYEILVEDIKYI,-1.5579016133127843,0
E6H:R35K,PWSAKHNKAFERALAVYDKDTPDRWANVARAVEGKTPEEVKKHYEILVEDIKYI,-1.3617656096107336,0
E6I:R35F,PWSAKINKAFERALAVYDKDTPDRWANVARAVEGFTPEEVKKHYEILVEDIKYI,-1.8157380789679445,0
E6I:R35I,PWSAKINKAFERALAVYDKDTPDRWANVARAVEGITPEEVKKHYEILVEDIKYI,-1.8360235822756328,0
E6I:R35M,PWSAKINKAFERALAVYDKDTPDRWANVARAVEGMTPEEVKKHYEILVEDIKYI,-2.066958859294642,0
E6K:R35T,PWSAKKNKAFERALAVYDKDTPDRWANVARAVEGTTPEEVKKHYEILVEDIKYI,-1.0580219332612502,0
E6K:R35V,PWSAKKNKAFERALAVYDKDTPDRWANVARAVEGVTPEEVKKHYEILVEDIKYI,-0.9124896873198552,0
E6L:R35F,PWSAKLNKAFERALAVYDKDTPDRWANVARAVEGFTPEEVKKHYEILVEDIKYI,-1.6778343102558917,0
E6L:R35I,PWSAKLNKAFERALAVYDKDTPDRWANVARAVEGITPEEVKKHYEILVEDIKYI,-1.8948784450638476,0
E6L:R35K,PWSAKLNKAFERALAVYDKDTPDRWANVARAVEGKTPEEVKKHYEILVEDIKYI,-1.3032015942003985,0
E6L:R35L,PWSAKLNKAFERALAVYDKDTPDRWANVARAVEGLTPEEVKKHYEILVEDIKYI,-2.108319187234509,0
E6L:R35M,PWSAKLNKAFERALAVYDKDTPDRWANVARAVEGMTPEEVKKHYEILVEDIKYI,-1.4039426792004546,0
E6L:R35T,PWSAKLNKAFERALAVYDKDTPDRWANVARAVEGTTPEEVKKHYEILVEDIKYI,-1.744789913131663,0
E6L:R35V,PWSAKLNKAFERALAVYDKDTPDRWANVARAVEGVTPEEVKKHYEILVEDIKYI,-1.4526787371619174,0
E6L:R35W,PWSAKLNKAFERALAVYDKDTPDRWANVARAVEGWTPEEVKKHYEILVEDIKYI,-2.17640701119949,0
E6M:R35A,PWSAKMNKAFERALAVYDKDTPDRWANVARAVEGATPEEVKKHYEILVEDIKYI,-0.7880435076142382,0
E6M:R35F,PWSAKMNKAFERALAVYDKDTPDRWANVARAVEGFTPEEVKKHYEILVEDIKYI,-1.8067124615758252,0
E6M:R35I,PWSAKMNKAFERALAVYDKDTPDRWANVARAVEGITPEEVKKHYEILVEDIKYI,-1.0640759951817376,0
E6M:R35K,PWSAKMNKAFERALAVYDKDTPDRWANVARAVEGKTPEEVKKHYEILVEDIKYI,-0.963678598162978,0
E6M:R35L,PWSAKMNKAFERALAVYDKDTPDRWANVARAVEGLTPEEVKKHYEILVEDIKYI,-1.0721859737276949,0
E6M:R35M,PWSAKMNKAFERALAVYDKDTPDRWANVARAVEGMTPEEVKKHYEILVEDIKYI,-1.204733360286787,0
E6M:R35S,PWSAKMNKAFERALAVYDKDTPDRWANVARAVEGSTPEEVKKHYEILVEDIKYI,-1.1241528967050385,0
E6M:R35T,PWSAKMNKAFERALAVYDKDTPDRWANVARAVEGTTPEEVKKHYEILVEDIKYI,-0.4342969153414039,0
E6M:R35V,PWSAKMNKAFERALAVYDKDTPDRWANVARAVEGVTPEEVKKHYEILVEDIKYI,-0.4143928843239761,0
E6M:R35W,PWSAKMNKAFERALAVYDKDTPDRWANVARAVEGWTPEEVKKHYEILVEDIKYI,-2.1148746369729454,0
E6N:R35V,PWSAKNNKAFERALAVYDKDTPDRWANVARAVEGVTPEEVKKHYEILVEDIKYI,-2.126879943482708,0
E6Q,PWSAKQNKAFERALAVYDKDTPDRWANVARAVEGRTPEEVKKHYEILVEDIKYI,-0.5406902632065218,0
E6Q:E39D,PWSAKQNKAFERALAVYDKDTPDRWANVARAVEGRTPEDVKKHYEILVEDIKYI,-1.535998672784753,0
E6Q:E39Q,PWSAKQNKAFERALAVYDKDTPDRWANVARAVEGRTPEQVKKHYEILVEDIKYI,-1.6998079917448212,0
E6Q:R35A,PWSAKQNKAFERALAVYDKDTPDRWANVARAVEGATPEEVKKHYEILVEDIKYI,-1.1103070269010495,0
E6Q:R35F,PWSAKQNKAFERALAVYDKDTPDRWANVARAVEGFTPEEVKKHYEILVEDIKYI,-1.0169945892235066,0
E6Q:R35H,PWSAKQNKAFERALAVYDKDTPDRWANVARAVEGHTPEEVKKHYEILVEDIKYI,-1.2288885249085548,0
E6Q:R35I,PWSAKQNKAFERALAVYDKDTPDRWANVARAVEGITPEEVKKHYEILVEDIKYI,-1.5983724000414252,0
E6Q:R35K,PWSAKQNKAFERALAVYDKDTPDRWANVARAVEGKTPEEVKKHYEILVEDIKYI,0.0861914517178543,1
E6Q:R35L,PWSAKQNKAFERALAVYDKDTPDRWANVARAVEGLTPEEVKKHYEILVEDIKYI,-1.753132629563043,0
E6Q:R35M,PWSAKQNKAFERALAVYDKDTPDRWANVARAVEGMTPEEVKKHYEILVEDIKYI,-1.0043792195704428,0
E6Q:R35S,PWSAKQNKAFERALAVYDKDTPDRWANVARAVEGSTPEEVKKHYEILVEDIKYI,-1.1646339868544278,0
E6Q:R35T,PWSAKQNKAFERALAVYDKDTPDRWANVARAVEGTTPEEVKKHYEILVEDIKYI,-0.7228408414815394,0
E6Q:R35V,PWSAKQNKAFERALAVYDKDTPDRWANVARAVEGVTPEEVKKHYEILVEDIKYI,-0.4236961064382843,0
E6Q:T36D,PWSAKQNKAFERALAVYDKDTPDRWANVARAVEGRDPEEVKKHYEILVEDIKYI,-1.9355962046701969,0
E6Q:T36G,PWSAKQNKAFERALAVYDKDTPDRWANVARAVEGRGPEEVKKHYEILVEDIKYI,-1.996154737291109,0
E6Q:T36N,PWSAKQNKAFERALAVYDKDTPDRWANVARAVEGRNPEEVKKHYEILVEDIKYI,-1.552602087853194,0
E6Q:T36S,PWSAKQNKAFERALAVYDKDTPDRWANVARAVEGRSPEEVKKHYEILVEDIKYI,-0.7719834266042352,0
E6R:R35V,PWSAKRNKAFERALAVYDKDTPDRWANVARAVEGVTPEEVKKHYEILVEDIKYI,-0.8344473589882038,0
E6S:R35K,PWSAKSNKAFERALAVYDKDTPDRWANVARAVEGKTPEEVKKHYEILVEDIKYI,-2.1753139325415405,0
E6T:R35M,PWSAKTNKAFERALAVYDKDTPDRWANVARAVEGMTPEEVKKHYEILVEDIKYI,-1.9150951752897865,0
E6T:R35T,PWSAKTNKAFERALAVYDKDTPDRWANVARAVEGTTPEEVKKHYEILVEDIKYI,-2.0169090530223457,0
E6T:R35V,PWSAKTNKAFERALAVYDKDTPDRWANVARAVEGVTPEEVKKHYEILVEDIKYI,-1.636840512448499,0
E6V:R35F,PWSAKVNKAFERALAVYDKDTPDRWANVARAVEGFTPEEVKKHYEILVEDIKYI,-1.4898977032845582,0
E6V:R35I,PWSAKVNKAFERALAVYDKDTPDRWANVARAVEGITPEEVKKHYEILVEDIKYI,-1.7988578679619924,0
E6V:R35M,PWSAKVNKAFERALAVYDKDTPDRWANVARAVEGMTPEEVKKHYEILVEDIKYI,-1.940534382416116,0
E6V:R35V,PWSAKVNKAFERALAVYDKDTPDRWANVARAVEGVTPEEVKKHYEILVEDIKYI,-1.757703748803266,0
E6V:R35Y,PWSAKVNKAFERALAVYDKDTPDRWANVARAVEGYTPEEVKKHYEILVEDIKYI,-1.557563245471536,0
E6W:E39Y,PWSAKWNKAFERALAVYDKDTPDRWANVARAVEGRTPEYVKKHYEILVEDIKYI,-2.0228276967964485,0
E6W:R35A,PWSAKWNKAFERALAVYDKDTPDRWANVARAVEGATPEEVKKHYEILVEDIKYI,-1.4102982697853974,0
E6W:R35F,PWSAKWNKAFERALAVYDKDTPDRWANVARAVEGFTPEEVKKHYEILVEDIKYI,-1.7843252980917268,0
E6W:R35I,PWSAKWNKAFERALAVYDKDTPDRWANVARAVEGITPEEVKKHYEILVEDIKYI,-2.188511635780542,0
E6W:R35L,PWSAKWNKAFERALAVYDKDTPDRWANVARAVEGLTPEEVKKHYEILVEDIKYI,-1.5921952135358517,0
E6W:R35M,PWSAKWNKAFERALAVYDKDTPDRWANVARAVEGMTPEEVKKHYEILVEDIKYI,-1.35509924087894,0
E6W:R35P,PWSAKWNKAFERALAVYDKDTPDRWANVARAVEGPTPEEVKKHYEILVEDIKYI,-1.5729427017541453,0
E6W:R35S,PWSAKWNKAFERALAVYDKDTPDRWANVARAVEGSTPEEVKKHYEILVEDIKYI,-1.6422635675951796,0
E6W:R35V,PWSAKWNKAFERALAVYDKDTPDRWANVARAVEGVTPEEVKKHYEILVEDIKYI,-1.396440897271971,0
E6W:R35W,PWSAKWNKAFERALAVYDKDTPDRWANVARAVEGWTPEEVKKHYEILVEDIKYI,-1.3294391318014496,0
E6Y:R35W,PWSAKYNKAFERALAVYDKDTPDRWANVARAVEGWTPEEVKKHYEILVEDIKYI,-1.50721812501744,0
F10C,PWSAKENKACERALAVYDKDTPDRWANVARAVEGRTPEEVKKHYEILVEDIKYI,-1.4676518211136604,0
F10I,PWSAKENKAIERALAVYDKDTPDRWANVARAVEGRTPEEVKKHYEILVEDIKYI,-1.4972493441598758,0
F10L,PWSAKENKALERALAVYDKDTPDRWANVARAVEGRTPEEVKKHYEILVEDIKYI,-0.1697077688707231,1
F10M,PWSAKENKAMERALAVYDKDTPDRWANVARAVEGRTPEEVKKHYEILVEDIKYI,-0.53489444285507,0
F10V,PWSAKENKAVERALAVYDKDTPDRWANVARAVEGRTPEEVKKHYEILVEDIKYI,-1.1893687571280256,0
F10W,PWSAKENKAWERALAVYDKDTPDRWANVARAVEGRTPEEVKKHYEILVEDIKYI,-2.064280087621292,0
F10Y,PWSAKENKAYERALAVYDKDTPDRWANVARAVEGRTPEEVKKHYEILVEDIKYI,-1.308800256170907,0
G34A,PWSAKENKAFERALAVYDKDTPDRWANVARAVEARTPEEVKKHYEILVEDIKYI,-1.896338975772507,0
G34C,PWSAKENKAFERALAVYDKDTPDRWANVARAVECRTPEEVKKHYEILVEDIKYI,-1.092547121153622,0
G34D,PWSAKENKAFERALAVYDKDTPDRWANVARAVEDRTPEEVKKHYEILVEDIKYI,-1.839513356793128,0
G34F,PWSAKENKAFERALAVYDKDTPDRWANVARAVEFRTPEEVKKHYEILVEDIKYI,-0.6679719506361002,0
G34H,PWSAKENKAFERALAVYDKDTPDRWANVARAVEHRTPEEVKKHYEILVEDIKYI,-0.9031053892860867,0
G34K,PWSAKENKAFERALAVYDKDTPDRWANVARAVEKRTPEEVKKHYEILVEDIKYI,-0.8755387991261405,0
G34L,PWSAKENKAFERALAVYDKDTPDRWANVARAVELRTPEEVKKHYEILVEDIKYI,-1.9498493306217115,0
G34M,PWSAKENKAFERALAVYDKDTPDRWANVARAVEMRTPEEVKKHYEILVEDIKYI,-2.0821702426585453,0
G34N,PWSAKENKAFERALAVYDKDTPDRWANVARAVENRTPEEVKKHYEILVEDIKYI,-0.3270821164229119,1
G34P,PWSAKENKAFERALAVYDKDTPDRWANVARAVEPRTPEEVKKHYEILVEDIKYI,-0.7521115288017082,0
G34Q,PWSAKENKAFERALAVYDKDTPDRWANVARAVEQRTPEEVKKHYEILVEDIKYI,-1.632998874132235,0
G34R,PWSAKENKAFERALAVYDKDTPDRWANVARAVERRTPEEVKKHYEILVEDIKYI,-1.6316510212886086,0
G34S,PWSAKENKAFERALAVYDKDTPDRWANVARAVESRTPEEVKKHYEILVEDIKYI,0.4802356139427539,1
G34T,PWSAKENKAFERALAVYDKDTPDRWANVARAVETRTPEEVKKHYEILVEDIKYI,0.9287634286682452,1
G34V,PWSAKENKAFERALAVYDKDTPDRWANVARAVEVRTPEEVKKHYEILVEDIKYI,-1.91932814009876,0
G34W,PWSAKENKAFERALAVYDKDTPDRWANVARAVEWRTPEEVKKHYEILVEDIKYI,-1.6892710862154987,0
G34Y,PWSAKENKAFERALAVYDKDTPDRWANVARAVEYRTPEEVKKHYEILVEDIKYI,-1.959843381156276,0
H43A,PWSAKENKAFERALAVYDKDTPDRWANVARAVEGRTPEEVKKAYEILVEDIKYI,-1.0108156952234142,0
H43C,PWSAKENKAFERALAVYDKDTPDRWANVARAVEGRTPEEVKKCYEILVEDIKYI,-0.5075642133710982,0
H43F,PWSAKENKAFERALAVYDKDTPDRWANVARAVEGRTPEEVKKFYEILVEDIKYI,-1.154006297301888,0
H43I,PWSAKENKAFERALAVYDKDTPDRWANVARAVEGRTPEEVKKIYEILVEDIKYI,-1.5756830995152944,0
H43K,PWSAKENKAFERALAVYDKDTPDRWANVARAVEGRTPEEVKKKYEILVEDIKYI,-0.0946333666566527,1
H43L,PWSAKENKAFERALAVYDKDTPDRWANVARAVEGRTPEEVKKLYEILVEDIKYI,-0.8891186279532306,0
H43M,PWSAKENKAFERALAVYDKDTPDRWANVARAVEGRTPEEVKKMYEILVEDIKYI,-0.4398492096938819,0
H43Q,PWSAKENKAFERALAVYDKDTPDRWANVARAVEGRTPEEVKKQYEILVEDIKYI,-0.6141947154144931,0
H43R,PWSAKENKAFERALAVYDKDTPDRWANVARAVEGRTPEEVKKRYEILVEDIKYI,0.2418908969273991,1
H43V,PWSAKENKAFERALAVYDKDTPDRWANVARAVEGRTPEEVKKVYEILVEDIKYI,-2.009182304755781,0
H43W,PWSAKENKAFERALAVYDKDTPDRWANVARAVEGRTPEEVKKWYEILVEDIKYI,-0.5424788281059316,0
H43Y,PWSAKENKAFERALAVYDKDTPDRWANVARAVEGRTPEEVKKYYEILVEDIKYI,-0.1383263146904318,1
I46A,PWSAKENKAFERALAVYDKDTPDRWANVARAVEGRTPEEVKKHYEALVEDIKYI,0.4341822108687787,1
I46C,PWSAKENKAFERALAVYDKDTPDRWANVARAVEGRTPEEVKKHYECLVEDIKYI,0.1175177378735947,1
I46D,PWSAKENKAFERALAVYDKDTPDRWANVARAVEGRTPEEVKKHYEDLVEDIKYI,0.6581225937094994,1
I46E,PWSAKENKAFERALAVYDKDTPDRWANVARAVEGRTPEEVKKHYEELVEDIKYI,0.8096035680958282,1
I46F,PWSAKENKAFERALAVYDKDTPDRWANVARAVEGRTPEEVKKHYEFLVEDIKYI,0.0939738575511115,1
I46G,PWSAKENKAFERALAVYDKDTPDRWANVARAVEGRTPEEVKKHYEGLVEDIKYI,0.0399706795382079,1
I46H,PWSAKENKAFERALAVYDKDTPDRWANVARAVEGRTPEEVKKHYEHLVEDIKYI,0.5487801310160765,1
I46K,PWSAKENKAFERALAVYDKDTPDRWANVARAVEGRTPEEVKKHYEKLVEDIKYI,0.426765527061123,1
I46L,PWSAKENKAFERALAVYDKDTPDRWANVARAVEGRTPEEVKKHYELLVEDIKYI,0.41481633429634,1
I46M,PWSAKENKAFERALAVYDKDTPDRWANVARAVEGRTPEEVKKHYEMLVEDIKYI,0.4780575290679612,1
I46N,PWSAKENKAFERALAVYDKDTPDRWANVARAVEGRTPEEVKKHYENLVEDIKYI,0.2572168340799625,1
I46Q,PWSAKENKAFERALAVYDKDTPDRWANVARAVEGRTPEEVKKHYEQLVEDIKYI,0.6262565008704737,1
I46R,PWSAKENKAFERALAVYDKDTPDRWANVARAVEGRTPEEVKKHYERLVEDIKYI,0.4376898411216214,1
I46S,PWSAKENKAFERALAVYDKDTPDRWANVARAVEGRTPEEVKKHYESLVEDIKYI,0.4718678883712319,1
I46T,PWSAKENKAFERALAVYDKDTPDRWANVARAVEGRTPEEVKKHYETLVEDIKYI,0.0970602043888979,1
I46V,PWSAKENKAFERALAVYDKDTPDRWANVARAVEGRTPEEVKKHYEVLVEDIKYI,0.0568180728774865,1
I46W,PWSAKENKAFERALAVYDKDTPDRWANVARAVEGRTPEEVKKHYEWLVEDIKYI,0.4051186822070225,1
I46Y,PWSAKENKAFERALAVYDKDTPDRWANVARAVEGRTPEEVKKHYEYLVEDIKYI,0.1090452119894278,1
I51A,PWSAKENKAFERALAVYDKDTPDRWANVARAVEGRTPEEVKKHYEILVEDAKYI,0.3963173930666999,1
I51C,PWSAKENKAFERALAVYDKDTPDRWANVARAVEGRTPEEVKKHYEILVEDCKYI,0.2696443014268985,1
I51D,PWSAKENKAFERALAVYDKDTPDRWANVARAVEGRTPEEVKKHYEILVEDDKYI,-0.0029415695448913,1
I51E,PWSAKENKAFERALAVYDKDTPDRWANVARAVEGRTPEEVKKHYEILVEDEKYI,-0.0137984505830828,1
I51F,PWSAKENKAFERALAVYDKDTPDRWANVARAVEGRTPEEVKKHYEILVEDFKYI,0.2977562059262388,1
I51G,PWSAKENKAFERALAVYDKDTPDRWANVARAVEGRTPEEVKKHYEILVEDGKYI,0.5639298483077326,1
I51H,PWSAKENKAFERALAVYDKDTPDRWANVARAVEGRTPEEVKKHYEILVEDHKYI,0.3268556020818893,1
I51K,PWSAKENKAFERALAVYDKDTPDRWANVARAVEGRTPEEVKKHYEILVEDKKYI,0.5374912128959635,1
I51L,PWSAKENKAFERALAVYDKDTPDRWANVARAVEGRTPEEVKKHYEILVEDLKYI,0.4464171183522505,1
I51M,PWSAKENKAFERALAVYDKDTPDRWANVARAVEGRTPEEVKKHYEILVEDMKYI,0.4477791473644177,1
I51N,PWSAKENKAFERALAVYDKDTPDRWANVARAVEGRTPEEVKKHYEILVEDNKYI,0.2749195542609692,1
I51P,PWSAKENKAFERALAVYDKDTPDRWANVARAVEGRTPEEVKKHYEILVEDPKYI,0.0964858065392635,1
I51Q,PWSAKENKAFERALAVYDKDTPDRWANVARAVEGRTPEEVKKHYEILVEDQKYI,0.2818321581796308,1
I51R,PWSAKENKAFERALAVYDKDTPDRWANVARAVEGRTPEEVKKHYEILVEDRKYI,0.3680761078067611,1
I51S,PWSAKENKAFERALAVYDKDTPDRWANVARAVEGRTPEEVKKHYEILVEDSKYI,0.3445411869081465,1
I51T,PWSAKENKAFERALAVYDKDTPDRWANVARAVEGRTPEEVKKHYEILVEDTKYI,-0.0098738525458164,1
I51V,PWSAKENKAFERALAVYDKDTPDRWANVARAVEGRTPEEVKKHYEILVEDVKYI,-0.1199196445892947,1
I51W,PWSAKENKAFERALAVYDKDTPDRWANVARAVEGRTPEEVKKHYEILVEDWKYI,0.3802743461625359,1
I51Y,PWSAKENKAFERALAVYDKDTPDRWANVARAVEGRTPEEVKKHYEILVEDYKYI,0.2254316209250122,1
I54A,PWSAKENKAFERALAVYDKDTPDRWANVARAVEGRTPEEVKKHYEILVEDIKYA,0.1419527975725578,1
I54C,PWSAKENKAFERALAVYDKDTPDRWANVARAVEGRTPEEVKKHYEILVEDIKYC,0.3582724137267501,1
I54D,PWSAKENKAFERALAVYDKDTPDRWANVARAVEGRTPEEVKKHYEILVEDIKYD,-0.0935372559292186,1
I54E,PWSAKENKAFERALAVYDKDTPDRWANVARAVEGRTPEEVKKHYEILVEDIKYE,-0.092507461412846,1
I54F,PWSAKENKAFERALAVYDKDTPDRWANVARAVEGRTPEEVKKHYEILVEDIKYF,-0.3661092797950025,1
I54G,PWSAKENKAFERALAVYDKDTPDRWANVARAVEGRTPEEVKKHYEILVEDIKYG,0.0417819396802556,1
I54H,PWSAKENKAFERALAVYDKDTPDRWANVARAVEGRTPEEVKKHYEILVEDIKYH,0.372992503294796,1
I54K,PWSAKENKAFERALAVYDKDTPDRWANVARAVEGRTPEEVKKHYEILVEDIKYK,0.2422563433786799,1
I54L,PWSAKENKAFERALAVYDKDTPDRWANVARAVEGRTPEEVKKHYEILVEDIKYL,0.2585281629119644,1
I54M,PWSAKENKAFERALAVYDKDTPDRWANVARAVEGRTPEEVKKHYEILVEDIKYM,0.084381331634356,1
I54N,PWSAKENKAFERALAVYDKDTPDRWANVARAVEGRTPEEVKKHYEILVEDIKYN,0.0717817827623439,1
I54P,PWSAKENKAFERALAVYDKDTPDRWANVARAVEGRTPEEVKKHYEILVEDIKYP,-0.095942207053264,1
I54Q,PWSAKENKAFERALAVYDKDTPDRWANVARAVEGRTPEEVKKHYEILVEDIKYQ,0.0781726692894444,1
I54R,PWSAKENKAFERALAVYDKDTPDRWANVARAVEGRTPEEVKKHYEILVEDIKYR,0.0689371920982779,1
I54S,PWSAKENKAFERALAVYDKDTPDRWANVARAVEGRTPEEVKKHYEILVEDIKYS,0.0703313016360884,1
I54T,PWSAKENKAFERALAVYDKDTPDRWANVARAVEGRTPEEVKKHYEILVEDIKYT,0.1339307450397064,1
I54V,PWSAKENKAFERALAVYDKDTPDRWANVARAVEGRTPEEVKKHYEILVEDIKYV,0.0606320655361325,1
I54W,PWSAKENKAFERALAVYDKDTPDRWANVARAVEGRTPEEVKKHYEILVEDIKYW,-0.2374335127488491,1
I54Y,PWSAKENKAFERALAVYDKDTPDRWANVARAVEGRTPEEVKKHYEILVEDIKYY,-0.160214052318631,1
K19A,PWSAKENKAFERALAVYDADTPDRWANVARAVEGRTPEEVKKHYEILVEDIKYI,-0.0297111057475054,1
K19C,PWSAKENKAFERALAVYDCDTPDRWANVARAVEGRTPEEVKKHYEILVEDIKYI,-0.4478063184793963,0
K19D,PWSAKENKAFERALAVYDDDTPDRWANVARAVEGRTPEEVKKHYEILVEDIKYI,-0.7729989427736554,0
K19E,PWSAKENKAFERALAVYDEDTPDRWANVARAVEGRTPEEVKKHYEILVEDIKYI,-0.1518095504171726,1
K19F,PWSAKENKAFERALAVYDFDTPDRWANVARAVEGRTPEEVKKHYEILVEDIKYI,-0.9756593794385666,0
K19G,PWSAKENKAFERALAVYDGDTPDRWANVARAVEGRTPEEVKKHYEILVEDIKYI,-0.76069753024418,0
K19H,PWSAKENKAFERALAVYDHDTPDRWANVARAVEGRTPEEVKKHYEILVEDIKYI,-0.3963564704451134,0
K19I,PWSAKENKAFERALAVYDIDTPDRWANVARAVEGRTPEEVKKHYEILVEDIKYI,-0.1068084154223769,1
K19L,PWSAKENKAFERALAVYDLDTPDRWANVARAVEGRTPEEVKKHYEILVEDIKYI,-0.2909293699871783,1
K19M,PWSAKENKAFERALAVYDMDTPDRWANVARAVEGRTPEEVKKHYEILVEDIKYI,-0.3490744707100508,1
K19N,PWSAKENKAFERALAVYDNDTPDRWANVARAVEGRTPEEVKKHYEILVEDIKYI,-0.9145171714420546,0
K19P,PWSAKENKAFERALAVYDPDTPDRWANVARAVEGRTPEEVKKHYEILVEDIKYI,-0.7251679850180481,0
K19Q,PWSAKENKAFERALAVYDQDTPDRWANVARAVEGRTPEEVKKHYEILVEDIKYI,-0.1965135967121829,1
K19R,PWSAKENKAFERALAVYDRDTPDRWANVARAVEGRTPEEVKKHYEILVEDIKYI,-0.1406788609087534,1
K19S,PWSAKENKAFERALAVYDSDTPDRWANVARAVEGRTPEEVKKHYEILVEDIKYI,-0.3638133519186333,1
K19T,PWSAKENKAFERALAVYDTDTPDRWANVARAVEGRTPEEVKKHYEILVEDIKYI,-0.2869470436879946,1
K19V,PWSAKENKAFERALAVYDVDTPDRWANVARAVEGRTPEEVKKHYEILVEDIKYI,-0.4316944172863888,0
K19W,PWSAKENKAFERALAVYDWDTPDRWANVARAVEGRTPEEVKKHYEILVEDIKYI,-1.1608807159202703,0
K19Y,PWSAKENKAFERALAVYDYDTPDRWANVARAVEGRTPEEVKKHYEILVEDIKYI,-0.9291378312919056,0
K41A,PWSAKENKAFERALAVYDKDTPDRWANVARAVEGRTPEEVAKHYEILVEDIKYI,-0.4836199094118677,0
K41C,PWSAKENKAFERALAVYDKDTPDRWANVARAVEGRTPEEVCKHYEILVEDIKYI,-1.4583988219525577,0
K41E,PWSAKENKAFERALAVYDKDTPDRWANVARAVEGRTPEEVEKHYEILVEDIKYI,-0.428472114419873,0
K41F,PWSAKENKAFERALAVYDKDTPDRWANVARAVEGRTPEEVFKHYEILVEDIKYI,-0.4634887750209001,0
K41H,PWSAKENKAFERALAVYDKDTPDRWANVARAVEGRTPEEVHKHYEILVEDIKYI,-1.043942120542512,0
K41I,PWSAKENKAFERALAVYDKDTPDRWANVARAVEGRTPEEVIKHYEILVEDIKYI,-1.1248365949169128,0
K41L,PWSAKENKAFERALAVYDKDTPDRWANVARAVEGRTPEEVLKHYEILVEDIKYI,-0.5897106015803946,0
K41M,PWSAKENKAFERALAVYDKDTPDRWANVARAVEGRTPEEVMKHYEILVEDIKYI,-0.2715047220353004,1
K41N,PWSAKENKAFERALAVYDKDTPDRWANVARAVEGRTPEEVNKHYEILVEDIKYI,-2.1004779630659787,0
K41Q,PWSAKENKAFERALAVYDKDTPDRWANVARAVEGRTPEEVQKHYEILVEDIKYI,-0.0631495508835247,1
K41R,PWSAKENKAFERALAVYDKDTPDRWANVARAVEGRTPEEVRKHYEILVEDIKYI,0.1126697034613242,1
K41S,PWSAKENKAFERALAVYDKDTPDRWANVARAVEGRTPEEVSKHYEILVEDIKYI,-1.3213436226506177,0
K41V,PWSAKENKAFERALAVYDKDTPDRWANVARAVEGRTPEEVVKHYEILVEDIKYI,-1.457656276072252,0
K41W,PWSAKENKAFERALAVYDKDTPDRWANVARAVEGRTPEEVWKHYEILVEDIKYI,-0.5660415244532783,0
K41Y,PWSAKENKAFERALAVYDKDTPDRWANVARAVEGRTPEEVYKHYEILVEDIKYI,-0.4197796365277328,0
K42A,PWSAKENKAFERALAVYDKDTPDRWANVARAVEGRTPEEVKAHYEILVEDIKYI,0.2391142298722348,1
K42C,PWSAKENKAFERALAVYDKDTPDRWANVARAVEGRTPEEVKCHYEILVEDIKYI,-0.4968941188816027,0
K42D,PWSAKENKAFERALAVYDKDTPDRWANVARAVEGRTPEEVKDHYEILVEDIKYI,-0.7404179701217996,0
K42E,PWSAKENKAFERALAVYDKDTPDRWANVARAVEGRTPEEVKEHYEILVEDIKYI,-0.2442315457112915,1
K42F,PWSAKENKAFERALAVYDKDTPDRWANVARAVEGRTPEEVKFHYEILVEDIKYI,-0.1871101367808791,1
K42G,PWSAKENKAFERALAVYDKDTPDRWANVARAVEGRTPEEVKGHYEILVEDIKYI,-0.772150050219889,0
K42H,PWSAKENKAFERALAVYDKDTPDRWANVARAVEGRTPEEVKHHYEILVEDIKYI,-0.045411086175128,1
K42I,PWSAKENKAFERALAVYDKDTPDRWANVARAVEGRTPEEVKIHYEILVEDIKYI,-0.0492463162638552,1
K42L,PWSAKENKAFERALAVYDKDTPDRWANVARAVEGRTPEEVKLHYEILVEDIKYI,0.1762610144439218,1
K42M,PWSAKENKAFERALAVYDKDTPDRWANVARAVEGRTPEEVKMHYEILVEDIKYI,0.0433409223163543,1
K42N,PWSAKENKAFERALAVYDKDTPDRWANVARAVEGRTPEEVKNHYEILVEDIKYI,-0.1687125467437658,1
K42Q,PWSAKENKAFERALAVYDKDTPDRWANVARAVEGRTPEEVKQHYEILVEDIKYI,0.1392527844395754,1
K42R,PWSAKENKAFERALAVYDKDTPDRWANVARAVEGRTPEEVKRHYEILVEDIKYI,0.2970147118534951,1
K42S,PWSAKENKAFERALAVYDKDTPDRWANVARAVEGRTPEEVKSHYEILVEDIKYI,-0.1439846162723719,1
K42T,PWSAKENKAFERALAVYDKDTPDRWANVARAVEGRTPEEVKTHYEILVEDIKYI,-0.2422097329119071,1
K42V,PWSAKENKAFERALAVYDKDTPDRWANVARAVEGRTPEEVKVHYEILVEDIKYI,-0.4391142472805533,0
K42W,PWSAKENKAFERALAVYDKDTPDRWANVARAVEGRTPEEVKWHYEILVEDIKYI,-0.1890404523019651,1
K42Y,PWSAKENKAFERALAVYDKDTPDRWANVARAVEGRTPEEVKYHYEILVEDIKYI,-0.158399263598109,1
K52A,PWSAKENKAFERALAVYDKDTPDRWANVARAVEGRTPEEVKKHYEILVEDIAYI,-0.0142233868813006,1
K52D,PWSAKENKAFERALAVYDKDTPDRWANVARAVEGRTPEEVKKHYEILVEDIDYI,-0.3582986397095942,1
K52E,PWSAKENKAFERALAVYDKDTPDRWANVARAVEGRTPEEVKKHYEILVEDIEYI,-0.2005384061757857,1
K52F,PWSAKENKAFERALAVYDKDTPDRWANVARAVEGRTPEEVKKHYEILVEDIFYI,-0.0589313547095269,1
K52G,PWSAKENKAFERALAVYDKDTPDRWANVARAVEGRTPEEVKKHYEILVEDIGYI,0.0241948889486174,1
K52H,PWSAKENKAFERALAVYDKDTPDRWANVARAVEGRTPEEVKKHYEILVEDIHYI,-0.0523999673476232,1
K52I,PWSAKENKAFERALAVYDKDTPDRWANVARAVEGRTPEEVKKHYEILVEDIIYI,-0.1623179485198016,1
K52L,PWSAKENKAFERALAVYDKDTPDRWANVARAVEGRTPEEVKKHYEILVEDILYI,-0.2439310750985786,1
K52M,PWSAKENKAFERALAVYDKDTPDRWANVARAVEGRTPEEVKKHYEILVEDIMYI,-0.0124092858823428,1
K52N,PWSAKENKAFERALAVYDKDTPDRWANVARAVEGRTPEEVKKHYEILVEDINYI,0.020185650057142,1
K52P,PWSAKENKAFERALAVYDKDTPDRWANVARAVEGRTPEEVKKHYEILVEDIPYI,-0.297238821533256,1
K52Q,PWSAKENKAFERALAVYDKDTPDRWANVARAVEGRTPEEVKKHYEILVEDIQYI,0.0811037985848894,1
K52R,PWSAKENKAFERALAVYDKDTPDRWANVARAVEGRTPEEVKKHYEILVEDIRYI,0.2977008787688153,1
K52S,PWSAKENKAFERALAVYDKDTPDRWANVARAVEGRTPEEVKKHYEILVEDISYI,0.0358274660280248,1
K52T,PWSAKENKAFERALAVYDKDTPDRWANVARAVEGRTPEEVKKHYEILVEDITYI,0.0842009283887192,1
K52V,PWSAKENKAFERALAVYDKDTPDRWANVARAVEGRTPEEVKKHYEILVEDIVYI,-0.1302508007436804,1
K52W,PWSAKENKAFERALAVYDKDTPDRWANVARAVEGRTPEEVKKHYEILVEDIWYI,0.148644393606909,1
K52Y,PWSAKENKAFERALAVYDKDTPDRWANVARAVEGRTPEEVKKHYEILVEDIYYI,-0.0075800448771095,1
K5A,PWSAAENKAFERALAVYDKDTPDRWANVARAVEGRTPEEVKKHYEILVEDIKYI,0.7768833445252168,1
K5C,PWSACENKAFERALAVYDKDTPDRWANVARAVEGRTPEEVKKHYEILVEDIKYI,0.5838599127003445,1
K5D,PWSADENKAFERALAVYDKDTPDRWANVARAVEGRTPEEVKKHYEILVEDIKYI,0.8283701275495505,1
K5E,PWSAEENKAFERALAVYDKDTPDRWANVARAVEGRTPEEVKKHYEILVEDIKYI,0.9499342777190144,1
K5F,PWSAFENKAFERALAVYDKDTPDRWANVARAVEGRTPEEVKKHYEILVEDIKYI,-0.1291913300048772,1
K5G,PWSAGENKAFERALAVYDKDTPDRWANVARAVEGRTPEEVKKHYEILVEDIKYI,0.0165015563269881,1
K5H,PWSAHENKAFERALAVYDKDTPDRWANVARAVEGRTPEEVKKHYEILVEDIKYI,0.0600060362149657,1
K5I,PWSAIENKAFERALAVYDKDTPDRWANVARAVEGRTPEEVKKHYEILVEDIKYI,0.0602072222205594,1
K5L,PWSALENKAFERALAVYDKDTPDRWANVARAVEGRTPEEVKKHYEILVEDIKYI,0.3815272476236104,1
K5M,PWSAMENKAFERALAVYDKDTPDRWANVARAVEGRTPEEVKKHYEILVEDIKYI,0.3714468662104535,1
K5N,PWSANENKAFERALAVYDKDTPDRWANVARAVEGRTPEEVKKHYEILVEDIKYI,0.2445443301583083,1
K5P,PWSAPENKAFERALAVYDKDTPDRWANVARAVEGRTPEEVKKHYEILVEDIKYI,-0.2866379689855718,1
K5Q,PWSAQENKAFERALAVYDKDTPDRWANVARAVEGRTPEEVKKHYEILVEDIKYI,0.3318063922622345,1
K5R,PWSARENKAFERALAVYDKDTPDRWANVARAVEGRTPEEVKKHYEILVEDIKYI,-0.1857564686074351,1
K5S,PWSASENKAFERALAVYDKDTPDRWANVARAVEGRTPEEVKKHYEILVEDIKYI,0.4871173081911795,1
K5T,PWSATENKAFERALAVYDKDTPDRWANVARAVEGRTPEEVKKHYEILVEDIKYI,0.2107281381834456,1
K5V,PWSAVENKAFERALAVYDKDTPDRWANVARAVEGRTPEEVKKHYEILVEDIKYI,0.0026294573233063,1
K5W,PWSAWENKAFERALAVYDKDTPDRWANVARAVEGRTPEEVKKHYEILVEDIKYI,0.1923927387369599,1
K5Y,PWSAYENKAFERALAVYDKDTPDRWANVARAVEGRTPEEVKKHYEILVEDIKYI,0.1120766894171885,1
K8A,PWSAKENAAFERALAVYDKDTPDRWANVARAVEGRTPEEVKKHYEILVEDIKYI,0.7295271376066461,1
K8C,PWSAKENCAFERALAVYDKDTPDRWANVARAVEGRTPEEVKKHYEILVEDIKYI,0.6536238839170669,1
K8D,PWSAKENDAFERALAVYDKDTPDRWANVARAVEGRTPEEVKKHYEILVEDIKYI,0.3915744275181179,1
K8E,PWSAKENEAFERALAVYDKDTPDRWANVARAVEGRTPEEVKKHYEILVEDIKYI,0.8053901701113175,1
K8F,PWSAKENFAFERALAVYDKDTPDRWANVARAVEGRTPEEVKKHYEILVEDIKYI,0.1127830342746101,1
K8G,PWSAKENGAFERALAVYDKDTPDRWANVARAVEGRTPEEVKKHYEILVEDIKYI,-0.6455763948584504,0
K8H,PWSAKENHAFERALAVYDKDTPDRWANVARAVEGRTPEEVKKHYEILVEDIKYI,-0.1599168008303504,1
K8I,PWSAKENIAFERALAVYDKDTPDRWANVARAVEGRTPEEVKKHYEILVEDIKYI,0.3234149003018771,1
K8L,PWSAKENLAFERALAVYDKDTPDRWANVARAVEGRTPEEVKKHYEILVEDIKYI,0.5486090046793783,1
K8M,PWSAKENMAFERALAVYDKDTPDRWANVARAVEGRTPEEVKKHYEILVEDIKYI,0.4086902896594662,1
K8N,PWSAKENNAFERALAVYDKDTPDRWANVARAVEGRTPEEVKKHYEILVEDIKYI,-0.0958420922992486,1
K8Q,PWSAKENQAFERALAVYDKDTPDRWANVARAVEGRTPEEVKKHYEILVEDIKYI,0.3881924459705543,1
K8R,PWSAKENRAFERALAVYDKDTPDRWANVARAVEGRTPEEVKKHYEILVEDIKYI,0.1744313576450298,1
K8S,PWSAKENSAFERALAVYDKDTPDRWANVARAVEGRTPEEVKKHYEILVEDIKYI,0.1336381721055457,1
K8T,PWSAKENTAFERALAVYDKDTPDRWANVARAVEGRTPEEVKKHYEILVEDIKYI,-0.0150140712917594,1
K8V,PWSAKENVAFERALAVYDKDTPDRWANVARAVEGRTPEEVKKHYEILVEDIKYI,0.0970617554694841,1
K8W,PWSAKENWAFERALAVYDKDTPDRWANVARAVEGRTPEEVKKHYEILVEDIKYI,0.3376516292922003,1
K8Y,PWSAKENYAFERALAVYDKDTPDRWANVARAVEGRTPEEVKKHYEILVEDIKYI,0.2446487011205436,1
L14C,PWSAKENKAFERACAVYDKDTPDRWANVARAVEGRTPEEVKKHYEILVEDIKYI,-1.04919973860717,0
L14I,PWSAKENKAFERAIAVYDKDTPDRWANVARAVEGRTPEEVKKHYEILVEDIKYI,0.094291112742191,1
L14M,PWSAKENKAFERAMAVYDKDTPDRWANVARAVEGRTPEEVKKHYEILVEDIKYI,-0.1009472102794857,1
L14Q,PWSAKENKAFERAQAVYDKDTPDRWANVARAVEGRTPEEVKKHYEILVEDIKYI,-1.7682856744486437,0
L14V,PWSAKENKAFERAVAVYDKDTPDRWANVARAVEGRTPEEVKKHYEILVEDIKYI,-0.7851057357003308,0
L47A,PWSAKENKAFERALAVYDKDTPDRWANVARAVEGRTPEEVKKHYEIAVEDIKYI,-0.8642796363371623,0
L47C,PWSAKENKAFERALAVYDKDTPDRWANVARAVEGRTPEEVKKHYEICVEDIKYI,0.167747504028457,1
L47D,PWSAKENKAFERALAVYDKDTPDRWANVARAVEGRTPEEVKKHYEIDVEDIKYI,-1.35089858565729,0
L47E,PWSAKENKAFERALAVYDKDTPDRWANVARAVEGRTPEEVKKHYEIEVEDIKYI,-0.8488846090804183,0
L47F,PWSAKENKAFERALAVYDKDTPDRWANVARAVEGRTPEEVKKHYEIFVEDIKYI,0.2014119139413599,1
L47G,PWSAKENKAFERALAVYDKDTPDRWANVARAVEGRTPEEVKKHYEIGVEDIKYI,-0.8561237642291843,0
L47H,PWSAKENKAFERALAVYDKDTPDRWANVARAVEGRTPEEVKKHYEIHVEDIKYI,-0.0731326190742454,1
L47I,PWSAKENKAFERALAVYDKDTPDRWANVARAVEGRTPEEVKKHYEIIVEDIKYI,0.0790104265497977,1
L47K,PWSAKENKAFERALAVYDKDTPDRWANVARAVEGRTPEEVKKHYEIKVEDIKYI,-0.5063402963666954,0
L47M,PWSAKENKAFERALAVYDKDTPDRWANVARAVEGRTPEEVKKHYEIMVEDIKYI,0.3828151412778653,1
L47N,PWSAKENKAFERALAVYDKDTPDRWANVARAVEGRTPEEVKKHYEINVEDIKYI,-0.6576784535231603,0
L47Q,PWSAKENKAFERALAVYDKDTPDRWANVARAVEGRTPEEVKKHYEIQVEDIKYI,-0.5866650387159136,0
L47R,PWSAKENKAFERALAVYDKDTPDRWANVARAVEGRTPEEVKKHYEIRVEDIKYI,-0.2326991582723255,1
L47S,PWSAKENKAFERALAVYDKDTPDRWANVARAVEGRTPEEVKKHYEISVEDIKYI,-0.4503144793752134,0
L47T,PWSAKENKAFERALAVYDKDTPDRWANVARAVEGRTPEEVKKHYEITVEDIKYI,-0.2627470610848568,1
L47V,PWSAKENKAFERALAVYDKDTPDRWANVARAVEGRTPEEVKKHYEIVVEDIKYI,-0.3047467842773732,1
L47W,PWSAKENKAFERALAVYDKDTPDRWANVARAVEGRTPEEVKKHYEIWVEDIKYI,0.7893606183044981,1
L47Y,PWSAKENKAFERALAVYDKDTPDRWANVARAVEGRTPEEVKKHYEIYVEDIKYI,0.7121011861342363,1
N27A,PWSAKENKAFERALAVYDKDTPDRWAAVARAVEGRTPEEVKKHYEILVEDIKYI,-0.0312425805680587,1
N27C,PWSAKENKAFERALAVYDKDTPDRWACVARAVEGRTPEEVKKHYEILVEDIKYI,0.1209294211161098,1
N27D,PWSAKENKAFERALAVYDKDTPDRWADVARAVEGRTPEEVKKHYEILVEDIKYI,-0.993316672337601,0
N27E,PWSAKENKAFERALAVYDKDTPDRWAEVARAVEGRTPEEVKKHYEILVEDIKYI,-0.5573354482636131,0
N27F,PWSAKENKAFERALAVYDKDTPDRWAFVARAVEGRTPEEVKKHYEILVEDIKYI,0.2242801518307606,1
N27H,PWSAKENKAFERALAVYDKDTPDRWAHVARAVEGRTPEEVKKHYEILVEDIKYI,0.3432297590892179,1
N27I,PWSAKENKAFERALAVYDKDTPDRWAIVARAVEGRTPEEVKKHYEILVEDIKYI,-0.3974004163926445,0
N27K,PWSAKENKAFERALAVYDKDTPDRWAKVARAVEGRTPEEVKKHYEILVEDIKYI,0.6383129490008752,1
N27L,PWSAKENKAFERALAVYDKDTPDRWALVARAVEGRTPEEVKKHYEILVEDIKYI,0.5457696444790932,1
N27M,PWSAKENKAFERALAVYDKDTPDRWAMVARAVEGRTPEEVKKHYEILVEDIKYI,0.8696649593434289,1
N27Q,PWSAKENKAFERALAVYDKDTPDRWAQVARAVEGRTPEEVKKHYEILVEDIKYI,0.4078900177211626,1
N27R,PWSAKENKAFERALAVYDKDTPDRWARVARAVEGRTPEEVKKHYEILVEDIKYI,-0.051504464440689,1
N27S,PWSAKENKAFERALAVYDKDTPDRWASVARAVEGRTPEEVKKHYEILVEDIKYI,-0.3438303443684158,1
N27T,PWSAKENKAFERALAVYDKDTPDRWATVARAVEGRTPEEVKKHYEILVEDIKYI,-1.1250685674672982,0
N27V,PWSAKENKAFERALAVYDKDTPDRWAVVARAVEGRTPEEVKKHYEILVEDIKYI,-0.6014698743696212,0
N27W,PWSAKENKAFERALAVYDKDTPDRWAWVARAVEGRTPEEVKKHYEILVEDIKYI,0.65951149034683,1
N27Y,PWSAKENKAFERALAVYDKDTPDRWAYVARAVEGRTPEEVKKHYEILVEDIKYI,0.1797532776494015,1
N7A,PWSAKEAKAFERALAVYDKDTPDRWANVARAVEGRTPEEVKKHYEILVEDIKYI,-0.3318254228950226,1
N7C,PWSAKECKAFERALAVYDKDTPDRWANVARAVEGRTPEEVKKHYEILVEDIKYI,1.1111123875614566,1
N7D,PWSAKEDKAFERALAVYDKDTPDRWANVARAVEGRTPEEVKKHYEILVEDIKYI,-0.3003826550640304,1
N7E,PWSAKEEKAFERALAVYDKDTPDRWANVARAVEGRTPEEVKKHYEILVEDIKYI,0.7662681033682928,1
N7F,PWSAKEFKAFERALAVYDKDTPDRWANVARAVEGRTPEEVKKHYEILVEDIKYI,-0.4143351851630457,0
N7G,PWSAKEGKAFERALAVYDKDTPDRWANVARAVEGRTPEEVKKHYEILVEDIKYI,-1.081587871247152,0
N7H,PWSAKEHKAFERALAVYDKDTPDRWANVARAVEGRTPEEVKKHYEILVEDIKYI,0.4003481440420493,1
N7I,PWSAKEIKAFERALAVYDKDTPDRWANVARAVEGRTPEEVKKHYEILVEDIKYI,0.4166752878317241,1
N7K,PWSAKEKKAFERALAVYDKDTPDRWANVARAVEGRTPEEVKKHYEILVEDIKYI,0.1114038418629856,1
N7L,PWSAKELKAFERALAVYDKDTPDRWANVARAVEGRTPEEVKKHYEILVEDIKYI,0.2460823836301013,1
N7M,PWSAKEMKAFERALAVYDKDTPDRWANVARAVEGRTPEEVKKHYEILVEDIKYI,0.234902993408093,1
N7Q,PWSAKEQKAFERALAVYDKDTPDRWANVARAVEGRTPEEVKKHYEILVEDIKYI,0.7970531744828468,1
N7R,PWSAKERKAFERALAVYDKDTPDRWANVARAVEGRTPEEVKKHYEILVEDIKYI,-0.1167045996419822,1
N7S,PWSAKESKAFERALAVYDKDTPDRWANVARAVEGRTPEEVKKHYEILVEDIKYI,0.0318173346803218,1
N7T,PWSAKETKAFERALAVYDKDTPDRWANVARAVEGRTPEEVKKHYEILVEDIKYI,0.1075694407722616,1
N7V,PWSAKEVKAFERALAVYDKDTPDRWANVARAVEGRTPEEVKKHYEILVEDIKYI,0.0941790045119821,1
N7W,PWSAKEWKAFERALAVYDKDTPDRWANVARAVEGRTPEEVKKHYEILVEDIKYI,0.2881824467019489,1
N7Y,PWSAKEYKAFERALAVYDKDTPDRWANVARAVEGRTPEEVKKHYEILVEDIKYI,-0.2064971447680267,1
P1A,AWSAKENKAFERALAVYDKDTPDRWANVARAVEGRTPEEVKKHYEILVEDIKYI,-0.021294627258662,1
P1D,DWSAKENKAFERALAVYDKDTPDRWANVARAVEGRTPEEVKKHYEILVEDIKYI,0.2796032192556414,1
P1E,EWSAKENKAFERALAVYDKDTPDRWANVARAVEGRTPEEVKKHYEILVEDIKYI,0.2349900377066975,1
P1F,FWSAKENKAFERALAVYDKDTPDRWANVARAVEGRTPEEVKKHYEILVEDIKYI,-0.1697757790733722,1
P1G,GWSAKENKAFERALAVYDKDTPDRWANVARAVEGRTPEEVKKHYEILVEDIKYI,0.2021338550658795,1
P1H,HWSAKENKAFERALAVYDKDTPDRWANVARAVEGRTPEEVKKHYEILVEDIKYI,0.0418216389695107,1
P1I,IWSAKENKAFERALAVYDKDTPDRWANVARAVEGRTPEEVKKHYEILVEDIKYI,-0.209828012751606,1
P1K,KWSAKENKAFERALAVYDKDTPDRWANVARAVEGRTPEEVKKHYEILVEDIKYI,-0.0547544411725389,1
P1L,LWSAKENKAFERALAVYDKDTPDRWANVARAVEGRTPEEVKKHYEILVEDIKYI,-0.2489217839890489,1
P1M,MWSAKENKAFERALAVYDKDTPDRWANVARAVEGRTPEEVKKHYEILVEDIKYI,-0.1375659796905872,1
P1N,NWSAKENKAFERALAVYDKDTPDRWANVARAVEGRTPEEVKKHYEILVEDIKYI,0.1905062517466178,1
P1Q,QWSAKENKAFERALAVYDKDTPDRWANVARAVEGRTPEEVKKHYEILVEDIKYI,0.0681666632409192,1
P1R,RWSAKENKAFERALAVYDKDTPDRWANVARAVEGRTPEEVKKHYEILVEDIKYI,-0.0887198814759584,1
P1S,SWSAKENKAFERALAVYDKDTPDRWANVARAVEGRTPEEVKKHYEILVEDIKYI,0.0531206963205046,1
P1T,TWSAKENKAFERALAVYDKDTPDRWANVARAVEGRTPEEVKKHYEILVEDIKYI,-0.3485598190385979,1
P1V,VWSAKENKAFERALAVYDKDTPDRWANVARAVEGRTPEEVKKHYEILVEDIKYI,-0.0077690042700209,1
P1W,WWSAKENKAFERALAVYDKDTPDRWANVARAVEGRTPEEVKKHYEILVEDIKYI,-0.2084113408735027,1
P1Y,YWSAKENKAFERALAVYDKDTPDRWANVARAVEGRTPEEVKKHYEILVEDIKYI,0.011959776074881,1
P22A,PWSAKENKAFERALAVYDKDTADRWANVARAVEGRTPEEVKKHYEILVEDIKYI,-0.6772770820316457,0
P22C,PWSAKENKAFERALAVYDKDTCDRWANVARAVEGRTPEEVKKHYEILVEDIKYI,-0.8178516219364853,0
P22D,PWSAKENKAFERALAVYDKDTDDRWANVARAVEGRTPEEVKKHYEILVEDIKYI,-0.8203083181127128,0
P22E,PWSAKENKAFERALAVYDKDTEDRWANVARAVEGRTPEEVKKHYEILVEDIKYI,-0.4394333611664446,0
P22F,PWSAKENKAFERALAVYDKDTFDRWANVARAVEGRTPEEVKKHYEILVEDIKYI,-0.8469802024861501,0
P22G,PWSAKENKAFERALAVYDKDTGDRWANVARAVEGRTPEEVKKHYEILVEDIKYI,-1.425633263125858,0
P22H,PWSAKENKAFERALAVYDKDTHDRWANVARAVEGRTPEEVKKHYEILVEDIKYI,-0.2169414095416375,1
P22I,PWSAKENKAFERALAVYDKDTIDRWANVARAVEGRTPEEVKKHYEILVEDIKYI,-0.6032186501086683,0
P22K,PWSAKENKAFERALAVYDKDTKDRWANVARAVEGRTPEEVKKHYEILVEDIKYI,-0.4781170227818732,0
P22L,PWSAKENKAFERALAVYDKDTLDRWANVARAVEGRTPEEVKKHYEILVEDIKYI,-0.8317048374797393,0
P22M,PWSAKENKAFERALAVYDKDTMDRWANVARAVEGRTPEEVKKHYEILVEDIKYI,-0.60814275421025,0
P22N,PWSAKENKAFERALAVYDKDTNDRWANVARAVEGRTPEEVKKHYEILVEDIKYI,-0.8921200614538147,0
P22Q,PWSAKENKAFERALAVYDKDTQDRWANVARAVEGRTPEEVKKHYEILVEDIKYI,-0.6884941103027262,0
P22R,PWSAKENKAFERALAVYDKDTRDRWANVARAVEGRTPEEVKKHYEILVEDIKYI,-0.967244725469643,0
P22S,PWSAKENKAFERALAVYDKDTSDRWANVARAVEGRTPEEVKKHYEILVEDIKYI,-0.6376473000957127,0
P22T,PWSAKENKAFERALAVYDKDTTDRWANVARAVEGRTPEEVKKHYEILVEDIKYI,-0.9132484022050738,0
P22V,PWSAKENKAFERALAVYDKDTVDRWANVARAVEGRTPEEVKKHYEILVEDIKYI,-0.4972795421051245,0
P22W,PWSAKENKAFERALAVYDKDTWDRWANVARAVEGRTPEEVKKHYEILVEDIKYI,-0.5601371774432525,0
P22Y,PWSAKENKAFERALAVYDKDTYDRWANVARAVEGRTPEEVKKHYEILVEDIKYI,-1.1121958113507102,0
P37A,PWSAKENKAFERALAVYDKDTPDRWANVARAVEGRTAEEVKKHYEILVEDIKYI,-0.0153956560270382,1
P37C,PWSAKENKAFERALAVYDKDTPDRWANVARAVEGRTCEEVKKHYEILVEDIKYI,-1.1128218420262783,0
P37D,PWSAKENKAFERALAVYDKDTPDRWANVARAVEGRTDEEVKKHYEILVEDIKYI,-1.320396332329522,0
P37E,PWSAKENKAFERALAVYDKDTPDRWANVARAVEGRTEEEVKKHYEILVEDIKYI,0.3359931896795529,1
P37F,PWSAKENKAFERALAVYDKDTPDRWANVARAVEGRTFEEVKKHYEILVEDIKYI,-1.0229652702823548,0
P37G,PWSAKENKAFERALAVYDKDTPDRWANVARAVEGRTGEEVKKHYEILVEDIKYI,-1.714599150759685,0
P37H,PWSAKENKAFERALAVYDKDTPDRWANVARAVEGRTHEEVKKHYEILVEDIKYI,-1.3722367924046317,0
P37I,PWSAKENKAFERALAVYDKDTPDRWANVARAVEGRTIEEVKKHYEILVEDIKYI,0.2643061684983807,1
P37K,PWSAKENKAFERALAVYDKDTPDRWANVARAVEGRTKEEVKKHYEILVEDIKYI,-0.5726297787235928,0
P37L,PWSAKENKAFERALAVYDKDTPDRWANVARAVEGRTLEEVKKHYEILVEDIKYI,-0.0198015874870474,1
P37M,PWSAKENKAFERALAVYDKDTPDRWANVARAVEGRTMEEVKKHYEILVEDIKYI,-0.2281301364250145,1
P37N,PWSAKENKAFERALAVYDKDTPDRWANVARAVEGRTNEEVKKHYEILVEDIKYI,-1.9842143296215495,0
P37Q,PWSAKENKAFERALAVYDKDTPDRWANVARAVEGRTQEEVKKHYEILVEDIKYI,-0.3522274005844962,1
P37R,PWSAKENKAFERALAVYDKDTPDRWANVARAVEGRTREEVKKHYEILVEDIKYI,-0.937283366697006,0
P37S,PWSAKENKAFERALAVYDKDTPDRWANVARAVEGRTSEEVKKHYEILVEDIKYI,-0.7000204630358813,0
P37T,PWSAKENKAFERALAVYDKDTPDRWANVARAVEGRTTEEVKKHYEILVEDIKYI,-0.4916107370813785,0
P37V,PWSAKENKAFERALAVYDKDTPDRWANVARAVEGRTVEEVKKHYEILVEDIKYI,0.1655576181021862,1
P37W,PWSAKENKAFERALAVYDKDTPDRWANVARAVEGRTWEEVKKHYEILVEDIKYI,-0.2645167908812788,1
P37Y,PWSAKENKAFERALAVYDKDTPDRWANVARAVEGRTYEEVKKHYEILVEDIKYI,-0.9114062475508112,0
R12A,PWSAKENKAFEAALAVYDKDTPDRWANVARAVEGRTPEEVKKHYEILVEDIKYI,0.2577956214778725,1
R12C,PWSAKENKAFECALAVYDKDTPDRWANVARAVEGRTPEEVKKHYEILVEDIKYI,0.2316970547130536,1
R12D,PWSAKENKAFEDALAVYDKDTPDRWANVARAVEGRTPEEVKKHYEILVEDIKYI,0.1201574977174018,1
R12E,PWSAKENKAFEEALAVYDKDTPDRWANVARAVEGRTPEEVKKHYEILVEDIKYI,0.2462225021781336,1
R12F,PWSAKENKAFEFALAVYDKDTPDRWANVARAVEGRTPEEVKKHYEILVEDIKYI,0.0182498521876159,1
R12G,PWSAKENKAFEGALAVYDKDTPDRWANVARAVEGRTPEEVKKHYEILVEDIKYI,-0.2743076112710045,1
R12H,PWSAKENKAFEHALAVYDKDTPDRWANVARAVEGRTPEEVKKHYEILVEDIKYI,-0.2827281919566171,1
R12I,PWSAKENKAFEIALAVYDKDTPDRWANVARAVEGRTPEEVKKHYEILVEDIKYI,0.0057019793879236,1
R12K,PWSAKENKAFEKALAVYDKDTPDRWANVARAVEGRTPEEVKKHYEILVEDIKYI,0.0685605624756058,1
R12L,PWSAKENKAFELALAVYDKDTPDRWANVARAVEGRTPEEVKKHYEILVEDIKYI,0.4018334861185972,1
R12M,PWSAKENKAFEMALAVYDKDTPDRWANVARAVEGRTPEEVKKHYEILVEDIKYI,0.322839013428732,1
R12N,PWSAKENKAFENALAVYDKDTPDRWANVARAVEGRTPEEVKKHYEILVEDIKYI,-0.0780973090599004,1
R12Q,PWSAKENKAFEQALAVYDKDTPDRWANVARAVEGRTPEEVKKHYEILVEDIKYI,-0.0310147529687481,1
R12S,PWSAKENKAFESALAVYDKDTPDRWANVARAVEGRTPEEVKKHYEILVEDIKYI,-0.299030332726406,1
R12T,PWSAKENKAFETALAVYDKDTPDRWANVARAVEGRTPEEVKKHYEILVEDIKYI,-0.319083273475256,1
R12V,PWSAKENKAFEVALAVYDKDTPDRWANVARAVEGRTPEEVKKHYEILVEDIKYI,-0.1269416473620879,1
R12W,PWSAKENKAFEWALAVYDKDTPDRWANVARAVEGRTPEEVKKHYEILVEDIKYI,0.1971158839739732,1
R12Y,PWSAKENKAFEYALAVYDKDTPDRWANVARAVEGRTPEEVKKHYEILVEDIKYI,0.0281661902009191,1
R24A,PWSAKENKAFERALAVYDKDTPDAWANVARAVEGRTPEEVKKHYEILVEDIKYI,-2.000411088120192,0
R24F,PWSAKENKAFERALAVYDKDTPDFWANVARAVEGRTPEEVKKHYEILVEDIKYI,0.70974908717448,1
R24G,PWSAKENKAFERALAVYDKDTPDGWANVARAVEGRTPEEVKKHYEILVEDIKYI,-1.910714327771464,0
R24I,PWSAKENKAFERALAVYDKDTPDIWANVARAVEGRTPEEVKKHYEILVEDIKYI,-1.6047882180275557,0
R24K,PWSAKENKAFERALAVYDKDTPDKWANVARAVEGRTPEEVKKHYEILVEDIKYI,-1.071287320004867,0
R24M,PWSAKENKAFERALAVYDKDTPDMWANVARAVEGRTPEEVKKHYEILVEDIKYI,-1.0529132418807043,0
R24V,PWSAKENKAFERALAVYDKDTPDVWANVARAVEGRTPEEVKKHYEILVEDIKYI,-1.736790941303389,0
R24W,PWSAKENKAFERALAVYDKDTPDWWANVARAVEGRTPEEVKKHYEILVEDIKYI,-0.9411553164256552,0
R24Y,PWSAKENKAFERALAVYDKDTPDYWANVARAVEGRTPEEVKKHYEILVEDIKYI,0.1679952567955631,1
R30A,PWSAKENKAFERALAVYDKDTPDRWANVAAAVEGRTPEEVKKHYEILVEDIKYI,0.0396896496420602,1
R30C,PWSAKENKAFERALAVYDKDTPDRWANVACAVEGRTPEEVKKHYEILVEDIKYI,-0.9106658334477784,0
R30D,PWSAKENKAFERALAVYDKDTPDRWANVADAVEGRTPEEVKKHYEILVEDIKYI,-0.8628307034620337,0
R30E,PWSAKENKAFERALAVYDKDTPDRWANVAEAVEGRTPEEVKKHYEILVEDIKYI,-0.7356620803866128,0
R30F,PWSAKENKAFERALAVYDKDTPDRWANVAFAVEGRTPEEVKKHYEILVEDIKYI,-0.6985712453336015,0
R30G,PWSAKENKAFERALAVYDKDTPDRWANVAGAVEGRTPEEVKKHYEILVEDIKYI,-0.8634615866006072,0
R30H,PWSAKENKAFERALAVYDKDTPDRWANVAHAVEGRTPEEVKKHYEILVEDIKYI,-0.7943071353554443,0
R30I,PWSAKENKAFERALAVYDKDTPDRWANVAIAVEGRTPEEVKKHYEILVEDIKYI,-0.8479360619128599,0
R30K,PWSAKENKAFERALAVYDKDTPDRWANVAKAVEGRTPEEVKKHYEILVEDIKYI,0.0709328062029805,1
R30L,PWSAKENKAFERALAVYDKDTPDRWANVALAVEGRTPEEVKKHYEILVEDIKYI,-0.1448224081855664,1
R30M,PWSAKENKAFERALAVYDKDTPDRWANVAMAVEGRTPEEVKKHYEILVEDIKYI,-0.0068897165284389,1
R30N,PWSAKENKAFERALAVYDKDTPDRWANVANAVEGRTPEEVKKHYEILVEDIKYI,-0.3426361751236453,1
R30Q,PWSAKENKAFERALAVYDKDTPDRWANVAQAVEGRTPEEVKKHYEILVEDIKYI,-0.4141688106121246,0
R30S,PWSAKENKAFERALAVYDKDTPDRWANVASAVEGRTPEEVKKHYEILVEDIKYI,-0.3433383357831727,1
R30T,PWSAKENKAFERALAVYDKDTPDRWANVATAVEGRTPEEVKKHYEILVEDIKYI,-0.8493681594475255,0
R30V,PWSAKENKAFERALAVYDKDTPDRWANVAVAVEGRTPEEVKKHYEILVEDIKYI,-0.9629360253565564,0
R30W,PWSAKENKAFERALAVYDKDTPDRWANVAWAVEGRTPEEVKKHYEILVEDIKYI,-1.0260725871288765,0
R30Y,PWSAKENKAFERALAVYDKDTPDRWANVAYAVEGRTPEEVKKHYEILVEDIKYI,-1.4178304937360844,0
R35A,PWSAKENKAFERALAVYDKDTPDRWANVARAVEGATPEEVKKHYEILVEDIKYI,-2.0007125616809467,0
R35A:E39A,PWSAKENKAFERALAVYDKDTPDRWANVARAVEGATPEAVKKHYEILVEDIKYI,-1.7114892725623505,0
R35A:E39D,PWSAKENKAFERALAVYDKDTPDRWANVARAVEGATPEDVKKHYEILVEDIKYI,-1.567774272391515,0
R35A:E39L,PWSAKENKAFERALAVYDKDTPDRWANVARAVEGATPELVKKHYEILVEDIKYI,-2.120538502424859,0
R35A:E39M,PWSAKENKAFERALAVYDKDTPDRWANVARAVEGATPEMVKKHYEILVEDIKYI,-1.6788852840347062,0
R35A:E39Q,PWSAKENKAFERALAVYDKDTPDRWANVARAVEGATPEQVKKHYEILVEDIKYI,-1.6131255512209135,0
R35A:E39W,PWSAKENKAFERALAVYDKDTPDRWANVARAVEGATPEWVKKHYEILVEDIKYI,-1.899418999982849,0
R35A:T36D,PWSAKENKAFERALAVYDKDTPDRWANVARAVEGADPEEVKKHYEILVEDIKYI,-1.5255312229562006,0
R35A:T36I,PWSAKENKAFERALAVYDKDTPDRWANVARAVEGAIPEEVKKHYEILVEDIKYI,-2.152211882775896,0
R35A:T36N,PWSAKENKAFERALAVYDKDTPDRWANVARAVEGANPEEVKKHYEILVEDIKYI,-2.0721205955151314,0
R35C,PWSAKENKAFERALAVYDKDTPDRWANVARAVEGCTPEEVKKHYEILVEDIKYI,-1.737307426883012,0
R35F,PWSAKENKAFERALAVYDKDTPDRWANVARAVEGFTPEEVKKHYEILVEDIKYI,-1.3838323786438689,0
R35F:E39I,PWSAKENKAFERALAVYDKDTPDRWANVARAVEGFTPEIVKKHYEILVEDIKYI,-2.0836028383334964,0
R35F:E39Q,PWSAKENKAFERALAVYDKDTPDRWANVARAVEGFTPEQVKKHYEILVEDIKYI,-1.4831333310350885,0
R35F:T36S,PWSAKENKAFERALAVYDKDTPDRWANVARAVEGFSPEEVKKHYEILVEDIKYI,-1.5704769397019538,0
R35G:E39V,PWSAKENKAFERALAVYDKDTPDRWANVARAVEGGTPEVVKKHYEILVEDIKYI,-1.3800071054835108,0
R35H,PWSAKENKAFERALAVYDKDTPDRWANVARAVEGHTPEEVKKHYEILVEDIKYI,-1.7238632004361614,0
R35K,PWSAKENKAFERALAVYDKDTPDRWANVARAVEGKTPEEVKKHYEILVEDIKYI,-0.47191829977584876,0
R35K:E39D,PWSAKENKAFERALAVYDKDTPDRWANVARAVEGKTPEDVKKHYEILVEDIKYI,-0.9182265725061228,0
R35K:E39I,PWSAKENKAFERALAVYDKDTPDRWANVARAVEGKTPEIVKKHYEILVEDIKYI,-2.146724781117201,0
R35K:E39M,PWSAKENKAFERALAVYDKDTPDRWANVARAVEGKTPEMVKKHYEILVEDIKYI,-1.6874630090602127,0
R35K:E39Q,PWSAKENKAFERALAVYDKDTPDRWANVARAVEGKTPEQVKKHYEILVEDIKYI,-1.0635429387904531,0
R35K:T36D,PWSAKENKAFERALAVYDKDTPDRWANVARAVEGKDPEEVKKHYEILVEDIKYI,-1.318329042795971,0
R35K:T36G,PWSAKENKAFERALAVYDKDTPDRWANVARAVEGKGPEEVKKHYEILVEDIKYI,-1.6315884400697789,0
R35K:T36N,PWSAKENKAFERALAVYDKDTPDRWANVARAVEGKNPEEVKKHYEILVEDIKYI,-1.6768581144357846,0
R35K:T36S,PWSAKENKAFERALAVYDKDTPDRWANVARAVEGKSPEEVKKHYEILVEDIKYI,-0.7361396653444198,0
R35L:T36W,PWSAKENKAFERALAVYDKDTPDRWANVARAVEGLWPEEVKKHYEILVEDIKYI,-2.116285871890254,0
R35M,PWSAKENKAFERALAVYDKDTPDRWANVARAVEGMTPEEVKKHYEILVEDIKYI,-1.8370994455404777,0
R35M:E39D,PWSAKENKAFERALAVYDKDTPDRWANVARAVEGMTPEDVKKHYEILVEDIKYI,-1.5651380495905347,0
R35M:E39I,PWSAKENKAFERALAVYDKDTPDRWANVARAVEGMTPEIVKKHYEILVEDIKYI,-2.0636555478383256,0
R35M:E39M,PWSAKENKAFERALAVYDKDTPDRWANVARAVEGMTPEMVKKHYEILVEDIKYI,-1.6730904382644682,0
R35M:E39Q,PWSAKENKAFERALAVYDKDTPDRWANVARAVEGMTPEQVKKHYEILVEDIKYI,-1.797120317454596,0
R35M:E39T,PWSAKENKAFERALAVYDKDTPDRWANVARAVEGMTPETVKKHYEILVEDIKYI,-2.150498901735176,0
R35S,PWSAKENKAFERALAVYDKDTPDRWANVARAVEGSTPEEVKKHYEILVEDIKYI,-1.9684752552649956,0
R35S:E39I,PWSAKENKAFERALAVYDKDTPDRWANVARAVEGSTPEIVKKHYEILVEDIKYI,-2.0404367310156104,0
R35S:E39M,PWSAKENKAFERALAVYDKDTPDRWANVARAVEGSTPEMVKKHYEILVEDIKYI,-2.0519721971385145,0
R35S:T36D,PWSAKENKAFERALAVYDKDTPDRWANVARAVEGSDPEEVKKHYEILVEDIKYI,-1.644185003608459,0
R35S:T36N,PWSAKENKAFERALAVYDKDTPDRWANVARAVEGSNPEEVKKHYEILVEDIKYI,-1.9224954832320704,0
R35S:T36S,PWSAKENKAFERALAVYDKDTPDRWANVARAVEGSSPEEVKKHYEILVEDIKYI,-1.9158828169424744,0
R35T,PWSAKENKAFERALAVYDKDTPDRWANVARAVEGTTPEEVKKHYEILVEDIKYI,-2.144488289754246,0
R35T:E39D,PWSAKENKAFERALAVYDKDTPDRWANVARAVEGTTPEDVKKHYEILVEDIKYI,-1.994453760676087,0
R35V,PWSAKENKAFERALAVYDKDTPDRWANVARAVEGVTPEEVKKHYEILVEDIKYI,-1.9626482891459396,0
R35V:E39D,PWSAKENKAFERALAVYDKDTPDRWANVARAVEGVTPEDVKKHYEILVEDIKYI,-1.7444959114379104,0
R35V:E39M,PWSAKENKAFERALAVYDKDTPDRWANVARAVEGVTPEMVKKHYEILVEDIKYI,-2.125009462189651,0
R35V:E39W,PWSAKENKAFERALAVYDKDTPDRWANVARAVEGVTPEWVKKHYEILVEDIKYI,-2.0884384214596423,0
R35V:T36S,PWSAKENKAFERALAVYDKDTPDRWANVARAVEGVSPEEVKKHYEILVEDIKYI,-1.8828775150980075,0
R35W,PWSAKENKAFERALAVYDKDTPDRWANVARAVEGWTPEEVKKHYEILVEDIKYI,-1.8931164699396048,0
R35W:E39M,PWSAKENKAFERALAVYDKDTPDRWANVARAVEGWTPEMVKKHYEILVEDIKYI,-2.123291987311699,0
R35W:E39Q,PWSAKENKAFERALAVYDKDTPDRWANVARAVEGWTPEQVKKHYEILVEDIKYI,-1.8769447456627923,0
R35W:T36M,PWSAKENKAFERALAVYDKDTPDRWANVARAVEGWMPEEVKKHYEILVEDIKYI,-2.198392622157246,0
R35Y,PWSAKENKAFERALAVYDKDTPDRWANVARAVEGYTPEEVKKHYEILVEDIKYI,-1.8762289068120601,0
R35Y:E39Q,PWSAKENKAFERALAVYDKDTPDRWANVARAVEGYTPEQVKKHYEILVEDIKYI,-1.909870739814232,0
R35Y:T36E,PWSAKENKAFERALAVYDKDTPDRWANVARAVEGYEPEEVKKHYEILVEDIKYI,-1.9838922363629088,0
R35Y:T36L,PWSAKENKAFERALAVYDKDTPDRWANVARAVEGYLPEEVKKHYEILVEDIKYI,-1.515497697724721,0
S3A,PWAAKENKAFERALAVYDKDTPDRWANVARAVEGRTPEEVKKHYEILVEDIKYI,-1.3233300034759925,0
S3C,PWCAKENKAFERALAVYDKDTPDRWANVARAVEGRTPEEVKKHYEILVEDIKYI,-0.6003843061605989,0
S3D,PWDAKENKAFERALAVYDKDTPDRWANVARAVEGRTPEEVKKHYEILVEDIKYI,-0.7201873952406119,0
S3E,PWEAKENKAFERALAVYDKDTPDRWANVARAVEGRTPEEVKKHYEILVEDIKYI,-0.8769246461004876,0
S3F,PWFAKENKAFERALAVYDKDTPDRWANVARAVEGRTPEEVKKHYEILVEDIKYI,-1.4471076147494664,0
S3G,PWGAKENKAFERALAVYDKDTPDRWANVARAVEGRTPEEVKKHYEILVEDIKYI,-0.3919824551484612,1
S3H,PWHAKENKAFERALAVYDKDTPDRWANVARAVEGRTPEEVKKHYEILVEDIKYI,-1.3412277513218769,0
S3K,PWKAKENKAFERALAVYDKDTPDRWANVARAVEGRTPEEVKKHYEILVEDIKYI,-1.4124986553700278,0
S3L,PWLAKENKAFERALAVYDKDTPDRWANVARAVEGRTPEEVKKHYEILVEDIKYI,-1.0296629183711112,0
S3M,PWMAKENKAFERALAVYDKDTPDRWANVARAVEGRTPEEVKKHYEILVEDIKYI,-1.6670774798454897,0
S3N,PWNAKENKAFERALAVYDKDTPDRWANVARAVEGRTPEEVKKHYEILVEDIKYI,-0.5010759180933003,0
S3Q,PWQAKENKAFERALAVYDKDTPDRWANVARAVEGRTPEEVKKHYEILVEDIKYI,-0.8979801220659791,0
S3T,PWTAKENKAFERALAVYDKDTPDRWANVARAVEGRTPEEVKKHYEILVEDIKYI,0.2974047199183327,1
S3V,PWVAKENKAFERALAVYDKDTPDRWANVARAVEGRTPEEVKKHYEILVEDIKYI,-1.085278173483352,0
S3W,PWWAKENKAFERALAVYDKDTPDRWANVARAVEGRTPEEVKKHYEILVEDIKYI,-1.293238259025913,0
T21A,PWSAKENKAFERALAVYDKDAPDRWANVARAVEGRTPEEVKKHYEILVEDIKYI,-0.291770808830648,1
T21C,PWSAKENKAFERALAVYDKDCPDRWANVARAVEGRTPEEVKKHYEILVEDIKYI,-0.3477973911403573,1
T21D,PWSAKENKAFERALAVYDKDDPDRWANVARAVEGRTPEEVKKHYEILVEDIKYI,0.3855704511491447,1
T21E,PWSAKENKAFERALAVYDKDEPDRWANVARAVEGRTPEEVKKHYEILVEDIKYI,-0.4416420068299955,0
T21F,PWSAKENKAFERALAVYDKDFPDRWANVARAVEGRTPEEVKKHYEILVEDIKYI,-0.2734897236453636,1
T21G,PWSAKENKAFERALAVYDKDGPDRWANVARAVEGRTPEEVKKHYEILVEDIKYI,-0.6782007173978559,0
T21H,PWSAKENKAFERALAVYDKDHPDRWANVARAVEGRTPEEVKKHYEILVEDIKYI,-0.0133734893809451,1
T21I,PWSAKENKAFERALAVYDKDIPDRWANVARAVEGRTPEEVKKHYEILVEDIKYI,-1.947653183723256,0
T21K,PWSAKENKAFERALAVYDKDKPDRWANVARAVEGRTPEEVKKHYEILVEDIKYI,-1.1696647049267737,0
T21L,PWSAKENKAFERALAVYDKDLPDRWANVARAVEGRTPEEVKKHYEILVEDIKYI,-0.4739262888652966,0
T21M,PWSAKENKAFERALAVYDKDMPDRWANVARAVEGRTPEEVKKHYEILVEDIKYI,-0.2599168212943565,1
T21N,PWSAKENKAFERALAVYDKDNPDRWANVARAVEGRTPEEVKKHYEILVEDIKYI,-0.5767639424194462,0
T21Q,PWSAKENKAFERALAVYDKDQPDRWANVARAVEGRTPEEVKKHYEILVEDIKYI,-0.4661667491156585,0
T21R,PWSAKENKAFERALAVYDKDRPDRWANVARAVEGRTPEEVKKHYEILVEDIKYI,-0.9058104601567172,0
T21S,PWSAKENKAFERALAVYDKDSPDRWANVARAVEGRTPEEVKKHYEILVEDIKYI,-0.0777124703577607,1
T21V,PWSAKENKAFERALAVYDKDVPDRWANVARAVEGRTPEEVKKHYEILVEDIKYI,-0.5172810903019689,0
T21W,PWSAKENKAFERALAVYDKDWPDRWANVARAVEGRTPEEVKKHYEILVEDIKYI,-0.6637208594365561,0
T21Y,PWSAKENKAFERALAVYDKDYPDRWANVARAVEGRTPEEVKKHYEILVEDIKYI,0.0711362008305247,1
T36A,PWSAKENKAFERALAVYDKDTPDRWANVARAVEGRAPEEVKKHYEILVEDIKYI,-1.616010045786505,0
T36A:E39D,PWSAKENKAFERALAVYDKDTPDRWANVARAVEGRAPEDVKKHYEILVEDIKYI,-2.178235568953777,0
T36D,PWSAKENKAFERALAVYDKDTPDRWANVARAVEGRDPEEVKKHYEILVEDIKYI,-1.1564985380280048,0
T36D:E39Q,PWSAKENKAFERALAVYDKDTPDRWANVARAVEGRDPEQVKKHYEILVEDIKYI,-1.98944259430048,0
T36E,PWSAKENKAFERALAVYDKDTPDRWANVARAVEGREPEEVKKHYEILVEDIKYI,-1.5771060633305432,0
T36G,PWSAKENKAFERALAVYDKDTPDRWANVARAVEGRGPEEVKKHYEILVEDIKYI,-1.149912478309564,0
T36G:E39D,PWSAKENKAFERALAVYDKDTPDRWANVARAVEGRGPEDVKKHYEILVEDIKYI,-1.5332885795709696,0
T36H,PWSAKENKAFERALAVYDKDTPDRWANVARAVEGRHPEEVKKHYEILVEDIKYI,-1.7132201558182258,0
T36K,PWSAKENKAFERALAVYDKDTPDRWANVARAVEGRKPEEVKKHYEILVEDIKYI,-1.5291591521975285,0
T36L,PWSAKENKAFERALAVYDKDTPDRWANVARAVEGRLPEEVKKHYEILVEDIKYI,-1.3415687218078367,0
T36L:E39I,PWSAKENKAFERALAVYDKDTPDRWANVARAVEGRLPEIVKKHYEILVEDIKYI,-2.0118494488953167,0
T36M,PWSAKENKAFERALAVYDKDTPDRWANVARAVEGRMPEEVKKHYEILVEDIKYI,-1.9655603330381097,0
T36M:E39M,PWSAKENKAFERALAVYDKDTPDRWANVARAVEGRMPEMVKKHYEILVEDIKYI,-1.7980367320742652,0
T36N,PWSAKENKAFERALAVYDKDTPDRWANVARAVEGRNPEEVKKHYEILVEDIKYI,-1.0832765693324653,0
T36N:E39D,PWSAKENKAFERALAVYDKDTPDRWANVARAVEGRNPEDVKKHYEILVEDIKYI,-1.8884749176078284,0
T36Q,PWSAKENKAFERALAVYDKDTPDRWANVARAVEGRQPEEVKKHYEILVEDIKYI,-1.6704403381685378,0
T36R,PWSAKENKAFERALAVYDKDTPDRWANVARAVEGRRPEEVKKHYEILVEDIKYI,-1.9592834959672927,0
T36S,PWSAKENKAFERALAVYDKDTPDRWANVARAVEGRSPEEVKKHYEILVEDIKYI,-0.13153202813644407,1
T36S:E39A,PWSAKENKAFERALAVYDKDTPDRWANVARAVEGRSPEAVKKHYEILVEDIKYI,-1.485569032102421,0
T36S:E39D,PWSAKENKAFERALAVYDKDTPDRWANVARAVEGRSPEDVKKHYEILVEDIKYI,-0.7940040764243245,0
T36S:E39Q,PWSAKENKAFERALAVYDKDTPDRWANVARAVEGRSPEQVKKHYEILVEDIKYI,-1.3325307774123984,0
T36S:E39S,PWSAKENKAFERALAVYDKDTPDRWANVARAVEGRSPESVKKHYEILVEDIKYI,-1.8391227600148237,0
T36Y,PWSAKENKAFERALAVYDKDTPDRWANVARAVEGRYPEEVKKHYEILVEDIKYI,-2.1884431693955726,0
V16A,PWSAKENKAFERALAAYDKDTPDRWANVARAVEGRTPEEVKKHYEILVEDIKYI,-0.0947996285663321,1
V16C,PWSAKENKAFERALACYDKDTPDRWANVARAVEGRTPEEVKKHYEILVEDIKYI,0.0598262390813895,1
V16D,PWSAKENKAFERALADYDKDTPDRWANVARAVEGRTPEEVKKHYEILVEDIKYI,-0.9616429457011046,0
V16E,PWSAKENKAFERALAEYDKDTPDRWANVARAVEGRTPEEVKKHYEILVEDIKYI,-0.0118172134247338,1
V16F,PWSAKENKAFERALAFYDKDTPDRWANVARAVEGRTPEEVKKHYEILVEDIKYI,0.1147601552827242,1
V16H,PWSAKENKAFERALAHYDKDTPDRWANVARAVEGRTPEEVKKHYEILVEDIKYI,-0.4767870769130233,0
V16I,PWSAKENKAFERALAIYDKDTPDRWANVARAVEGRTPEEVKKHYEILVEDIKYI,0.4491878274951775,1
V16K,PWSAKENKAFERALAKYDKDTPDRWANVARAVEGRTPEEVKKHYEILVEDIKYI,0.2100140641490675,1
V16L,PWSAKENKAFERALALYDKDTPDRWANVARAVEGRTPEEVKKHYEILVEDIKYI,0.4387240120629134,1
V16M,PWSAKENKAFERALAMYDKDTPDRWANVARAVEGRTPEEVKKHYEILVEDIKYI,0.4170176710218995,1
V16N,PWSAKENKAFERALANYDKDTPDRWANVARAVEGRTPEEVKKHYEILVEDIKYI,-1.0506560531731322,0
V16Q,PWSAKENKAFERALAQYDKDTPDRWANVARAVEGRTPEEVKKHYEILVEDIKYI,-0.2619223258843357,1
V16R,PWSAKENKAFERALARYDKDTPDRWANVARAVEGRTPEEVKKHYEILVEDIKYI,0.1360234077912148,1
V16S,PWSAKENKAFERALASYDKDTPDRWANVARAVEGRTPEEVKKHYEILVEDIKYI,-0.8839485979090511,0
V16T,PWSAKENKAFERALATYDKDTPDRWANVARAVEGRTPEEVKKHYEILVEDIKYI,-0.1002395006462117,1
V16W,PWSAKENKAFERALAWYDKDTPDRWANVARAVEGRTPEEVKKHYEILVEDIKYI,-0.4601047183237525,0
V16Y,PWSAKENKAFERALAYYDKDTPDRWANVARAVEGRTPEEVKKHYEILVEDIKYI,-0.0917577969580407,1
V28F,PWSAKENKAFERALAVYDKDTPDRWANFARAVEGRTPEEVKKHYEILVEDIKYI,-1.8941554607202504,0
V28I,PWSAKENKAFERALAVYDKDTPDRWANIARAVEGRTPEEVKKHYEILVEDIKYI,0.571740858341028,1
V28L,PWSAKENKAFERALAVYDKDTPDRWANLARAVEGRTPEEVKKHYEILVEDIKYI,-0.5212047585013893,0
V28M,PWSAKENKAFERALAVYDKDTPDRWANMARAVEGRTPEEVKKHYEILVEDIKYI,-0.58007891430263,0
V32C,PWSAKENKAFERALAVYDKDTPDRWANVARACEGRTPEEVKKHYEILVEDIKYI,-0.953540644492096,0
V32F,PWSAKENKAFERALAVYDKDTPDRWANVARAFEGRTPEEVKKHYEILVEDIKYI,-0.3407589006682611,1
V32I,PWSAKENKAFERALAVYDKDTPDRWANVARAIEGRTPEEVKKHYEILVEDIKYI,0.3355672149441733,1
V32L,PWSAKENKAFERALAVYDKDTPDRWANVARALEGRTPEEVKKHYEILVEDIKYI,0.4449517633798878,1
V32M,PWSAKENKAFERALAVYDKDTPDRWANVARAMEGRTPEEVKKHYEILVEDIKYI,0.2322552069689247,1
V32N,PWSAKENKAFERALAVYDKDTPDRWANVARANEGRTPEEVKKHYEILVEDIKYI,-2.1967369398064323,0
V32T,PWSAKENKAFERALAVYDKDTPDRWANVARATEGRTPEEVKKHYEILVEDIKYI,-1.6068549177199882,0
V40A,PWSAKENKAFERALAVYDKDTPDRWANVARAVEGRTPEEAKKHYEILVEDIKYI,-0.2824405945652916,1
V40I,PWSAKENKAFERALAVYDKDTPDRWANVARAVEGRTPEEIKKHYEILVEDIKYI,-0.6727632340858671,0
V40L,PWSAKENKAFERALAVYDKDTPDRWANVARAVEGRTPEELKKHYEILVEDIKYI,-1.0522153167885648,0
V40T,PWSAKENKAFERALAVYDKDTPDRWANVARAVEGRTPEETKKHYEILVEDIKYI,-1.7348652855916362,0
V48A,PWSAKENKAFERALAVYDKDTPDRWANVARAVEGRTPEEVKKHYEILAEDIKYI,-0.0811821668578198,1
V48C,PWSAKENKAFERALAVYDKDTPDRWANVARAVEGRTPEEVKKHYEILCEDIKYI,0.3406435183986493,1
V48D,PWSAKENKAFERALAVYDKDTPDRWANVARAVEGRTPEEVKKHYEILDEDIKYI,-1.020016606268514,0
V48E,PWSAKENKAFERALAVYDKDTPDRWANVARAVEGRTPEEVKKHYEILEEDIKYI,-0.2354122162943211,1
V48F,PWSAKENKAFERALAVYDKDTPDRWANVARAVEGRTPEEVKKHYEILFEDIKYI,0.4476717576969831,1
V48G,PWSAKENKAFERALAVYDKDTPDRWANVARAVEGRTPEEVKKHYEILGEDIKYI,-0.2985978452738276,1
V48H,PWSAKENKAFERALAVYDKDTPDRWANVARAVEGRTPEEVKKHYEILHEDIKYI,0.2133629983244973,1
V48I,PWSAKENKAFERALAVYDKDTPDRWANVARAVEGRTPEEVKKHYEILIEDIKYI,0.1890230081764163,1
V48K,PWSAKENKAFERALAVYDKDTPDRWANVARAVEGRTPEEVKKHYEILKEDIKYI,0.2107154319802,1
V48L,PWSAKENKAFERALAVYDKDTPDRWANVARAVEGRTPEEVKKHYEILLEDIKYI,0.3778666419789731,1
V48M,PWSAKENKAFERALAVYDKDTPDRWANVARAVEGRTPEEVKKHYEILMEDIKYI,0.5343015193596856,1
V48N,PWSAKENKAFERALAVYDKDTPDRWANVARAVEGRTPEEVKKHYEILNEDIKYI,-0.0139160538783704,1
V48P,PWSAKENKAFERALAVYDKDTPDRWANVARAVEGRTPEEVKKHYEILPEDIKYI,-1.15740928200855,0
V48Q,PWSAKENKAFERALAVYDKDTPDRWANVARAVEGRTPEEVKKHYEILQEDIKYI,0.3876303436485075,1
V48R,PWSAKENKAFERALAVYDKDTPDRWANVARAVEGRTPEEVKKHYEILREDIKYI,0.019074912296229,1
V48S,PWSAKENKAFERALAVYDKDTPDRWANVARAVEGRTPEEVKKHYEILSEDIKYI,-0.0309905719967011,1
V48T,PWSAKENKAFERALAVYDKDTPDRWANVARAVEGRTPEEVKKHYEILTEDIKYI,0.0622179808340821,1
V48W,PWSAKENKAFERALAVYDKDTPDRWANVARAVEGRTPEEVKKHYEILWEDIKYI,0.0959928160657161,1
V48Y,PWSAKENKAFERALAVYDKDTPDRWANVARAVEGRTPEEVKKHYEILYEDIKYI,0.7730979456093365,1
W25C,PWSAKENKAFERALAVYDKDTPDRCANVARAVEGRTPEEVKKHYEILVEDIKYI,-1.9605441667886396,0
W25F,PWSAKENKAFERALAVYDKDTPDRFANVARAVEGRTPEEVKKHYEILVEDIKYI,-1.8872005783107968,0
W25I,PWSAKENKAFERALAVYDKDTPDRIANVARAVEGRTPEEVKKHYEILVEDIKYI,-1.928521772986902,0
W2C,PCSAKENKAFERALAVYDKDTPDRWANVARAVEGRTPEEVKKHYEILVEDIKYI,-1.1751665648420675,0
W2E,PESAKENKAFERALAVYDKDTPDRWANVARAVEGRTPEEVKKHYEILVEDIKYI,-2.033917185144868,0
W2F,PFSAKENKAFERALAVYDKDTPDRWANVARAVEGRTPEEVKKHYEILVEDIKYI,-0.8983025632192436,0
W2I,PISAKENKAFERALAVYDKDTPDRWANVARAVEGRTPEEVKKHYEILVEDIKYI,-1.9923294761077288,0
W2L,PLSAKENKAFERALAVYDKDTPDRWANVARAVEGRTPEEVKKHYEILVEDIKYI,-1.612394904042755,0
W2M,PMSAKENKAFERALAVYDKDTPDRWANVARAVEGRTPEEVKKHYEILVEDIKYI,-1.651678302997878,0
Y17F,PWSAKENKAFERALAVFDKDTPDRWANVARAVEGRTPEEVKKHYEILVEDIKYI,-0.0495674220923509,1
Y17H,PWSAKENKAFERALAVHDKDTPDRWANVARAVEGRTPEEVKKHYEILVEDIKYI,-1.1482858663732112,0
Y17M,PWSAKENKAFERALAVMDKDTPDRWANVARAVEGRTPEEVKKHYEILVEDIKYI,-1.8963384905539336,0
Y17N,PWSAKENKAFERALAVNDKDTPDRWANVARAVEGRTPEEVKKHYEILVEDIKYI,-1.4008254166755656,0
Y17W,PWSAKENKAFERALAVWDKDTPDRWANVARAVEGRTPEEVKKHYEILVEDIKYI,-0.1639039263970141,1
Y44A,PWSAKENKAFERALAVYDKDTPDRWANVARAVEGRTPEEVKKHAEILVEDIKYI,-1.1453631648549547,0
Y44C,PWSAKENKAFERALAVYDKDTPDRWANVARAVEGRTPEEVKKHCEILVEDIKYI,-1.7953101598949623,0
Y44F,PWSAKENKAFERALAVYDKDTPDRWANVARAVEGRTPEEVKKHFEILVEDIKYI,-0.2241093400088779,1
Y44H,PWSAKENKAFERALAVYDKDTPDRWANVARAVEGRTPEEVKKHHEILVEDIKYI,-1.3298010614349725,0
Y44W,PWSAKENKAFERALAVYDKDTPDRWANVARAVEGRTPEEVKKHWEILVEDIKYI,-0.1363725116339185,1
Y53A,PWSAKENKAFERALAVYDKDTPDRWANVARAVEGRTPEEVKKHYEILVEDIKAI,0.1671227924847227,1
Y53C,PWSAKENKAFERALAVYDKDTPDRWANVARAVEGRTPEEVKKHYEILVEDIKCI,0.3323960548413178,1
Y53D,PWSAKENKAFERALAVYDKDTPDRWANVARAVEGRTPEEVKKHYEILVEDIKDI,-0.0599576942430897,1
Y53E,PWSAKENKAFERALAVYDKDTPDRWANVARAVEGRTPEEVKKHYEILVEDIKEI,0.1250734753914448,1
Y53F,PWSAKENKAFERALAVYDKDTPDRWANVARAVEGRTPEEVKKHYEILVEDIKFI,0.1812138056026213,1
Y53G,PWSAKENKAFERALAVYDKDTPDRWANVARAVEGRTPEEVKKHYEILVEDIKGI,-0.0382714275438038,1
Y53H,PWSAKENKAFERALAVYDKDTPDRWANVARAVEGRTPEEVKKHYEILVEDIKHI,0.1324030137629379,1
Y53I,PWSAKENKAFERALAVYDKDTPDRWANVARAVEGRTPEEVKKHYEILVEDIKII,0.0731468876919243,1
Y53K,PWSAKENKAFERALAVYDKDTPDRWANVARAVEGRTPEEVKKHYEILVEDIKKI,0.2547168670252435,1
Y53L,PWSAKENKAFERALAVYDKDTPDRWANVARAVEGRTPEEVKKHYEILVEDIKLI,0.2332478793511565,1
Y53M,PWSAKENKAFERALAVYDKDTPDRWANVARAVEGRTPEEVKKHYEILVEDIKMI,0.1431428444312974,1
Y53N,PWSAKENKAFERALAVYDKDTPDRWANVARAVEGRTPEEVKKHYEILVEDIKNI,0.2145238385735142,1
Y53P,PWSAKENKAFERALAVYDKDTPDRWANVARAVEGRTPEEVKKHYEILVEDIKPI,-0.0995072720913752,1
Y53Q,PWSAKENKAFERALAVYDKDTPDRWANVARAVEGRTPEEVKKHYEILVEDIKQI,0.128488659707628,1
Y53R,PWSAKENKAFERALAVYDKDTPDRWANVARAVEGRTPEEVKKHYEILVEDIKRI,0.0782226769717415,1
Y53S,PWSAKENKAFERALAVYDKDTPDRWANVARAVEGRTPEEVKKHYEILVEDIKSI,0.1730527205510326,1
Y53T,PWSAKENKAFERALAVYDKDTPDRWANVARAVEGRTPEEVKKHYEILVEDIKTI,0.1242334696232765,1
Y53V,PWSAKENKAFERALAVYDKDTPDRWANVARAVEGRTPEEVKKHYEILVEDIKVI,0.0412952960656665,1
Y53W,PWSAKENKAFERALAVYDKDTPDRWANVARAVEGRTPEEVKKHYEILVEDIKWI,0.2133015230662798,1
