mutant,mutated_sequence,DMS_score,DMS_score_bin
A22D,SEYETMLTEIMSMGYERERVVDALRASYNNPHRAVEYLLTGIPG,-0.5018965282913945,1
A22E,SEYETMLTEIMSMGYERERVVEALRASYNNPHRAVEYLLTGIPG,-0.0057364270518447,1
A22F,SEYETMLTEIMSMGYERERVVFALRASYNNPHRAVEYLLTGIPG,-1.2219622733281057,0
A22G,SEYETMLTEIMSMGYERERVVGALRASYNNPHRAVEYLLTGIPG,-1.3642880729370446,0
A22H,SEYETMLTEIMSMGYERERVVHALRASYNNPHRAVEYLLTGIPG,-0.6996083337627548,1
A22I,SEYETMLTEIMSMGYERERVVIALRASYNNPHRAVEYLLTGIPG,-0.4990150059304703,1
A22K,SEYETMLTEIMSMGYERERVVKALRASYNNPHRAVEYLLTGIPG,-0.6858311918101627,1
A22L,SEYETMLTEIMSMGYERERVVLALRASYNNPHRAVEYLLTGIPG,-0.4705728873540518,1
A22M,SEYETMLTEIMSMGYERERVVMALRASYNNPHRAVEYLLTGIPG,-0.6255179165543976,1
A22N,SEYETMLTEIMSMGYERERVVNALRASYNNPHRAVEYLLTGIPG,-0.7378736812062114,0
A22P,SEYETMLTEIMSMGYERERVVPALRASYNNPHRAVEYLLTGIPG,-2.6508826368104765,0
A22Q,SEYETMLTEIMSMGYERERVVQALRASYNNPHRAVEYLLTGIPG,-0.2236486435418818,1
A22R,SEYETMLTEIMSMGYERERVVRALRASYNNPHRAVEYLLTGIPG,-0.6054412550662347,1
A22S,SEYETMLTEIMSMGYERERVVSALRASYNNPHRAVEYLLTGIPG,-0.7552062910988355,0
A22T,SEYETMLTEIMSMGYERERVVTALRASYNNPHRAVEYLLTGIPG,-0.8777401550857666,0
A22V,SEYETMLTEIMSMGYERERVVVALRASYNNPHRAVEYLLTGIPG,-0.6962781035723182,1
A22W,SEYETMLTEIMSMGYERERVVWALRASYNNPHRAVEYLLTGIPG,-0.6802187332559595,1
A22Y,SEYETMLTEIMSMGYERERVVYALRASYNNPHRAVEYLLTGIPG,-1.1470876478764436,0
A23C,SEYETMLTEIMSMGYERERVVACLRASYNNPHRAVEYLLTGIPG,-1.1948746451183725,0
A23D,SEYETMLTEIMSMGYERERVVADLRASYNNPHRAVEYLLTGIPG,-3.813533138191624,0
A23E,SEYETMLTEIMSMGYERERVVAELRASYNNPHRAVEYLLTGIPG,-2.9124638271129397,0
A23F,SEYETMLTEIMSMGYERERVVAFLRASYNNPHRAVEYLLTGIPG,-1.5682187783460126,0
A23G,SEYETMLTEIMSMGYERERVVAGLRASYNNPHRAVEYLLTGIPG,-2.677628402868197,0
A23H,SEYETMLTEIMSMGYERERVVAHLRASYNNPHRAVEYLLTGIPG,-2.888444418402062,0
A23I,SEYETMLTEIMSMGYERERVVAILRASYNNPHRAVEYLLTGIPG,-1.8361443358437688,0
A23K,SEYETMLTEIMSMGYERERVVAKLRASYNNPHRAVEYLLTGIPG,-2.9293179159160307,0
A23L,SEYETMLTEIMSMGYERERVVALLRASYNNPHRAVEYLLTGIPG,-1.827361027247464,0
A23M,SEYETMLTEIMSMGYERERVVAMLRASYNNPHRAVEYLLTGIPG,-1.7444907041696278,0
A23N,SEYETMLTEIMSMGYERERVVANLRASYNNPHRAVEYLLTGIPG,-3.376959952220083,0
A23Q,SEYETMLTEIMSMGYERERVVAQLRASYNNPHRAVEYLLTGIPG,-2.91364246270237,0
A23R,SEYETMLTEIMSMGYERERVVARLRASYNNPHRAVEYLLTGIPG,-2.8867949924990977,0
A23S,SEYETMLTEIMSMGYERERVVASLRASYNNPHRAVEYLLTGIPG,-1.8333649118812048,0
A23T,SEYETMLTEIMSMGYERERVVATLRASYNNPHRAVEYLLTGIPG,-2.4418103316010678,0
A23V,SEYETMLTEIMSMGYERERVVAVLRASYNNPHRAVEYLLTGIPG,-1.7087930734820296,0
A23W,SEYETMLTEIMSMGYERERVVAWLRASYNNPHRAVEYLLTGIPG,-1.3402281272896843,0
A23Y,SEYETMLTEIMSMGYERERVVAYLRASYNNPHRAVEYLLTGIPG,-2.021505749213299,0
A26D,SEYETMLTEIMSMGYERERVVAALRDSYNNPHRAVEYLLTGIPG,-1.1782627230330365,0
A26E,SEYETMLTEIMSMGYERERVVAALRESYNNPHRAVEYLLTGIPG,-0.7192378721665897,1
A26F,SEYETMLTEIMSMGYERERVVAALRFSYNNPHRAVEYLLTGIPG,-0.6336439348699274,1
A26G,SEYETMLTEIMSMGYERERVVAALRGSYNNPHRAVEYLLTGIPG,-1.5151375398479336,0
A26H,SEYETMLTEIMSMGYERERVVAALRHSYNNPHRAVEYLLTGIPG,-0.4953025888324642,1
A26I,SEYETMLTEIMSMGYERERVVAALRISYNNPHRAVEYLLTGIPG,-0.3638217612771681,1
A26K,SEYETMLTEIMSMGYERERVVAALRKSYNNPHRAVEYLLTGIPG,-0.7518984402887479,0
A26L,SEYETMLTEIMSMGYERERVVAALRLSYNNPHRAVEYLLTGIPG,-0.2201142184808207,1
A26M,SEYETMLTEIMSMGYERERVVAALRMSYNNPHRAVEYLLTGIPG,-0.3698159585319125,1
A26N,SEYETMLTEIMSMGYERERVVAALRNSYNNPHRAVEYLLTGIPG,-1.0518907245771127,0
A26P,SEYETMLTEIMSMGYERERVVAALRPSYNNPHRAVEYLLTGIPG,-3.33557272020139,0
A26Q,SEYETMLTEIMSMGYERERVVAALRQSYNNPHRAVEYLLTGIPG,-0.7479430829338343,0
A26R,SEYETMLTEIMSMGYERERVVAALRRSYNNPHRAVEYLLTGIPG,-0.8118067727222447,0
A26S,SEYETMLTEIMSMGYERERVVAALRSSYNNPHRAVEYLLTGIPG,-1.0974180894921606,0
A26T,SEYETMLTEIMSMGYERERVVAALRTSYNNPHRAVEYLLTGIPG,-1.3511744118393318,0
A26V,SEYETMLTEIMSMGYERERVVAALRVSYNNPHRAVEYLLTGIPG,-0.5168210047680395,1
A26W,SEYETMLTEIMSMGYERERVVAALRWSYNNPHRAVEYLLTGIPG,-0.4547711130669682,1
A26Y,SEYETMLTEIMSMGYERERVVAALRYSYNNPHRAVEYLLTGIPG,-0.5146278613753421,1
A34C,SEYETMLTEIMSMGYERERVVAALRASYNNPHRCVEYLLTGIPG,-1.4582743286253153,0
A34D,SEYETMLTEIMSMGYERERVVAALRASYNNPHRDVEYLLTGIPG,-3.1633964058074806,0
A34E,SEYETMLTEIMSMGYERERVVAALRASYNNPHREVEYLLTGIPG,-3.133665416539526,0
A34F,SEYETMLTEIMSMGYERERVVAALRASYNNPHRFVEYLLTGIPG,-1.574703488867051,0
A34G,SEYETMLTEIMSMGYERERVVAALRASYNNPHRGVEYLLTGIPG,-2.3179348245436016,0
A34H,SEYETMLTEIMSMGYERERVVAALRASYNNPHRHVEYLLTGIPG,-3.233409254802396,0
A34I,SEYETMLTEIMSMGYERERVVAALRASYNNPHRIVEYLLTGIPG,-1.6030108939676873,0
A34K,SEYETMLTEIMSMGYERERVVAALRASYNNPHRKVEYLLTGIPG,-3.482026973163708,0
A34L,SEYETMLTEIMSMGYERERVVAALRASYNNPHRLVEYLLTGIPG,-1.5753365312586354,0
A34M,SEYETMLTEIMSMGYERERVVAALRASYNNPHRMVEYLLTGIPG,-1.9232738120359951,0
A34N,SEYETMLTEIMSMGYERERVVAALRASYNNPHRNVEYLLTGIPG,-3.351105987713689,0
A34P,SEYETMLTEIMSMGYERERVVAALRASYNNPHRPVEYLLTGIPG,-2.989029118383532,0
A34Q,SEYETMLTEIMSMGYERERVVAALRASYNNPHRQVEYLLTGIPG,-3.0995920814314184,0
A34R,SEYETMLTEIMSMGYERERVVAALRASYNNPHRRVEYLLTGIPG,-3.2488539974738866,0
A34S,SEYETMLTEIMSMGYERERVVAALRASYNNPHRSVEYLLTGIPG,-2.178603844668716,0
A34T,SEYETMLTEIMSMGYERERVVAALRASYNNPHRTVEYLLTGIPG,-1.507361035456381,0
A34V,SEYETMLTEIMSMGYERERVVAALRASYNNPHRVVEYLLTGIPG,-1.7686809772288523,0
A34W,SEYETMLTEIMSMGYERERVVAALRASYNNPHRWVEYLLTGIPG,-1.8638556202851104,0
A34Y,SEYETMLTEIMSMGYERERVVAALRASYNNPHRYVEYLLTGIPG,-2.1482102040170963,0
E16A,SEYETMLTEIMSMGYARERVVAALRASYNNPHRAVEYLLTGIPG,-0.3011405087986674,1
E16D,SEYETMLTEIMSMGYDRERVVAALRASYNNPHRAVEYLLTGIPG,0.024622216207744,1
E16F,SEYETMLTEIMSMGYFRERVVAALRASYNNPHRAVEYLLTGIPG,-1.089145054030721,0
E16G,SEYETMLTEIMSMGYGRERVVAALRASYNNPHRAVEYLLTGIPG,-0.7847300101616907,0
E16H,SEYETMLTEIMSMGYHRERVVAALRASYNNPHRAVEYLLTGIPG,-1.0363418462655778,0
E16I,SEYETMLTEIMSMGYIRERVVAALRASYNNPHRAVEYLLTGIPG,-0.6736719335569501,1
E16K,SEYETMLTEIMSMGYKRERVVAALRASYNNPHRAVEYLLTGIPG,-0.8939481960339721,0
E16L,SEYETMLTEIMSMGYLRERVVAALRASYNNPHRAVEYLLTGIPG,-0.7380784550955806,0
E16M,SEYETMLTEIMSMGYMRERVVAALRASYNNPHRAVEYLLTGIPG,-0.9298739679936984,0
E16N,SEYETMLTEIMSMGYNRERVVAALRASYNNPHRAVEYLLTGIPG,-0.5521903725240462,1
E16P,SEYETMLTEIMSMGYPRERVVAALRASYNNPHRAVEYLLTGIPG,0.1648938242941575,1
E16Q,SEYETMLTEIMSMGYQRERVVAALRASYNNPHRAVEYLLTGIPG,-0.6127354680358499,1
E16R,SEYETMLTEIMSMGYRRERVVAALRASYNNPHRAVEYLLTGIPG,-1.1032345649060202,0
E16S,SEYETMLTEIMSMGYSRERVVAALRASYNNPHRAVEYLLTGIPG,0.1599887609694312,1
E16T,SEYETMLTEIMSMGYTRERVVAALRASYNNPHRAVEYLLTGIPG,0.0742162455139792,1
E16V,SEYETMLTEIMSMGYVRERVVAALRASYNNPHRAVEYLLTGIPG,-0.6999096804383047,1
E16W,SEYETMLTEIMSMGYWRERVVAALRASYNNPHRAVEYLLTGIPG,-0.9291254233395216,0
E16Y,SEYETMLTEIMSMGYYRERVVAALRASYNNPHRAVEYLLTGIPG,-1.3385995657223235,0
E18A,SEYETMLTEIMSMGYERARVVAALRASYNNPHRAVEYLLTGIPG,-0.2568155064968183,1
E18C,SEYETMLTEIMSMGYERCRVVAALRASYNNPHRAVEYLLTGIPG,0.152915584891641,1
E18D,SEYETMLTEIMSMGYERDRVVAALRASYNNPHRAVEYLLTGIPG,-0.0957657719309486,1
E18F,SEYETMLTEIMSMGYERFRVVAALRASYNNPHRAVEYLLTGIPG,-0.5651708010659404,1
E18G,SEYETMLTEIMSMGYERGRVVAALRASYNNPHRAVEYLLTGIPG,-0.5817642198634054,1
E18H,SEYETMLTEIMSMGYERHRVVAALRASYNNPHRAVEYLLTGIPG,-0.2943023403226075,1
E18I,SEYETMLTEIMSMGYERIRVVAALRASYNNPHRAVEYLLTGIPG,-0.709963427048002,1
E18K,SEYETMLTEIMSMGYERKRVVAALRASYNNPHRAVEYLLTGIPG,-0.7281129223988421,1
E18L,SEYETMLTEIMSMGYERLRVVAALRASYNNPHRAVEYLLTGIPG,-0.8185445532117006,0
E18M,SEYETMLTEIMSMGYERMRVVAALRASYNNPHRAVEYLLTGIPG,-0.6548922304195113,1
E18N,SEYETMLTEIMSMGYERNRVVAALRASYNNPHRAVEYLLTGIPG,-0.5059270371616642,1
E18P,SEYETMLTEIMSMGYERPRVVAALRASYNNPHRAVEYLLTGIPG,-0.9094690874819348,0
E18Q,SEYETMLTEIMSMGYERQRVVAALRASYNNPHRAVEYLLTGIPG,-0.4822149710820467,1
E18R,SEYETMLTEIMSMGYERRRVVAALRASYNNPHRAVEYLLTGIPG,-0.9405029636775244,0
E18S,SEYETMLTEIMSMGYERSRVVAALRASYNNPHRAVEYLLTGIPG,-0.2642412217879966,1
E18T,SEYETMLTEIMSMGYERTRVVAALRASYNNPHRAVEYLLTGIPG,-0.6199923847716287,1
E18V,SEYETMLTEIMSMGYERVRVVAALRASYNNPHRAVEYLLTGIPG,-0.7880566661205965,0
E18W,SEYETMLTEIMSMGYERWRVVAALRASYNNPHRAVEYLLTGIPG,0.1706065931272116,1
E18Y,SEYETMLTEIMSMGYERYRVVAALRASYNNPHRAVEYLLTGIPG,-0.5093858645114677,1
E2A,SAYETMLTEIMSMGYERERVVAALRASYNNPHRAVEYLLTGIPG,0.0437385175603224,1
E2C,SCYETMLTEIMSMGYERERVVAALRASYNNPHRAVEYLLTGIPG,0.0228617549494298,1
E2D,SDYETMLTEIMSMGYERERVVAALRASYNNPHRAVEYLLTGIPG,0.0802277579346437,1
E2F,SFYETMLTEIMSMGYERERVVAALRASYNNPHRAVEYLLTGIPG,-0.1681171425002188,1
E2G,SGYETMLTEIMSMGYERERVVAALRASYNNPHRAVEYLLTGIPG,-0.3896079026189696,1
E2H,SHYETMLTEIMSMGYERERVVAALRASYNNPHRAVEYLLTGIPG,-0.0995860718957573,1
E2I,SIYETMLTEIMSMGYERERVVAALRASYNNPHRAVEYLLTGIPG,-0.2123575563259829,1
E2K,SKYETMLTEIMSMGYERERVVAALRASYNNPHRAVEYLLTGIPG,-0.2103563085635564,1
E2L,SLYETMLTEIMSMGYERERVVAALRASYNNPHRAVEYLLTGIPG,-0.0962523618582937,1
E2M,SMYETMLTEIMSMGYERERVVAALRASYNNPHRAVEYLLTGIPG,-0.150088305677766,1
E2N,SNYETMLTEIMSMGYERERVVAALRASYNNPHRAVEYLLTGIPG,-0.1574312479836512,1
E2P,SPYETMLTEIMSMGYERERVVAALRASYNNPHRAVEYLLTGIPG,-0.3108802329350348,1
E2Q,SQYETMLTEIMSMGYERERVVAALRASYNNPHRAVEYLLTGIPG,-0.1798257809885846,1
E2R,SRYETMLTEIMSMGYERERVVAALRASYNNPHRAVEYLLTGIPG,-0.1481061704863773,1
E2S,SSYETMLTEIMSMGYERERVVAALRASYNNPHRAVEYLLTGIPG,-0.0505208007079023,1
E2T,STYETMLTEIMSMGYERERVVAALRASYNNPHRAVEYLLTGIPG,-0.1507604972794376,1
E2V,SVYETMLTEIMSMGYERERVVAALRASYNNPHRAVEYLLTGIPG,-0.2034080795611323,1
E2W,SWYETMLTEIMSMGYERERVVAALRASYNNPHRAVEYLLTGIPG,0.2552852148086524,1
E2Y,SYYETMLTEIMSMGYERERVVAALRASYNNPHRAVEYLLTGIPG,-0.1326771145549035,1
E36A,SEYETMLTEIMSMGYERERVVAALRASYNNPHRAVAYLLTGIPG,-0.4519022495571621,1
E36D,SEYETMLTEIMSMGYERERVVAALRASYNNPHRAVDYLLTGIPG,-0.7298212340441323,0
E36F,SEYETMLTEIMSMGYERERVVAALRASYNNPHRAVFYLLTGIPG,0.0555827671831732,1
E36G,SEYETMLTEIMSMGYERERVVAALRASYNNPHRAVGYLLTGIPG,-1.314202649032964,0
E36H,SEYETMLTEIMSMGYERERVVAALRASYNNPHRAVHYLLTGIPG,0.0058037013252665,1
E36I,SEYETMLTEIMSMGYERERVVAALRASYNNPHRAVIYLLTGIPG,-0.1468154509286594,1
E36K,SEYETMLTEIMSMGYERERVVAALRASYNNPHRAVKYLLTGIPG,-0.6465023905121208,1
E36L,SEYETMLTEIMSMGYERERVVAALRASYNNPHRAVLYLLTGIPG,0.0280379525236194,1
E36M,SEYETMLTEIMSMGYERERVVAALRASYNNPHRAVMYLLTGIPG,-0.1377056740069475,1
E36N,SEYETMLTEIMSMGYERERVVAALRASYNNPHRAVNYLLTGIPG,-0.961109062688458,0
E36P,SEYETMLTEIMSMGYERERVVAALRASYNNPHRAVPYLLTGIPG,-3.258382448908933,0
E36Q,SEYETMLTEIMSMGYERERVVAALRASYNNPHRAVQYLLTGIPG,-0.0622166802975581,1
E36R,SEYETMLTEIMSMGYERERVVAALRASYNNPHRAVRYLLTGIPG,-0.5797619965153995,1
E36S,SEYETMLTEIMSMGYERERVVAALRASYNNPHRAVSYLLTGIPG,-0.9663281084951691,0
E36T,SEYETMLTEIMSMGYERERVVAALRASYNNPHRAVTYLLTGIPG,-0.8169863669552968,0
E36V,SEYETMLTEIMSMGYERERVVAALRASYNNPHRAVVYLLTGIPG,-0.3132767322234242,1
E36W,SEYETMLTEIMSMGYERERVVAALRASYNNPHRAVWYLLTGIPG,0.0637566007459562,1
E36Y,SEYETMLTEIMSMGYERERVVAALRASYNNPHRAVYYLLTGIPG,0.1878473901828075,1
E4A,SEYATMLTEIMSMGYERERVVAALRASYNNPHRAVEYLLTGIPG,-0.5619182330676029,1
E4C,SEYCTMLTEIMSMGYERERVVAALRASYNNPHRAVEYLLTGIPG,0.0430525633149261,1
E4D,SEYDTMLTEIMSMGYERERVVAALRASYNNPHRAVEYLLTGIPG,-0.3618248769133108,1
E4F,SEYFTMLTEIMSMGYERERVVAALRASYNNPHRAVEYLLTGIPG,-0.2469981325390602,1
E4G,SEYGTMLTEIMSMGYERERVVAALRASYNNPHRAVEYLLTGIPG,-0.9912736099393556,0
E4H,SEYHTMLTEIMSMGYERERVVAALRASYNNPHRAVEYLLTGIPG,-0.4042254273635004,1
E4I,SEYITMLTEIMSMGYERERVVAALRASYNNPHRAVEYLLTGIPG,-0.2183296317752301,1
E4K,SEYKTMLTEIMSMGYERERVVAALRASYNNPHRAVEYLLTGIPG,-0.6639279329889227,1
E4L,SEYLTMLTEIMSMGYERERVVAALRASYNNPHRAVEYLLTGIPG,-0.0975814485972246,1
E4M,SEYMTMLTEIMSMGYERERVVAALRASYNNPHRAVEYLLTGIPG,-0.1643094590381784,1
E4N,SEYNTMLTEIMSMGYERERVVAALRASYNNPHRAVEYLLTGIPG,-0.4777980419069427,1
E4P,SEYPTMLTEIMSMGYERERVVAALRASYNNPHRAVEYLLTGIPG,-1.6566457559655956,0
E4Q,SEYQTMLTEIMSMGYERERVVAALRASYNNPHRAVEYLLTGIPG,-0.3625086976452927,1
E4R,SEYRTMLTEIMSMGYERERVVAALRASYNNPHRAVEYLLTGIPG,-0.676048872305608,1
E4S,SEYSTMLTEIMSMGYERERVVAALRASYNNPHRAVEYLLTGIPG,-0.6757830834468859,1
E4T,SEYTTMLTEIMSMGYERERVVAALRASYNNPHRAVEYLLTGIPG,-0.641558500725183,1
E4V,SEYVTMLTEIMSMGYERERVVAALRASYNNPHRAVEYLLTGIPG,-0.4697780636864284,1
E4W,SEYWTMLTEIMSMGYERERVVAALRASYNNPHRAVEYLLTGIPG,-0.2091710534996105,1
E4Y,SEYYTMLTEIMSMGYERERVVAALRASYNNPHRAVEYLLTGIPG,-0.1676683196744512,1
E9A,SEYETMLTAIMSMGYERERVVAALRASYNNPHRAVEYLLTGIPG,0.2372291429660622,1
E9C,SEYETMLTCIMSMGYERERVVAALRASYNNPHRAVEYLLTGIPG,0.5898632688480889,1
E9D,SEYETMLTDIMSMGYERERVVAALRASYNNPHRAVEYLLTGIPG,-0.3112896752169254,1
E9F,SEYETMLTFIMSMGYERERVVAALRASYNNPHRAVEYLLTGIPG,0.2783313534500524,1
E9G,SEYETMLTGIMSMGYERERVVAALRASYNNPHRAVEYLLTGIPG,-0.5991503529684801,1
E9H,SEYETMLTHIMSMGYERERVVAALRASYNNPHRAVEYLLTGIPG,0.0206088016173113,1
E9I,SEYETMLTIIMSMGYERERVVAALRASYNNPHRAVEYLLTGIPG,0.1487933278994755,1
E9K,SEYETMLTKIMSMGYERERVVAALRASYNNPHRAVEYLLTGIPG,0.0450180990451447,1
E9L,SEYETMLTLIMSMGYERERVVAALRASYNNPHRAVEYLLTGIPG,0.2933091120451485,1
E9M,SEYETMLTMIMSMGYERERVVAALRASYNNPHRAVEYLLTGIPG,0.4273483971856731,1
E9N,SEYETMLTNIMSMGYERERVVAALRASYNNPHRAVEYLLTGIPG,-0.0947165138870471,1
E9P,SEYETMLTPIMSMGYERERVVAALRASYNNPHRAVEYLLTGIPG,-2.6070553135104424,0
E9Q,SEYETMLTQIMSMGYERERVVAALRASYNNPHRAVEYLLTGIPG,0.1635189550397124,1
E9R,SEYETMLTRIMSMGYERERVVAALRASYNNPHRAVEYLLTGIPG,0.0497519606985026,1
E9S,SEYETMLTSIMSMGYERERVVAALRASYNNPHRAVEYLLTGIPG,-0.0823453939977043,1
E9T,SEYETMLTTIMSMGYERERVVAALRASYNNPHRAVEYLLTGIPG,0.0941842942377322,1
E9V,SEYETMLTVIMSMGYERERVVAALRASYNNPHRAVEYLLTGIPG,-0.008533573377762,1
E9W,SEYETMLTWIMSMGYERERVVAALRASYNNPHRAVEYLLTGIPG,0.5936053569929594,1
E9Y,SEYETMLTYIMSMGYERERVVAALRASYNNPHRAVEYLLTGIPG,0.2927085025586171,1
G14A,SEYETMLTEIMSMAYERERVVAALRASYNNPHRAVEYLLTGIPG,-2.21575774049522,0
G14C,SEYETMLTEIMSMCYERERVVAALRASYNNPHRAVEYLLTGIPG,-1.1660722863430966,0
G14D,SEYETMLTEIMSMDYERERVVAALRASYNNPHRAVEYLLTGIPG,-2.4492430887411065,0
G14E,SEYETMLTEIMSMEYERERVVAALRASYNNPHRAVEYLLTGIPG,-2.5679098561652776,0
G14F,SEYETMLTEIMSMFYERERVVAALRASYNNPHRAVEYLLTGIPG,-1.1921034115195326,0
G14H,SEYETMLTEIMSMHYERERVVAALRASYNNPHRAVEYLLTGIPG,-2.14154618082147,0
G14I,SEYETMLTEIMSMIYERERVVAALRASYNNPHRAVEYLLTGIPG,-1.4161611880834002,0
G14K,SEYETMLTEIMSMKYERERVVAALRASYNNPHRAVEYLLTGIPG,-2.5250294718772075,0
G14L,SEYETMLTEIMSMLYERERVVAALRASYNNPHRAVEYLLTGIPG,-1.3507482436847882,0
G14M,SEYETMLTEIMSMMYERERVVAALRASYNNPHRAVEYLLTGIPG,-1.6456169481851255,0
G14N,SEYETMLTEIMSMNYERERVVAALRASYNNPHRAVEYLLTGIPG,-2.07941144277709,0
G14P,SEYETMLTEIMSMPYERERVVAALRASYNNPHRAVEYLLTGIPG,-2.8398856970328072,0
G14Q,SEYETMLTEIMSMQYERERVVAALRASYNNPHRAVEYLLTGIPG,-2.4423685873010386,0
G14R,SEYETMLTEIMSMRYERERVVAALRASYNNPHRAVEYLLTGIPG,-2.18905917658999,0
G14S,SEYETMLTEIMSMSYERERVVAALRASYNNPHRAVEYLLTGIPG,-2.1480154863156287,0
G14T,SEYETMLTEIMSMTYERERVVAALRASYNNPHRAVEYLLTGIPG,-2.59472806379413,0
G14V,SEYETMLTEIMSMVYERERVVAALRASYNNPHRAVEYLLTGIPG,-1.0980515247970926,0
G14W,SEYETMLTEIMSMWYERERVVAALRASYNNPHRAVEYLLTGIPG,-1.0549515681727994,0
G14Y,SEYETMLTEIMSMYYERERVVAALRASYNNPHRAVEYLLTGIPG,-1.228383336879194,0
G41A,SEYETMLTEIMSMGYERERVVAALRASYNNPHRAVEYLLTAIPG,-0.3524279733503888,1
G41C,SEYETMLTEIMSMGYERERVVAALRASYNNPHRAVEYLLTCIPG,-0.5558199363439451,1
G41D,SEYETMLTEIMSMGYERERVVAALRASYNNPHRAVEYLLTDIPG,-0.5314734350276269,1
G41E,SEYETMLTEIMSMGYERERVVAALRASYNNPHRAVEYLLTEIPG,-0.2496995988052024,1
G41F,SEYETMLTEIMSMGYERERVVAALRASYNNPHRAVEYLLTFIPG,-0.0860658045268079,1
G41H,SEYETMLTEIMSMGYERERVVAALRASYNNPHRAVEYLLTHIPG,-0.1945080633570084,1
G41I,SEYETMLTEIMSMGYERERVVAALRASYNNPHRAVEYLLTIIPG,-0.3976736145866844,1
G41K,SEYETMLTEIMSMGYERERVVAALRASYNNPHRAVEYLLTKIPG,-0.5097320110961681,1
G41L,SEYETMLTEIMSMGYERERVVAALRASYNNPHRAVEYLLTLIPG,-0.4269357392711521,1
G41M,SEYETMLTEIMSMGYERERVVAALRASYNNPHRAVEYLLTMIPG,-0.2267083939374674,1
G41N,SEYETMLTEIMSMGYERERVVAALRASYNNPHRAVEYLLTNIPG,-0.376897158483271,1
G41P,SEYETMLTEIMSMGYERERVVAALRASYNNPHRAVEYLLTPIPG,-1.08022102384746,0
G41Q,SEYETMLTEIMSMGYERERVVAALRASYNNPHRAVEYLLTQIPG,-0.1649852830939555,1
G41R,SEYETMLTEIMSMGYERERVVAALRASYNNPHRAVEYLLTRIPG,-0.5883541366223799,1
G41S,SEYETMLTEIMSMGYERERVVAALRASYNNPHRAVEYLLTSIPG,-0.259601384913446,1
G41T,SEYETMLTEIMSMGYERERVVAALRASYNNPHRAVEYLLTTIPG,-0.23266529535484,1
G41V,SEYETMLTEIMSMGYERERVVAALRASYNNPHRAVEYLLTVIPG,-0.2978698214109672,1
G41W,SEYETMLTEIMSMGYERERVVAALRASYNNPHRAVEYLLTWIPG,-0.0504250200130327,1
G41Y,SEYETMLTEIMSMGYERERVVAALRASYNNPHRAVEYLLTYIPG,-0.1489033514990319,1
G44A,SEYETMLTEIMSMGYERERVVAALRASYNNPHRAVEYLLTGIPA,0.0382725762546094,1
G44C,SEYETMLTEIMSMGYERERVVAALRASYNNPHRAVEYLLTGIPC,-0.0187077760214533,1
G44D,SEYETMLTEIMSMGYERERVVAALRASYNNPHRAVEYLLTGIPD,0.0829347370004303,1
G44E,SEYETMLTEIMSMGYERERVVAALRASYNNPHRAVEYLLTGIPE,0.0163260181414104,1
G44F,SEYETMLTEIMSMGYERERVVAALRASYNNPHRAVEYLLTGIPF,-0.0692114406602195,1
G44H,SEYETMLTEIMSMGYERERVVAALRASYNNPHRAVEYLLTGIPH,-0.057561802298542,1
G44I,SEYETMLTEIMSMGYERERVVAALRASYNNPHRAVEYLLTGIPI,0.0441031234328495,1
G44K,SEYETMLTEIMSMGYERERVVAALRASYNNPHRAVEYLLTGIPK,-0.1755668431640047,1
G44L,SEYETMLTEIMSMGYERERVVAALRASYNNPHRAVEYLLTGIPL,0.0798797354165272,1
G44M,SEYETMLTEIMSMGYERERVVAALRASYNNPHRAVEYLLTGIPM,-0.0315153332755446,1
G44N,SEYETMLTEIMSMGYERERVVAALRASYNNPHRAVEYLLTGIPN,-0.0027982925025993,1
G44P,SEYETMLTEIMSMGYERERVVAALRASYNNPHRAVEYLLTGIPP,0.1432375549367641,1
G44Q,SEYETMLTEIMSMGYERERVVAALRASYNNPHRAVEYLLTGIPQ,0.0111114901714692,1
G44R,SEYETMLTEIMSMGYERERVVAALRASYNNPHRAVEYLLTGIPR,-0.4105364521386661,1
G44S,SEYETMLTEIMSMGYERERVVAALRASYNNPHRAVEYLLTGIPS,-0.0639367103205499,1
G44T,SEYETMLTEIMSMGYERERVVAALRASYNNPHRAVEYLLTGIPT,-0.0073446791773563,1
G44V,SEYETMLTEIMSMGYERERVVAALRASYNNPHRAVEYLLTGIPV,0.0003154892341461,1
G44W,SEYETMLTEIMSMGYERERVVAALRASYNNPHRAVEYLLTGIPW,-0.0884241174006059,1
G44Y,SEYETMLTEIMSMGYERERVVAALRASYNNPHRAVEYLLTGIPY,-0.2769575284588876,1
H32A,SEYETMLTEIMSMGYERERVVAALRASYNNPARAVEYLLTGIPG,0.3601171242929348,1
H32C,SEYETMLTEIMSMGYERERVVAALRASYNNPCRAVEYLLTGIPG,0.0551347841433695,1
H32D,SEYETMLTEIMSMGYERERVVAALRASYNNPDRAVEYLLTGIPG,0.1926312931072713,1
H32E,SEYETMLTEIMSMGYERERVVAALRASYNNPERAVEYLLTGIPG,0.531968705750133,1
H32F,SEYETMLTEIMSMGYERERVVAALRASYNNPFRAVEYLLTGIPG,0.0034331698059757,1
H32G,SEYETMLTEIMSMGYERERVVAALRASYNNPGRAVEYLLTGIPG,-0.1512373136326084,1
H32I,SEYETMLTEIMSMGYERERVVAALRASYNNPIRAVEYLLTGIPG,0.5109063681847625,1
H32K,SEYETMLTEIMSMGYERERVVAALRASYNNPKRAVEYLLTGIPG,0.1494329612905924,1
H32L,SEYETMLTEIMSMGYERERVVAALRASYNNPLRAVEYLLTGIPG,0.3137637280275105,1
H32M,SEYETMLTEIMSMGYERERVVAALRASYNNPMRAVEYLLTGIPG,0.0639737730707792,1
H32N,SEYETMLTEIMSMGYERERVVAALRASYNNPNRAVEYLLTGIPG,-0.2322268046309776,1
H32P,SEYETMLTEIMSMGYERERVVAALRASYNNPPRAVEYLLTGIPG,-0.9694726278499068,0
H32Q,SEYETMLTEIMSMGYERERVVAALRASYNNPQRAVEYLLTGIPG,0.4330670845235458,1
H32R,SEYETMLTEIMSMGYERERVVAALRASYNNPRRAVEYLLTGIPG,-0.1172287470969886,1
H32S,SEYETMLTEIMSMGYERERVVAALRASYNNPSRAVEYLLTGIPG,0.1192627120049465,1
H32T,SEYETMLTEIMSMGYERERVVAALRASYNNPTRAVEYLLTGIPG,0.2456033140801734,1
H32V,SEYETMLTEIMSMGYERERVVAALRASYNNPVRAVEYLLTGIPG,0.4316905775390656,1
H32W,SEYETMLTEIMSMGYERERVVAALRASYNNPWRAVEYLLTGIPG,-0.0516131308588563,1
H32Y,SEYETMLTEIMSMGYERERVVAALRASYNNPYRAVEYLLTGIPG,-0.0724359326608645,1
I10A,SEYETMLTEAMSMGYERERVVAALRASYNNPHRAVEYLLTGIPG,-2.514017764393624,0
I10D,SEYETMLTEDMSMGYERERVVAALRASYNNPHRAVEYLLTGIPG,-3.844099134029081,0
I10F,SEYETMLTEFMSMGYERERVVAALRASYNNPHRAVEYLLTGIPG,-0.7468132881809004,0
I10G,SEYETMLTEGMSMGYERERVVAALRASYNNPHRAVEYLLTGIPG,-3.1428762158658574,0
I10H,SEYETMLTEHMSMGYERERVVAALRASYNNPHRAVEYLLTGIPG,-3.094934341162415,0
I10K,SEYETMLTEKMSMGYERERVVAALRASYNNPHRAVEYLLTGIPG,-3.352177008987528,0
I10L,SEYETMLTELMSMGYERERVVAALRASYNNPHRAVEYLLTGIPG,0.1282385742498615,1
I10M,SEYETMLTEMMSMGYERERVVAALRASYNNPHRAVEYLLTGIPG,-0.7361480019354056,0
I10Q,SEYETMLTEQMSMGYERERVVAALRASYNNPHRAVEYLLTGIPG,-3.584847730046673,0
I10R,SEYETMLTERMSMGYERERVVAALRASYNNPHRAVEYLLTGIPG,-3.8717085316403543,0
I10S,SEYETMLTESMSMGYERERVVAALRASYNNPHRAVEYLLTGIPG,-3.73322361080485,0
I10T,SEYETMLTETMSMGYERERVVAALRASYNNPHRAVEYLLTGIPG,-3.2586259983953365,0
I10V,SEYETMLTEVMSMGYERERVVAALRASYNNPHRAVEYLLTGIPG,-1.8224646877986612,0
I10W,SEYETMLTEWMSMGYERERVVAALRASYNNPHRAVEYLLTGIPG,-1.561724077918834,0
I10Y,SEYETMLTEYMSMGYERERVVAALRASYNNPHRAVEYLLTGIPG,-1.4875410960561597,0
I42A,SEYETMLTEIMSMGYERERVVAALRASYNNPHRAVEYLLTGAPG,-0.4857330264237491,1
I42C,SEYETMLTEIMSMGYERERVVAALRASYNNPHRAVEYLLTGCPG,-0.2742370626581998,1
I42D,SEYETMLTEIMSMGYERERVVAALRASYNNPHRAVEYLLTGDPG,-0.4458297586893378,1
I42E,SEYETMLTEIMSMGYERERVVAALRASYNNPHRAVEYLLTGEPG,-0.4000468825523429,1
I42F,SEYETMLTEIMSMGYERERVVAALRASYNNPHRAVEYLLTGFPG,0.0570545483513291,1
I42G,SEYETMLTEIMSMGYERERVVAALRASYNNPHRAVEYLLTGGPG,-0.3367645665599776,1
I42H,SEYETMLTEIMSMGYERERVVAALRASYNNPHRAVEYLLTGHPG,-0.5144292115064717,1
I42K,SEYETMLTEIMSMGYERERVVAALRASYNNPHRAVEYLLTGKPG,-0.5609874253409153,1
I42L,SEYETMLTEIMSMGYERERVVAALRASYNNPHRAVEYLLTGLPG,-0.1077808338926082,1
I42M,SEYETMLTEIMSMGYERERVVAALRASYNNPHRAVEYLLTGMPG,-0.1465399087979961,1
I42N,SEYETMLTEIMSMGYERERVVAALRASYNNPHRAVEYLLTGNPG,-0.4677653213712127,1
I42P,SEYETMLTEIMSMGYERERVVAALRASYNNPHRAVEYLLTGPPG,-0.5911906872451276,1
I42Q,SEYETMLTEIMSMGYERERVVAALRASYNNPHRAVEYLLTGQPG,-0.4635744363179355,1
I42R,SEYETMLTEIMSMGYERERVVAALRASYNNPHRAVEYLLTGRPG,-0.5927937114278148,1
I42S,SEYETMLTEIMSMGYERERVVAALRASYNNPHRAVEYLLTGSPG,-0.4875650193981204,1
I42T,SEYETMLTEIMSMGYERERVVAALRASYNNPHRAVEYLLTGTPG,-0.4425030403336238,1
I42V,SEYETMLTEIMSMGYERERVVAALRASYNNPHRAVEYLLTGVPG,-0.3928808181829883,1
I42W,SEYETMLTEIMSMGYERERVVAALRASYNNPHRAVEYLLTGWPG,-0.1633893032318161,1
I42Y,SEYETMLTEIMSMGYERERVVAALRASYNNPHRAVEYLLTGYPG,-0.2347649682336552,1
L24A,SEYETMLTEIMSMGYERERVVAAARASYNNPHRAVEYLLTGIPG,-2.9990753553220646,0
L24C,SEYETMLTEIMSMGYERERVVAACRASYNNPHRAVEYLLTGIPG,-0.9181311357971548,0
L24F,SEYETMLTEIMSMGYERERVVAAFRASYNNPHRAVEYLLTGIPG,-1.8069993712105863,0
L24H,SEYETMLTEIMSMGYERERVVAAHRASYNNPHRAVEYLLTGIPG,-3.98207783753846,0
L24I,SEYETMLTEIMSMGYERERVVAAIRASYNNPHRAVEYLLTGIPG,-1.570843253300502,0
L24M,SEYETMLTEIMSMGYERERVVAAMRASYNNPHRAVEYLLTGIPG,-0.6560071836356158,1
L24T,SEYETMLTEIMSMGYERERVVAATRASYNNPHRAVEYLLTGIPG,-4.0869470303893225,0
L24V,SEYETMLTEIMSMGYERERVVAAVRASYNNPHRAVEYLLTGIPG,-2.071292631639236,0
L24W,SEYETMLTEIMSMGYERERVVAAWRASYNNPHRAVEYLLTGIPG,-2.3041573657192327,0
L24Y,SEYETMLTEIMSMGYERERVVAAYRASYNNPHRAVEYLLTGIPG,-2.567877158246552,0
L38A,SEYETMLTEIMSMGYERERVVAALRASYNNPHRAVEYALTGIPG,-2.847223506730314,0
L38D,SEYETMLTEIMSMGYERERVVAALRASYNNPHRAVEYDLTGIPG,-3.6450230678341167,0
L38E,SEYETMLTEIMSMGYERERVVAALRASYNNPHRAVEYELTGIPG,-3.692303563380065,0
L38F,SEYETMLTEIMSMGYERERVVAALRASYNNPHRAVEYFLTGIPG,-1.8585565781168647,0
L38G,SEYETMLTEIMSMGYERERVVAALRASYNNPHRAVEYGLTGIPG,-3.228593489487806,0
L38H,SEYETMLTEIMSMGYERERVVAALRASYNNPHRAVEYHLTGIPG,-3.0721109051008733,0
L38I,SEYETMLTEIMSMGYERERVVAALRASYNNPHRAVEYILTGIPG,-1.365595910004982,0
L38K,SEYETMLTEIMSMGYERERVVAALRASYNNPHRAVEYKLTGIPG,-3.801457445098105,0
L38M,SEYETMLTEIMSMGYERERVVAALRASYNNPHRAVEYMLTGIPG,-1.505130540631233,0
L38N,SEYETMLTEIMSMGYERERVVAALRASYNNPHRAVEYNLTGIPG,-3.773178160138196,0
L38P,SEYETMLTEIMSMGYERERVVAALRASYNNPHRAVEYPLTGIPG,-3.75449354792479,0
L38Q,SEYETMLTEIMSMGYERERVVAALRASYNNPHRAVEYQLTGIPG,-3.3038253845878,0
L38S,SEYETMLTEIMSMGYERERVVAALRASYNNPHRAVEYSLTGIPG,-3.5236142074676584,0
L38T,SEYETMLTEIMSMGYERERVVAALRASYNNPHRAVEYTLTGIPG,-3.2341487672681564,0
L38V,SEYETMLTEIMSMGYERERVVAALRASYNNPHRAVEYVLTGIPG,-2.328686071316262,0
L38W,SEYETMLTEIMSMGYERERVVAALRASYNNPHRAVEYWLTGIPG,-1.936107565675822,0
L38Y,SEYETMLTEIMSMGYERERVVAALRASYNNPHRAVEYYLTGIPG,-2.043906691741267,0
L39A,SEYETMLTEIMSMGYERERVVAALRASYNNPHRAVEYLATGIPG,-0.3907308598538925,1
L39D,SEYETMLTEIMSMGYERERVVAALRASYNNPHRAVEYLDTGIPG,-1.0431831562583325,0
L39E,SEYETMLTEIMSMGYERERVVAALRASYNNPHRAVEYLETGIPG,-0.1906163878982827,1
L39F,SEYETMLTEIMSMGYERERVVAALRASYNNPHRAVEYLFTGIPG,-1.028168491493692,0
L39G,SEYETMLTEIMSMGYERERVVAALRASYNNPHRAVEYLGTGIPG,-1.271471656209749,0
L39H,SEYETMLTEIMSMGYERERVVAALRASYNNPHRAVEYLHTGIPG,-0.7118211443266986,1
L39I,SEYETMLTEIMSMGYERERVVAALRASYNNPHRAVEYLITGIPG,-0.0714129389499635,1
L39K,SEYETMLTEIMSMGYERERVVAALRASYNNPHRAVEYLKTGIPG,0.2479446713379811,1
L39M,SEYETMLTEIMSMGYERERVVAALRASYNNPHRAVEYLMTGIPG,0.103750052084508,1
L39N,SEYETMLTEIMSMGYERERVVAALRASYNNPHRAVEYLNTGIPG,-0.3117615522788686,1
L39P,SEYETMLTEIMSMGYERERVVAALRASYNNPHRAVEYLPTGIPG,-3.538689530466721,0
L39Q,SEYETMLTEIMSMGYERERVVAALRASYNNPHRAVEYLQTGIPG,0.068558207751213,1
L39R,SEYETMLTEIMSMGYERERVVAALRASYNNPHRAVEYLRTGIPG,0.2490020262858703,1
L39S,SEYETMLTEIMSMGYERERVVAALRASYNNPHRAVEYLSTGIPG,-0.5337470218984555,1
L39T,SEYETMLTEIMSMGYERERVVAALRASYNNPHRAVEYLTTGIPG,-0.4083295033346523,1
L39V,SEYETMLTEIMSMGYERERVVAALRASYNNPHRAVEYLVTGIPG,-0.3741155881042353,1
L39W,SEYETMLTEIMSMGYERERVVAALRASYNNPHRAVEYLWTGIPG,-1.3042310004428734,0
L39Y,SEYETMLTEIMSMGYERERVVAALRASYNNPHRAVEYLYTGIPG,-1.2081013924169055,0
L7A,SEYETMATEIMSMGYERERVVAALRASYNNPHRAVEYLLTGIPG,-2.104419245192271,0
L7E,SEYETMETEIMSMGYERERVVAALRASYNNPHRAVEYLLTGIPG,-2.8798310630964696,0
L7F,SEYETMFTEIMSMGYERERVVAALRASYNNPHRAVEYLLTGIPG,-1.6108770993209138,0
L7G,SEYETMGTEIMSMGYERERVVAALRASYNNPHRAVEYLLTGIPG,-3.431179745871312,0
L7H,SEYETMHTEIMSMGYERERVVAALRASYNNPHRAVEYLLTGIPG,-3.0444282599867023,0
L7I,SEYETMITEIMSMGYERERVVAALRASYNNPHRAVEYLLTGIPG,0.6140530369274453,1
L7K,SEYETMKTEIMSMGYERERVVAALRASYNNPHRAVEYLLTGIPG,-2.478298703535573,0
L7M,SEYETMMTEIMSMGYERERVVAALRASYNNPHRAVEYLLTGIPG,-0.9065492523394214,0
L7N,SEYETMNTEIMSMGYERERVVAALRASYNNPHRAVEYLLTGIPG,-3.5196223673925595,0
L7P,SEYETMPTEIMSMGYERERVVAALRASYNNPHRAVEYLLTGIPG,-3.740795999296897,0
L7Q,SEYETMQTEIMSMGYERERVVAALRASYNNPHRAVEYLLTGIPG,-2.6528072204942994,0
L7R,SEYETMRTEIMSMGYERERVVAALRASYNNPHRAVEYLLTGIPG,-2.603722541616807,0
L7S,SEYETMSTEIMSMGYERERVVAALRASYNNPHRAVEYLLTGIPG,-3.016642600438432,0
L7T,SEYETMTTEIMSMGYERERVVAALRASYNNPHRAVEYLLTGIPG,-1.8555750151443429,0
L7V,SEYETMVTEIMSMGYERERVVAALRASYNNPHRAVEYLLTGIPG,0.6884582267703889,1
L7W,SEYETMWTEIMSMGYERERVVAALRASYNNPHRAVEYLLTGIPG,-1.884439647637158,0
L7Y,SEYETMYTEIMSMGYERERVVAALRASYNNPHRAVEYLLTGIPG,-1.955473272706763,0
M11A,SEYETMLTEIASMGYERERVVAALRASYNNPHRAVEYLLTGIPG,-1.480468283316975,0
M11D,SEYETMLTEIDSMGYERERVVAALRASYNNPHRAVEYLLTGIPG,-3.4293748873156598,0
M11E,SEYETMLTEIESMGYERERVVAALRASYNNPHRAVEYLLTGIPG,-1.4034709329447232,0
M11F,SEYETMLTEIFSMGYERERVVAALRASYNNPHRAVEYLLTGIPG,-1.5507071571633944,0
M11G,SEYETMLTEIGSMGYERERVVAALRASYNNPHRAVEYLLTGIPG,-2.154022710148729,0
M11H,SEYETMLTEIHSMGYERERVVAALRASYNNPHRAVEYLLTGIPG,-2.2726506461714955,0
M11I,SEYETMLTEIISMGYERERVVAALRASYNNPHRAVEYLLTGIPG,-0.4456109096661178,1
M11K,SEYETMLTEIKSMGYERERVVAALRASYNNPHRAVEYLLTGIPG,-2.7680747535832646,0
M11L,SEYETMLTEILSMGYERERVVAALRASYNNPHRAVEYLLTGIPG,-1.091787167080914,0
M11N,SEYETMLTEINSMGYERERVVAALRASYNNPHRAVEYLLTGIPG,-2.9107475782025323,0
M11Q,SEYETMLTEIQSMGYERERVVAALRASYNNPHRAVEYLLTGIPG,-1.3625078024627646,0
M11R,SEYETMLTEIRSMGYERERVVAALRASYNNPHRAVEYLLTGIPG,-2.451672433485842,0
M11S,SEYETMLTEISSMGYERERVVAALRASYNNPHRAVEYLLTGIPG,-1.6085554004476184,0
M11T,SEYETMLTEITSMGYERERVVAALRASYNNPHRAVEYLLTGIPG,-1.1500126902359125,0
M11V,SEYETMLTEIVSMGYERERVVAALRASYNNPHRAVEYLLTGIPG,-0.7040855969901365,1
M11W,SEYETMLTEIWSMGYERERVVAALRASYNNPHRAVEYLLTGIPG,-1.6122330507663805,0
M11Y,SEYETMLTEIYSMGYERERVVAALRASYNNPHRAVEYLLTGIPG,-1.933044866711172,0
M13A,SEYETMLTEIMSAGYERERVVAALRASYNNPHRAVEYLLTGIPG,-1.4419361673204278,0
M13C,SEYETMLTEIMSCGYERERVVAALRASYNNPHRAVEYLLTGIPG,-0.7958071817939789,0
M13D,SEYETMLTEIMSDGYERERVVAALRASYNNPHRAVEYLLTGIPG,-2.550444459298201,0
M13E,SEYETMLTEIMSEGYERERVVAALRASYNNPHRAVEYLLTGIPG,-2.0368902704716287,0
M13F,SEYETMLTEIMSFGYERERVVAALRASYNNPHRAVEYLLTGIPG,-0.8583725037580741,0
M13G,SEYETMLTEIMSGGYERERVVAALRASYNNPHRAVEYLLTGIPG,-1.844990857274377,0
M13H,SEYETMLTEIMSHGYERERVVAALRASYNNPHRAVEYLLTGIPG,-1.150569011468351,0
M13I,SEYETMLTEIMSIGYERERVVAALRASYNNPHRAVEYLLTGIPG,-1.2632930925417236,0
M13K,SEYETMLTEIMSKGYERERVVAALRASYNNPHRAVEYLLTGIPG,-1.0057853530443608,0
M13L,SEYETMLTEIMSLGYERERVVAALRASYNNPHRAVEYLLTGIPG,0.0726581208976582,1
M13N,SEYETMLTEIMSNGYERERVVAALRASYNNPHRAVEYLLTGIPG,-1.8469356768445,0
M13P,SEYETMLTEIMSPGYERERVVAALRASYNNPHRAVEYLLTGIPG,-3.669014413889599,0
M13Q,SEYETMLTEIMSQGYERERVVAALRASYNNPHRAVEYLLTGIPG,-1.0231283510820737,0
M13R,SEYETMLTEIMSRGYERERVVAALRASYNNPHRAVEYLLTGIPG,-1.0599024784170648,0
M13S,SEYETMLTEIMSSGYERERVVAALRASYNNPHRAVEYLLTGIPG,-1.8519904136632563,0
M13T,SEYETMLTEIMSTGYERERVVAALRASYNNPHRAVEYLLTGIPG,-2.0439044596815767,0
M13V,SEYETMLTEIMSVGYERERVVAALRASYNNPHRAVEYLLTGIPG,-1.9439544942582003,0
M13W,SEYETMLTEIMSWGYERERVVAALRASYNNPHRAVEYLLTGIPG,-0.9628570332968124,0
M13Y,SEYETMLTEIMSYGYERERVVAALRASYNNPHRAVEYLLTGIPG,-0.7277829975308401,1
M6A,SEYETALTEIMSMGYERERVVAALRASYNNPHRAVEYLLTGIPG,-0.9942177207460516,0
M6D,SEYETDLTEIMSMGYERERVVAALRASYNNPHRAVEYLLTGIPG,-1.9161883789199927,0
M6E,SEYETELTEIMSMGYERERVVAALRASYNNPHRAVEYLLTGIPG,-2.350358061468431,0
M6F,SEYETFLTEIMSMGYERERVVAALRASYNNPHRAVEYLLTGIPG,-0.6054017993215073,1
M6G,SEYETGLTEIMSMGYERERVVAALRASYNNPHRAVEYLLTGIPG,-2.253073176861686,0
M6H,SEYETHLTEIMSMGYERERVVAALRASYNNPHRAVEYLLTGIPG,-1.0199879123668296,0
M6I,SEYETILTEIMSMGYERERVVAALRASYNNPHRAVEYLLTGIPG,-0.3479107724257986,1
M6K,SEYETKLTEIMSMGYERERVVAALRASYNNPHRAVEYLLTGIPG,-1.6047406504321142,0
M6L,SEYETLLTEIMSMGYERERVVAALRASYNNPHRAVEYLLTGIPG,-0.3192780470992229,1
M6N,SEYETNLTEIMSMGYERERVVAALRASYNNPHRAVEYLLTGIPG,-1.0509518155777884,0
M6P,SEYETPLTEIMSMGYERERVVAALRASYNNPHRAVEYLLTGIPG,-2.773151553419128,0
M6Q,SEYETQLTEIMSMGYERERVVAALRASYNNPHRAVEYLLTGIPG,-1.446656493766807,0
M6R,SEYETRLTEIMSMGYERERVVAALRASYNNPHRAVEYLLTGIPG,-1.4154021189812525,0
M6S,SEYETSLTEIMSMGYERERVVAALRASYNNPHRAVEYLLTGIPG,-1.4073023696140567,0
M6T,SEYETTLTEIMSMGYERERVVAALRASYNNPHRAVEYLLTGIPG,-1.1742665762149893,0
M6V,SEYETVLTEIMSMGYERERVVAALRASYNNPHRAVEYLLTGIPG,-0.7228492036770655,1
M6W,SEYETWLTEIMSMGYERERVVAALRASYNNPHRAVEYLLTGIPG,-0.1388142318073137,1
M6Y,SEYETYLTEIMSMGYERERVVAALRASYNNPHRAVEYLLTGIPG,-0.6294628379509746,1
N29A,SEYETMLTEIMSMGYERERVVAALRASYANPHRAVEYLLTGIPG,-1.258016976600454,0
N29D,SEYETMLTEIMSMGYERERVVAALRASYDNPHRAVEYLLTGIPG,-0.7299973208743586,0
N29E,SEYETMLTEIMSMGYERERVVAALRASYENPHRAVEYLLTGIPG,-1.1707611293322158,0
N29F,SEYETMLTEIMSMGYERERVVAALRASYFNPHRAVEYLLTGIPG,-0.1841658223883739,1
N29G,SEYETMLTEIMSMGYERERVVAALRASYGNPHRAVEYLLTGIPG,0.1431739055632475,1
N29H,SEYETMLTEIMSMGYERERVVAALRASYHNPHRAVEYLLTGIPG,-0.849097038947026,0
N29I,SEYETMLTEIMSMGYERERVVAALRASYINPHRAVEYLLTGIPG,-1.7253932651010495,0
N29K,SEYETMLTEIMSMGYERERVVAALRASYKNPHRAVEYLLTGIPG,-1.5096248375540608,0
N29L,SEYETMLTEIMSMGYERERVVAALRASYLNPHRAVEYLLTGIPG,-0.6404279227655487,1
N29M,SEYETMLTEIMSMGYERERVVAALRASYMNPHRAVEYLLTGIPG,-0.2405715819387834,1
N29P,SEYETMLTEIMSMGYERERVVAALRASYPNPHRAVEYLLTGIPG,-1.50900348228715,0
N29Q,SEYETMLTEIMSMGYERERVVAALRASYQNPHRAVEYLLTGIPG,-0.9233223791492636,0
N29R,SEYETMLTEIMSMGYERERVVAALRASYRNPHRAVEYLLTGIPG,-1.450186684046745,0
N29S,SEYETMLTEIMSMGYERERVVAALRASYSNPHRAVEYLLTGIPG,-1.256555034225969,0
N29T,SEYETMLTEIMSMGYERERVVAALRASYTNPHRAVEYLLTGIPG,-1.7204158206138114,0
N29V,SEYETMLTEIMSMGYERERVVAALRASYVNPHRAVEYLLTGIPG,-1.5536143443835058,0
N29W,SEYETMLTEIMSMGYERERVVAALRASYWNPHRAVEYLLTGIPG,0.0847165858721661,1
N29Y,SEYETMLTEIMSMGYERERVVAALRASYYNPHRAVEYLLTGIPG,-0.1632553698747285,1
N30A,SEYETMLTEIMSMGYERERVVAALRASYNAPHRAVEYLLTGIPG,-1.4848018362036597,0
N30D,SEYETMLTEIMSMGYERERVVAALRASYNDPHRAVEYLLTGIPG,0.5210084998791826,1
N30E,SEYETMLTEIMSMGYERERVVAALRASYNEPHRAVEYLLTGIPG,-0.6460572557593975,1
N30F,SEYETMLTEIMSMGYERERVVAALRASYNFPHRAVEYLLTGIPG,-1.713672011057484,0
N30G,SEYETMLTEIMSMGYERERVVAALRASYNGPHRAVEYLLTGIPG,-2.4119153801988897,0
N30H,SEYETMLTEIMSMGYERERVVAALRASYNHPHRAVEYLLTGIPG,-1.105554378935983,0
N30I,SEYETMLTEIMSMGYERERVVAALRASYNIPHRAVEYLLTGIPG,-0.850481768307406,0
N30K,SEYETMLTEIMSMGYERERVVAALRASYNKPHRAVEYLLTGIPG,-1.360913916253249,0
N30L,SEYETMLTEIMSMGYERERVVAALRASYNLPHRAVEYLLTGIPG,-1.473826364892505,0
N30M,SEYETMLTEIMSMGYERERVVAALRASYNMPHRAVEYLLTGIPG,-1.1944639247973778,0
N30P,SEYETMLTEIMSMGYERERVVAALRASYNPPHRAVEYLLTGIPG,-3.1253174044408314,0
N30Q,SEYETMLTEIMSMGYERERVVAALRASYNQPHRAVEYLLTGIPG,-0.7832478886661987,0
N30R,SEYETMLTEIMSMGYERERVVAALRASYNRPHRAVEYLLTGIPG,-1.4831155887545024,0
N30S,SEYETMLTEIMSMGYERERVVAALRASYNSPHRAVEYLLTGIPG,-0.967561735343708,0
N30T,SEYETMLTEIMSMGYERERVVAALRASYNTPHRAVEYLLTGIPG,-1.3032310863484646,0
N30V,SEYETMLTEIMSMGYERERVVAALRASYNVPHRAVEYLLTGIPG,-0.8705051546625713,0
N30W,SEYETMLTEIMSMGYERERVVAALRASYNWPHRAVEYLLTGIPG,-1.5386178894707858,0
N30Y,SEYETMLTEIMSMGYERERVVAALRASYNYPHRAVEYLLTGIPG,-1.6517894872230992,0
P31A,SEYETMLTEIMSMGYERERVVAALRASYNNAHRAVEYLLTGIPG,-0.3269925854093278,1
P31C,SEYETMLTEIMSMGYERERVVAALRASYNNCHRAVEYLLTGIPG,-0.1564567116947723,1
P31D,SEYETMLTEIMSMGYERERVVAALRASYNNDHRAVEYLLTGIPG,-2.1360915426087552,0
P31E,SEYETMLTEIMSMGYERERVVAALRASYNNEHRAVEYLLTGIPG,-1.2812505270626935,0
P31F,SEYETMLTEIMSMGYERERVVAALRASYNNFHRAVEYLLTGIPG,0.9253549699348174,1
P31G,SEYETMLTEIMSMGYERERVVAALRASYNNGHRAVEYLLTGIPG,-1.1676633900297406,0
P31H,SEYETMLTEIMSMGYERERVVAALRASYNNHHRAVEYLLTGIPG,-0.6740174925267879,1
P31I,SEYETMLTEIMSMGYERERVVAALRASYNNIHRAVEYLLTGIPG,-0.0097737440920502,1
P31K,SEYETMLTEIMSMGYERERVVAALRASYNNKHRAVEYLLTGIPG,0.2000029708641224,1
P31L,SEYETMLTEIMSMGYERERVVAALRASYNNLHRAVEYLLTGIPG,0.2146256267057515,1
P31M,SEYETMLTEIMSMGYERERVVAALRASYNNMHRAVEYLLTGIPG,0.2067777700346793,1
P31N,SEYETMLTEIMSMGYERERVVAALRASYNNNHRAVEYLLTGIPG,-1.7645085309623507,0
P31Q,SEYETMLTEIMSMGYERERVVAALRASYNNQHRAVEYLLTGIPG,-0.4633272154011392,1
P31R,SEYETMLTEIMSMGYERERVVAALRASYNNRHRAVEYLLTGIPG,-0.306866128866909,1
P31S,SEYETMLTEIMSMGYERERVVAALRASYNNSHRAVEYLLTGIPG,-0.962047547813654,0
P31T,SEYETMLTEIMSMGYERERVVAALRASYNNTHRAVEYLLTGIPG,-1.109277264589001,0
P31V,SEYETMLTEIMSMGYERERVVAALRASYNNVHRAVEYLLTGIPG,-0.0927487030004678,1
P31W,SEYETMLTEIMSMGYERERVVAALRASYNNWHRAVEYLLTGIPG,0.0789749426381636,1
P31Y,SEYETMLTEIMSMGYERERVVAALRASYNNYHRAVEYLLTGIPG,0.6525284644600085,1
P43A,SEYETMLTEIMSMGYERERVVAALRASYNNPHRAVEYLLTGIAG,-0.3376118446173226,1
P43C,SEYETMLTEIMSMGYERERVVAALRASYNNPHRAVEYLLTGICG,-0.0832926194550593,1
P43D,SEYETMLTEIMSMGYERERVVAALRASYNNPHRAVEYLLTGIDG,-0.3082758720546796,1
P43E,SEYETMLTEIMSMGYERERVVAALRASYNNPHRAVEYLLTGIEG,-0.4537918766277338,1
P43F,SEYETMLTEIMSMGYERERVVAALRASYNNPHRAVEYLLTGIFG,-0.1938016370894235,1
P43G,SEYETMLTEIMSMGYERERVVAALRASYNNPHRAVEYLLTGIGG,-0.405528417754494,1
P43H,SEYETMLTEIMSMGYERERVVAALRASYNNPHRAVEYLLTGIHG,-0.4429213779274934,1
P43I,SEYETMLTEIMSMGYERERVVAALRASYNNPHRAVEYLLTGIIG,-0.1590615021981034,1
P43K,SEYETMLTEIMSMGYERERVVAALRASYNNPHRAVEYLLTGIKG,-0.5328916167710211,1
P43L,SEYETMLTEIMSMGYERERVVAALRASYNNPHRAVEYLLTGILG,-0.0464438073473614,1
P43M,SEYETMLTEIMSMGYERERVVAALRASYNNPHRAVEYLLTGIMG,-0.1639660457792739,1
P43N,SEYETMLTEIMSMGYERERVVAALRASYNNPHRAVEYLLTGING,-0.4172981044027475,1
P43Q,SEYETMLTEIMSMGYERERVVAALRASYNNPHRAVEYLLTGIQG,-0.4215805968610424,1
P43R,SEYETMLTEIMSMGYERERVVAALRASYNNPHRAVEYLLTGIRG,-0.6449835124341887,1
P43S,SEYETMLTEIMSMGYERERVVAALRASYNNPHRAVEYLLTGISG,-0.412108136467749,1
P43T,SEYETMLTEIMSMGYERERVVAALRASYNNPHRAVEYLLTGITG,-0.3634419169255007,1
P43V,SEYETMLTEIMSMGYERERVVAALRASYNNPHRAVEYLLTGIVG,-0.2746749224248743,1
P43W,SEYETMLTEIMSMGYERERVVAALRASYNNPHRAVEYLLTGIWG,-0.2162691304359043,1
P43Y,SEYETMLTEIMSMGYERERVVAALRASYNNPHRAVEYLLTGIYG,-0.4220636913578115,1
R17A,SEYETMLTEIMSMGYEAERVVAALRASYNNPHRAVEYLLTGIPG,-1.3526137048819182,0
R17D,SEYETMLTEIMSMGYEDERVVAALRASYNNPHRAVEYLLTGIPG,-2.336213711439785,0
R17E,SEYETMLTEIMSMGYEEERVVAALRASYNNPHRAVEYLLTGIPG,-1.1975315407383926,0
R17F,SEYETMLTEIMSMGYEFERVVAALRASYNNPHRAVEYLLTGIPG,-0.4274588664488314,1
R17G,SEYETMLTEIMSMGYEGERVVAALRASYNNPHRAVEYLLTGIPG,-1.9929368731926325,0
R17H,SEYETMLTEIMSMGYEHERVVAALRASYNNPHRAVEYLLTGIPG,-1.1206540057113297,0
R17I,SEYETMLTEIMSMGYEIERVVAALRASYNNPHRAVEYLLTGIPG,-0.902520052968372,0
R17K,SEYETMLTEIMSMGYEKERVVAALRASYNNPHRAVEYLLTGIPG,-0.5313670052548836,1
R17L,SEYETMLTEIMSMGYELERVVAALRASYNNPHRAVEYLLTGIPG,-0.510477475066164,1
R17M,SEYETMLTEIMSMGYEMERVVAALRASYNNPHRAVEYLLTGIPG,-0.5862381476704326,1
R17N,SEYETMLTEIMSMGYENERVVAALRASYNNPHRAVEYLLTGIPG,-1.8497124898215385,0
R17P,SEYETMLTEIMSMGYEPERVVAALRASYNNPHRAVEYLLTGIPG,-1.6597248363906845,0
R17Q,SEYETMLTEIMSMGYEQERVVAALRASYNNPHRAVEYLLTGIPG,-1.06622727327046,0
R17S,SEYETMLTEIMSMGYESERVVAALRASYNNPHRAVEYLLTGIPG,-1.6001388272323749,0
R17T,SEYETMLTEIMSMGYETERVVAALRASYNNPHRAVEYLLTGIPG,-1.7075863512265557,0
R17V,SEYETMLTEIMSMGYEVERVVAALRASYNNPHRAVEYLLTGIPG,-1.2802941969661723,0
R17W,SEYETMLTEIMSMGYEWERVVAALRASYNNPHRAVEYLLTGIPG,-0.6837870783538058,1
R17Y,SEYETMLTEIMSMGYEYERVVAALRASYNNPHRAVEYLLTGIPG,-0.1075922088069405,1
R19A,SEYETMLTEIMSMGYEREAVVAALRASYNNPHRAVEYLLTGIPG,0.4269283356510978,1
R19C,SEYETMLTEIMSMGYERECVVAALRASYNNPHRAVEYLLTGIPG,-0.0225943820330343,1
R19D,SEYETMLTEIMSMGYEREDVVAALRASYNNPHRAVEYLLTGIPG,0.0967924297936062,1
R19E,SEYETMLTEIMSMGYEREEVVAALRASYNNPHRAVEYLLTGIPG,0.0739025243409652,1
R19F,SEYETMLTEIMSMGYEREFVVAALRASYNNPHRAVEYLLTGIPG,-0.4692494447835322,1
R19G,SEYETMLTEIMSMGYEREGVVAALRASYNNPHRAVEYLLTGIPG,-1.494020274362593,0
R19H,SEYETMLTEIMSMGYEREHVVAALRASYNNPHRAVEYLLTGIPG,-0.1348766682042548,1
R19I,SEYETMLTEIMSMGYEREIVVAALRASYNNPHRAVEYLLTGIPG,-0.1018396940556325,1
R19K,SEYETMLTEIMSMGYEREKVVAALRASYNNPHRAVEYLLTGIPG,-0.1348188619504724,1
R19L,SEYETMLTEIMSMGYERELVVAALRASYNNPHRAVEYLLTGIPG,0.2246171684894493,1
R19M,SEYETMLTEIMSMGYEREMVVAALRASYNNPHRAVEYLLTGIPG,0.2211590321248779,1
R19N,SEYETMLTEIMSMGYERENVVAALRASYNNPHRAVEYLLTGIPG,-0.5237772883516847,1
R19P,SEYETMLTEIMSMGYEREPVVAALRASYNNPHRAVEYLLTGIPG,-1.168218874411835,0
R19Q,SEYETMLTEIMSMGYEREQVVAALRASYNNPHRAVEYLLTGIPG,0.2852937595371911,1
R19S,SEYETMLTEIMSMGYERESVVAALRASYNNPHRAVEYLLTGIPG,-0.1881303656840538,1
R19T,SEYETMLTEIMSMGYERETVVAALRASYNNPHRAVEYLLTGIPG,-0.3336950537375798,1
R19V,SEYETMLTEIMSMGYEREVVVAALRASYNNPHRAVEYLLTGIPG,-0.0611548681178839,1
R19W,SEYETMLTEIMSMGYEREWVVAALRASYNNPHRAVEYLLTGIPG,-0.4249172754913184,1
R19Y,SEYETMLTEIMSMGYEREYVVAALRASYNNPHRAVEYLLTGIPG,-0.4888556316846237,1
R25A,SEYETMLTEIMSMGYERERVVAALAASYNNPHRAVEYLLTGIPG,0.0967169792420641,1
R25C,SEYETMLTEIMSMGYERERVVAALCASYNNPHRAVEYLLTGIPG,-0.2143632686995604,1
R25D,SEYETMLTEIMSMGYERERVVAALDASYNNPHRAVEYLLTGIPG,-0.7949749932022794,0
R25E,SEYETMLTEIMSMGYERERVVAALEASYNNPHRAVEYLLTGIPG,-0.2641907721892553,1
R25F,SEYETMLTEIMSMGYERERVVAALFASYNNPHRAVEYLLTGIPG,-0.5518545104981945,1
R25G,SEYETMLTEIMSMGYERERVVAALGASYNNPHRAVEYLLTGIPG,-1.0499773857873451,0
R25H,SEYETMLTEIMSMGYERERVVAALHASYNNPHRAVEYLLTGIPG,-0.3602456317095575,1
R25I,SEYETMLTEIMSMGYERERVVAALIASYNNPHRAVEYLLTGIPG,-0.2785184945587682,1
R25K,SEYETMLTEIMSMGYERERVVAALKASYNNPHRAVEYLLTGIPG,0.1365372304603873,1
R25L,SEYETMLTEIMSMGYERERVVAALLASYNNPHRAVEYLLTGIPG,-0.0274172223625885,1
R25M,SEYETMLTEIMSMGYERERVVAALMASYNNPHRAVEYLLTGIPG,-0.3316080360014046,1
R25N,SEYETMLTEIMSMGYERERVVAALNASYNNPHRAVEYLLTGIPG,-0.3948681048788094,1
R25P,SEYETMLTEIMSMGYERERVVAALPASYNNPHRAVEYLLTGIPG,-3.8932966421716384,0
R25Q,SEYETMLTEIMSMGYERERVVAALQASYNNPHRAVEYLLTGIPG,-0.2361598740763315,1
R25S,SEYETMLTEIMSMGYERERVVAALSASYNNPHRAVEYLLTGIPG,-0.5626710588758899,1
R25T,SEYETMLTEIMSMGYERERVVAALTASYNNPHRAVEYLLTGIPG,-0.6532419290190186,1
R25V,SEYETMLTEIMSMGYERERVVAALVASYNNPHRAVEYLLTGIPG,-0.5279949763136358,1
R25W,SEYETMLTEIMSMGYERERVVAALWASYNNPHRAVEYLLTGIPG,-0.7619987521932328,0
R25Y,SEYETMLTEIMSMGYERERVVAALYASYNNPHRAVEYLLTGIPG,-0.5565526252677646,1
R33A,SEYETMLTEIMSMGYERERVVAALRASYNNPHAAVEYLLTGIPG,-0.26224168302117845,1
R33C,SEYETMLTEIMSMGYERERVVAALRASYNNPHCAVEYLLTGIPG,-0.2277129372648461,1
R33D,SEYETMLTEIMSMGYERERVVAALRASYNNPHDAVEYLLTGIPG,-0.5243833842747159,1
R33E,SEYETMLTEIMSMGYERERVVAALRASYNNPHEAVEYLLTGIPG,-0.5511464386331115,1
R33F,SEYETMLTEIMSMGYERERVVAALRASYNNPHFAVEYLLTGIPG,-0.5579003909914424,1
R33G,SEYETMLTEIMSMGYERERVVAALRASYNNPHGAVEYLLTGIPG,-0.8944265339170885,0
R33H,SEYETMLTEIMSMGYERERVVAALRASYNNPHHAVEYLLTGIPG,-0.6631020239347829,1
R33I,SEYETMLTEIMSMGYERERVVAALRASYNNPHIAVEYLLTGIPG,0.4889702569375969,1
R33K,SEYETMLTEIMSMGYERERVVAALRASYNNPHKAVEYLLTGIPG,0.484505758395404,1
R33L,SEYETMLTEIMSMGYERERVVAALRASYNNPHLAVEYLLTGIPG,1.1829040305256662,1
R33M,SEYETMLTEIMSMGYERERVVAALRASYNNPHMAVEYLLTGIPG,0.3492535353788784,1
R33N,SEYETMLTEIMSMGYERERVVAALRASYNNPHNAVEYLLTGIPG,-0.7604546453102263,0
R33P,SEYETMLTEIMSMGYERERVVAALRASYNNPHPAVEYLLTGIPG,-2.25966309972604,0
R33Q,SEYETMLTEIMSMGYERERVVAALRASYNNPHQAVEYLLTGIPG,0.0041069591855111,1
R33S,SEYETMLTEIMSMGYERERVVAALRASYNNPHSAVEYLLTGIPG,-0.8811317193850006,0
R33T,SEYETMLTEIMSMGYERERVVAALRASYNNPHTAVEYLLTGIPG,-0.16543832177989554,1
R33V,SEYETMLTEIMSMGYERERVVAALRASYNNPHVAVEYLLTGIPG,0.4136639492370202,1
R33W,SEYETMLTEIMSMGYERERVVAALRASYNNPHWAVEYLLTGIPG,-0.13997928958033995,1
R33Y,SEYETMLTEIMSMGYERERVVAALRASYNNPHYAVEYLLTGIPG,-0.5755124087054311,1
S12A,SEYETMLTEIMAMGYERERVVAALRASYNNPHRAVEYLLTGIPG,0.3746950212401376,1
S12C,SEYETMLTEIMCMGYERERVVAALRASYNNPHRAVEYLLTGIPG,-0.6956737064866196,1
S12D,SEYETMLTEIMDMGYERERVVAALRASYNNPHRAVEYLLTGIPG,-0.5762504608831014,1
S12E,SEYETMLTEIMEMGYERERVVAALRASYNNPHRAVEYLLTGIPG,-0.4411762087299724,1
S12F,SEYETMLTEIMFMGYERERVVAALRASYNNPHRAVEYLLTGIPG,-0.9370579880128758,0
S12G,SEYETMLTEIMGMGYERERVVAALRASYNNPHRAVEYLLTGIPG,-0.2113155373642019,1
S12H,SEYETMLTEIMHMGYERERVVAALRASYNNPHRAVEYLLTGIPG,-0.6083441823511198,1
S12I,SEYETMLTEIMIMGYERERVVAALRASYNNPHRAVEYLLTGIPG,-0.8317707024059597,0
S12K,SEYETMLTEIMKMGYERERVVAALRASYNNPHRAVEYLLTGIPG,0.0736284980707484,1
S12L,SEYETMLTEIMLMGYERERVVAALRASYNNPHRAVEYLLTGIPG,-0.0870441697721142,1
S12M,SEYETMLTEIMMMGYERERVVAALRASYNNPHRAVEYLLTGIPG,-0.0821979759123583,1
S12N,SEYETMLTEIMNMGYERERVVAALRASYNNPHRAVEYLLTGIPG,0.0194446758780859,1
S12P,SEYETMLTEIMPMGYERERVVAALRASYNNPHRAVEYLLTGIPG,-2.9598286498834403,0
S12Q,SEYETMLTEIMQMGYERERVVAALRASYNNPHRAVEYLLTGIPG,-0.1384687596159719,1
S12R,SEYETMLTEIMRMGYERERVVAALRASYNNPHRAVEYLLTGIPG,-0.0919501283058954,1
S12T,SEYETMLTEIMTMGYERERVVAALRASYNNPHRAVEYLLTGIPG,-0.6863119764196339,1
S12V,SEYETMLTEIMVMGYERERVVAALRASYNNPHRAVEYLLTGIPG,-0.9295137320450227,0
S12W,SEYETMLTEIMWMGYERERVVAALRASYNNPHRAVEYLLTGIPG,-1.0328160646898925,0
S12Y,SEYETMLTEIMYMGYERERVVAALRASYNNPHRAVEYLLTGIPG,-0.8989908040432102,0
S1A,AEYETMLTEIMSMGYERERVVAALRASYNNPHRAVEYLLTGIPG,-0.0075298554087317,1
S1D,DEYETMLTEIMSMGYERERVVAALRASYNNPHRAVEYLLTGIPG,0.064311605778033,1
S1E,EEYETMLTEIMSMGYERERVVAALRASYNNPHRAVEYLLTGIPG,-0.0573846258018044,1
S1F,FEYETMLTEIMSMGYERERVVAALRASYNNPHRAVEYLLTGIPG,-0.1217042624414697,1
S1G,GEYETMLTEIMSMGYERERVVAALRASYNNPHRAVEYLLTGIPG,-0.2339751253569799,1
S1H,HEYETMLTEIMSMGYERERVVAALRASYNNPHRAVEYLLTGIPG,-0.1434549253200385,1
S1I,IEYETMLTEIMSMGYERERVVAALRASYNNPHRAVEYLLTGIPG,0.0344237717305295,1
S1K,KEYETMLTEIMSMGYERERVVAALRASYNNPHRAVEYLLTGIPG,-0.0524184497532447,1
S1L,LEYETMLTEIMSMGYERERVVAALRASYNNPHRAVEYLLTGIPG,0.0397953131001589,1
S1M,MEYETMLTEIMSMGYERERVVAALRASYNNPHRAVEYLLTGIPG,-0.0041881230278422,1
S1N,NEYETMLTEIMSMGYERERVVAALRASYNNPHRAVEYLLTGIPG,-0.0928872480641733,1
S1P,PEYETMLTEIMSMGYERERVVAALRASYNNPHRAVEYLLTGIPG,-0.0717168198546591,1
S1Q,QEYETMLTEIMSMGYERERVVAALRASYNNPHRAVEYLLTGIPG,0.0086102415721023,1
S1R,REYETMLTEIMSMGYERERVVAALRASYNNPHRAVEYLLTGIPG,-0.1484952471855165,1
S1T,TEYETMLTEIMSMGYERERVVAALRASYNNPHRAVEYLLTGIPG,0.0863101918875077,1
S1V,VEYETMLTEIMSMGYERERVVAALRASYNNPHRAVEYLLTGIPG,-0.0253445472710227,1
S1W,WEYETMLTEIMSMGYERERVVAALRASYNNPHRAVEYLLTGIPG,0.0343009571486336,1
S1Y,YEYETMLTEIMSMGYERERVVAALRASYNNPHRAVEYLLTGIPG,-0.1093151044251663,1
S27A,SEYETMLTEIMSMGYERERVVAALRAAYNNPHRAVEYLLTGIPG,0.5338361154024152,1
S27A:R33A,SEYETMLTEIMSMGYERERVVAALRAAYNNPHAAVEYLLTGIPG,0.1266010960028865,1
S27A:R33E,SEYETMLTEIMSMGYERERVVAALRAAYNNPHEAVEYLLTGIPG,-0.1610365363443042,1
S27A:R33F,SEYETMLTEIMSMGYERERVVAALRAAYNNPHFAVEYLLTGIPG,0.0938871715749245,1
S27A:R33I,SEYETMLTEIMSMGYERERVVAALRAAYNNPHIAVEYLLTGIPG,0.6996510406920224,1
S27A:R33K,SEYETMLTEIMSMGYERERVVAALRAAYNNPHKAVEYLLTGIPG,0.9622435683279368,1
S27A:R33N,SEYETMLTEIMSMGYERERVVAALRAAYNNPHNAVEYLLTGIPG,-0.4014061906951367,1
S27A:R33Q,SEYETMLTEIMSMGYERERVVAALRAAYNNPHQAVEYLLTGIPG,0.4221992077128531,1
S27A:R33V,SEYETMLTEIMSMGYERERVVAALRAAYNNPHVAVEYLLTGIPG,0.6803201470791618,1
S27C,SEYETMLTEIMSMGYERERVVAALRACYNNPHRAVEYLLTGIPG,-0.1111339227145156,1
S27C:R33A,SEYETMLTEIMSMGYERERVVAALRACYNNPHAAVEYLLTGIPG,0.2943320965154399,1
S27C:R33C,SEYETMLTEIMSMGYERERVVAALRACYNNPHCAVEYLLTGIPG,0.9959398548200368,1
S27C:R33D,SEYETMLTEIMSMGYERERVVAALRACYNNPHDAVEYLLTGIPG,-0.1733936211063298,1
S27C:R33F,SEYETMLTEIMSMGYERERVVAALRACYNNPHFAVEYLLTGIPG,-0.1762311376375533,1
S27C:R33G,SEYETMLTEIMSMGYERERVVAALRACYNNPHGAVEYLLTGIPG,-0.911110670783332,0
S27C:R33I,SEYETMLTEIMSMGYERERVVAALRACYNNPHIAVEYLLTGIPG,-0.3790367459864607,1
S27C:R33L,SEYETMLTEIMSMGYERERVVAALRACYNNPHLAVEYLLTGIPG,0.261343883889205,1
S27C:R33P,SEYETMLTEIMSMGYERERVVAALRACYNNPHPAVEYLLTGIPG,-0.9898039311760298,0
S27C:R33Q,SEYETMLTEIMSMGYERERVVAALRACYNNPHQAVEYLLTGIPG,-0.0446812911177882,1
S27C:R33S,SEYETMLTEIMSMGYERERVVAALRACYNNPHSAVEYLLTGIPG,-0.4588377583493708,1
S27C:R33T,SEYETMLTEIMSMGYERERVVAALRACYNNPHTAVEYLLTGIPG,-0.7257909296829355,1
S27C:R33W,SEYETMLTEIMSMGYERERVVAALRACYNNPHWAVEYLLTGIPG,0.276407304646356,1
S27C:R33Y,SEYETMLTEIMSMGYERERVVAALRACYNNPHYAVEYLLTGIPG,0.0216333090367584,1
S27D,SEYETMLTEIMSMGYERERVVAALRADYNNPHRAVEYLLTGIPG,-2.7912432780794907,0
S27D:R33F,SEYETMLTEIMSMGYERERVVAALRADYNNPHFAVEYLLTGIPG,-2.273259111618805,0
S27D:R33H,SEYETMLTEIMSMGYERERVVAALRADYNNPHHAVEYLLTGIPG,-2.679539342801379,0
S27D:R33I,SEYETMLTEIMSMGYERERVVAALRADYNNPHIAVEYLLTGIPG,-3.241998907266692,0
S27D:R33L,SEYETMLTEIMSMGYERERVVAALRADYNNPHLAVEYLLTGIPG,-2.7815290391543708,0
S27D:R33M,SEYETMLTEIMSMGYERERVVAALRADYNNPHMAVEYLLTGIPG,-3.0298252853338195,0
S27D:R33P,SEYETMLTEIMSMGYERERVVAALRADYNNPHPAVEYLLTGIPG,-3.983759030796264,0
S27D:R33S,SEYETMLTEIMSMGYERERVVAALRADYNNPHSAVEYLLTGIPG,-3.021145931335979,0
S27D:R33T,SEYETMLTEIMSMGYERERVVAALRADYNNPHTAVEYLLTGIPG,-3.297332342916619,0
S27D:R33W,SEYETMLTEIMSMGYERERVVAALRADYNNPHWAVEYLLTGIPG,-2.5802910610505085,0
S27E,SEYETMLTEIMSMGYERERVVAALRAEYNNPHRAVEYLLTGIPG,-1.6255640674931042,0
S27E:R33A,SEYETMLTEIMSMGYERERVVAALRAEYNNPHAAVEYLLTGIPG,-1.598626741001952,0
S27E:R33E,SEYETMLTEIMSMGYERERVVAALRAEYNNPHEAVEYLLTGIPG,-2.840134991965229,0
S27E:R33F,SEYETMLTEIMSMGYERERVVAALRAEYNNPHFAVEYLLTGIPG,-2.169810624671242,0
S27E:R33G,SEYETMLTEIMSMGYERERVVAALRAEYNNPHGAVEYLLTGIPG,-2.100987886362488,0
S27E:R33H,SEYETMLTEIMSMGYERERVVAALRAEYNNPHHAVEYLLTGIPG,-2.0694471991636343,0
S27E:R33K,SEYETMLTEIMSMGYERERVVAALRAEYNNPHKAVEYLLTGIPG,-1.7111180118050326,0
S27E:R33L,SEYETMLTEIMSMGYERERVVAALRAEYNNPHLAVEYLLTGIPG,-2.024423655281055,0
S27E:R33M,SEYETMLTEIMSMGYERERVVAALRAEYNNPHMAVEYLLTGIPG,-1.7649843006949246,0
S27E:R33N,SEYETMLTEIMSMGYERERVVAALRAEYNNPHNAVEYLLTGIPG,-2.1059154446182635,0
S27E:R33Q,SEYETMLTEIMSMGYERERVVAALRAEYNNPHQAVEYLLTGIPG,-2.325719131294472,0
S27E:R33S,SEYETMLTEIMSMGYERERVVAALRAEYNNPHSAVEYLLTGIPG,-2.281107052549902,0
S27E:R33V,SEYETMLTEIMSMGYERERVVAALRAEYNNPHVAVEYLLTGIPG,-2.846043356023424,0
S27E:R33Y,SEYETMLTEIMSMGYERERVVAALRAEYNNPHYAVEYLLTGIPG,-2.12997257965491,0
S27F,SEYETMLTEIMSMGYERERVVAALRAFYNNPHRAVEYLLTGIPG,-0.5934698248899992,1
S27F:R33A,SEYETMLTEIMSMGYERERVVAALRAFYNNPHAAVEYLLTGIPG,-0.0159210041033861,1
S27F:R33D,SEYETMLTEIMSMGYERERVVAALRAFYNNPHDAVEYLLTGIPG,-0.4610908226495898,1
S27F:R33E,SEYETMLTEIMSMGYERERVVAALRAFYNNPHEAVEYLLTGIPG,-0.4773212205278647,1
S27F:R33H,SEYETMLTEIMSMGYERERVVAALRAFYNNPHHAVEYLLTGIPG,-0.4511976404682327,1
S27F:R33I,SEYETMLTEIMSMGYERERVVAALRAFYNNPHIAVEYLLTGIPG,-0.8611604761046143,0
S27F:R33K,SEYETMLTEIMSMGYERERVVAALRAFYNNPHKAVEYLLTGIPG,-0.1320955118099775,1
S27F:R33L,SEYETMLTEIMSMGYERERVVAALRAFYNNPHLAVEYLLTGIPG,0.4109906488521182,1
S27F:R33M,SEYETMLTEIMSMGYERERVVAALRAFYNNPHMAVEYLLTGIPG,-0.1530501857007835,1
S27F:R33N,SEYETMLTEIMSMGYERERVVAALRAFYNNPHNAVEYLLTGIPG,-0.5048763439525406,1
S27F:R33P,SEYETMLTEIMSMGYERERVVAALRAFYNNPHPAVEYLLTGIPG,-1.6672279265170338,0
S27F:R33Q,SEYETMLTEIMSMGYERERVVAALRAFYNNPHQAVEYLLTGIPG,-0.5052757965248325,1
S27F:R33S,SEYETMLTEIMSMGYERERVVAALRAFYNNPHSAVEYLLTGIPG,-0.7275903953288498,1
S27F:R33T,SEYETMLTEIMSMGYERERVVAALRAFYNNPHTAVEYLLTGIPG,-0.9281309591159048,0
S27F:R33V,SEYETMLTEIMSMGYERERVVAALRAFYNNPHVAVEYLLTGIPG,-0.6360463062729957,1
S27F:R33W,SEYETMLTEIMSMGYERERVVAALRAFYNNPHWAVEYLLTGIPG,-0.4249542700828583,1
S27F:R33Y,SEYETMLTEIMSMGYERERVVAALRAFYNNPHYAVEYLLTGIPG,-0.6160677806159103,1
S27G,SEYETMLTEIMSMGYERERVVAALRAGYNNPHRAVEYLLTGIPG,-0.6807962398714487,1
S27G:R33A,SEYETMLTEIMSMGYERERVVAALRAGYNNPHAAVEYLLTGIPG,-0.7236638920939926,1
S27G:R33E,SEYETMLTEIMSMGYERERVVAALRAGYNNPHEAVEYLLTGIPG,-1.331569474366396,0
S27G:R33F,SEYETMLTEIMSMGYERERVVAALRAGYNNPHFAVEYLLTGIPG,-1.0986661569355505,0
S27G:R33G,SEYETMLTEIMSMGYERERVVAALRAGYNNPHGAVEYLLTGIPG,-2.053600315269241,0
S27G:R33H,SEYETMLTEIMSMGYERERVVAALRAGYNNPHHAVEYLLTGIPG,-1.1362138246328346,0
S27G:R33I,SEYETMLTEIMSMGYERERVVAALRAGYNNPHIAVEYLLTGIPG,-0.5497413081271363,1
S27G:R33K,SEYETMLTEIMSMGYERERVVAALRAGYNNPHKAVEYLLTGIPG,-0.674494676659072,1
S27G:R33N,SEYETMLTEIMSMGYERERVVAALRAGYNNPHNAVEYLLTGIPG,-1.2680529496916686,0
S27G:R33P,SEYETMLTEIMSMGYERERVVAALRAGYNNPHPAVEYLLTGIPG,-2.518320994510572,0
S27G:R33S,SEYETMLTEIMSMGYERERVVAALRAGYNNPHSAVEYLLTGIPG,-1.057976139036394,0
S27G:R33V,SEYETMLTEIMSMGYERERVVAALRAGYNNPHVAVEYLLTGIPG,-0.6018114510844663,1
S27G:R33Y,SEYETMLTEIMSMGYERERVVAALRAGYNNPHYAVEYLLTGIPG,-1.7612564508998036,0
S27H,SEYETMLTEIMSMGYERERVVAALRAHYNNPHRAVEYLLTGIPG,-0.8704672908555748,0
S27H:R33C,SEYETMLTEIMSMGYERERVVAALRAHYNNPHCAVEYLLTGIPG,-0.8284289823440973,0
S27H:R33D,SEYETMLTEIMSMGYERERVVAALRAHYNNPHDAVEYLLTGIPG,-0.9671408642294184,0
S27H:R33E,SEYETMLTEIMSMGYERERVVAALRAHYNNPHEAVEYLLTGIPG,-1.2115498051843443,0
S27H:R33F,SEYETMLTEIMSMGYERERVVAALRAHYNNPHFAVEYLLTGIPG,-1.3370889688259475,0
S27H:R33G,SEYETMLTEIMSMGYERERVVAALRAHYNNPHGAVEYLLTGIPG,-1.9670909569503037,0
S27H:R33H,SEYETMLTEIMSMGYERERVVAALRAHYNNPHHAVEYLLTGIPG,-1.087019375961736,0
S27H:R33K,SEYETMLTEIMSMGYERERVVAALRAHYNNPHKAVEYLLTGIPG,-0.5936023677062408,1
S27H:R33M,SEYETMLTEIMSMGYERERVVAALRAHYNNPHMAVEYLLTGIPG,-0.488410799362919,1
S27H:R33N,SEYETMLTEIMSMGYERERVVAALRAHYNNPHNAVEYLLTGIPG,-1.3694027078203777,0
S27H:R33P,SEYETMLTEIMSMGYERERVVAALRAHYNNPHPAVEYLLTGIPG,-1.801574193966409,0
S27H:R33Q,SEYETMLTEIMSMGYERERVVAALRAHYNNPHQAVEYLLTGIPG,-0.6830520349612952,1
S27H:R33T,SEYETMLTEIMSMGYERERVVAALRAHYNNPHTAVEYLLTGIPG,-1.3395068452844183,0
S27H:R33W,SEYETMLTEIMSMGYERERVVAALRAHYNNPHWAVEYLLTGIPG,-1.0167019823972394,0
S27H:R33Y,SEYETMLTEIMSMGYERERVVAALRAHYNNPHYAVEYLLTGIPG,-1.254443286455315,0
S27I,SEYETMLTEIMSMGYERERVVAALRAIYNNPHRAVEYLLTGIPG,-1.5901962679009056,0
S27I:R33A,SEYETMLTEIMSMGYERERVVAALRAIYNNPHAAVEYLLTGIPG,-1.6467697417650573,0
S27I:R33F,SEYETMLTEIMSMGYERERVVAALRAIYNNPHFAVEYLLTGIPG,-0.8345431183773906,0
S27I:R33H,SEYETMLTEIMSMGYERERVVAALRAIYNNPHHAVEYLLTGIPG,-1.4415781460157773,0
S27I:R33K,SEYETMLTEIMSMGYERERVVAALRAIYNNPHKAVEYLLTGIPG,-2.223422900439833,0
S27I:R33L,SEYETMLTEIMSMGYERERVVAALRAIYNNPHLAVEYLLTGIPG,-1.4586382137094822,0
S27I:R33N,SEYETMLTEIMSMGYERERVVAALRAIYNNPHNAVEYLLTGIPG,-1.8235690800834816,0
S27I:R33S,SEYETMLTEIMSMGYERERVVAALRAIYNNPHSAVEYLLTGIPG,-1.4540408953056017,0
S27I:R33T,SEYETMLTEIMSMGYERERVVAALRAIYNNPHTAVEYLLTGIPG,-2.811964910284869,0
S27I:R33W,SEYETMLTEIMSMGYERERVVAALRAIYNNPHWAVEYLLTGIPG,-1.13912839477367,0
S27I:R33Y,SEYETMLTEIMSMGYERERVVAALRAIYNNPHYAVEYLLTGIPG,-1.0397868294108026,0
S27K,SEYETMLTEIMSMGYERERVVAALRAKYNNPHRAVEYLLTGIPG,-2.0916756536137795,0
S27K:R33A,SEYETMLTEIMSMGYERERVVAALRAKYNNPHAAVEYLLTGIPG,-1.3538018296820669,0
S27K:R33C,SEYETMLTEIMSMGYERERVVAALRAKYNNPHCAVEYLLTGIPG,-1.6158276421151003,0
S27K:R33D,SEYETMLTEIMSMGYERERVVAALRAKYNNPHDAVEYLLTGIPG,-1.657621372351333,0
S27K:R33F,SEYETMLTEIMSMGYERERVVAALRAKYNNPHFAVEYLLTGIPG,-1.7074696378765235,0
S27K:R33G,SEYETMLTEIMSMGYERERVVAALRAKYNNPHGAVEYLLTGIPG,-1.9602048942075907,0
S27K:R33K,SEYETMLTEIMSMGYERERVVAALRAKYNNPHKAVEYLLTGIPG,-1.7340003443366638,0
S27K:R33L,SEYETMLTEIMSMGYERERVVAALRAKYNNPHLAVEYLLTGIPG,-1.0517094356596923,0
S27K:R33M,SEYETMLTEIMSMGYERERVVAALRAKYNNPHMAVEYLLTGIPG,-1.4823494529387118,0
S27K:R33N,SEYETMLTEIMSMGYERERVVAALRAKYNNPHNAVEYLLTGIPG,-2.3322035204097933,0
S27K:R33T,SEYETMLTEIMSMGYERERVVAALRAKYNNPHTAVEYLLTGIPG,-2.057629194450052,0
S27K:R33V,SEYETMLTEIMSMGYERERVVAALRAKYNNPHVAVEYLLTGIPG,-2.3390762155812057,0
S27K:R33W,SEYETMLTEIMSMGYERERVVAALRAKYNNPHWAVEYLLTGIPG,-1.463553439010687,0
S27L,SEYETMLTEIMSMGYERERVVAALRALYNNPHRAVEYLLTGIPG,-1.3451238704140647,0
S27L:R33A,SEYETMLTEIMSMGYERERVVAALRALYNNPHAAVEYLLTGIPG,-1.1854424938936297,0
S27L:R33D,SEYETMLTEIMSMGYERERVVAALRALYNNPHDAVEYLLTGIPG,-0.8485275279251159,0
S27L:R33F,SEYETMLTEIMSMGYERERVVAALRALYNNPHFAVEYLLTGIPG,-1.1902481729304086,0
S27L:R33G,SEYETMLTEIMSMGYERERVVAALRALYNNPHGAVEYLLTGIPG,-1.5694360442360928,0
S27L:R33K,SEYETMLTEIMSMGYERERVVAALRALYNNPHKAVEYLLTGIPG,-1.1992507196342697,0
S27L:R33L,SEYETMLTEIMSMGYERERVVAALRALYNNPHLAVEYLLTGIPG,-0.6968460481325622,1
S27L:R33P,SEYETMLTEIMSMGYERERVVAALRALYNNPHPAVEYLLTGIPG,-1.598399117844688,0
S27L:R33Q,SEYETMLTEIMSMGYERERVVAALRALYNNPHQAVEYLLTGIPG,-1.322756632638138,0
S27L:R33S,SEYETMLTEIMSMGYERERVVAALRALYNNPHSAVEYLLTGIPG,-1.485538544262838,0
S27L:R33T,SEYETMLTEIMSMGYERERVVAALRALYNNPHTAVEYLLTGIPG,-1.4866795128877632,0
S27L:R33Y,SEYETMLTEIMSMGYERERVVAALRALYNNPHYAVEYLLTGIPG,-1.673904967187484,0
S27M,SEYETMLTEIMSMGYERERVVAALRAMYNNPHRAVEYLLTGIPG,-0.8473168101627895,0
S27M:R33C,SEYETMLTEIMSMGYERERVVAALRAMYNNPHCAVEYLLTGIPG,-0.1717861124206527,1
S27M:R33F,SEYETMLTEIMSMGYERERVVAALRAMYNNPHFAVEYLLTGIPG,-0.7434342949890698,0
S27M:R33G,SEYETMLTEIMSMGYERERVVAALRAMYNNPHGAVEYLLTGIPG,-1.2180960758525066,0
S27M:R33M,SEYETMLTEIMSMGYERERVVAALRAMYNNPHMAVEYLLTGIPG,-0.4665014774468066,1
S27M:R33N,SEYETMLTEIMSMGYERERVVAALRAMYNNPHNAVEYLLTGIPG,-1.220804119362295,0
S27M:R33Q,SEYETMLTEIMSMGYERERVVAALRAMYNNPHQAVEYLLTGIPG,-0.894164649565016,0
S27M:R33S,SEYETMLTEIMSMGYERERVVAALRAMYNNPHSAVEYLLTGIPG,-1.0634812092036363,0
S27M:R33T,SEYETMLTEIMSMGYERERVVAALRAMYNNPHTAVEYLLTGIPG,-1.371271602279356,0
S27M:R33V,SEYETMLTEIMSMGYERERVVAALRAMYNNPHVAVEYLLTGIPG,-1.1283375987712638,0
S27M:R33W,SEYETMLTEIMSMGYERERVVAALRAMYNNPHWAVEYLLTGIPG,-0.4920423886915244,1
S27M:R33Y,SEYETMLTEIMSMGYERERVVAALRAMYNNPHYAVEYLLTGIPG,-1.3826582010721258,0
S27N,SEYETMLTEIMSMGYERERVVAALRANYNNPHRAVEYLLTGIPG,-0.8576172256049523,0
S27N:R33A,SEYETMLTEIMSMGYERERVVAALRANYNNPHAAVEYLLTGIPG,-0.2840712217486127,1
S27N:R33D,SEYETMLTEIMSMGYERERVVAALRANYNNPHDAVEYLLTGIPG,-0.721153028764487,1
S27N:R33E,SEYETMLTEIMSMGYERERVVAALRANYNNPHEAVEYLLTGIPG,-0.9339123839934098,0
S27N:R33F,SEYETMLTEIMSMGYERERVVAALRANYNNPHFAVEYLLTGIPG,-0.9461320384223364,0
S27N:R33I,SEYETMLTEIMSMGYERERVVAALRANYNNPHIAVEYLLTGIPG,-1.3666250452673534,0
S27N:R33K,SEYETMLTEIMSMGYERERVVAALRANYNNPHKAVEYLLTGIPG,-0.4063788546005584,1
S27N:R33L,SEYETMLTEIMSMGYERERVVAALRANYNNPHLAVEYLLTGIPG,0.0605223071817633,1
S27N:R33P,SEYETMLTEIMSMGYERERVVAALRANYNNPHPAVEYLLTGIPG,-3.8638837268971447,0
S27N:R33Q,SEYETMLTEIMSMGYERERVVAALRANYNNPHQAVEYLLTGIPG,-0.5201966377495717,1
S27N:R33S,SEYETMLTEIMSMGYERERVVAALRANYNNPHSAVEYLLTGIPG,-0.9549560574973136,0
S27N:R33V,SEYETMLTEIMSMGYERERVVAALRANYNNPHVAVEYLLTGIPG,-1.1695786825466885,0
S27N:R33W,SEYETMLTEIMSMGYERERVVAALRANYNNPHWAVEYLLTGIPG,-0.1602987954189347,1
S27N:R33Y,SEYETMLTEIMSMGYERERVVAALRANYNNPHYAVEYLLTGIPG,-0.7980041955983008,0
S27P,SEYETMLTEIMSMGYERERVVAALRAPYNNPHRAVEYLLTGIPG,-3.3980477446238933,0
S27P:R33D,SEYETMLTEIMSMGYERERVVAALRAPYNNPHDAVEYLLTGIPG,-2.8115450362864944,0
S27P:R33G,SEYETMLTEIMSMGYERERVVAALRAPYNNPHGAVEYLLTGIPG,-3.210259268971746,0
S27P:R33M,SEYETMLTEIMSMGYERERVVAALRAPYNNPHMAVEYLLTGIPG,-4.008307683340791,0
S27P:R33N,SEYETMLTEIMSMGYERERVVAALRAPYNNPHNAVEYLLTGIPG,-3.1619617531208952,0
S27P:R33P,SEYETMLTEIMSMGYERERVVAALRAPYNNPHPAVEYLLTGIPG,-3.645410094172553,0
S27P:R33Q,SEYETMLTEIMSMGYERERVVAALRAPYNNPHQAVEYLLTGIPG,-2.62215851904236,0
S27P:R33W,SEYETMLTEIMSMGYERERVVAALRAPYNNPHWAVEYLLTGIPG,-2.8328918295122003,0
S27Q,SEYETMLTEIMSMGYERERVVAALRAQYNNPHRAVEYLLTGIPG,-1.5655462173748926,0
S27Q:R33C,SEYETMLTEIMSMGYERERVVAALRAQYNNPHCAVEYLLTGIPG,-1.8661222999298377,0
S27Q:R33E,SEYETMLTEIMSMGYERERVVAALRAQYNNPHEAVEYLLTGIPG,-2.297698421643667,0
S27Q:R33F,SEYETMLTEIMSMGYERERVVAALRAQYNNPHFAVEYLLTGIPG,-1.6836344436595816,0
S27Q:R33H,SEYETMLTEIMSMGYERERVVAALRAQYNNPHHAVEYLLTGIPG,-1.6766055676277367,0
S27Q:R33K,SEYETMLTEIMSMGYERERVVAALRAQYNNPHKAVEYLLTGIPG,-1.4670143600349534,0
S27Q:R33L,SEYETMLTEIMSMGYERERVVAALRAQYNNPHLAVEYLLTGIPG,-1.392811544993298,0
S27Q:R33M,SEYETMLTEIMSMGYERERVVAALRAQYNNPHMAVEYLLTGIPG,-1.378491829593763,0
S27Q:R33N,SEYETMLTEIMSMGYERERVVAALRAQYNNPHNAVEYLLTGIPG,-2.1230623181612818,0
S27Q:R33Q,SEYETMLTEIMSMGYERERVVAALRAQYNNPHQAVEYLLTGIPG,-1.9623497046879528,0
S27Q:R33W,SEYETMLTEIMSMGYERERVVAALRAQYNNPHWAVEYLLTGIPG,-1.1797231577129514,0
S27Q:R33Y,SEYETMLTEIMSMGYERERVVAALRAQYNNPHYAVEYLLTGIPG,-1.9147091981031408,0
S27R,SEYETMLTEIMSMGYERERVVAALRARYNNPHRAVEYLLTGIPG,-2.1188830486813988,0
S27R:R33A,SEYETMLTEIMSMGYERERVVAALRARYNNPHAAVEYLLTGIPG,-1.2779173097523902,0
S27R:R33F,SEYETMLTEIMSMGYERERVVAALRARYNNPHFAVEYLLTGIPG,-1.855910431835768,0
S27R:R33H,SEYETMLTEIMSMGYERERVVAALRARYNNPHHAVEYLLTGIPG,-2.33401332838641,0
S27R:R33I,SEYETMLTEIMSMGYERERVVAALRARYNNPHIAVEYLLTGIPG,-2.044219849547152,0
S27R:R33K,SEYETMLTEIMSMGYERERVVAALRARYNNPHKAVEYLLTGIPG,-1.8477956822139288,0
S27R:R33L,SEYETMLTEIMSMGYERERVVAALRARYNNPHLAVEYLLTGIPG,-0.8074718193163117,0
S27R:R33N,SEYETMLTEIMSMGYERERVVAALRARYNNPHNAVEYLLTGIPG,-2.5860872921862725,0
S27R:R33P,SEYETMLTEIMSMGYERERVVAALRARYNNPHPAVEYLLTGIPG,-2.24146648348774,0
S27R:R33Q,SEYETMLTEIMSMGYERERVVAALRARYNNPHQAVEYLLTGIPG,-1.6658986801375724,0
S27R:R33S,SEYETMLTEIMSMGYERERVVAALRARYNNPHSAVEYLLTGIPG,-1.960240911401934,0
S27R:R33T,SEYETMLTEIMSMGYERERVVAALRARYNNPHTAVEYLLTGIPG,-2.1462288653493324,0
S27R:R33V,SEYETMLTEIMSMGYERERVVAALRARYNNPHVAVEYLLTGIPG,-2.321952433926432,0
S27R:R33W,SEYETMLTEIMSMGYERERVVAALRARYNNPHWAVEYLLTGIPG,-1.1326157735933526,0
S27T,SEYETMLTEIMSMGYERERVVAALRATYNNPHRAVEYLLTGIPG,-0.38850627239781166,1
S27T:R33A,SEYETMLTEIMSMGYERERVVAALRATYNNPHAAVEYLLTGIPG,0.0614707276540085,1
S27T:R33C,SEYETMLTEIMSMGYERERVVAALRATYNNPHCAVEYLLTGIPG,-0.3405012528302276,1
S27T:R33D,SEYETMLTEIMSMGYERERVVAALRATYNNPHDAVEYLLTGIPG,-0.2471917499144549,1
S27T:R33E,SEYETMLTEIMSMGYERERVVAALRATYNNPHEAVEYLLTGIPG,-0.2633953679824592,1
S27T:R33F,SEYETMLTEIMSMGYERERVVAALRATYNNPHFAVEYLLTGIPG,-0.5526257322579982,1
S27T:R33G,SEYETMLTEIMSMGYERERVVAALRATYNNPHGAVEYLLTGIPG,-1.4162859763756677,0
S27T:R33H,SEYETMLTEIMSMGYERERVVAALRATYNNPHHAVEYLLTGIPG,-0.5753271858684057,1
S27T:R33I,SEYETMLTEIMSMGYERERVVAALRATYNNPHIAVEYLLTGIPG,-0.9352641077471072,0
S27T:R33K,SEYETMLTEIMSMGYERERVVAALRATYNNPHKAVEYLLTGIPG,-0.1350399280089904,1
S27T:R33L,SEYETMLTEIMSMGYERERVVAALRATYNNPHLAVEYLLTGIPG,0.4095692443771073,1
S27T:R33M,SEYETMLTEIMSMGYERERVVAALRATYNNPHMAVEYLLTGIPG,-0.0293763143506469,1
S27T:R33N,SEYETMLTEIMSMGYERERVVAALRATYNNPHNAVEYLLTGIPG,-0.883387330805478,0
S27T:R33Q,SEYETMLTEIMSMGYERERVVAALRATYNNPHQAVEYLLTGIPG,-0.2934103318155685,1
S27T:R33S,SEYETMLTEIMSMGYERERVVAALRATYNNPHSAVEYLLTGIPG,-0.8740564811978295,0
S27T:R33T,SEYETMLTEIMSMGYERERVVAALRATYNNPHTAVEYLLTGIPG,-0.7494878985705844,0
S27V,SEYETMLTEIMSMGYERERVVAALRAVYNNPHRAVEYLLTGIPG,-0.836938841742052,0
S27V:R33A,SEYETMLTEIMSMGYERERVVAALRAVYNNPHAAVEYLLTGIPG,-0.7591392696648436,0
S27V:R33C,SEYETMLTEIMSMGYERERVVAALRAVYNNPHCAVEYLLTGIPG,-0.8500773089844476,0
S27V:R33D,SEYETMLTEIMSMGYERERVVAALRAVYNNPHDAVEYLLTGIPG,-0.9506631053555186,0
S27V:R33G,SEYETMLTEIMSMGYERERVVAALRAVYNNPHGAVEYLLTGIPG,-1.8469026886293616,0
S27V:R33I,SEYETMLTEIMSMGYERERVVAALRAVYNNPHIAVEYLLTGIPG,-1.3823500323548588,0
S27V:R33K,SEYETMLTEIMSMGYERERVVAALRAVYNNPHKAVEYLLTGIPG,-0.6609101475699348,1
S27V:R33M,SEYETMLTEIMSMGYERERVVAALRAVYNNPHMAVEYLLTGIPG,-0.7289281337289237,0
S27V:R33T,SEYETMLTEIMSMGYERERVVAALRAVYNNPHTAVEYLLTGIPG,-1.6645478935901872,0
S27V:R33W,SEYETMLTEIMSMGYERERVVAALRAVYNNPHWAVEYLLTGIPG,-0.5447708761665715,1
S27W,SEYETMLTEIMSMGYERERVVAALRAWYNNPHRAVEYLLTGIPG,-1.1192832976394822,0
S27W:R33C,SEYETMLTEIMSMGYERERVVAALRAWYNNPHCAVEYLLTGIPG,-0.7486644521710777,0
S27W:R33D,SEYETMLTEIMSMGYERERVVAALRAWYNNPHDAVEYLLTGIPG,-0.5899650870360005,1
S27W:R33F,SEYETMLTEIMSMGYERERVVAALRAWYNNPHFAVEYLLTGIPG,-0.933391788572668,0
S27W:R33H,SEYETMLTEIMSMGYERERVVAALRAWYNNPHHAVEYLLTGIPG,-0.9924812164021796,0
S27W:R33I,SEYETMLTEIMSMGYERERVVAALRAWYNNPHIAVEYLLTGIPG,-0.6255284287575131,1
S27W:R33K,SEYETMLTEIMSMGYERERVVAALRAWYNNPHKAVEYLLTGIPG,-0.4724001265773423,1
S27W:R33L,SEYETMLTEIMSMGYERERVVAALRAWYNNPHLAVEYLLTGIPG,-0.2012374610886942,1
S27W:R33M,SEYETMLTEIMSMGYERERVVAALRAWYNNPHMAVEYLLTGIPG,-0.5983392830432823,1
S27W:R33N,SEYETMLTEIMSMGYERERVVAALRAWYNNPHNAVEYLLTGIPG,-1.4895603779888686,0
S27W:R33P,SEYETMLTEIMSMGYERERVVAALRAWYNNPHPAVEYLLTGIPG,-1.6844664169560746,0
S27W:R33V,SEYETMLTEIMSMGYERERVVAALRAWYNNPHVAVEYLLTGIPG,-0.6683576323136218,1
S27W:R33Y,SEYETMLTEIMSMGYERERVVAALRAWYNNPHYAVEYLLTGIPG,-0.6025353715229045,1
S27Y,SEYETMLTEIMSMGYERERVVAALRAYYNNPHRAVEYLLTGIPG,-0.8342205094936079,0
S27Y:R33A,SEYETMLTEIMSMGYERERVVAALRAYYNNPHAAVEYLLTGIPG,-0.4497731733177685,1
S27Y:R33D,SEYETMLTEIMSMGYERERVVAALRAYYNNPHDAVEYLLTGIPG,-0.9106859732455952,0
S27Y:R33E,SEYETMLTEIMSMGYERERVVAALRAYYNNPHEAVEYLLTGIPG,-1.0641435662092125,0
S27Y:R33F,SEYETMLTEIMSMGYERERVVAALRAYYNNPHFAVEYLLTGIPG,-0.4431584218440263,1
S27Y:R33G,SEYETMLTEIMSMGYERERVVAALRAYYNNPHGAVEYLLTGIPG,-1.3782896108747948,0
S27Y:R33K,SEYETMLTEIMSMGYERERVVAALRAYYNNPHKAVEYLLTGIPG,-0.8837839542200747,0
S27Y:R33L,SEYETMLTEIMSMGYERERVVAALRAYYNNPHLAVEYLLTGIPG,-0.3096127737210241,1
S27Y:R33M,SEYETMLTEIMSMGYERERVVAALRAYYNNPHMAVEYLLTGIPG,-0.5688330649265456,1
S27Y:R33N,SEYETMLTEIMSMGYERERVVAALRAYYNNPHNAVEYLLTGIPG,-1.7150103713265237,0
S27Y:R33T,SEYETMLTEIMSMGYERERVVAALRAYYNNPHTAVEYLLTGIPG,-0.9705795564095312,0
S27Y:R33V,SEYETMLTEIMSMGYERERVVAALRAYYNNPHVAVEYLLTGIPG,-1.2503086106038686,0
S27Y:R33Y,SEYETMLTEIMSMGYERERVVAALRAYYNNPHYAVEYLLTGIPG,-0.9514448374474798,0
T40A,SEYETMLTEIMSMGYERERVVAALRASYNNPHRAVEYLLAGIPG,0.1175641800634652,1
T40C,SEYETMLTEIMSMGYERERVVAALRASYNNPHRAVEYLLCGIPG,0.1499125104478382,1
T40D,SEYETMLTEIMSMGYERERVVAALRASYNNPHRAVEYLLDGIPG,-0.4869783558496827,1
T40E,SEYETMLTEIMSMGYERERVVAALRASYNNPHRAVEYLLEGIPG,-0.2705080156510906,1
T40F,SEYETMLTEIMSMGYERERVVAALRASYNNPHRAVEYLLFGIPG,0.2225695359365054,1
T40G,SEYETMLTEIMSMGYERERVVAALRASYNNPHRAVEYLLGGIPG,-0.1535380659991183,1
T40H,SEYETMLTEIMSMGYERERVVAALRASYNNPHRAVEYLLHGIPG,0.3385855720456909,1
T40I,SEYETMLTEIMSMGYERERVVAALRASYNNPHRAVEYLLIGIPG,-0.2759507472166298,1
T40K,SEYETMLTEIMSMGYERERVVAALRASYNNPHRAVEYLLKGIPG,-0.0699282985022105,1
T40L,SEYETMLTEIMSMGYERERVVAALRASYNNPHRAVEYLLLGIPG,0.0540060105834556,1
T40M,SEYETMLTEIMSMGYERERVVAALRASYNNPHRAVEYLLMGIPG,0.1494638870454578,1
T40N,SEYETMLTEIMSMGYERERVVAALRASYNNPHRAVEYLLNGIPG,0.3221392290769045,1
T40P,SEYETMLTEIMSMGYERERVVAALRASYNNPHRAVEYLLPGIPG,-1.894756415977855,0
T40Q,SEYETMLTEIMSMGYERERVVAALRASYNNPHRAVEYLLQGIPG,0.0213885114565228,1
T40R,SEYETMLTEIMSMGYERERVVAALRASYNNPHRAVEYLLRGIPG,-0.0923497549416003,1
T40S,SEYETMLTEIMSMGYERERVVAALRASYNNPHRAVEYLLSGIPG,0.0128870854423519,1
T40V,SEYETMLTEIMSMGYERERVVAALRASYNNPHRAVEYLLVGIPG,-0.4043259056777275,1
T40W,SEYETMLTEIMSMGYERERVVAALRASYNNPHRAVEYLLWGIPG,0.1878101236283855,1
T40Y,SEYETMLTEIMSMGYERERVVAALRASYNNPHRAVEYLLYGIPG,0.5107707583530083,1
T5A,SEYEAMLTEIMSMGYERERVVAALRASYNNPHRAVEYLLTGIPG,0.1975580131836949,1
T5C,SEYECMLTEIMSMGYERERVVAALRASYNNPHRAVEYLLTGIPG,-0.6118005907047075,1
T5D,SEYEDMLTEIMSMGYERERVVAALRASYNNPHRAVEYLLTGIPG,-0.1518861167572982,1
T5E,SEYEEMLTEIMSMGYERERVVAALRASYNNPHRAVEYLLTGIPG,-0.1011867031319306,1
T5F,SEYEFMLTEIMSMGYERERVVAALRASYNNPHRAVEYLLTGIPG,-0.1610992423402306,1
T5G,SEYEGMLTEIMSMGYERERVVAALRASYNNPHRAVEYLLTGIPG,-0.5936972968056327,1
T5H,SEYEHMLTEIMSMGYERERVVAALRASYNNPHRAVEYLLTGIPG,-0.0848143252530801,1
T5I,SEYEIMLTEIMSMGYERERVVAALRASYNNPHRAVEYLLTGIPG,0.0720372833924942,1
T5K,SEYEKMLTEIMSMGYERERVVAALRASYNNPHRAVEYLLTGIPG,0.4591219891836995,1
T5L,SEYELMLTEIMSMGYERERVVAALRASYNNPHRAVEYLLTGIPG,0.1213941919525516,1
T5M,SEYEMMLTEIMSMGYERERVVAALRASYNNPHRAVEYLLTGIPG,0.1591338361731757,1
T5N,SEYENMLTEIMSMGYERERVVAALRASYNNPHRAVEYLLTGIPG,-0.0446338025103507,1
T5P,SEYEPMLTEIMSMGYERERVVAALRASYNNPHRAVEYLLTGIPG,-0.6275975345053539,1
T5Q,SEYEQMLTEIMSMGYERERVVAALRASYNNPHRAVEYLLTGIPG,0.2215153820975786,1
T5R,SEYERMLTEIMSMGYERERVVAALRASYNNPHRAVEYLLTGIPG,0.528063028316538,1
T5S,SEYESMLTEIMSMGYERERVVAALRASYNNPHRAVEYLLTGIPG,-0.0232191574913165,1
T5V,SEYEVMLTEIMSMGYERERVVAALRASYNNPHRAVEYLLTGIPG,-0.0628468877259731,1
T5W,SEYEWMLTEIMSMGYERERVVAALRASYNNPHRAVEYLLTGIPG,-0.1740557272455425,1
T5Y,SEYEYMLTEIMSMGYERERVVAALRASYNNPHRAVEYLLTGIPG,-0.2053959582542059,1
T8A,SEYETMLAEIMSMGYERERVVAALRASYNNPHRAVEYLLTGIPG,0.3552423096022572,1
T8D,SEYETMLDEIMSMGYERERVVAALRASYNNPHRAVEYLLTGIPG,-0.3469205467920879,1
T8E,SEYETMLEEIMSMGYERERVVAALRASYNNPHRAVEYLLTGIPG,0.0395534580226302,1
T8F,SEYETMLFEIMSMGYERERVVAALRASYNNPHRAVEYLLTGIPG,0.2418872903567903,1
T8G,SEYETMLGEIMSMGYERERVVAALRASYNNPHRAVEYLLTGIPG,-0.4303234153798008,1
T8H,SEYETMLHEIMSMGYERERVVAALRASYNNPHRAVEYLLTGIPG,0.1774764487892133,1
T8I,SEYETMLIEIMSMGYERERVVAALRASYNNPHRAVEYLLTGIPG,0.2015102452348314,1
T8K,SEYETMLKEIMSMGYERERVVAALRASYNNPHRAVEYLLTGIPG,0.3472280997972805,1
T8L,SEYETMLLEIMSMGYERERVVAALRASYNNPHRAVEYLLTGIPG,0.4998549178365339,1
T8M,SEYETMLMEIMSMGYERERVVAALRASYNNPHRAVEYLLTGIPG,0.3394629610230684,1
T8N,SEYETMLNEIMSMGYERERVVAALRASYNNPHRAVEYLLTGIPG,0.1776089740026645,1
T8P,SEYETMLPEIMSMGYERERVVAALRASYNNPHRAVEYLLTGIPG,-2.369571937093111,0
T8Q,SEYETMLQEIMSMGYERERVVAALRASYNNPHRAVEYLLTGIPG,0.3922771251534467,1
T8R,SEYETMLREIMSMGYERERVVAALRASYNNPHRAVEYLLTGIPG,0.5318979934483203,1
T8S,SEYETMLSEIMSMGYERERVVAALRASYNNPHRAVEYLLTGIPG,0.0166451393870188,1
T8V,SEYETMLVEIMSMGYERERVVAALRASYNNPHRAVEYLLTGIPG,-0.0323257689095126,1
T8W,SEYETMLWEIMSMGYERERVVAALRASYNNPHRAVEYLLTGIPG,0.1446526352167314,1
T8Y,SEYETMLYEIMSMGYERERVVAALRASYNNPHRAVEYLLTGIPG,0.1762174665225107,1
V20A,SEYETMLTEIMSMGYERERAVAALRASYNNPHRAVEYLLTGIPG,-0.8102053118148227,0
V20C,SEYETMLTEIMSMGYERERCVAALRASYNNPHRAVEYLLTGIPG,-1.540826929138087,0
V20D,SEYETMLTEIMSMGYERERDVAALRASYNNPHRAVEYLLTGIPG,-3.636245415186955,0
V20E,SEYETMLTEIMSMGYEREREVAALRASYNNPHRAVEYLLTGIPG,-3.467285942411304,0
V20F,SEYETMLTEIMSMGYERERFVAALRASYNNPHRAVEYLLTGIPG,-1.3745112809986462,0
V20G,SEYETMLTEIMSMGYERERGVAALRASYNNPHRAVEYLLTGIPG,-2.5289923514869947,0
V20H,SEYETMLTEIMSMGYERERHVAALRASYNNPHRAVEYLLTGIPG,-3.3930826966897287,0
V20I,SEYETMLTEIMSMGYERERIVAALRASYNNPHRAVEYLLTGIPG,-1.1438929961186854,0
V20L,SEYETMLTEIMSMGYERERLVAALRASYNNPHRAVEYLLTGIPG,-2.084139733675733,0
V20M,SEYETMLTEIMSMGYERERMVAALRASYNNPHRAVEYLLTGIPG,-2.182543477606899,0
V20Q,SEYETMLTEIMSMGYERERQVAALRASYNNPHRAVEYLLTGIPG,-3.16660985516493,0
V20R,SEYETMLTEIMSMGYERERRVAALRASYNNPHRAVEYLLTGIPG,-3.371215990795811,0
V20S,SEYETMLTEIMSMGYERERSVAALRASYNNPHRAVEYLLTGIPG,-2.2041077938371543,0
V20T,SEYETMLTEIMSMGYERERTVAALRASYNNPHRAVEYLLTGIPG,-1.7284788682767234,0
V20W,SEYETMLTEIMSMGYERERWVAALRASYNNPHRAVEYLLTGIPG,-1.835574659761048,0
V20Y,SEYETMLTEIMSMGYERERYVAALRASYNNPHRAVEYLLTGIPG,-1.4070612488229874,0
V21A,SEYETMLTEIMSMGYERERVAAALRASYNNPHRAVEYLLTGIPG,-0.5788338338120047,1
V21C,SEYETMLTEIMSMGYERERVCAALRASYNNPHRAVEYLLTGIPG,-1.0553054912810342,0
V21D,SEYETMLTEIMSMGYERERVDAALRASYNNPHRAVEYLLTGIPG,-1.2765098380586382,0
V21E,SEYETMLTEIMSMGYERERVEAALRASYNNPHRAVEYLLTGIPG,-0.0177103425301137,1
V21F,SEYETMLTEIMSMGYERERVFAALRASYNNPHRAVEYLLTGIPG,-1.469588437290282,0
V21G,SEYETMLTEIMSMGYERERVGAALRASYNNPHRAVEYLLTGIPG,-2.042922801668532,0
V21H,SEYETMLTEIMSMGYERERVHAALRASYNNPHRAVEYLLTGIPG,-1.3486895631279323,0
V21I,SEYETMLTEIMSMGYERERVIAALRASYNNPHRAVEYLLTGIPG,0.2659414349322313,1
V21K,SEYETMLTEIMSMGYERERVKAALRASYNNPHRAVEYLLTGIPG,-0.6657503388158887,1
V21L,SEYETMLTEIMSMGYERERVLAALRASYNNPHRAVEYLLTGIPG,-0.3741879910939287,1
V21M,SEYETMLTEIMSMGYERERVMAALRASYNNPHRAVEYLLTGIPG,-0.2491324673653028,1
V21N,SEYETMLTEIMSMGYERERVNAALRASYNNPHRAVEYLLTGIPG,-1.716037798175995,0
V21Q,SEYETMLTEIMSMGYERERVQAALRASYNNPHRAVEYLLTGIPG,-0.719802240137005,1
V21R,SEYETMLTEIMSMGYERERVRAALRASYNNPHRAVEYLLTGIPG,-0.9003138922915004,0
V21S,SEYETMLTEIMSMGYERERVSAALRASYNNPHRAVEYLLTGIPG,-1.3284282368963698,0
V21T,SEYETMLTEIMSMGYERERVTAALRASYNNPHRAVEYLLTGIPG,-1.0626498088000789,0
V21W,SEYETMLTEIMSMGYERERVWAALRASYNNPHRAVEYLLTGIPG,-1.5849963900689867,0
V21Y,SEYETMLTEIMSMGYERERVYAALRASYNNPHRAVEYLLTGIPG,-1.3907773250039457,0
V35A,SEYETMLTEIMSMGYERERVVAALRASYNNPHRAAEYLLTGIPG,-1.2191805713085175,0
V35C,SEYETMLTEIMSMGYERERVVAALRASYNNPHRACEYLLTGIPG,-0.5383586739555657,1
V35D,SEYETMLTEIMSMGYERERVVAALRASYNNPHRADEYLLTGIPG,-3.0267396804093663,0
V35E,SEYETMLTEIMSMGYERERVVAALRASYNNPHRAEEYLLTGIPG,-1.8586187991391832,0
V35F,SEYETMLTEIMSMGYERERVVAALRASYNNPHRAFEYLLTGIPG,-0.8240347429645087,0
V35G,SEYETMLTEIMSMGYERERVVAALRASYNNPHRAGEYLLTGIPG,-2.3280055338464187,0
V35H,SEYETMLTEIMSMGYERERVVAALRASYNNPHRAHEYLLTGIPG,-1.3383413759993816,0
V35I,SEYETMLTEIMSMGYERERVVAALRASYNNPHRAIEYLLTGIPG,0.4871897616163414,1
V35K,SEYETMLTEIMSMGYERERVVAALRASYNNPHRAKEYLLTGIPG,-0.5097887012759927,1
V35L,SEYETMLTEIMSMGYERERVVAALRASYNNPHRALEYLLTGIPG,0.5563872701615673,1
V35M,SEYETMLTEIMSMGYERERVVAALRASYNNPHRAMEYLLTGIPG,0.0583350731263765,1
V35N,SEYETMLTEIMSMGYERERVVAALRASYNNPHRANEYLLTGIPG,-2.233886718406133,0
V35P,SEYETMLTEIMSMGYERERVVAALRASYNNPHRAPEYLLTGIPG,-3.171950632313335,0
V35Q,SEYETMLTEIMSMGYERERVVAALRASYNNPHRAQEYLLTGIPG,-1.100614542684022,0
V35R,SEYETMLTEIMSMGYERERVVAALRASYNNPHRAREYLLTGIPG,-0.6996410076967274,1
V35S,SEYETMLTEIMSMGYERERVVAALRASYNNPHRASEYLLTGIPG,-1.9011613303837631,0
V35T,SEYETMLTEIMSMGYERERVVAALRASYNNPHRATEYLLTGIPG,-1.340876094052796,0
V35W,SEYETMLTEIMSMGYERERVVAALRASYNNPHRAWEYLLTGIPG,-0.9439316821740796,0
V35Y,SEYETMLTEIMSMGYERERVVAALRASYNNPHRAYEYLLTGIPG,-0.7079030026015367,1
Y15A,SEYETMLTEIMSMGAERERVVAALRASYNNPHRAVEYLLTGIPG,-3.0692522023244013,0
Y15C,SEYETMLTEIMSMGCERERVVAALRASYNNPHRAVEYLLTGIPG,-2.814068361980561,0
Y15D,SEYETMLTEIMSMGDERERVVAALRASYNNPHRAVEYLLTGIPG,-3.1865074089738927,0
Y15E,SEYETMLTEIMSMGEERERVVAALRASYNNPHRAVEYLLTGIPG,-2.765145330124417,0
Y15F,SEYETMLTEIMSMGFERERVVAALRASYNNPHRAVEYLLTGIPG,0.4127446548618723,1
Y15G,SEYETMLTEIMSMGGERERVVAALRASYNNPHRAVEYLLTGIPG,-3.262968343315172,0
Y15H,SEYETMLTEIMSMGHERERVVAALRASYNNPHRAVEYLLTGIPG,-1.2797198118319555,0
Y15I,SEYETMLTEIMSMGIERERVVAALRASYNNPHRAVEYLLTGIPG,-1.8290068639999304,0
Y15K,SEYETMLTEIMSMGKERERVVAALRASYNNPHRAVEYLLTGIPG,-3.067064519844703,0
Y15L,SEYETMLTEIMSMGLERERVVAALRASYNNPHRAVEYLLTGIPG,-2.314147068608265,0
Y15M,SEYETMLTEIMSMGMERERVVAALRASYNNPHRAVEYLLTGIPG,-2.1406694558272634,0
Y15N,SEYETMLTEIMSMGNERERVVAALRASYNNPHRAVEYLLTGIPG,-2.646196798011574,0
Y15P,SEYETMLTEIMSMGPERERVVAALRASYNNPHRAVEYLLTGIPG,-3.2132072756335823,0
Y15Q,SEYETMLTEIMSMGQERERVVAALRASYNNPHRAVEYLLTGIPG,-2.7837651110207733,0
Y15R,SEYETMLTEIMSMGRERERVVAALRASYNNPHRAVEYLLTGIPG,-2.744752475400169,0
Y15S,SEYETMLTEIMSMGSERERVVAALRASYNNPHRAVEYLLTGIPG,-2.8088948785619348,0
Y15T,SEYETMLTEIMSMGTERERVVAALRASYNNPHRAVEYLLTGIPG,-3.1337264904893143,0
Y15V,SEYETMLTEIMSMGVERERVVAALRASYNNPHRAVEYLLTGIPG,-2.4506716226927328,0
Y15W,SEYETMLTEIMSMGWERERVVAALRASYNNPHRAVEYLLTGIPG,-0.1196066404229752,1
Y28A,SEYETMLTEIMSMGYERERVVAALRASANNPHRAVEYLLTGIPG,0.2720030490443132,1
Y28C,SEYETMLTEIMSMGYERERVVAALRASCNNPHRAVEYLLTGIPG,0.6696583296316345,1
Y28D,SEYETMLTEIMSMGYERERVVAALRASDNNPHRAVEYLLTGIPG,0.5170609905888957,1
Y28E,SEYETMLTEIMSMGYERERVVAALRASENNPHRAVEYLLTGIPG,0.2754071196685324,1
Y28F,SEYETMLTEIMSMGYERERVVAALRASFNNPHRAVEYLLTGIPG,0.2263477889076277,1
Y28G,SEYETMLTEIMSMGYERERVVAALRASGNNPHRAVEYLLTGIPG,0.9782441320415608,1
Y28H,SEYETMLTEIMSMGYERERVVAALRASHNNPHRAVEYLLTGIPG,0.532666318095385,1
Y28I,SEYETMLTEIMSMGYERERVVAALRASINNPHRAVEYLLTGIPG,-0.7809868509868068,0
Y28K,SEYETMLTEIMSMGYERERVVAALRASKNNPHRAVEYLLTGIPG,0.3192736845616504,1
Y28L,SEYETMLTEIMSMGYERERVVAALRASLNNPHRAVEYLLTGIPG,0.1670961608538332,1
Y28M,SEYETMLTEIMSMGYERERVVAALRASMNNPHRAVEYLLTGIPG,0.3067170674479595,1
Y28N,SEYETMLTEIMSMGYERERVVAALRASNNNPHRAVEYLLTGIPG,0.8187738760684593,1
Y28P,SEYETMLTEIMSMGYERERVVAALRASPNNPHRAVEYLLTGIPG,-1.7495826756916268,0
Y28Q,SEYETMLTEIMSMGYERERVVAALRASQNNPHRAVEYLLTGIPG,0.4508386914950675,1
Y28R,SEYETMLTEIMSMGYERERVVAALRASRNNPHRAVEYLLTGIPG,0.231930687975546,1
Y28S,SEYETMLTEIMSMGYERERVVAALRASSNNPHRAVEYLLTGIPG,0.1635829541131244,1
Y28T,SEYETMLTEIMSMGYERERVVAALRASTNNPHRAVEYLLTGIPG,-0.8547381154700959,0
Y28V,SEYETMLTEIMSMGYERERVVAALRASVNNPHRAVEYLLTGIPG,-0.7092581324973386,1
Y28W,SEYETMLTEIMSMGYERERVVAALRASWNNPHRAVEYLLTGIPG,-0.4201942592774514,1
Y37A,SEYETMLTEIMSMGYERERVVAALRASYNNPHRAVEALLTGIPG,-1.2002486888258077,0
Y37D,SEYETMLTEIMSMGYERERVVAALRASYNNPHRAVEDLLTGIPG,-2.13856267709072,0
Y37E,SEYETMLTEIMSMGYERERVVAALRASYNNPHRAVEELLTGIPG,-1.8268327224117933,0
Y37F,SEYETMLTEIMSMGYERERVVAALRASYNNPHRAVEFLLTGIPG,-0.1270320237912563,1
Y37G,SEYETMLTEIMSMGYERERVVAALRASYNNPHRAVEGLLTGIPG,-2.26125572910713,0
Y37H,SEYETMLTEIMSMGYERERVVAALRASYNNPHRAVEHLLTGIPG,-1.3438749844518192,0
Y37I,SEYETMLTEIMSMGYERERVVAALRASYNNPHRAVEILLTGIPG,-0.1635352154023266,1
Y37K,SEYETMLTEIMSMGYERERVVAALRASYNNPHRAVEKLLTGIPG,-1.7040675604233289,0
Y37L,SEYETMLTEIMSMGYERERVVAALRASYNNPHRAVELLLTGIPG,0.0413698802108881,1
Y37M,SEYETMLTEIMSMGYERERVVAALRASYNNPHRAVEMLLTGIPG,-0.0048811660920957,1
Y37N,SEYETMLTEIMSMGYERERVVAALRASYNNPHRAVENLLTGIPG,-1.896574643903696,0
Y37Q,SEYETMLTEIMSMGYERERVVAALRASYNNPHRAVEQLLTGIPG,-1.490423710634566,0
Y37R,SEYETMLTEIMSMGYERERVVAALRASYNNPHRAVERLLTGIPG,-1.5068596059111947,0
Y37S,SEYETMLTEIMSMGYERERVVAALRASYNNPHRAVESLLTGIPG,-1.522506422941181,0
Y37T,SEYETMLTEIMSMGYERERVVAALRASYNNPHRAVETLLTGIPG,-1.6428887851134346,0
Y37V,SEYETMLTEIMSMGYERERVVAALRASYNNPHRAVEVLLTGIPG,-1.197093366112456,0
Y37W,SEYETMLTEIMSMGYERERVVAALRASYNNPHRAVEWLLTGIPG,-0.3689980227750156,1
Y3A,SEAETMLTEIMSMGYERERVVAALRASYNNPHRAVEYLLTGIPG,-1.6183732489310891,0
Y3D,SEDETMLTEIMSMGYERERVVAALRASYNNPHRAVEYLLTGIPG,-1.516190241608712,0
Y3E,SEEETMLTEIMSMGYERERVVAALRASYNNPHRAVEYLLTGIPG,-1.4298079918424322,0
Y3F,SEFETMLTEIMSMGYERERVVAALRASYNNPHRAVEYLLTGIPG,-0.2977100954570857,1
Y3G,SEGETMLTEIMSMGYERERVVAALRASYNNPHRAVEYLLTGIPG,-2.0349587366921846,0
Y3H,SEHETMLTEIMSMGYERERVVAALRASYNNPHRAVEYLLTGIPG,-1.3219039409375128,0
Y3I,SEIETMLTEIMSMGYERERVVAALRASYNNPHRAVEYLLTGIPG,-1.059598063709494,0
Y3K,SEKETMLTEIMSMGYERERVVAALRASYNNPHRAVEYLLTGIPG,-1.8559510022451435,0
Y3L,SELETMLTEIMSMGYERERVVAALRASYNNPHRAVEYLLTGIPG,-0.9722902301160748,0
Y3M,SEMETMLTEIMSMGYERERVVAALRASYNNPHRAVEYLLTGIPG,-1.0988790238193045,0
Y3N,SENETMLTEIMSMGYERERVVAALRASYNNPHRAVEYLLTGIPG,-1.524121030026953,0
Y3P,SEPETMLTEIMSMGYERERVVAALRASYNNPHRAVEYLLTGIPG,-2.0630535883758814,0
Y3Q,SEQETMLTEIMSMGYERERVVAALRASYNNPHRAVEYLLTGIPG,-1.5824927364424222,0
Y3R,SERETMLTEIMSMGYERERVVAALRASYNNPHRAVEYLLTGIPG,-1.6127319358978518,0
Y3S,SESETMLTEIMSMGYERERVVAALRASYNNPHRAVEYLLTGIPG,-1.6109576704518376,0
Y3T,SETETMLTEIMSMGYERERVVAALRASYNNPHRAVEYLLTGIPG,-1.5187028442019073,0
Y3V,SEVETMLTEIMSMGYERERVVAALRASYNNPHRAVEYLLTGIPG,-1.2633403589044945,0
Y3W,SEWETMLTEIMSMGYERERVVAALRASYNNPHRAVEYLLTGIPG,-0.1675619228205587,1
