mutant,mutated_sequence,DMS_score,DMS_score_bin
D13A,GEDLPLPPGWSVAWTMRGRKYYIDHNTNTTHWSHPLESGPSSG,1.0543661630231749,1
D13C,GEDLPLPPGWSVCWTMRGRKYYIDHNTNTTHWSHPLESGPSSG,1.404362759800983,1
D13E,GEDLPLPPGWSVEWTMRGRKYYIDHNTNTTHWSHPLESGPSSG,0.4669427970653339,1
D13F,GEDLPLPPGWSVFWTMRGRKYYIDHNTNTTHWSHPLESGPSSG,0.0132397385750306,1
D13G,GEDLPLPPGWSVGWTMRGRKYYIDHNTNTTHWSHPLESGPSSG,0.8032620144039939,1
D13H,GEDLPLPPGWSVHWTMRGRKYYIDHNTNTTHWSHPLESGPSSG,0.8510244822799546,1
D13I,GEDLPLPPGWSVIWTMRGRKYYIDHNTNTTHWSHPLESGPSSG,-0.5552656063685064,1
D13K,GEDLPLPPGWSVKWTMRGRKYYIDHNTNTTHWSHPLESGPSSG,0.2815924290937828,1
D13L,GEDLPLPPGWSVLWTMRGRKYYIDHNTNTTHWSHPLESGPSSG,-0.1563449593483625,1
D13M,GEDLPLPPGWSVMWTMRGRKYYIDHNTNTTHWSHPLESGPSSG,0.2316114919428236,1
D13N,GEDLPLPPGWSVNWTMRGRKYYIDHNTNTTHWSHPLESGPSSG,0.3485358913120906,1
D13Q,GEDLPLPPGWSVQWTMRGRKYYIDHNTNTTHWSHPLESGPSSG,0.3566777168274144,1
D13R,GEDLPLPPGWSVRWTMRGRKYYIDHNTNTTHWSHPLESGPSSG,0.3875010992340086,1
D13S,GEDLPLPPGWSVSWTMRGRKYYIDHNTNTTHWSHPLESGPSSG,0.2447620534739336,1
D13T,GEDLPLPPGWSVTWTMRGRKYYIDHNTNTTHWSHPLESGPSSG,-0.5213466774864801,1
D13V,GEDLPLPPGWSVVWTMRGRKYYIDHNTNTTHWSHPLESGPSSG,-0.3304337157755739,1
D13W,GEDLPLPPGWSVWWTMRGRKYYIDHNTNTTHWSHPLESGPSSG,0.1622698193410034,1
D13Y,GEDLPLPPGWSVYWTMRGRKYYIDHNTNTTHWSHPLESGPSSG,0.4462551732627366,1
D24A,GEDLPLPPGWSVDWTMRGRKYYIAHNTNTTHWSHPLESGPSSG,-2.231691974401812,0
D24E,GEDLPLPPGWSVDWTMRGRKYYIEHNTNTTHWSHPLESGPSSG,-2.5284612202268355,0
D24F,GEDLPLPPGWSVDWTMRGRKYYIFHNTNTTHWSHPLESGPSSG,-2.156162238715219,0
D24H,GEDLPLPPGWSVDWTMRGRKYYIHHNTNTTHWSHPLESGPSSG,-1.4529029365535098,0
D24K,GEDLPLPPGWSVDWTMRGRKYYIKHNTNTTHWSHPLESGPSSG,-2.1888472582466307,0
D24L,GEDLPLPPGWSVDWTMRGRKYYILHNTNTTHWSHPLESGPSSG,-2.035608619338437,0
D24N,GEDLPLPPGWSVDWTMRGRKYYINHNTNTTHWSHPLESGPSSG,-0.2235460088185334,1
D24Q,GEDLPLPPGWSVDWTMRGRKYYIQHNTNTTHWSHPLESGPSSG,-2.0035050250967457,0
D24S,GEDLPLPPGWSVDWTMRGRKYYISHNTNTTHWSHPLESGPSSG,-2.397033459287861,0
D24V,GEDLPLPPGWSVDWTMRGRKYYIVHNTNTTHWSHPLESGPSSG,-2.5014507848588297,0
D24W,GEDLPLPPGWSVDWTMRGRKYYIWHNTNTTHWSHPLESGPSSG,-2.032701806782736,0
D24Y,GEDLPLPPGWSVDWTMRGRKYYIYHNTNTTHWSHPLESGPSSG,-2.219439149917156,0
D3A,GEALPLPPGWSVDWTMRGRKYYIDHNTNTTHWSHPLESGPSSG,-0.3696662024141819,1
D3E,GEELPLPPGWSVDWTMRGRKYYIDHNTNTTHWSHPLESGPSSG,0.0237407816336392,1
D3F,GEFLPLPPGWSVDWTMRGRKYYIDHNTNTTHWSHPLESGPSSG,-0.3965190240533023,1
D3G,GEGLPLPPGWSVDWTMRGRKYYIDHNTNTTHWSHPLESGPSSG,-0.3727570711862509,1
D3H,GEHLPLPPGWSVDWTMRGRKYYIDHNTNTTHWSHPLESGPSSG,-0.2626376779212298,1
D3I,GEILPLPPGWSVDWTMRGRKYYIDHNTNTTHWSHPLESGPSSG,-0.1944666949071771,1
D3K,GEKLPLPPGWSVDWTMRGRKYYIDHNTNTTHWSHPLESGPSSG,-0.472665879086519,1
D3L,GELLPLPPGWSVDWTMRGRKYYIDHNTNTTHWSHPLESGPSSG,-0.3260650989575955,1
D3M,GEMLPLPPGWSVDWTMRGRKYYIDHNTNTTHWSHPLESGPSSG,-0.3022493613891619,1
D3N,GENLPLPPGWSVDWTMRGRKYYIDHNTNTTHWSHPLESGPSSG,-0.2265000213115315,1
D3P,GEPLPLPPGWSVDWTMRGRKYYIDHNTNTTHWSHPLESGPSSG,-0.5618016348015855,1
D3Q,GEQLPLPPGWSVDWTMRGRKYYIDHNTNTTHWSHPLESGPSSG,-0.2238167060909728,1
D3R,GERLPLPPGWSVDWTMRGRKYYIDHNTNTTHWSHPLESGPSSG,-0.3941374154903925,1
D3S,GESLPLPPGWSVDWTMRGRKYYIDHNTNTTHWSHPLESGPSSG,-0.1904261027786622,1
D3T,GETLPLPPGWSVDWTMRGRKYYIDHNTNTTHWSHPLESGPSSG,-0.2777468755476462,1
D3V,GEVLPLPPGWSVDWTMRGRKYYIDHNTNTTHWSHPLESGPSSG,-0.2219688850720185,1
D3W,GEWLPLPPGWSVDWTMRGRKYYIDHNTNTTHWSHPLESGPSSG,-0.3852718484465129,1
D3Y,GEYLPLPPGWSVDWTMRGRKYYIDHNTNTTHWSHPLESGPSSG,-0.403389447100396,1
E2A,GADLPLPPGWSVDWTMRGRKYYIDHNTNTTHWSHPLESGPSSG,-0.1015059796454567,1
E2D,GDDLPLPPGWSVDWTMRGRKYYIDHNTNTTHWSHPLESGPSSG,-0.0779262552002972,1
E2F,GFDLPLPPGWSVDWTMRGRKYYIDHNTNTTHWSHPLESGPSSG,-0.1606961313451254,1
E2G,GGDLPLPPGWSVDWTMRGRKYYIDHNTNTTHWSHPLESGPSSG,-0.1836390396889016,1
E2H,GHDLPLPPGWSVDWTMRGRKYYIDHNTNTTHWSHPLESGPSSG,-0.1463417997359235,1
E2I,GIDLPLPPGWSVDWTMRGRKYYIDHNTNTTHWSHPLESGPSSG,-0.1316158235758699,1
E2K,GKDLPLPPGWSVDWTMRGRKYYIDHNTNTTHWSHPLESGPSSG,-0.1558757444325829,1
E2L,GLDLPLPPGWSVDWTMRGRKYYIDHNTNTTHWSHPLESGPSSG,-0.2268008361721956,1
E2M,GMDLPLPPGWSVDWTMRGRKYYIDHNTNTTHWSHPLESGPSSG,-0.2237603552820932,1
E2N,GNDLPLPPGWSVDWTMRGRKYYIDHNTNTTHWSHPLESGPSSG,-0.1447706305630094,1
E2P,GPDLPLPPGWSVDWTMRGRKYYIDHNTNTTHWSHPLESGPSSG,-0.1513307344099506,1
E2Q,GQDLPLPPGWSVDWTMRGRKYYIDHNTNTTHWSHPLESGPSSG,-0.1632173520879876,1
E2R,GRDLPLPPGWSVDWTMRGRKYYIDHNTNTTHWSHPLESGPSSG,-0.198817554342926,1
E2S,GSDLPLPPGWSVDWTMRGRKYYIDHNTNTTHWSHPLESGPSSG,-0.088942096104357,1
E2T,GTDLPLPPGWSVDWTMRGRKYYIDHNTNTTHWSHPLESGPSSG,-0.0479004744645972,1
E2V,GVDLPLPPGWSVDWTMRGRKYYIDHNTNTTHWSHPLESGPSSG,-0.1024250826762636,1
E2W,GWDLPLPPGWSVDWTMRGRKYYIDHNTNTTHWSHPLESGPSSG,-0.3076485821441055,1
E2Y,GYDLPLPPGWSVDWTMRGRKYYIDHNTNTTHWSHPLESGPSSG,-0.1558289455748653,1
E37A,GEDLPLPPGWSVDWTMRGRKYYIDHNTNTTHWSHPLASGPSSG,0.2072721146610885,1
E37D,GEDLPLPPGWSVDWTMRGRKYYIDHNTNTTHWSHPLDSGPSSG,-0.1718782115966255,1
E37F,GEDLPLPPGWSVDWTMRGRKYYIDHNTNTTHWSHPLFSGPSSG,-0.1486676221039096,1
E37G,GEDLPLPPGWSVDWTMRGRKYYIDHNTNTTHWSHPLGSGPSSG,-0.0440736655464293,1
E37H,GEDLPLPPGWSVDWTMRGRKYYIDHNTNTTHWSHPLHSGPSSG,-0.2226526062423703,1
E37I,GEDLPLPPGWSVDWTMRGRKYYIDHNTNTTHWSHPLISGPSSG,0.0456934956730135,1
E37K,GEDLPLPPGWSVDWTMRGRKYYIDHNTNTTHWSHPLKSGPSSG,0.0550789614006554,1
E37L,GEDLPLPPGWSVDWTMRGRKYYIDHNTNTTHWSHPLLSGPSSG,0.2090854672083859,1
E37M,GEDLPLPPGWSVDWTMRGRKYYIDHNTNTTHWSHPLMSGPSSG,0.208608914339399,1
E37N,GEDLPLPPGWSVDWTMRGRKYYIDHNTNTTHWSHPLNSGPSSG,-0.2671243684818365,1
E37P,GEDLPLPPGWSVDWTMRGRKYYIDHNTNTTHWSHPLPSGPSSG,-0.8075952779796769,0
E37Q,GEDLPLPPGWSVDWTMRGRKYYIDHNTNTTHWSHPLQSGPSSG,0.0191284103292839,1
E37R,GEDLPLPPGWSVDWTMRGRKYYIDHNTNTTHWSHPLRSGPSSG,-0.05195716788072,1
E37S,GEDLPLPPGWSVDWTMRGRKYYIDHNTNTTHWSHPLSSGPSSG,0.1667744648339797,1
E37T,GEDLPLPPGWSVDWTMRGRKYYIDHNTNTTHWSHPLTSGPSSG,-0.1587351675226993,1
E37V,GEDLPLPPGWSVDWTMRGRKYYIDHNTNTTHWSHPLVSGPSSG,0.1247409529511867,1
E37W,GEDLPLPPGWSVDWTMRGRKYYIDHNTNTTHWSHPLWSGPSSG,0.058613475051952,1
E37Y,GEDLPLPPGWSVDWTMRGRKYYIDHNTNTTHWSHPLYSGPSSG,-0.042611220073228,1
G18A,GEDLPLPPGWSVDWTMRARKYYIDHNTNTTHWSHPLESGPSSG,-2.106086465529596,0
G18C,GEDLPLPPGWSVDWTMRCRKYYIDHNTNTTHWSHPLESGPSSG,-0.4730864145926319,1
G18D,GEDLPLPPGWSVDWTMRDRKYYIDHNTNTTHWSHPLESGPSSG,-2.33516305863646,0
G18F,GEDLPLPPGWSVDWTMRFRKYYIDHNTNTTHWSHPLESGPSSG,-1.399816714094576,0
G18H,GEDLPLPPGWSVDWTMRHRKYYIDHNTNTTHWSHPLESGPSSG,-1.5930430170384686,0
G18I,GEDLPLPPGWSVDWTMRIRKYYIDHNTNTTHWSHPLESGPSSG,-1.6603304078071828,0
G18K,GEDLPLPPGWSVDWTMRKRKYYIDHNTNTTHWSHPLESGPSSG,-1.841970313143604,0
G18L,GEDLPLPPGWSVDWTMRLRKYYIDHNTNTTHWSHPLESGPSSG,-1.376956521812828,0
G18M,GEDLPLPPGWSVDWTMRMRKYYIDHNTNTTHWSHPLESGPSSG,-1.543129090847852,0
G18N,GEDLPLPPGWSVDWTMRNRKYYIDHNTNTTHWSHPLESGPSSG,-1.5499176858665136,0
G18Q,GEDLPLPPGWSVDWTMRQRKYYIDHNTNTTHWSHPLESGPSSG,-1.8107459642394328,0
G18R,GEDLPLPPGWSVDWTMRRRKYYIDHNTNTTHWSHPLESGPSSG,-1.4963593156575137,0
G18S,GEDLPLPPGWSVDWTMRSRKYYIDHNTNTTHWSHPLESGPSSG,-2.623044662220257,0
G18V,GEDLPLPPGWSVDWTMRVRKYYIDHNTNTTHWSHPLESGPSSG,-1.8857679648478929,0
G18W,GEDLPLPPGWSVDWTMRWRKYYIDHNTNTTHWSHPLESGPSSG,-1.0719742639359442,0
G18Y,GEDLPLPPGWSVDWTMRYRKYYIDHNTNTTHWSHPLESGPSSG,-1.4182921070008012,0
G1A,AEDLPLPPGWSVDWTMRGRKYYIDHNTNTTHWSHPLESGPSSG,-0.0456235634678823,1
G1D,DEDLPLPPGWSVDWTMRGRKYYIDHNTNTTHWSHPLESGPSSG,0.0158100751890835,1
G1E,EEDLPLPPGWSVDWTMRGRKYYIDHNTNTTHWSHPLESGPSSG,-0.0549491072299368,1
G1F,FEDLPLPPGWSVDWTMRGRKYYIDHNTNTTHWSHPLESGPSSG,-0.0957685357437108,1
G1H,HEDLPLPPGWSVDWTMRGRKYYIDHNTNTTHWSHPLESGPSSG,-0.0842871985379083,1
G1I,IEDLPLPPGWSVDWTMRGRKYYIDHNTNTTHWSHPLESGPSSG,-0.0594166532314455,1
G1K,KEDLPLPPGWSVDWTMRGRKYYIDHNTNTTHWSHPLESGPSSG,-0.0374348439758687,1
G1L,LEDLPLPPGWSVDWTMRGRKYYIDHNTNTTHWSHPLESGPSSG,-0.1209573915865196,1
G1M,MEDLPLPPGWSVDWTMRGRKYYIDHNTNTTHWSHPLESGPSSG,-0.1076339161342583,1
G1N,NEDLPLPPGWSVDWTMRGRKYYIDHNTNTTHWSHPLESGPSSG,0.0168423867741041,1
G1P,PEDLPLPPGWSVDWTMRGRKYYIDHNTNTTHWSHPLESGPSSG,-0.1358346111005413,1
G1Q,QEDLPLPPGWSVDWTMRGRKYYIDHNTNTTHWSHPLESGPSSG,-0.1023937392462823,1
G1R,REDLPLPPGWSVDWTMRGRKYYIDHNTNTTHWSHPLESGPSSG,-0.0856165936969253,1
G1S,SEDLPLPPGWSVDWTMRGRKYYIDHNTNTTHWSHPLESGPSSG,0.0205776541121724,1
G1T,TEDLPLPPGWSVDWTMRGRKYYIDHNTNTTHWSHPLESGPSSG,-0.0546584873470328,1
G1V,VEDLPLPPGWSVDWTMRGRKYYIDHNTNTTHWSHPLESGPSSG,-0.0496466052957074,1
G1W,WEDLPLPPGWSVDWTMRGRKYYIDHNTNTTHWSHPLESGPSSG,-0.233915562295274,1
G1Y,YEDLPLPPGWSVDWTMRGRKYYIDHNTNTTHWSHPLESGPSSG,-0.0978461426057968,1
G39A,GEDLPLPPGWSVDWTMRGRKYYIDHNTNTTHWSHPLESAPSSG,0.1517519493009829,1
G39D,GEDLPLPPGWSVDWTMRGRKYYIDHNTNTTHWSHPLESDPSSG,-0.129425308171692,1
G39E,GEDLPLPPGWSVDWTMRGRKYYIDHNTNTTHWSHPLESEPSSG,-0.1721414755999666,1
G39F,GEDLPLPPGWSVDWTMRGRKYYIDHNTNTTHWSHPLESFPSSG,0.039704783667722,1
G39H,GEDLPLPPGWSVDWTMRGRKYYIDHNTNTTHWSHPLESHPSSG,-0.0697082202989047,1
G39I,GEDLPLPPGWSVDWTMRGRKYYIDHNTNTTHWSHPLESIPSSG,-0.1003313105996908,1
G39K,GEDLPLPPGWSVDWTMRGRKYYIDHNTNTTHWSHPLESKPSSG,0.0311915984069466,1
G39L,GEDLPLPPGWSVDWTMRGRKYYIDHNTNTTHWSHPLESLPSSG,0.0343155954824072,1
G39M,GEDLPLPPGWSVDWTMRGRKYYIDHNTNTTHWSHPLESMPSSG,-0.031835317441194,1
G39N,GEDLPLPPGWSVDWTMRGRKYYIDHNTNTTHWSHPLESNPSSG,-0.0497844202046728,1
G39P,GEDLPLPPGWSVDWTMRGRKYYIDHNTNTTHWSHPLESPPSSG,0.1449545233915421,1
G39Q,GEDLPLPPGWSVDWTMRGRKYYIDHNTNTTHWSHPLESQPSSG,0.0282506132062791,1
G39R,GEDLPLPPGWSVDWTMRGRKYYIDHNTNTTHWSHPLESRPSSG,0.0996610307470895,1
G39S,GEDLPLPPGWSVDWTMRGRKYYIDHNTNTTHWSHPLESSPSSG,-0.0348176072076829,1
G39T,GEDLPLPPGWSVDWTMRGRKYYIDHNTNTTHWSHPLESTPSSG,-0.0061168869196599,1
G39V,GEDLPLPPGWSVDWTMRGRKYYIDHNTNTTHWSHPLESVPSSG,0.0664158515225044,1
G39W,GEDLPLPPGWSVDWTMRGRKYYIDHNTNTTHWSHPLESWPSSG,-0.0522820930143612,1
G39Y,GEDLPLPPGWSVDWTMRGRKYYIDHNTNTTHWSHPLESYPSSG,-0.1666397403460693,1
G43A,GEDLPLPPGWSVDWTMRGRKYYIDHNTNTTHWSHPLESGPSSA,-0.0026887610518491,1
G43C,GEDLPLPPGWSVDWTMRGRKYYIDHNTNTTHWSHPLESGPSSC,0.1301154905203791,1
G43D,GEDLPLPPGWSVDWTMRGRKYYIDHNTNTTHWSHPLESGPSSD,-0.0990803731746237,1
G43E,GEDLPLPPGWSVDWTMRGRKYYIDHNTNTTHWSHPLESGPSSE,-0.0333617273308755,1
G43F,GEDLPLPPGWSVDWTMRGRKYYIDHNTNTTHWSHPLESGPSSF,0.0286333220544288,1
G43H,GEDLPLPPGWSVDWTMRGRKYYIDHNTNTTHWSHPLESGPSSH,-0.0902431656338078,1
G43I,GEDLPLPPGWSVDWTMRGRKYYIDHNTNTTHWSHPLESGPSSI,-0.0799190343373308,1
G43K,GEDLPLPPGWSVDWTMRGRKYYIDHNTNTTHWSHPLESGPSSK,-0.0118076977807539,1
G43L,GEDLPLPPGWSVDWTMRGRKYYIDHNTNTTHWSHPLESGPSSL,0.012043588579552,1
G43M,GEDLPLPPGWSVDWTMRGRKYYIDHNTNTTHWSHPLESGPSSM,-0.0181226134758916,1
G43N,GEDLPLPPGWSVDWTMRGRKYYIDHNTNTTHWSHPLESGPSSN,-0.0425056745227461,1
G43P,GEDLPLPPGWSVDWTMRGRKYYIDHNTNTTHWSHPLESGPSSP,-0.0238014876160779,1
G43Q,GEDLPLPPGWSVDWTMRGRKYYIDHNTNTTHWSHPLESGPSSQ,-0.0297597938658824,1
G43R,GEDLPLPPGWSVDWTMRGRKYYIDHNTNTTHWSHPLESGPSSR,-0.1987738283283275,1
G43S,GEDLPLPPGWSVDWTMRGRKYYIDHNTNTTHWSHPLESGPSSS,-0.0827215718652143,1
G43T,GEDLPLPPGWSVDWTMRGRKYYIDHNTNTTHWSHPLESGPSST,-0.0171969150223976,1
G43V,GEDLPLPPGWSVDWTMRGRKYYIDHNTNTTHWSHPLESGPSSV,-0.057366212071956,1
G43W,GEDLPLPPGWSVDWTMRGRKYYIDHNTNTTHWSHPLESGPSSW,0.0487560846530785,1
G43Y,GEDLPLPPGWSVDWTMRGRKYYIDHNTNTTHWSHPLESGPSSY,-0.0720528944368739,1
G9D,GEDLPLPPDWSVDWTMRGRKYYIDHNTNTTHWSHPLESGPSSG,-2.316520636372553,0
G9F,GEDLPLPPFWSVDWTMRGRKYYIDHNTNTTHWSHPLESGPSSG,-1.4021433257048928,0
G9H,GEDLPLPPHWSVDWTMRGRKYYIDHNTNTTHWSHPLESGPSSG,-1.810208006986533,0
G9K,GEDLPLPPKWSVDWTMRGRKYYIDHNTNTTHWSHPLESGPSSG,-2.0427973923770355,0
G9M,GEDLPLPPMWSVDWTMRGRKYYIDHNTNTTHWSHPLESGPSSG,-2.100870299831537,0
G9N,GEDLPLPPNWSVDWTMRGRKYYIDHNTNTTHWSHPLESGPSSG,-0.7530739925576586,0
G9Q,GEDLPLPPQWSVDWTMRGRKYYIDHNTNTTHWSHPLESGPSSG,-2.455687636061914,0
G9R,GEDLPLPPRWSVDWTMRGRKYYIDHNTNTTHWSHPLESGPSSG,-2.339862752913487,0
G9S,GEDLPLPPSWSVDWTMRGRKYYIDHNTNTTHWSHPLESGPSSG,-2.087949585562777,0
G9W,GEDLPLPPWWSVDWTMRGRKYYIDHNTNTTHWSHPLESGPSSG,-1.0489459445799412,0
G9Y,GEDLPLPPYWSVDWTMRGRKYYIDHNTNTTHWSHPLESGPSSG,-1.965578871021524,0
H25A,GEDLPLPPGWSVDWTMRGRKYYIDANTNTTHWSHPLESGPSSG,-0.6547549022484189,0
H25D,GEDLPLPPGWSVDWTMRGRKYYIDDNTNTTHWSHPLESGPSSG,-1.7428679614095883,0
H25E,GEDLPLPPGWSVDWTMRGRKYYIDENTNTTHWSHPLESGPSSG,-0.9682384438174079,0
H25F,GEDLPLPPGWSVDWTMRGRKYYIDFNTNTTHWSHPLESGPSSG,0.06410862319009603,1
H25G,GEDLPLPPGWSVDWTMRGRKYYIDGNTNTTHWSHPLESGPSSG,-0.6673068624751097,0
H25I,GEDLPLPPGWSVDWTMRGRKYYIDINTNTTHWSHPLESGPSSG,-1.3657001497980907,0
H25K,GEDLPLPPGWSVDWTMRGRKYYIDKNTNTTHWSHPLESGPSSG,-0.9703069688912043,0
H25L,GEDLPLPPGWSVDWTMRGRKYYIDLNTNTTHWSHPLESGPSSG,-0.7765394066168106,0
H25M,GEDLPLPPGWSVDWTMRGRKYYIDMNTNTTHWSHPLESGPSSG,-0.9345553738120089,0
H25N,GEDLPLPPGWSVDWTMRGRKYYIDNNTNTTHWSHPLESGPSSG,-0.40019968343389856,1
H25P,GEDLPLPPGWSVDWTMRGRKYYIDPNTNTTHWSHPLESGPSSG,-2.2405563471573804,0
H25Q,GEDLPLPPGWSVDWTMRGRKYYIDQNTNTTHWSHPLESGPSSG,-0.5957292645492885,1
H25R,GEDLPLPPGWSVDWTMRGRKYYIDRNTNTTHWSHPLESGPSSG,-0.7471553437429554,0
H25S,GEDLPLPPGWSVDWTMRGRKYYIDSNTNTTHWSHPLESGPSSG,-0.6375061954565211,0
H25T,GEDLPLPPGWSVDWTMRGRKYYIDTNTNTTHWSHPLESGPSSG,-0.8134277555591968,0
H25V,GEDLPLPPGWSVDWTMRGRKYYIDVNTNTTHWSHPLESGPSSG,-1.6926094535092477,0
H25W,GEDLPLPPGWSVDWTMRGRKYYIDWNTNTTHWSHPLESGPSSG,-0.2243068927675262,1
H25Y,GEDLPLPPGWSVDWTMRGRKYYIDYNTNTTHWSHPLESGPSSG,-0.8077352453376276,0
H31A,GEDLPLPPGWSVDWTMRGRKYYIDHNTNTTAWSHPLESGPSSG,-1.60046491248961,0
H31F,GEDLPLPPGWSVDWTMRGRKYYIDHNTNTTFWSHPLESGPSSG,-0.895796612719444,0
H31I,GEDLPLPPGWSVDWTMRGRKYYIDHNTNTTIWSHPLESGPSSG,-1.9732271868277185,0
H31K,GEDLPLPPGWSVDWTMRGRKYYIDHNTNTTKWSHPLESGPSSG,-1.643908550527035,0
H31L,GEDLPLPPGWSVDWTMRGRKYYIDHNTNTTLWSHPLESGPSSG,-1.7043146534160252,0
H31M,GEDLPLPPGWSVDWTMRGRKYYIDHNTNTTMWSHPLESGPSSG,-1.461906305932389,0
H31N,GEDLPLPPGWSVDWTMRGRKYYIDHNTNTTNWSHPLESGPSSG,-1.7679837552621225,0
H31Q,GEDLPLPPGWSVDWTMRGRKYYIDHNTNTTQWSHPLESGPSSG,-0.4786827980014874,1
H31R,GEDLPLPPGWSVDWTMRGRKYYIDHNTNTTRWSHPLESGPSSG,-0.6719086988098519,0
H31S,GEDLPLPPGWSVDWTMRGRKYYIDHNTNTTSWSHPLESGPSSG,-0.3976184578453987,1
H31T,GEDLPLPPGWSVDWTMRGRKYYIDHNTNTTTWSHPLESGPSSG,-0.8069401155227041,0
H31V,GEDLPLPPGWSVDWTMRGRKYYIDHNTNTTVWSHPLESGPSSG,-1.8394908104593983,0
H31W,GEDLPLPPGWSVDWTMRGRKYYIDHNTNTTWWSHPLESGPSSG,-0.1218793487898999,1
H31Y,GEDLPLPPGWSVDWTMRGRKYYIDHNTNTTYWSHPLESGPSSG,-0.2988334691577454,1
H34A,GEDLPLPPGWSVDWTMRGRKYYIDHNTNTTHWSAPLESGPSSG,-1.216367807018817,0
H34F,GEDLPLPPGWSVDWTMRGRKYYIDHNTNTTHWSFPLESGPSSG,-0.9797658005915708,0
H34G,GEDLPLPPGWSVDWTMRGRKYYIDHNTNTTHWSGPLESGPSSG,-2.148345374438804,0
H34I,GEDLPLPPGWSVDWTMRGRKYYIDHNTNTTHWSIPLESGPSSG,-1.0241424578592502,0
H34K,GEDLPLPPGWSVDWTMRGRKYYIDHNTNTTHWSKPLESGPSSG,-1.8477781365053283,0
H34L,GEDLPLPPGWSVDWTMRGRKYYIDHNTNTTHWSLPLESGPSSG,-0.3958706156012044,1
H34M,GEDLPLPPGWSVDWTMRGRKYYIDHNTNTTHWSMPLESGPSSG,-1.1501037529748708,0
H34N,GEDLPLPPGWSVDWTMRGRKYYIDHNTNTTHWSNPLESGPSSG,-1.3253624382418463,0
H34P,GEDLPLPPGWSVDWTMRGRKYYIDHNTNTTHWSPPLESGPSSG,-1.2037342472079364,0
H34Q,GEDLPLPPGWSVDWTMRGRKYYIDHNTNTTHWSQPLESGPSSG,-1.8982822581543608,0
H34R,GEDLPLPPGWSVDWTMRGRKYYIDHNTNTTHWSRPLESGPSSG,-1.0882942151911237,0
H34S,GEDLPLPPGWSVDWTMRGRKYYIDHNTNTTHWSSPLESGPSSG,-1.303325481163426,0
H34T,GEDLPLPPGWSVDWTMRGRKYYIDHNTNTTHWSTPLESGPSSG,-1.843263194617359,0
H34V,GEDLPLPPGWSVDWTMRGRKYYIDHNTNTTHWSVPLESGPSSG,-1.2314968827980743,0
H34W,GEDLPLPPGWSVDWTMRGRKYYIDHNTNTTHWSWPLESGPSSG,-1.1098269015041111,0
H34Y,GEDLPLPPGWSVDWTMRGRKYYIDHNTNTTHWSYPLESGPSSG,-1.012433539487854,0
I23C,GEDLPLPPGWSVDWTMRGRKYYCDHNTNTTHWSHPLESGPSSG,-1.854729610142811,0
I23F,GEDLPLPPGWSVDWTMRGRKYYFDHNTNTTHWSHPLESGPSSG,-0.7508055253553565,0
I23H,GEDLPLPPGWSVDWTMRGRKYYHDHNTNTTHWSHPLESGPSSG,-1.4664231318590948,0
I23K,GEDLPLPPGWSVDWTMRGRKYYKDHNTNTTHWSHPLESGPSSG,-1.2510025670693894,0
I23L,GEDLPLPPGWSVDWTMRGRKYYLDHNTNTTHWSHPLESGPSSG,-1.0114347345552437,0
I23M,GEDLPLPPGWSVDWTMRGRKYYMDHNTNTTHWSHPLESGPSSG,-1.1957056940573518,0
I23N,GEDLPLPPGWSVDWTMRGRKYYNDHNTNTTHWSHPLESGPSSG,-2.4381984830164174,0
I23Q,GEDLPLPPGWSVDWTMRGRKYYQDHNTNTTHWSHPLESGPSSG,-2.192887512114849,0
I23R,GEDLPLPPGWSVDWTMRGRKYYRDHNTNTTHWSHPLESGPSSG,-0.6140165342554564,1
I23S,GEDLPLPPGWSVDWTMRGRKYYSDHNTNTTHWSHPLESGPSSG,-2.114483915159449,0
I23T,GEDLPLPPGWSVDWTMRGRKYYTDHNTNTTHWSHPLESGPSSG,-0.7248775888510459,0
I23V,GEDLPLPPGWSVDWTMRGRKYYVDHNTNTTHWSHPLESGPSSG,-0.5102903246127146,1
I23W,GEDLPLPPGWSVDWTMRGRKYYWDHNTNTTHWSHPLESGPSSG,-0.8780732865525236,0
I23Y,GEDLPLPPGWSVDWTMRGRKYYYDHNTNTTHWSHPLESGPSSG,-0.5636850364230057,1
K20A,GEDLPLPPGWSVDWTMRGRAYYIDHNTNTTHWSHPLESGPSSG,-1.175809698137959,0
K20E,GEDLPLPPGWSVDWTMRGREYYIDHNTNTTHWSHPLESGPSSG,-1.7359456415088428,0
K20F,GEDLPLPPGWSVDWTMRGRFYYIDHNTNTTHWSHPLESGPSSG,-1.5118378765048572,0
K20H,GEDLPLPPGWSVDWTMRGRHYYIDHNTNTTHWSHPLESGPSSG,-2.130496787513519,0
K20I,GEDLPLPPGWSVDWTMRGRIYYIDHNTNTTHWSHPLESGPSSG,-0.2959308658273778,1
K20L,GEDLPLPPGWSVDWTMRGRLYYIDHNTNTTHWSHPLESGPSSG,-0.5832130487139235,1
K20M,GEDLPLPPGWSVDWTMRGRMYYIDHNTNTTHWSHPLESGPSSG,-0.5622242954778718,1
K20P,GEDLPLPPGWSVDWTMRGRPYYIDHNTNTTHWSHPLESGPSSG,-0.4204048104531459,1
K20Q,GEDLPLPPGWSVDWTMRGRQYYIDHNTNTTHWSHPLESGPSSG,-1.0764759341792638,0
K20R,GEDLPLPPGWSVDWTMRGRRYYIDHNTNTTHWSHPLESGPSSG,-0.4128941297894393,1
K20S,GEDLPLPPGWSVDWTMRGRSYYIDHNTNTTHWSHPLESGPSSG,-2.2427904271342465,0
K20T,GEDLPLPPGWSVDWTMRGRTYYIDHNTNTTHWSHPLESGPSSG,-1.5290679349480882,0
K20V,GEDLPLPPGWSVDWTMRGRVYYIDHNTNTTHWSHPLESGPSSG,-0.3956497991098873,1
K20W,GEDLPLPPGWSVDWTMRGRWYYIDHNTNTTHWSHPLESGPSSG,-1.4725110522492866,0
K20Y,GEDLPLPPGWSVDWTMRGRYYYIDHNTNTTHWSHPLESGPSSG,-2.0592524141221267,0
L36A,GEDLPLPPGWSVDWTMRGRKYYIDHNTNTTHWSHPAESGPSSG,-0.4046347513040125,1
L36D,GEDLPLPPGWSVDWTMRGRKYYIDHNTNTTHWSHPDESGPSSG,-0.9056584998301408,0
L36E,GEDLPLPPGWSVDWTMRGRKYYIDHNTNTTHWSHPEESGPSSG,-1.0396464350303565,0
L36F,GEDLPLPPGWSVDWTMRGRKYYIDHNTNTTHWSHPFESGPSSG,-0.2711675228869972,1
L36G,GEDLPLPPGWSVDWTMRGRKYYIDHNTNTTHWSHPGESGPSSG,-0.562909493355211,1
L36H,GEDLPLPPGWSVDWTMRGRKYYIDHNTNTTHWSHPHESGPSSG,-0.7619019143725103,0
L36I,GEDLPLPPGWSVDWTMRGRKYYIDHNTNTTHWSHPIESGPSSG,-0.9575514242286604,0
L36K,GEDLPLPPGWSVDWTMRGRKYYIDHNTNTTHWSHPKESGPSSG,-0.9849497977001842,0
L36M,GEDLPLPPGWSVDWTMRGRKYYIDHNTNTTHWSHPMESGPSSG,-0.2318961386418536,1
L36N,GEDLPLPPGWSVDWTMRGRKYYIDHNTNTTHWSHPNESGPSSG,-0.5347795028202964,1
L36P,GEDLPLPPGWSVDWTMRGRKYYIDHNTNTTHWSHPPESGPSSG,-1.1654686535058314,0
L36Q,GEDLPLPPGWSVDWTMRGRKYYIDHNTNTTHWSHPQESGPSSG,-1.0144659916735164,0
L36R,GEDLPLPPGWSVDWTMRGRKYYIDHNTNTTHWSHPRESGPSSG,-0.8077371275222096,0
L36S,GEDLPLPPGWSVDWTMRGRKYYIDHNTNTTHWSHPSESGPSSG,-0.2899830885276173,1
L36T,GEDLPLPPGWSVDWTMRGRKYYIDHNTNTTHWSHPTESGPSSG,-0.8540197500456872,0
L36V,GEDLPLPPGWSVDWTMRGRKYYIDHNTNTTHWSHPVESGPSSG,-0.970363531733906,0
L36W,GEDLPLPPGWSVDWTMRGRKYYIDHNTNTTHWSHPWESGPSSG,-0.3510144450827168,1
L36Y,GEDLPLPPGWSVDWTMRGRKYYIDHNTNTTHWSHPYESGPSSG,-0.308447146416462,1
L4A,GEDAPLPPGWSVDWTMRGRKYYIDHNTNTTHWSHPLESGPSSG,-0.1949973072511805,1
L4C,GEDCPLPPGWSVDWTMRGRKYYIDHNTNTTHWSHPLESGPSSG,-0.096471916873478,1
L4D,GEDDPLPPGWSVDWTMRGRKYYIDHNTNTTHWSHPLESGPSSG,-0.3931947051230138,1
L4E,GEDEPLPPGWSVDWTMRGRKYYIDHNTNTTHWSHPLESGPSSG,0.5958544635246119,1
L4F,GEDFPLPPGWSVDWTMRGRKYYIDHNTNTTHWSHPLESGPSSG,-0.2776161202765734,1
L4G,GEDGPLPPGWSVDWTMRGRKYYIDHNTNTTHWSHPLESGPSSG,-0.3475029552539515,1
L4H,GEDHPLPPGWSVDWTMRGRKYYIDHNTNTTHWSHPLESGPSSG,-0.4739088775511708,1
L4I,GEDIPLPPGWSVDWTMRGRKYYIDHNTNTTHWSHPLESGPSSG,-0.2323227980463649,1
L4K,GEDKPLPPGWSVDWTMRGRKYYIDHNTNTTHWSHPLESGPSSG,-0.2638978531232776,1
L4M,GEDMPLPPGWSVDWTMRGRKYYIDHNTNTTHWSHPLESGPSSG,-0.2584864938637046,1
L4N,GEDNPLPPGWSVDWTMRGRKYYIDHNTNTTHWSHPLESGPSSG,-0.4201807893663787,1
L4P,GEDPPLPPGWSVDWTMRGRKYYIDHNTNTTHWSHPLESGPSSG,0.6887748057813463,1
L4Q,GEDQPLPPGWSVDWTMRGRKYYIDHNTNTTHWSHPLESGPSSG,-0.3222258018949713,1
L4R,GEDRPLPPGWSVDWTMRGRKYYIDHNTNTTHWSHPLESGPSSG,-0.2744545315219222,1
L4S,GEDSPLPPGWSVDWTMRGRKYYIDHNTNTTHWSHPLESGPSSG,-0.3261950124967991,1
L4T,GEDTPLPPGWSVDWTMRGRKYYIDHNTNTTHWSHPLESGPSSG,-0.2025579187391535,1
L4V,GEDVPLPPGWSVDWTMRGRKYYIDHNTNTTHWSHPLESGPSSG,-0.1722873724890268,1
L4W,GEDWPLPPGWSVDWTMRGRKYYIDHNTNTTHWSHPLESGPSSG,-0.0924517598644165,1
L4Y,GEDYPLPPGWSVDWTMRGRKYYIDHNTNTTHWSHPLESGPSSG,-0.3810302567607473,1
L6D,GEDLPDPPGWSVDWTMRGRKYYIDHNTNTTHWSHPLESGPSSG,0.7680582908174547,1
L6E,GEDLPEPPGWSVDWTMRGRKYYIDHNTNTTHWSHPLESGPSSG,1.114693498047065,1
L6F,GEDLPFPPGWSVDWTMRGRKYYIDHNTNTTHWSHPLESGPSSG,-2.414530076792804,0
L6I,GEDLPIPPGWSVDWTMRGRKYYIDHNTNTTHWSHPLESGPSSG,-0.9345250241592512,0
L6K,GEDLPKPPGWSVDWTMRGRKYYIDHNTNTTHWSHPLESGPSSG,-0.9345020800481614,0
L6M,GEDLPMPPGWSVDWTMRGRKYYIDHNTNTTHWSHPLESGPSSG,-1.1104385423836096,0
L6P,GEDLPPPPGWSVDWTMRGRKYYIDHNTNTTHWSHPLESGPSSG,0.8307566790755427,1
L6Q,GEDLPQPPGWSVDWTMRGRKYYIDHNTNTTHWSHPLESGPSSG,-2.0034298511279625,0
L6R,GEDLPRPPGWSVDWTMRGRKYYIDHNTNTTHWSHPLESGPSSG,-0.65409336348686,0
L6V,GEDLPVPPGWSVDWTMRGRKYYIDHNTNTTHWSHPLESGPSSG,-1.1764248552965648,0
L6Y,GEDLPYPPGWSVDWTMRGRKYYIDHNTNTTHWSHPLESGPSSG,-2.0477443919199803,0
M16A,GEDLPLPPGWSVDWTARGRKYYIDHNTNTTHWSHPLESGPSSG,0.5524050356948538,1
M16D,GEDLPLPPGWSVDWTDRGRKYYIDHNTNTTHWSHPLESGPSSG,0.7081232976569771,1
M16E,GEDLPLPPGWSVDWTERGRKYYIDHNTNTTHWSHPLESGPSSG,0.6565087575280002,1
M16F,GEDLPLPPGWSVDWTFRGRKYYIDHNTNTTHWSHPLESGPSSG,0.0975222474776646,1
M16G,GEDLPLPPGWSVDWTGRGRKYYIDHNTNTTHWSHPLESGPSSG,-0.029744022586768,1
M16H,GEDLPLPPGWSVDWTHRGRKYYIDHNTNTTHWSHPLESGPSSG,0.2033804826146197,1
M16I,GEDLPLPPGWSVDWTIRGRKYYIDHNTNTTHWSHPLESGPSSG,0.1966658958634497,1
M16K,GEDLPLPPGWSVDWTKRGRKYYIDHNTNTTHWSHPLESGPSSG,0.6189235318024389,1
M16L,GEDLPLPPGWSVDWTLRGRKYYIDHNTNTTHWSHPLESGPSSG,0.0227052646142436,1
M16N,GEDLPLPPGWSVDWTNRGRKYYIDHNTNTTHWSHPLESGPSSG,0.1444779611083786,1
M16P,GEDLPLPPGWSVDWTPRGRKYYIDHNTNTTHWSHPLESGPSSG,1.0951662256699553,1
M16Q,GEDLPLPPGWSVDWTQRGRKYYIDHNTNTTHWSHPLESGPSSG,0.2812525516535873,1
M16R,GEDLPLPPGWSVDWTRRGRKYYIDHNTNTTHWSHPLESGPSSG,0.3645992318702598,1
M16S,GEDLPLPPGWSVDWTSRGRKYYIDHNTNTTHWSHPLESGPSSG,0.5120853245337227,1
M16T,GEDLPLPPGWSVDWTTRGRKYYIDHNTNTTHWSHPLESGPSSG,0.1979529423284785,1
M16V,GEDLPLPPGWSVDWTVRGRKYYIDHNTNTTHWSHPLESGPSSG,0.2794737912525094,1
M16W,GEDLPLPPGWSVDWTWRGRKYYIDHNTNTTHWSHPLESGPSSG,0.1802407554487983,1
M16Y,GEDLPLPPGWSVDWTYRGRKYYIDHNTNTTHWSHPLESGPSSG,0.2150297739328583,1
N26A,GEDLPLPPGWSVDWTMRGRKYYIDHATNTTHWSHPLESGPSSG,-0.6567635252045176,0
N26C,GEDLPLPPGWSVDWTMRGRKYYIDHCTNTTHWSHPLESGPSSG,-1.032243489626772,0
N26D,GEDLPLPPGWSVDWTMRGRKYYIDHDTNTTHWSHPLESGPSSG,-1.5450626554457156,0
N26E,GEDLPLPPGWSVDWTMRGRKYYIDHETNTTHWSHPLESGPSSG,-1.0551418727897846,0
N26F,GEDLPLPPGWSVDWTMRGRKYYIDHFTNTTHWSHPLESGPSSG,-0.9599615398535062,0
N26G,GEDLPLPPGWSVDWTMRGRKYYIDHGTNTTHWSHPLESGPSSG,-1.2150668601458068,0
N26H,GEDLPLPPGWSVDWTMRGRKYYIDHHTNTTHWSHPLESGPSSG,-0.8553292266626409,0
N26I,GEDLPLPPGWSVDWTMRGRKYYIDHITNTTHWSHPLESGPSSG,-0.6068314679461466,1
N26K,GEDLPLPPGWSVDWTMRGRKYYIDHKTNTTHWSHPLESGPSSG,-0.8393287093214323,0
N26L,GEDLPLPPGWSVDWTMRGRKYYIDHLTNTTHWSHPLESGPSSG,-0.6786335791022404,0
N26M,GEDLPLPPGWSVDWTMRGRKYYIDHMTNTTHWSHPLESGPSSG,-0.8448203777798653,0
N26Q,GEDLPLPPGWSVDWTMRGRKYYIDHQTNTTHWSHPLESGPSSG,-0.9736761528805196,0
N26R,GEDLPLPPGWSVDWTMRGRKYYIDHRTNTTHWSHPLESGPSSG,-0.9127015634706804,0
N26S,GEDLPLPPGWSVDWTMRGRKYYIDHSTNTTHWSHPLESGPSSG,-0.4427466617196225,1
N26T,GEDLPLPPGWSVDWTMRGRKYYIDHTTNTTHWSHPLESGPSSG,-0.4121981023387968,1
N26V,GEDLPLPPGWSVDWTMRGRKYYIDHVTNTTHWSHPLESGPSSG,-0.6722900494670687,0
N26W,GEDLPLPPGWSVDWTMRGRKYYIDHWTNTTHWSHPLESGPSSG,-1.032631387964187,0
N26Y,GEDLPLPPGWSVDWTMRGRKYYIDHYTNTTHWSHPLESGPSSG,-0.8444449964655889,0
N28A,GEDLPLPPGWSVDWTMRGRKYYIDHNTATTHWSHPLESGPSSG,-0.7715136403023066,0
N28C,GEDLPLPPGWSVDWTMRGRKYYIDHNTCTTHWSHPLESGPSSG,0.431059375421104,1
N28D,GEDLPLPPGWSVDWTMRGRKYYIDHNTDTTHWSHPLESGPSSG,-0.7451921137088635,0
N28E,GEDLPLPPGWSVDWTMRGRKYYIDHNTETTHWSHPLESGPSSG,-0.8485518467047133,0
N28F,GEDLPLPPGWSVDWTMRGRKYYIDHNTFTTHWSHPLESGPSSG,-1.3392795998331557,0
N28G,GEDLPLPPGWSVDWTMRGRKYYIDHNTGTTHWSHPLESGPSSG,0.1570342121401677,1
N28H,GEDLPLPPGWSVDWTMRGRKYYIDHNTHTTHWSHPLESGPSSG,-0.1916151725798685,1
N28I,GEDLPLPPGWSVDWTMRGRKYYIDHNTITTHWSHPLESGPSSG,-2.497313879189328,0
N28K,GEDLPLPPGWSVDWTMRGRKYYIDHNTKTTHWSHPLESGPSSG,-0.4928007870992033,1
N28L,GEDLPLPPGWSVDWTMRGRKYYIDHNTLTTHWSHPLESGPSSG,-1.1193218652229036,0
N28M,GEDLPLPPGWSVDWTMRGRKYYIDHNTMTTHWSHPLESGPSSG,-0.5215957800125202,1
N28P,GEDLPLPPGWSVDWTMRGRKYYIDHNTPTTHWSHPLESGPSSG,-2.759792515826021,0
N28Q,GEDLPLPPGWSVDWTMRGRKYYIDHNTQTTHWSHPLESGPSSG,-0.4482433834246409,1
N28R,GEDLPLPPGWSVDWTMRGRKYYIDHNTRTTHWSHPLESGPSSG,-0.6038822610762069,1
N28S,GEDLPLPPGWSVDWTMRGRKYYIDHNTSTTHWSHPLESGPSSG,-0.7963955320847966,0
N28T,GEDLPLPPGWSVDWTMRGRKYYIDHNTTTTHWSHPLESGPSSG,-1.486362160144632,0
N28V,GEDLPLPPGWSVDWTMRGRKYYIDHNTVTTHWSHPLESGPSSG,-1.930885080267123,0
N28W,GEDLPLPPGWSVDWTMRGRKYYIDHNTWTTHWSHPLESGPSSG,-1.0520963164284416,0
N28Y,GEDLPLPPGWSVDWTMRGRKYYIDHNTYTTHWSHPLESGPSSG,-1.1367590572773922,0
P35A,GEDLPLPPGWSVDWTMRGRKYYIDHNTNTTHWSHALESGPSSG,-2.5425214510425187,0
P35D,GEDLPLPPGWSVDWTMRGRKYYIDHNTNTTHWSHDLESGPSSG,-1.7355620803824756,0
P35E,GEDLPLPPGWSVDWTMRGRKYYIDHNTNTTHWSHELESGPSSG,-1.927202804589072,0
P35F,GEDLPLPPGWSVDWTMRGRKYYIDHNTNTTHWSHFLESGPSSG,-2.040403423502128,0
P35G,GEDLPLPPGWSVDWTMRGRKYYIDHNTNTTHWSHGLESGPSSG,-2.6178448547310387,0
P35H,GEDLPLPPGWSVDWTMRGRKYYIDHNTNTTHWSHHLESGPSSG,-2.522776385964373,0
P35I,GEDLPLPPGWSVDWTMRGRKYYIDHNTNTTHWSHILESGPSSG,-2.3955660244497468,0
P35K,GEDLPLPPGWSVDWTMRGRKYYIDHNTNTTHWSHKLESGPSSG,-2.209642965401243,0
P35N,GEDLPLPPGWSVDWTMRGRKYYIDHNTNTTHWSHNLESGPSSG,-2.863910745013943,0
P35Q,GEDLPLPPGWSVDWTMRGRKYYIDHNTNTTHWSHQLESGPSSG,-2.0633791270372983,0
P35R,GEDLPLPPGWSVDWTMRGRKYYIDHNTNTTHWSHRLESGPSSG,-2.4277868716005147,0
P35S,GEDLPLPPGWSVDWTMRGRKYYIDHNTNTTHWSHSLESGPSSG,-2.3285652144620324,0
P35T,GEDLPLPPGWSVDWTMRGRKYYIDHNTNTTHWSHTLESGPSSG,-2.107797713780928,0
P35V,GEDLPLPPGWSVDWTMRGRKYYIDHNTNTTHWSHVLESGPSSG,-2.387169348565825,0
P35W,GEDLPLPPGWSVDWTMRGRKYYIDHNTNTTHWSHWLESGPSSG,-1.9955089237171804,0
P35Y,GEDLPLPPGWSVDWTMRGRKYYIDHNTNTTHWSHYLESGPSSG,-2.3982419346973565,0
P40A,GEDLPLPPGWSVDWTMRGRKYYIDHNTNTTHWSHPLESGASSG,-0.0044230461912193,1
P40D,GEDLPLPPGWSVDWTMRGRKYYIDHNTNTTHWSHPLESGDSSG,-0.0593719289525864,1
P40E,GEDLPLPPGWSVDWTMRGRKYYIDHNTNTTHWSHPLESGESSG,-0.169343642264661,1
P40F,GEDLPLPPGWSVDWTMRGRKYYIDHNTNTTHWSHPLESGFSSG,0.0143833435140439,1
P40G,GEDLPLPPGWSVDWTMRGRKYYIDHNTNTTHWSHPLESGGSSG,0.0416888085114275,1
P40H,GEDLPLPPGWSVDWTMRGRKYYIDHNTNTTHWSHPLESGHSSG,-0.1143342405848784,1
P40I,GEDLPLPPGWSVDWTMRGRKYYIDHNTNTTHWSHPLESGISSG,-0.0335082145103811,1
P40K,GEDLPLPPGWSVDWTMRGRKYYIDHNTNTTHWSHPLESGKSSG,-0.0731031288625503,1
P40L,GEDLPLPPGWSVDWTMRGRKYYIDHNTNTTHWSHPLESGLSSG,-0.0242701801165448,1
P40M,GEDLPLPPGWSVDWTMRGRKYYIDHNTNTTHWSHPLESGMSSG,0.0649421292588336,1
P40N,GEDLPLPPGWSVDWTMRGRKYYIDHNTNTTHWSHPLESGNSSG,-0.0440187407145273,1
P40Q,GEDLPLPPGWSVDWTMRGRKYYIDHNTNTTHWSHPLESGQSSG,-0.0124712221648413,1
P40R,GEDLPLPPGWSVDWTMRGRKYYIDHNTNTTHWSHPLESGRSSG,-0.3163664030068776,1
P40S,GEDLPLPPGWSVDWTMRGRKYYIDHNTNTTHWSHPLESGSSSG,0.0302193636080356,1
P40T,GEDLPLPPGWSVDWTMRGRKYYIDHNTNTTHWSHPLESGTSSG,0.0021902917903784,1
P40V,GEDLPLPPGWSVDWTMRGRKYYIDHNTNTTHWSHPLESGVSSG,0.0037821314367032,1
P40W,GEDLPLPPGWSVDWTMRGRKYYIDHNTNTTHWSHPLESGWSSG,-0.0619080827972085,1
P40Y,GEDLPLPPGWSVDWTMRGRKYYIDHNTNTTHWSHPLESGYSSG,-0.0637275634305121,1
P5A,GEDLALPPGWSVDWTMRGRKYYIDHNTNTTHWSHPLESGPSSG,-0.11301451236353,1
P5D,GEDLDLPPGWSVDWTMRGRKYYIDHNTNTTHWSHPLESGPSSG,0.6234043606149833,1
P5E,GEDLELPPGWSVDWTMRGRKYYIDHNTNTTHWSHPLESGPSSG,0.0412098033188066,1
P5F,GEDLFLPPGWSVDWTMRGRKYYIDHNTNTTHWSHPLESGPSSG,-0.7064964603549462,0
P5G,GEDLGLPPGWSVDWTMRGRKYYIDHNTNTTHWSHPLESGPSSG,-0.4076744557112455,1
P5H,GEDLHLPPGWSVDWTMRGRKYYIDHNTNTTHWSHPLESGPSSG,-0.3669617988196805,1
P5I,GEDLILPPGWSVDWTMRGRKYYIDHNTNTTHWSHPLESGPSSG,-0.7051626561405016,0
P5K,GEDLKLPPGWSVDWTMRGRKYYIDHNTNTTHWSHPLESGPSSG,-0.617290164827456,1
P5L,GEDLLLPPGWSVDWTMRGRKYYIDHNTNTTHWSHPLESGPSSG,-0.2473321716405967,1
P5M,GEDLMLPPGWSVDWTMRGRKYYIDHNTNTTHWSHPLESGPSSG,-0.4975136074467265,1
P5N,GEDLNLPPGWSVDWTMRGRKYYIDHNTNTTHWSHPLESGPSSG,-0.2796418997652976,1
P5Q,GEDLQLPPGWSVDWTMRGRKYYIDHNTNTTHWSHPLESGPSSG,-0.4361386202156698,1
P5R,GEDLRLPPGWSVDWTMRGRKYYIDHNTNTTHWSHPLESGPSSG,-0.4882076030997193,1
P5S,GEDLSLPPGWSVDWTMRGRKYYIDHNTNTTHWSHPLESGPSSG,-0.2979171462938061,1
P5T,GEDLTLPPGWSVDWTMRGRKYYIDHNTNTTHWSHPLESGPSSG,-0.3935272483619667,1
P5V,GEDLVLPPGWSVDWTMRGRKYYIDHNTNTTHWSHPLESGPSSG,-0.5055600905399253,1
P5W,GEDLWLPPGWSVDWTMRGRKYYIDHNTNTTHWSHPLESGPSSG,-0.1742754076089583,1
P5Y,GEDLYLPPGWSVDWTMRGRKYYIDHNTNTTHWSHPLESGPSSG,-0.5474891705214029,1
P7A,GEDLPLAPGWSVDWTMRGRKYYIDHNTNTTHWSHPLESGPSSG,-2.757758471934925,0
P7E,GEDLPLEPGWSVDWTMRGRKYYIDHNTNTTHWSHPLESGPSSG,-2.736355677921283,0
P7L,GEDLPLLPGWSVDWTMRGRKYYIDHNTNTTHWSHPLESGPSSG,-2.060429117770961,0
P7W,GEDLPLWPGWSVDWTMRGRKYYIDHNTNTTHWSHPLESGPSSG,-2.574435337393839,0
P8A,GEDLPLPAGWSVDWTMRGRKYYIDHNTNTTHWSHPLESGPSSG,-0.2541638072137875,1
P8D,GEDLPLPDGWSVDWTMRGRKYYIDHNTNTTHWSHPLESGPSSG,-0.3732895540766887,1
P8E,GEDLPLPEGWSVDWTMRGRKYYIDHNTNTTHWSHPLESGPSSG,-0.3884064987253239,1
P8F,GEDLPLPFGWSVDWTMRGRKYYIDHNTNTTHWSHPLESGPSSG,-0.5270431624000589,1
P8G,GEDLPLPGGWSVDWTMRGRKYYIDHNTNTTHWSHPLESGPSSG,-1.3764148613398732,0
P8H,GEDLPLPHGWSVDWTMRGRKYYIDHNTNTTHWSHPLESGPSSG,-0.6695383482978639,0
P8I,GEDLPLPIGWSVDWTMRGRKYYIDHNTNTTHWSHPLESGPSSG,-0.7023710030849475,0
P8K,GEDLPLPKGWSVDWTMRGRKYYIDHNTNTTHWSHPLESGPSSG,-0.5383177090361153,1
P8L,GEDLPLPLGWSVDWTMRGRKYYIDHNTNTTHWSHPLESGPSSG,-0.5863080607937143,1
P8M,GEDLPLPMGWSVDWTMRGRKYYIDHNTNTTHWSHPLESGPSSG,-0.6241052633877653,1
P8N,GEDLPLPNGWSVDWTMRGRKYYIDHNTNTTHWSHPLESGPSSG,-0.7262806537933042,0
P8Q,GEDLPLPQGWSVDWTMRGRKYYIDHNTNTTHWSHPLESGPSSG,-0.6056784460843627,1
P8R,GEDLPLPRGWSVDWTMRGRKYYIDHNTNTTHWSHPLESGPSSG,-0.8806145193103216,0
P8S,GEDLPLPSGWSVDWTMRGRKYYIDHNTNTTHWSHPLESGPSSG,-0.5910045321725783,1
P8T,GEDLPLPTGWSVDWTMRGRKYYIDHNTNTTHWSHPLESGPSSG,-0.6778295634235272,0
P8V,GEDLPLPVGWSVDWTMRGRKYYIDHNTNTTHWSHPLESGPSSG,-0.7550043273091191,0
P8W,GEDLPLPWGWSVDWTMRGRKYYIDHNTNTTHWSHPLESGPSSG,-0.6774502650758161,0
P8Y,GEDLPLPYGWSVDWTMRGRKYYIDHNTNTTHWSHPLESGPSSG,-0.5719380337516038,1
R17A,GEDLPLPPGWSVDWTMAGRKYYIDHNTNTTHWSHPLESGPSSG,0.6537508334845976,1
R17D,GEDLPLPPGWSVDWTMDGRKYYIDHNTNTTHWSHPLESGPSSG,1.947947492727288,1
R17E,GEDLPLPPGWSVDWTMEGRKYYIDHNTNTTHWSHPLESGPSSG,1.2304264437191368,1
R17F,GEDLPLPPGWSVDWTMFGRKYYIDHNTNTTHWSHPLESGPSSG,0.2557738246845205,1
R17G,GEDLPLPPGWSVDWTMGGRKYYIDHNTNTTHWSHPLESGPSSG,0.8073643069136456,1
R17H,GEDLPLPPGWSVDWTMHGRKYYIDHNTNTTHWSHPLESGPSSG,0.4450596724188818,1
R17I,GEDLPLPPGWSVDWTMIGRKYYIDHNTNTTHWSHPLESGPSSG,-0.5483414356866951,1
R17K,GEDLPLPPGWSVDWTMKGRKYYIDHNTNTTHWSHPLESGPSSG,0.1350833637628901,1
R17L,GEDLPLPPGWSVDWTMLGRKYYIDHNTNTTHWSHPLESGPSSG,0.2088361956059123,1
R17M,GEDLPLPPGWSVDWTMMGRKYYIDHNTNTTHWSHPLESGPSSG,0.2673938750895674,1
R17N,GEDLPLPPGWSVDWTMNGRKYYIDHNTNTTHWSHPLESGPSSG,0.8239369992808936,1
R17P,GEDLPLPPGWSVDWTMPGRKYYIDHNTNTTHWSHPLESGPSSG,-1.3837234896072528,0
R17Q,GEDLPLPPGWSVDWTMQGRKYYIDHNTNTTHWSHPLESGPSSG,0.6330914269321284,1
R17S,GEDLPLPPGWSVDWTMSGRKYYIDHNTNTTHWSHPLESGPSSG,0.9575874185866068,1
R17T,GEDLPLPPGWSVDWTMTGRKYYIDHNTNTTHWSHPLESGPSSG,0.8692011657905494,1
R17V,GEDLPLPPGWSVDWTMVGRKYYIDHNTNTTHWSHPLESGPSSG,-0.458841768423998,1
R17W,GEDLPLPPGWSVDWTMWGRKYYIDHNTNTTHWSHPLESGPSSG,0.4016003460138149,1
R17Y,GEDLPLPPGWSVDWTMYGRKYYIDHNTNTTHWSHPLESGPSSG,0.5480627561591438,1
R19A,GEDLPLPPGWSVDWTMRGAKYYIDHNTNTTHWSHPLESGPSSG,-0.6558329128481362,0
R19C,GEDLPLPPGWSVDWTMRGCKYYIDHNTNTTHWSHPLESGPSSG,0.5222934140677953,1
R19D,GEDLPLPPGWSVDWTMRGDKYYIDHNTNTTHWSHPLESGPSSG,-0.2170710159192512,1
R19E,GEDLPLPPGWSVDWTMRGEKYYIDHNTNTTHWSHPLESGPSSG,0.2034519871395497,1
R19F,GEDLPLPPGWSVDWTMRGFKYYIDHNTNTTHWSHPLESGPSSG,-0.0579380872437624,1
R19G,GEDLPLPPGWSVDWTMRGGKYYIDHNTNTTHWSHPLESGPSSG,-1.211998580415301,0
R19H,GEDLPLPPGWSVDWTMRGHKYYIDHNTNTTHWSHPLESGPSSG,0.1288857483919818,1
R19I,GEDLPLPPGWSVDWTMRGIKYYIDHNTNTTHWSHPLESGPSSG,0.109256772121224,1
R19K,GEDLPLPPGWSVDWTMRGKKYYIDHNTNTTHWSHPLESGPSSG,-0.1825279520541445,1
R19L,GEDLPLPPGWSVDWTMRGLKYYIDHNTNTTHWSHPLESGPSSG,-0.2791940044726273,1
R19M,GEDLPLPPGWSVDWTMRGMKYYIDHNTNTTHWSHPLESGPSSG,-0.3029696483908626,1
R19N,GEDLPLPPGWSVDWTMRGNKYYIDHNTNTTHWSHPLESGPSSG,-0.5640881894370298,1
R19Q,GEDLPLPPGWSVDWTMRGQKYYIDHNTNTTHWSHPLESGPSSG,0.0063735662784816,1
R19S,GEDLPLPPGWSVDWTMRGSKYYIDHNTNTTHWSHPLESGPSSG,-0.8721963107082786,0
R19T,GEDLPLPPGWSVDWTMRGTKYYIDHNTNTTHWSHPLESGPSSG,-0.1428375296890931,1
R19V,GEDLPLPPGWSVDWTMRGVKYYIDHNTNTTHWSHPLESGPSSG,0.0128342153062535,1
R19W,GEDLPLPPGWSVDWTMRGWKYYIDHNTNTTHWSHPLESGPSSG,-0.3004627426618584,1
R19Y,GEDLPLPPGWSVDWTMRGYKYYIDHNTNTTHWSHPLESGPSSG,-0.1356448137339039,1
S11A,GEDLPLPPGWAVDWTMRGRKYYIDHNTNTTHWSHPLESGPSSG,-0.45520147398195476,1
S11A:H25A,GEDLPLPPGWAVDWTMRGRKYYIDANTNTTHWSHPLESGPSSG,-1.314425997292428,0
S11A:H25C,GEDLPLPPGWAVDWTMRGRKYYIDCNTNTTHWSHPLESGPSSG,-0.2415446654914059,1
S11A:H25E,GEDLPLPPGWAVDWTMRGRKYYIDENTNTTHWSHPLESGPSSG,-1.5253095130462628,0
S11A:H25F,GEDLPLPPGWAVDWTMRGRKYYIDFNTNTTHWSHPLESGPSSG,-0.2297826579496764,1
S11A:H25G,GEDLPLPPGWAVDWTMRGRKYYIDGNTNTTHWSHPLESGPSSG,-1.0827655784260093,0
S11A:H25I,GEDLPLPPGWAVDWTMRGRKYYIDINTNTTHWSHPLESGPSSG,-0.8843461101130314,0
S11A:H25K,GEDLPLPPGWAVDWTMRGRKYYIDKNTNTTHWSHPLESGPSSG,-0.9762906234071016,0
S11A:H25L,GEDLPLPPGWAVDWTMRGRKYYIDLNTNTTHWSHPLESGPSSG,-0.4842510985238586,1
S11A:H25M,GEDLPLPPGWAVDWTMRGRKYYIDMNTNTTHWSHPLESGPSSG,-0.7992554066292687,0
S11A:H25N,GEDLPLPPGWAVDWTMRGRKYYIDNNTNTTHWSHPLESGPSSG,-0.7188849300700293,0
S11A:H25Q,GEDLPLPPGWAVDWTMRGRKYYIDQNTNTTHWSHPLESGPSSG,-1.2410693878255956,0
S11A:H25R,GEDLPLPPGWAVDWTMRGRKYYIDRNTNTTHWSHPLESGPSSG,-0.7108997728875008,0
S11A:H25S,GEDLPLPPGWAVDWTMRGRKYYIDSNTNTTHWSHPLESGPSSG,-0.8697874029660375,0
S11A:H25T,GEDLPLPPGWAVDWTMRGRKYYIDTNTNTTHWSHPLESGPSSG,-0.6374969524052954,0
S11A:H25V,GEDLPLPPGWAVDWTMRGRKYYIDVNTNTTHWSHPLESGPSSG,-1.867302763277257,0
S11A:H25Y,GEDLPLPPGWAVDWTMRGRKYYIDYNTNTTHWSHPLESGPSSG,-0.328157642300386,1
S11C,GEDLPLPPGWCVDWTMRGRKYYIDHNTNTTHWSHPLESGPSSG,0.4456097034359543,1
S11C:H25L,GEDLPLPPGWCVDWTMRGRKYYIDLNTNTTHWSHPLESGPSSG,0.650572519415664,1
S11D,GEDLPLPPGWDVDWTMRGRKYYIDHNTNTTHWSHPLESGPSSG,-0.7188195369992445,0
S11D:H25A,GEDLPLPPGWDVDWTMRGRKYYIDANTNTTHWSHPLESGPSSG,-1.1580753416293013,0
S11D:H25D,GEDLPLPPGWDVDWTMRGRKYYIDDNTNTTHWSHPLESGPSSG,-2.5206845705750736,0
S11D:H25E,GEDLPLPPGWDVDWTMRGRKYYIDENTNTTHWSHPLESGPSSG,-1.5614672102413756,0
S11D:H25G,GEDLPLPPGWDVDWTMRGRKYYIDGNTNTTHWSHPLESGPSSG,-1.1580433663289376,0
S11D:H25I,GEDLPLPPGWDVDWTMRGRKYYIDINTNTTHWSHPLESGPSSG,-1.3843183492839777,0
S11D:H25K,GEDLPLPPGWDVDWTMRGRKYYIDKNTNTTHWSHPLESGPSSG,-0.8282158795504129,0
S11D:H25L,GEDLPLPPGWDVDWTMRGRKYYIDLNTNTTHWSHPLESGPSSG,-1.1010191892054726,0
S11D:H25P,GEDLPLPPGWDVDWTMRGRKYYIDPNTNTTHWSHPLESGPSSG,-2.0062371084745982,0
S11D:H25Q,GEDLPLPPGWDVDWTMRGRKYYIDQNTNTTHWSHPLESGPSSG,-1.377544485229774,0
S11D:H25R,GEDLPLPPGWDVDWTMRGRKYYIDRNTNTTHWSHPLESGPSSG,-0.5664026434060425,1
S11D:H25S,GEDLPLPPGWDVDWTMRGRKYYIDSNTNTTHWSHPLESGPSSG,-0.9324665069015672,0
S11D:H25T,GEDLPLPPGWDVDWTMRGRKYYIDTNTNTTHWSHPLESGPSSG,-1.062333256619118,0
S11D:H25V,GEDLPLPPGWDVDWTMRGRKYYIDVNTNTTHWSHPLESGPSSG,-1.589365264819788,0
S11D:H25W,GEDLPLPPGWDVDWTMRGRKYYIDWNTNTTHWSHPLESGPSSG,-0.7180468823813333,0
S11D:H25Y,GEDLPLPPGWDVDWTMRGRKYYIDYNTNTTHWSHPLESGPSSG,-0.5728408595396823,1
S11E,GEDLPLPPGWEVDWTMRGRKYYIDHNTNTTHWSHPLESGPSSG,-0.3440169745691639,1
S11E:H25A,GEDLPLPPGWEVDWTMRGRKYYIDANTNTTHWSHPLESGPSSG,-1.792954880291106,0
S11E:H25D,GEDLPLPPGWEVDWTMRGRKYYIDDNTNTTHWSHPLESGPSSG,-0.7431223130436515,0
S11E:H25E,GEDLPLPPGWEVDWTMRGRKYYIDENTNTTHWSHPLESGPSSG,-1.240707201881896,0
S11E:H25F,GEDLPLPPGWEVDWTMRGRKYYIDFNTNTTHWSHPLESGPSSG,-0.2380004104061475,1
S11E:H25G,GEDLPLPPGWEVDWTMRGRKYYIDGNTNTTHWSHPLESGPSSG,-1.0625598958117786,0
S11E:H25I,GEDLPLPPGWEVDWTMRGRKYYIDINTNTTHWSHPLESGPSSG,-1.1168711661597497,0
S11E:H25K,GEDLPLPPGWEVDWTMRGRKYYIDKNTNTTHWSHPLESGPSSG,0.518096501664542,1
S11E:H25L,GEDLPLPPGWEVDWTMRGRKYYIDLNTNTTHWSHPLESGPSSG,-0.4723389423838371,1
S11E:H25M,GEDLPLPPGWEVDWTMRGRKYYIDMNTNTTHWSHPLESGPSSG,-0.7908997117221943,0
S11E:H25N,GEDLPLPPGWEVDWTMRGRKYYIDNNTNTTHWSHPLESGPSSG,-0.7606741742692196,0
S11E:H25P,GEDLPLPPGWEVDWTMRGRKYYIDPNTNTTHWSHPLESGPSSG,-1.473647163114131,0
S11E:H25Q,GEDLPLPPGWEVDWTMRGRKYYIDQNTNTTHWSHPLESGPSSG,-1.349643186224199,0
S11E:H25R,GEDLPLPPGWEVDWTMRGRKYYIDRNTNTTHWSHPLESGPSSG,-0.4787396330168567,1
S11E:H25S,GEDLPLPPGWEVDWTMRGRKYYIDSNTNTTHWSHPLESGPSSG,-0.9589766227847538,0
S11E:H25T,GEDLPLPPGWEVDWTMRGRKYYIDTNTNTTHWSHPLESGPSSG,0.0074164390481328,1
S11E:H25V,GEDLPLPPGWEVDWTMRGRKYYIDVNTNTTHWSHPLESGPSSG,-1.228036411166166,0
S11E:H25W,GEDLPLPPGWEVDWTMRGRKYYIDWNTNTTHWSHPLESGPSSG,-0.3392867459350983,1
S11E:H25Y,GEDLPLPPGWEVDWTMRGRKYYIDYNTNTTHWSHPLESGPSSG,-0.9022882265680494,0
S11F,GEDLPLPPGWFVDWTMRGRKYYIDHNTNTTHWSHPLESGPSSG,-1.19977151254407,0
S11F:H25A,GEDLPLPPGWFVDWTMRGRKYYIDANTNTTHWSHPLESGPSSG,-0.1503600328512448,1
S11F:H25D,GEDLPLPPGWFVDWTMRGRKYYIDDNTNTTHWSHPLESGPSSG,-1.9841243336932408,0
S11F:H25E,GEDLPLPPGWFVDWTMRGRKYYIDENTNTTHWSHPLESGPSSG,-0.8362500754951336,0
S11F:H25G,GEDLPLPPGWFVDWTMRGRKYYIDGNTNTTHWSHPLESGPSSG,-0.1942620139986637,1
S11F:H25I,GEDLPLPPGWFVDWTMRGRKYYIDINTNTTHWSHPLESGPSSG,-0.8665627988072566,0
S11F:H25K,GEDLPLPPGWFVDWTMRGRKYYIDKNTNTTHWSHPLESGPSSG,-0.5983295176446073,1
S11F:H25L,GEDLPLPPGWFVDWTMRGRKYYIDLNTNTTHWSHPLESGPSSG,-0.1634461678996794,1
S11F:H25M,GEDLPLPPGWFVDWTMRGRKYYIDMNTNTTHWSHPLESGPSSG,-0.342084760461387,1
S11F:H25N,GEDLPLPPGWFVDWTMRGRKYYIDNNTNTTHWSHPLESGPSSG,-1.353956872223418,0
S11F:H25P,GEDLPLPPGWFVDWTMRGRKYYIDPNTNTTHWSHPLESGPSSG,-2.0563127819882463,0
S11F:H25Q,GEDLPLPPGWFVDWTMRGRKYYIDQNTNTTHWSHPLESGPSSG,-0.8341232594531343,0
S11F:H25R,GEDLPLPPGWFVDWTMRGRKYYIDRNTNTTHWSHPLESGPSSG,-0.6193717965169647,1
S11F:H25S,GEDLPLPPGWFVDWTMRGRKYYIDSNTNTTHWSHPLESGPSSG,-0.3936027607186232,1
S11F:H25T,GEDLPLPPGWFVDWTMRGRKYYIDTNTNTTHWSHPLESGPSSG,-0.0849118827515531,1
S11F:H25V,GEDLPLPPGWFVDWTMRGRKYYIDVNTNTTHWSHPLESGPSSG,-1.1343939680701722,0
S11F:H25W,GEDLPLPPGWFVDWTMRGRKYYIDWNTNTTHWSHPLESGPSSG,-0.9076842812345226,0
S11F:H25Y,GEDLPLPPGWFVDWTMRGRKYYIDYNTNTTHWSHPLESGPSSG,-0.9728395550353932,0
S11G,GEDLPLPPGWGVDWTMRGRKYYIDHNTNTTHWSHPLESGPSSG,-0.9928441658639785,0
S11G:H25A,GEDLPLPPGWGVDWTMRGRKYYIDANTNTTHWSHPLESGPSSG,-2.2243332808028784,0
S11G:H25F,GEDLPLPPGWGVDWTMRGRKYYIDFNTNTTHWSHPLESGPSSG,0.3987687658090377,1
S11G:H25L,GEDLPLPPGWGVDWTMRGRKYYIDLNTNTTHWSHPLESGPSSG,-0.7392618542121565,0
S11G:H25M,GEDLPLPPGWGVDWTMRGRKYYIDMNTNTTHWSHPLESGPSSG,-0.7246466528614388,0
S11G:H25P,GEDLPLPPGWGVDWTMRGRKYYIDPNTNTTHWSHPLESGPSSG,-2.03675652886042,0
S11G:H25Q,GEDLPLPPGWGVDWTMRGRKYYIDQNTNTTHWSHPLESGPSSG,-0.8686637222313047,0
S11G:H25R,GEDLPLPPGWGVDWTMRGRKYYIDRNTNTTHWSHPLESGPSSG,-0.976752905835914,0
S11G:H25S,GEDLPLPPGWGVDWTMRGRKYYIDSNTNTTHWSHPLESGPSSG,-1.632354261342541,0
S11G:H25T,GEDLPLPPGWGVDWTMRGRKYYIDTNTNTTHWSHPLESGPSSG,-1.352008623932217,0
S11G:H25V,GEDLPLPPGWGVDWTMRGRKYYIDVNTNTTHWSHPLESGPSSG,-2.351479248382619,0
S11G:H25W,GEDLPLPPGWGVDWTMRGRKYYIDWNTNTTHWSHPLESGPSSG,-0.7056784450137916,0
S11H,GEDLPLPPGWHVDWTMRGRKYYIDHNTNTTHWSHPLESGPSSG,-1.0289701803437894,0
S11H:H25A,GEDLPLPPGWHVDWTMRGRKYYIDANTNTTHWSHPLESGPSSG,-1.0109937602689645,0
S11H:H25D,GEDLPLPPGWHVDWTMRGRKYYIDDNTNTTHWSHPLESGPSSG,-0.99115707406907,0
S11H:H25E,GEDLPLPPGWHVDWTMRGRKYYIDENTNTTHWSHPLESGPSSG,-0.7479158291033596,0
S11H:H25F,GEDLPLPPGWHVDWTMRGRKYYIDFNTNTTHWSHPLESGPSSG,-0.8328627355065643,0
S11H:H25G,GEDLPLPPGWHVDWTMRGRKYYIDGNTNTTHWSHPLESGPSSG,-0.6459822670507056,0
S11H:H25I,GEDLPLPPGWHVDWTMRGRKYYIDINTNTTHWSHPLESGPSSG,-1.4674803933183993,0
S11H:H25L,GEDLPLPPGWHVDWTMRGRKYYIDLNTNTTHWSHPLESGPSSG,-0.5856619379263386,1
S11H:H25M,GEDLPLPPGWHVDWTMRGRKYYIDMNTNTTHWSHPLESGPSSG,-0.9399989974131926,0
S11H:H25N,GEDLPLPPGWHVDWTMRGRKYYIDNNTNTTHWSHPLESGPSSG,-1.1951541499587293,0
S11H:H25P,GEDLPLPPGWHVDWTMRGRKYYIDPNTNTTHWSHPLESGPSSG,-1.6996689879286837,0
S11H:H25S,GEDLPLPPGWHVDWTMRGRKYYIDSNTNTTHWSHPLESGPSSG,-0.6140545554903014,1
S11H:H25T,GEDLPLPPGWHVDWTMRGRKYYIDTNTNTTHWSHPLESGPSSG,-0.5527007771924575,1
S11H:H25V,GEDLPLPPGWHVDWTMRGRKYYIDVNTNTTHWSHPLESGPSSG,-0.8484775030021954,0
S11H:H25W,GEDLPLPPGWHVDWTMRGRKYYIDWNTNTTHWSHPLESGPSSG,-0.4326019163392598,1
S11H:H25Y,GEDLPLPPGWHVDWTMRGRKYYIDYNTNTTHWSHPLESGPSSG,-0.8807208543248156,0
S11I,GEDLPLPPGWIVDWTMRGRKYYIDHNTNTTHWSHPLESGPSSG,-0.9988754703997593,0
S11I:H25A,GEDLPLPPGWIVDWTMRGRKYYIDANTNTTHWSHPLESGPSSG,-0.7812641383004506,0
S11I:H25D,GEDLPLPPGWIVDWTMRGRKYYIDDNTNTTHWSHPLESGPSSG,-1.9581679403191352,0
S11I:H25E,GEDLPLPPGWIVDWTMRGRKYYIDENTNTTHWSHPLESGPSSG,-0.6286509171335921,0
S11I:H25F,GEDLPLPPGWIVDWTMRGRKYYIDFNTNTTHWSHPLESGPSSG,-0.8724112445647558,0
S11I:H25G,GEDLPLPPGWIVDWTMRGRKYYIDGNTNTTHWSHPLESGPSSG,-0.793762036561914,0
S11I:H25K,GEDLPLPPGWIVDWTMRGRKYYIDKNTNTTHWSHPLESGPSSG,-0.5491778517242729,1
S11I:H25L,GEDLPLPPGWIVDWTMRGRKYYIDLNTNTTHWSHPLESGPSSG,-0.0294489162957896,1
S11I:H25M,GEDLPLPPGWIVDWTMRGRKYYIDMNTNTTHWSHPLESGPSSG,-0.2267564139517814,1
S11I:H25N,GEDLPLPPGWIVDWTMRGRKYYIDNNTNTTHWSHPLESGPSSG,-0.8713646730252882,0
S11I:H25P,GEDLPLPPGWIVDWTMRGRKYYIDPNTNTTHWSHPLESGPSSG,-1.4971917421263723,0
S11I:H25Q,GEDLPLPPGWIVDWTMRGRKYYIDQNTNTTHWSHPLESGPSSG,-0.2413686041991167,1
S11I:H25R,GEDLPLPPGWIVDWTMRGRKYYIDRNTNTTHWSHPLESGPSSG,-0.8266678847757989,0
S11I:H25S,GEDLPLPPGWIVDWTMRGRKYYIDSNTNTTHWSHPLESGPSSG,-0.910798535461813,0
S11I:H25T,GEDLPLPPGWIVDWTMRGRKYYIDTNTNTTHWSHPLESGPSSG,0.10075906015626,1
S11I:H25V,GEDLPLPPGWIVDWTMRGRKYYIDVNTNTTHWSHPLESGPSSG,-0.5077709632960707,1
S11I:H25W,GEDLPLPPGWIVDWTMRGRKYYIDWNTNTTHWSHPLESGPSSG,-1.0803191670192696,0
S11I:H25Y,GEDLPLPPGWIVDWTMRGRKYYIDYNTNTTHWSHPLESGPSSG,-0.8187441294375963,0
S11K,GEDLPLPPGWKVDWTMRGRKYYIDHNTNTTHWSHPLESGPSSG,-0.9635577421216931,0
S11K:H25A,GEDLPLPPGWKVDWTMRGRKYYIDANTNTTHWSHPLESGPSSG,-0.5667420398558678,1
S11K:H25C,GEDLPLPPGWKVDWTMRGRKYYIDCNTNTTHWSHPLESGPSSG,0.6715897450662311,1
S11K:H25D,GEDLPLPPGWKVDWTMRGRKYYIDDNTNTTHWSHPLESGPSSG,-1.0293263552309666,0
S11K:H25E,GEDLPLPPGWKVDWTMRGRKYYIDENTNTTHWSHPLESGPSSG,-0.1973443319095318,1
S11K:H25F,GEDLPLPPGWKVDWTMRGRKYYIDFNTNTTHWSHPLESGPSSG,-0.2628946126347082,1
S11K:H25G,GEDLPLPPGWKVDWTMRGRKYYIDGNTNTTHWSHPLESGPSSG,-0.3939441039863209,1
S11K:H25I,GEDLPLPPGWKVDWTMRGRKYYIDINTNTTHWSHPLESGPSSG,-0.5859306688389725,1
S11K:H25L,GEDLPLPPGWKVDWTMRGRKYYIDLNTNTTHWSHPLESGPSSG,-0.2698173053430013,1
S11K:H25M,GEDLPLPPGWKVDWTMRGRKYYIDMNTNTTHWSHPLESGPSSG,-0.1159317862423094,1
S11K:H25N,GEDLPLPPGWKVDWTMRGRKYYIDNNTNTTHWSHPLESGPSSG,-0.9557658622856906,0
S11K:H25P,GEDLPLPPGWKVDWTMRGRKYYIDPNTNTTHWSHPLESGPSSG,-1.119090398817007,0
S11K:H25Q,GEDLPLPPGWKVDWTMRGRKYYIDQNTNTTHWSHPLESGPSSG,-0.603833155726863,1
S11K:H25R,GEDLPLPPGWKVDWTMRGRKYYIDRNTNTTHWSHPLESGPSSG,-1.0571252017758603,0
S11K:H25S,GEDLPLPPGWKVDWTMRGRKYYIDSNTNTTHWSHPLESGPSSG,-0.7555070105424082,0
S11K:H25T,GEDLPLPPGWKVDWTMRGRKYYIDTNTNTTHWSHPLESGPSSG,-0.1168329337455544,1
S11K:H25V,GEDLPLPPGWKVDWTMRGRKYYIDVNTNTTHWSHPLESGPSSG,-0.615199158388662,1
S11K:H25W,GEDLPLPPGWKVDWTMRGRKYYIDWNTNTTHWSHPLESGPSSG,-0.5123965884455575,1
S11K:H25Y,GEDLPLPPGWKVDWTMRGRKYYIDYNTNTTHWSHPLESGPSSG,-0.5433640974206446,1
S11L,GEDLPLPPGWLVDWTMRGRKYYIDHNTNTTHWSHPLESGPSSG,-1.7248242971643148,0
S11L:H25D,GEDLPLPPGWLVDWTMRGRKYYIDDNTNTTHWSHPLESGPSSG,-1.8318979439130807,0
S11L:H25E,GEDLPLPPGWLVDWTMRGRKYYIDENTNTTHWSHPLESGPSSG,-0.7064055282853754,0
S11L:H25F,GEDLPLPPGWLVDWTMRGRKYYIDFNTNTTHWSHPLESGPSSG,-0.9418799952287552,0
S11L:H25G,GEDLPLPPGWLVDWTMRGRKYYIDGNTNTTHWSHPLESGPSSG,-0.8638978543077405,0
S11L:H25I,GEDLPLPPGWLVDWTMRGRKYYIDINTNTTHWSHPLESGPSSG,-0.7998591111375366,0
S11L:H25K,GEDLPLPPGWLVDWTMRGRKYYIDKNTNTTHWSHPLESGPSSG,-0.9534601421817968,0
S11L:H25L,GEDLPLPPGWLVDWTMRGRKYYIDLNTNTTHWSHPLESGPSSG,0.3176489255570767,1
S11L:H25M,GEDLPLPPGWLVDWTMRGRKYYIDMNTNTTHWSHPLESGPSSG,-0.3266096414176864,1
S11L:H25N,GEDLPLPPGWLVDWTMRGRKYYIDNNTNTTHWSHPLESGPSSG,-0.8645062216100701,0
S11L:H25P,GEDLPLPPGWLVDWTMRGRKYYIDPNTNTTHWSHPLESGPSSG,-1.0159818584886344,0
S11L:H25Q,GEDLPLPPGWLVDWTMRGRKYYIDQNTNTTHWSHPLESGPSSG,-0.7434433609433215,0
S11L:H25R,GEDLPLPPGWLVDWTMRGRKYYIDRNTNTTHWSHPLESGPSSG,-0.8760338748335514,0
S11L:H25S,GEDLPLPPGWLVDWTMRGRKYYIDSNTNTTHWSHPLESGPSSG,-0.4504424781657941,1
S11L:H25V,GEDLPLPPGWLVDWTMRGRKYYIDVNTNTTHWSHPLESGPSSG,-0.7042462346028444,0
S11L:H25W,GEDLPLPPGWLVDWTMRGRKYYIDWNTNTTHWSHPLESGPSSG,-1.0880442239030366,0
S11L:H25Y,GEDLPLPPGWLVDWTMRGRKYYIDYNTNTTHWSHPLESGPSSG,-0.5269959692480304,1
S11M,GEDLPLPPGWMVDWTMRGRKYYIDHNTNTTHWSHPLESGPSSG,-1.1472452397999724,0
S11M:H25A,GEDLPLPPGWMVDWTMRGRKYYIDANTNTTHWSHPLESGPSSG,-1.2757451168325342,0
S11M:H25D,GEDLPLPPGWMVDWTMRGRKYYIDDNTNTTHWSHPLESGPSSG,-2.111941397851828,0
S11M:H25E,GEDLPLPPGWMVDWTMRGRKYYIDENTNTTHWSHPLESGPSSG,-1.2027782193704295,0
S11M:H25F,GEDLPLPPGWMVDWTMRGRKYYIDFNTNTTHWSHPLESGPSSG,-0.7810534427963944,0
S11M:H25G,GEDLPLPPGWMVDWTMRGRKYYIDGNTNTTHWSHPLESGPSSG,-1.0399413051093955,0
S11M:H25I,GEDLPLPPGWMVDWTMRGRKYYIDINTNTTHWSHPLESGPSSG,-0.9507716558498298,0
S11M:H25K,GEDLPLPPGWMVDWTMRGRKYYIDKNTNTTHWSHPLESGPSSG,-0.6851560436916069,0
S11M:H25M,GEDLPLPPGWMVDWTMRGRKYYIDMNTNTTHWSHPLESGPSSG,-0.2545369933876116,1
S11M:H25P,GEDLPLPPGWMVDWTMRGRKYYIDPNTNTTHWSHPLESGPSSG,-1.4551360241055402,0
S11M:H25Q,GEDLPLPPGWMVDWTMRGRKYYIDQNTNTTHWSHPLESGPSSG,-0.998424399083062,0
S11M:H25R,GEDLPLPPGWMVDWTMRGRKYYIDRNTNTTHWSHPLESGPSSG,-0.8020198812691708,0
S11M:H25S,GEDLPLPPGWMVDWTMRGRKYYIDSNTNTTHWSHPLESGPSSG,-0.6048868673414287,1
S11M:H25T,GEDLPLPPGWMVDWTMRGRKYYIDTNTNTTHWSHPLESGPSSG,0.0440711986058406,1
S11M:H25V,GEDLPLPPGWMVDWTMRGRKYYIDVNTNTTHWSHPLESGPSSG,-0.922565966953134,0
S11M:H25W,GEDLPLPPGWMVDWTMRGRKYYIDWNTNTTHWSHPLESGPSSG,-0.8634889132852523,0
S11M:H25Y,GEDLPLPPGWMVDWTMRGRKYYIDYNTNTTHWSHPLESGPSSG,-0.8609677280119774,0
S11N,GEDLPLPPGWNVDWTMRGRKYYIDHNTNTTHWSHPLESGPSSG,-1.1397306173231208,0
S11N:H25A,GEDLPLPPGWNVDWTMRGRKYYIDANTNTTHWSHPLESGPSSG,-1.2805886249539264,0
S11N:H25D,GEDLPLPPGWNVDWTMRGRKYYIDDNTNTTHWSHPLESGPSSG,-1.846013804341444,0
S11N:H25E,GEDLPLPPGWNVDWTMRGRKYYIDENTNTTHWSHPLESGPSSG,-1.4805635280878624,0
S11N:H25F,GEDLPLPPGWNVDWTMRGRKYYIDFNTNTTHWSHPLESGPSSG,-1.2282819288626214,0
S11N:H25G,GEDLPLPPGWNVDWTMRGRKYYIDGNTNTTHWSHPLESGPSSG,-1.0769320332745609,0
S11N:H25I,GEDLPLPPGWNVDWTMRGRKYYIDINTNTTHWSHPLESGPSSG,-1.7275718101664117,0
S11N:H25K,GEDLPLPPGWNVDWTMRGRKYYIDKNTNTTHWSHPLESGPSSG,-1.4747360948317192,0
S11N:H25L,GEDLPLPPGWNVDWTMRGRKYYIDLNTNTTHWSHPLESGPSSG,-1.1808100514575477,0
S11N:H25M,GEDLPLPPGWNVDWTMRGRKYYIDMNTNTTHWSHPLESGPSSG,-0.6699215504608664,0
S11N:H25N,GEDLPLPPGWNVDWTMRGRKYYIDNNTNTTHWSHPLESGPSSG,-1.437939512439943,0
S11N:H25P,GEDLPLPPGWNVDWTMRGRKYYIDPNTNTTHWSHPLESGPSSG,-1.8474069734373824,0
S11N:H25Q,GEDLPLPPGWNVDWTMRGRKYYIDQNTNTTHWSHPLESGPSSG,-1.3896551148296556,0
S11N:H25R,GEDLPLPPGWNVDWTMRGRKYYIDRNTNTTHWSHPLESGPSSG,-1.075594325427483,0
S11N:H25S,GEDLPLPPGWNVDWTMRGRKYYIDSNTNTTHWSHPLESGPSSG,-1.334127607696633,0
S11N:H25T,GEDLPLPPGWNVDWTMRGRKYYIDTNTNTTHWSHPLESGPSSG,-1.0701626972182563,0
S11N:H25V,GEDLPLPPGWNVDWTMRGRKYYIDVNTNTTHWSHPLESGPSSG,-1.3809846667602226,0
S11N:H25W,GEDLPLPPGWNVDWTMRGRKYYIDWNTNTTHWSHPLESGPSSG,-0.7185978842187863,0
S11N:H25Y,GEDLPLPPGWNVDWTMRGRKYYIDYNTNTTHWSHPLESGPSSG,-1.422048570854503,0
S11P,GEDLPLPPGWPVDWTMRGRKYYIDHNTNTTHWSHPLESGPSSG,-1.9785848144228573,0
S11P:H25F,GEDLPLPPGWPVDWTMRGRKYYIDFNTNTTHWSHPLESGPSSG,-1.638302980261317,0
S11P:H25G,GEDLPLPPGWPVDWTMRGRKYYIDGNTNTTHWSHPLESGPSSG,-2.3005601477483344,0
S11P:H25K,GEDLPLPPGWPVDWTMRGRKYYIDKNTNTTHWSHPLESGPSSG,-2.453318347350173,0
S11P:H25L,GEDLPLPPGWPVDWTMRGRKYYIDLNTNTTHWSHPLESGPSSG,-1.9898697809447183,0
S11P:H25N,GEDLPLPPGWPVDWTMRGRKYYIDNNTNTTHWSHPLESGPSSG,-1.8014552732393183,0
S11P:H25R,GEDLPLPPGWPVDWTMRGRKYYIDRNTNTTHWSHPLESGPSSG,-2.0291014215181966,0
S11P:H25T,GEDLPLPPGWPVDWTMRGRKYYIDTNTNTTHWSHPLESGPSSG,-2.621629506816676,0
S11Q,GEDLPLPPGWQVDWTMRGRKYYIDHNTNTTHWSHPLESGPSSG,-0.7814891884848352,0
S11Q:H25A,GEDLPLPPGWQVDWTMRGRKYYIDANTNTTHWSHPLESGPSSG,-1.348699806134436,0
S11Q:H25D,GEDLPLPPGWQVDWTMRGRKYYIDDNTNTTHWSHPLESGPSSG,-1.410681966314949,0
S11Q:H25E,GEDLPLPPGWQVDWTMRGRKYYIDENTNTTHWSHPLESGPSSG,-1.9022200209840516,0
S11Q:H25F,GEDLPLPPGWQVDWTMRGRKYYIDFNTNTTHWSHPLESGPSSG,-0.0440092830420069,1
S11Q:H25G,GEDLPLPPGWQVDWTMRGRKYYIDGNTNTTHWSHPLESGPSSG,-1.2291122845313636,0
S11Q:H25I,GEDLPLPPGWQVDWTMRGRKYYIDINTNTTHWSHPLESGPSSG,-0.7524516155905301,0
S11Q:H25K,GEDLPLPPGWQVDWTMRGRKYYIDKNTNTTHWSHPLESGPSSG,-1.2907419666162228,0
S11Q:H25L,GEDLPLPPGWQVDWTMRGRKYYIDLNTNTTHWSHPLESGPSSG,-0.7334711799789069,0
S11Q:H25M,GEDLPLPPGWQVDWTMRGRKYYIDMNTNTTHWSHPLESGPSSG,-0.8137524736026653,0
S11Q:H25N,GEDLPLPPGWQVDWTMRGRKYYIDNNTNTTHWSHPLESGPSSG,-0.9859452913312908,0
S11Q:H25P,GEDLPLPPGWQVDWTMRGRKYYIDPNTNTTHWSHPLESGPSSG,-1.2212968880280417,0
S11Q:H25Q,GEDLPLPPGWQVDWTMRGRKYYIDQNTNTTHWSHPLESGPSSG,-1.5161709043121028,0
S11Q:H25R,GEDLPLPPGWQVDWTMRGRKYYIDRNTNTTHWSHPLESGPSSG,-0.7173320696651255,0
S11Q:H25S,GEDLPLPPGWQVDWTMRGRKYYIDSNTNTTHWSHPLESGPSSG,-1.0703331522621569,0
S11Q:H25T,GEDLPLPPGWQVDWTMRGRKYYIDTNTNTTHWSHPLESGPSSG,-0.5009758539303295,1
S11Q:H25V,GEDLPLPPGWQVDWTMRGRKYYIDVNTNTTHWSHPLESGPSSG,-1.1017550643484326,0
S11Q:H25W,GEDLPLPPGWQVDWTMRGRKYYIDWNTNTTHWSHPLESGPSSG,-0.4873310645514297,1
S11Q:H25Y,GEDLPLPPGWQVDWTMRGRKYYIDYNTNTTHWSHPLESGPSSG,-0.8554425945367947,0
S11R,GEDLPLPPGWRVDWTMRGRKYYIDHNTNTTHWSHPLESGPSSG,-1.0319942572847114,0
S11R:H25A,GEDLPLPPGWRVDWTMRGRKYYIDANTNTTHWSHPLESGPSSG,-0.4985592560761795,1
S11R:H25D,GEDLPLPPGWRVDWTMRGRKYYIDDNTNTTHWSHPLESGPSSG,0.07185466663129,1
S11R:H25E,GEDLPLPPGWRVDWTMRGRKYYIDENTNTTHWSHPLESGPSSG,-0.2688839008316901,1
S11R:H25F,GEDLPLPPGWRVDWTMRGRKYYIDFNTNTTHWSHPLESGPSSG,0.2155351204052566,1
S11R:H25G,GEDLPLPPGWRVDWTMRGRKYYIDGNTNTTHWSHPLESGPSSG,-0.3230600504481025,1
S11R:H25K,GEDLPLPPGWRVDWTMRGRKYYIDKNTNTTHWSHPLESGPSSG,-1.1433103671161766,0
S11R:H25L,GEDLPLPPGWRVDWTMRGRKYYIDLNTNTTHWSHPLESGPSSG,-0.0920516653029677,1
S11R:H25N,GEDLPLPPGWRVDWTMRGRKYYIDNNTNTTHWSHPLESGPSSG,-0.6205541976132873,1
S11R:H25P,GEDLPLPPGWRVDWTMRGRKYYIDPNTNTTHWSHPLESGPSSG,-1.4814802728218863,0
S11R:H25R,GEDLPLPPGWRVDWTMRGRKYYIDRNTNTTHWSHPLESGPSSG,-1.213322156023814,0
S11R:H25S,GEDLPLPPGWRVDWTMRGRKYYIDSNTNTTHWSHPLESGPSSG,-0.2535176608821401,1
S11R:H25V,GEDLPLPPGWRVDWTMRGRKYYIDVNTNTTHWSHPLESGPSSG,-0.6101293890247128,1
S11R:H25W,GEDLPLPPGWRVDWTMRGRKYYIDWNTNTTHWSHPLESGPSSG,-1.0793241261953417,0
S11R:H25Y,GEDLPLPPGWRVDWTMRGRKYYIDYNTNTTHWSHPLESGPSSG,-0.4729641113329517,1
S11T,GEDLPLPPGWTVDWTMRGRKYYIDHNTNTTHWSHPLESGPSSG,0.0690241712548317,1
S11T:H25A,GEDLPLPPGWTVDWTMRGRKYYIDANTNTTHWSHPLESGPSSG,-0.3165615291478687,1
S11T:H25D,GEDLPLPPGWTVDWTMRGRKYYIDDNTNTTHWSHPLESGPSSG,-1.4581448251856155,0
S11T:H25E,GEDLPLPPGWTVDWTMRGRKYYIDENTNTTHWSHPLESGPSSG,-0.219885860110367,1
S11T:H25F,GEDLPLPPGWTVDWTMRGRKYYIDFNTNTTHWSHPLESGPSSG,-0.8048453488755876,0
S11T:H25G,GEDLPLPPGWTVDWTMRGRKYYIDGNTNTTHWSHPLESGPSSG,0.2363636333017236,1
S11T:H25I,GEDLPLPPGWTVDWTMRGRKYYIDINTNTTHWSHPLESGPSSG,0.0243711618127446,1
S11T:H25K,GEDLPLPPGWTVDWTMRGRKYYIDKNTNTTHWSHPLESGPSSG,-0.5522708017461639,1
S11T:H25L,GEDLPLPPGWTVDWTMRGRKYYIDLNTNTTHWSHPLESGPSSG,-0.3639627316562643,1
S11T:H25N,GEDLPLPPGWTVDWTMRGRKYYIDNNTNTTHWSHPLESGPSSG,-0.243767746393291,1
S11T:H25P,GEDLPLPPGWTVDWTMRGRKYYIDPNTNTTHWSHPLESGPSSG,-1.5567661763771263,0
S11T:H25Q,GEDLPLPPGWTVDWTMRGRKYYIDQNTNTTHWSHPLESGPSSG,-0.3662038052630436,1
S11T:H25R,GEDLPLPPGWTVDWTMRGRKYYIDRNTNTTHWSHPLESGPSSG,-0.8085020024332159,0
S11T:H25S,GEDLPLPPGWTVDWTMRGRKYYIDSNTNTTHWSHPLESGPSSG,-0.4738631486419034,1
S11T:H25T,GEDLPLPPGWTVDWTMRGRKYYIDTNTNTTHWSHPLESGPSSG,0.0071329663199319,1
S11T:H25V,GEDLPLPPGWTVDWTMRGRKYYIDVNTNTTHWSHPLESGPSSG,-0.5532178154325169,1
S11T:H25W,GEDLPLPPGWTVDWTMRGRKYYIDWNTNTTHWSHPLESGPSSG,0.2608421531554505,1
S11T:H25Y,GEDLPLPPGWTVDWTMRGRKYYIDYNTNTTHWSHPLESGPSSG,-0.4666739707262166,1
S11V,GEDLPLPPGWVVDWTMRGRKYYIDHNTNTTHWSHPLESGPSSG,-0.5005141463824152,1
S11V:H25D,GEDLPLPPGWVVDWTMRGRKYYIDDNTNTTHWSHPLESGPSSG,-2.4567314676049725,0
S11V:H25E,GEDLPLPPGWVVDWTMRGRKYYIDENTNTTHWSHPLESGPSSG,-1.1175919685165336,0
S11V:H25F,GEDLPLPPGWVVDWTMRGRKYYIDFNTNTTHWSHPLESGPSSG,-0.4339445631236234,1
S11V:H25G,GEDLPLPPGWVVDWTMRGRKYYIDGNTNTTHWSHPLESGPSSG,-0.9162937582547,0
S11V:H25I,GEDLPLPPGWVVDWTMRGRKYYIDINTNTTHWSHPLESGPSSG,-0.7153837673830516,0
S11V:H25K,GEDLPLPPGWVVDWTMRGRKYYIDKNTNTTHWSHPLESGPSSG,-0.6663114563936805,0
S11V:H25L,GEDLPLPPGWVVDWTMRGRKYYIDLNTNTTHWSHPLESGPSSG,-0.0702499635750615,1
S11V:H25M,GEDLPLPPGWVVDWTMRGRKYYIDMNTNTTHWSHPLESGPSSG,-0.4989280264571785,1
S11V:H25N,GEDLPLPPGWVVDWTMRGRKYYIDNNTNTTHWSHPLESGPSSG,-0.9982662440190666,0
S11V:H25P,GEDLPLPPGWVVDWTMRGRKYYIDPNTNTTHWSHPLESGPSSG,-1.8861701936064013,0
S11V:H25Q,GEDLPLPPGWVVDWTMRGRKYYIDQNTNTTHWSHPLESGPSSG,-0.4488520876526767,1
S11V:H25R,GEDLPLPPGWVVDWTMRGRKYYIDRNTNTTHWSHPLESGPSSG,-0.5182224085179556,1
S11V:H25S,GEDLPLPPGWVVDWTMRGRKYYIDSNTNTTHWSHPLESGPSSG,-0.6658277298109163,0
S11V:H25T,GEDLPLPPGWVVDWTMRGRKYYIDTNTNTTHWSHPLESGPSSG,-0.0493168764293117,1
S11V:H25V,GEDLPLPPGWVVDWTMRGRKYYIDVNTNTTHWSHPLESGPSSG,-0.7246235211651697,0
S11V:H25W,GEDLPLPPGWVVDWTMRGRKYYIDWNTNTTHWSHPLESGPSSG,-0.7804842568484702,0
S11V:H25Y,GEDLPLPPGWVVDWTMRGRKYYIDYNTNTTHWSHPLESGPSSG,-0.6015075006526573,1
S11W,GEDLPLPPGWWVDWTMRGRKYYIDHNTNTTHWSHPLESGPSSG,-1.7785052593697532,0
S11W:H25A,GEDLPLPPGWWVDWTMRGRKYYIDANTNTTHWSHPLESGPSSG,-0.9225336953784872,0
S11W:H25C,GEDLPLPPGWWVDWTMRGRKYYIDCNTNTTHWSHPLESGPSSG,0.1753851034709199,1
S11W:H25D,GEDLPLPPGWWVDWTMRGRKYYIDDNTNTTHWSHPLESGPSSG,-0.573315932296437,1
S11W:H25E,GEDLPLPPGWWVDWTMRGRKYYIDENTNTTHWSHPLESGPSSG,-1.6624014502157765,0
S11W:H25F,GEDLPLPPGWWVDWTMRGRKYYIDFNTNTTHWSHPLESGPSSG,0.0269067543894656,1
S11W:H25G,GEDLPLPPGWWVDWTMRGRKYYIDGNTNTTHWSHPLESGPSSG,-0.4823754740955337,1
S11W:H25I,GEDLPLPPGWWVDWTMRGRKYYIDINTNTTHWSHPLESGPSSG,-1.170735103479418,0
S11W:H25K,GEDLPLPPGWWVDWTMRGRKYYIDKNTNTTHWSHPLESGPSSG,-0.6845064550952198,0
S11W:H25L,GEDLPLPPGWWVDWTMRGRKYYIDLNTNTTHWSHPLESGPSSG,-0.9165193415396786,0
S11W:H25M,GEDLPLPPGWWVDWTMRGRKYYIDMNTNTTHWSHPLESGPSSG,-1.1768854410718514,0
S11W:H25N,GEDLPLPPGWWVDWTMRGRKYYIDNNTNTTHWSHPLESGPSSG,-1.1002735727230002,0
S11W:H25P,GEDLPLPPGWWVDWTMRGRKYYIDPNTNTTHWSHPLESGPSSG,-2.2785935003581783,0
S11W:H25R,GEDLPLPPGWWVDWTMRGRKYYIDRNTNTTHWSHPLESGPSSG,-1.5404148415719492,0
S11W:H25S,GEDLPLPPGWWVDWTMRGRKYYIDSNTNTTHWSHPLESGPSSG,-1.1212871527229362,0
S11W:H25T,GEDLPLPPGWWVDWTMRGRKYYIDTNTNTTHWSHPLESGPSSG,-0.8801241293095516,0
S11W:H25V,GEDLPLPPGWWVDWTMRGRKYYIDVNTNTTHWSHPLESGPSSG,-1.3880430708310154,0
S11W:H25W,GEDLPLPPGWWVDWTMRGRKYYIDWNTNTTHWSHPLESGPSSG,-1.4965817230752072,0
S11Y,GEDLPLPPGWYVDWTMRGRKYYIDHNTNTTHWSHPLESGPSSG,-1.3167784222746928,0
S11Y:H25A,GEDLPLPPGWYVDWTMRGRKYYIDANTNTTHWSHPLESGPSSG,-0.6181102765946864,1
S11Y:H25D,GEDLPLPPGWYVDWTMRGRKYYIDDNTNTTHWSHPLESGPSSG,-1.94357916089864,0
S11Y:H25E,GEDLPLPPGWYVDWTMRGRKYYIDENTNTTHWSHPLESGPSSG,-1.012090759371506,0
S11Y:H25F,GEDLPLPPGWYVDWTMRGRKYYIDFNTNTTHWSHPLESGPSSG,-0.7327796041542274,0
S11Y:H25G,GEDLPLPPGWYVDWTMRGRKYYIDGNTNTTHWSHPLESGPSSG,-0.5041950594426436,1
S11Y:H25I,GEDLPLPPGWYVDWTMRGRKYYIDINTNTTHWSHPLESGPSSG,-0.7215824377710127,0
S11Y:H25K,GEDLPLPPGWYVDWTMRGRKYYIDKNTNTTHWSHPLESGPSSG,-0.8722525671904433,0
S11Y:H25L,GEDLPLPPGWYVDWTMRGRKYYIDLNTNTTHWSHPLESGPSSG,-0.6034020743735273,1
S11Y:H25M,GEDLPLPPGWYVDWTMRGRKYYIDMNTNTTHWSHPLESGPSSG,-0.2238911411537649,1
S11Y:H25N,GEDLPLPPGWYVDWTMRGRKYYIDNNTNTTHWSHPLESGPSSG,-0.8737159532110881,0
S11Y:H25P,GEDLPLPPGWYVDWTMRGRKYYIDPNTNTTHWSHPLESGPSSG,-1.8249134242276304,0
S11Y:H25Q,GEDLPLPPGWYVDWTMRGRKYYIDQNTNTTHWSHPLESGPSSG,-1.2633678141929603,0
S11Y:H25R,GEDLPLPPGWYVDWTMRGRKYYIDRNTNTTHWSHPLESGPSSG,-0.667477439534929,0
S11Y:H25S,GEDLPLPPGWYVDWTMRGRKYYIDSNTNTTHWSHPLESGPSSG,-0.3336800959222663,1
S11Y:H25T,GEDLPLPPGWYVDWTMRGRKYYIDTNTNTTHWSHPLESGPSSG,-0.1120938991799074,1
S11Y:H25V,GEDLPLPPGWYVDWTMRGRKYYIDVNTNTTHWSHPLESGPSSG,-1.4043899007489071,0
S11Y:H25W,GEDLPLPPGWYVDWTMRGRKYYIDWNTNTTHWSHPLESGPSSG,-0.9604572661081188,0
S11Y:H25Y,GEDLPLPPGWYVDWTMRGRKYYIDYNTNTTHWSHPLESGPSSG,-0.943733406823363,0
S33A,GEDLPLPPGWSVDWTMRGRKYYIDHNTNTTHWAHPLESGPSSG,-0.1604836362652346,1
S33D,GEDLPLPPGWSVDWTMRGRKYYIDHNTNTTHWDHPLESGPSSG,-0.3181454929696861,1
S33E,GEDLPLPPGWSVDWTMRGRKYYIDHNTNTTHWEHPLESGPSSG,-0.1908553960117782,1
S33F,GEDLPLPPGWSVDWTMRGRKYYIDHNTNTTHWFHPLESGPSSG,0.1473505208590417,1
S33G,GEDLPLPPGWSVDWTMRGRKYYIDHNTNTTHWGHPLESGPSSG,-0.5318454873754781,1
S33H,GEDLPLPPGWSVDWTMRGRKYYIDHNTNTTHWHHPLESGPSSG,0.5994220927581744,1
S33I,GEDLPLPPGWSVDWTMRGRKYYIDHNTNTTHWIHPLESGPSSG,0.1582710853338416,1
S33K,GEDLPLPPGWSVDWTMRGRKYYIDHNTNTTHWKHPLESGPSSG,0.300417461642074,1
S33L,GEDLPLPPGWSVDWTMRGRKYYIDHNTNTTHWLHPLESGPSSG,0.0410626206305959,1
S33M,GEDLPLPPGWSVDWTMRGRKYYIDHNTNTTHWMHPLESGPSSG,-0.0890909115956035,1
S33N,GEDLPLPPGWSVDWTMRGRKYYIDHNTNTTHWNHPLESGPSSG,0.2357905236997146,1
S33P,GEDLPLPPGWSVDWTMRGRKYYIDHNTNTTHWPHPLESGPSSG,-2.542375501999249,0
S33Q,GEDLPLPPGWSVDWTMRGRKYYIDHNTNTTHWQHPLESGPSSG,0.0365909425675294,1
S33R,GEDLPLPPGWSVDWTMRGRKYYIDHNTNTTHWRHPLESGPSSG,0.3296666155095538,1
S33T,GEDLPLPPGWSVDWTMRGRKYYIDHNTNTTHWTHPLESGPSSG,0.1568944192891319,1
S33V,GEDLPLPPGWSVDWTMRGRKYYIDHNTNTTHWVHPLESGPSSG,0.1672623914369466,1
S33W,GEDLPLPPGWSVDWTMRGRKYYIDHNTNTTHWWHPLESGPSSG,-0.1055268286138775,1
S33Y,GEDLPLPPGWSVDWTMRGRKYYIDHNTNTTHWYHPLESGPSSG,0.0184450843739039,1
S38A,GEDLPLPPGWSVDWTMRGRKYYIDHNTNTTHWSHPLEAGPSSG,0.0730607382424552,1
S38D,GEDLPLPPGWSVDWTMRGRKYYIDHNTNTTHWSHPLEDGPSSG,-0.2340250267831183,1
S38E,GEDLPLPPGWSVDWTMRGRKYYIDHNTNTTHWSHPLEEGPSSG,-0.0887281124922476,1
S38F,GEDLPLPPGWSVDWTMRGRKYYIDHNTNTTHWSHPLEFGPSSG,-0.1417036203727462,1
S38G,GEDLPLPPGWSVDWTMRGRKYYIDHNTNTTHWSHPLEGGPSSG,-0.1209180339697659,1
S38H,GEDLPLPPGWSVDWTMRGRKYYIDHNTNTTHWSHPLEHGPSSG,-0.0942691325127642,1
S38I,GEDLPLPPGWSVDWTMRGRKYYIDHNTNTTHWSHPLEIGPSSG,-0.06465077365048,1
S38K,GEDLPLPPGWSVDWTMRGRKYYIDHNTNTTHWSHPLEKGPSSG,0.0866534981355287,1
S38L,GEDLPLPPGWSVDWTMRGRKYYIDHNTNTTHWSHPLELGPSSG,-0.0371287665979584,1
S38M,GEDLPLPPGWSVDWTMRGRKYYIDHNTNTTHWSHPLEMGPSSG,0.044650276752356,1
S38N,GEDLPLPPGWSVDWTMRGRKYYIDHNTNTTHWSHPLENGPSSG,-0.0506463874079732,1
S38P,GEDLPLPPGWSVDWTMRGRKYYIDHNTNTTHWSHPLEPGPSSG,-0.0808665880443177,1
S38Q,GEDLPLPPGWSVDWTMRGRKYYIDHNTNTTHWSHPLEQGPSSG,0.0550228752161443,1
S38R,GEDLPLPPGWSVDWTMRGRKYYIDHNTNTTHWSHPLERGPSSG,-0.0440262516154095,1
S38T,GEDLPLPPGWSVDWTMRGRKYYIDHNTNTTHWSHPLETGPSSG,-0.0883094266815518,1
S38V,GEDLPLPPGWSVDWTMRGRKYYIDHNTNTTHWSHPLEVGPSSG,0.0140781238924196,1
S38W,GEDLPLPPGWSVDWTMRGRKYYIDHNTNTTHWSHPLEWGPSSG,-0.0912327275436286,1
S38Y,GEDLPLPPGWSVDWTMRGRKYYIDHNTNTTHWSHPLEYGPSSG,-0.1071436735059421,1
S41A,GEDLPLPPGWSVDWTMRGRKYYIDHNTNTTHWSHPLESGPASG,0.0585200062787765,1
S41C,GEDLPLPPGWSVDWTMRGRKYYIDHNTNTTHWSHPLESGPCSG,0.3104004822099095,1
S41D,GEDLPLPPGWSVDWTMRGRKYYIDHNTNTTHWSHPLESGPDSG,-0.1201722784145469,1
S41E,GEDLPLPPGWSVDWTMRGRKYYIDHNTNTTHWSHPLESGPESG,-0.1559193037210615,1
S41F,GEDLPLPPGWSVDWTMRGRKYYIDHNTNTTHWSHPLESGPFSG,-0.5679965664341422,1
S41G,GEDLPLPPGWSVDWTMRGRKYYIDHNTNTTHWSHPLESGPGSG,0.0349863716693239,1
S41H,GEDLPLPPGWSVDWTMRGRKYYIDHNTNTTHWSHPLESGPHSG,-0.0960699796684343,1
S41I,GEDLPLPPGWSVDWTMRGRKYYIDHNTNTTHWSHPLESGPISG,-0.1033197516286348,1
S41K,GEDLPLPPGWSVDWTMRGRKYYIDHNTNTTHWSHPLESGPKSG,-0.2248605398976664,1
S41L,GEDLPLPPGWSVDWTMRGRKYYIDHNTNTTHWSHPLESGPLSG,0.0791300347088335,1
S41M,GEDLPLPPGWSVDWTMRGRKYYIDHNTNTTHWSHPLESGPMSG,-0.1428918871130837,1
S41N,GEDLPLPPGWSVDWTMRGRKYYIDHNTNTTHWSHPLESGPNSG,-0.1642492509361572,1
S41P,GEDLPLPPGWSVDWTMRGRKYYIDHNTNTTHWSHPLESGPPSG,0.2931543167511281,1
S41Q,GEDLPLPPGWSVDWTMRGRKYYIDHNTNTTHWSHPLESGPQSG,0.050347168360638,1
S41R,GEDLPLPPGWSVDWTMRGRKYYIDHNTNTTHWSHPLESGPRSG,-0.4078852909291233,1
S41T,GEDLPLPPGWSVDWTMRGRKYYIDHNTNTTHWSHPLESGPTSG,0.0388239662654006,1
S41V,GEDLPLPPGWSVDWTMRGRKYYIDHNTNTTHWSHPLESGPVSG,-0.0376347639466168,1
S41W,GEDLPLPPGWSVDWTMRGRKYYIDHNTNTTHWSHPLESGPWSG,-0.4677388247948435,1
S41Y,GEDLPLPPGWSVDWTMRGRKYYIDHNTNTTHWSHPLESGPYSG,-0.7496865127557175,0
S42A,GEDLPLPPGWSVDWTMRGRKYYIDHNTNTTHWSHPLESGPSAG,0.112027470583536,1
S42D,GEDLPLPPGWSVDWTMRGRKYYIDHNTNTTHWSHPLESGPSDG,0.0205208264120508,1
S42E,GEDLPLPPGWSVDWTMRGRKYYIDHNTNTTHWSHPLESGPSEG,0.0403950896841511,1
S42F,GEDLPLPPGWSVDWTMRGRKYYIDHNTNTTHWSHPLESGPSFG,0.0287611438784667,1
S42G,GEDLPLPPGWSVDWTMRGRKYYIDHNTNTTHWSHPLESGPSGG,0.095920146500894,1
S42H,GEDLPLPPGWSVDWTMRGRKYYIDHNTNTTHWSHPLESGPSHG,0.0320756375222879,1
S42I,GEDLPLPPGWSVDWTMRGRKYYIDHNTNTTHWSHPLESGPSIG,-0.0266316774118184,1
S42K,GEDLPLPPGWSVDWTMRGRKYYIDHNTNTTHWSHPLESGPSKG,0.1160934243653264,1
S42L,GEDLPLPPGWSVDWTMRGRKYYIDHNTNTTHWSHPLESGPSLG,-0.0260984403008575,1
S42M,GEDLPLPPGWSVDWTMRGRKYYIDHNTNTTHWSHPLESGPSMG,0.0426177730304599,1
S42N,GEDLPLPPGWSVDWTMRGRKYYIDHNTNTTHWSHPLESGPSNG,0.071133471194736,1
S42P,GEDLPLPPGWSVDWTMRGRKYYIDHNTNTTHWSHPLESGPSPG,-0.0837537582335414,1
S42Q,GEDLPLPPGWSVDWTMRGRKYYIDHNTNTTHWSHPLESGPSQG,0.0222439881318503,1
S42R,GEDLPLPPGWSVDWTMRGRKYYIDHNTNTTHWSHPLESGPSRG,-0.0785041399618047,1
S42T,GEDLPLPPGWSVDWTMRGRKYYIDHNTNTTHWSHPLESGPSTG,0.0662807067706379,1
S42V,GEDLPLPPGWSVDWTMRGRKYYIDHNTNTTHWSHPLESGPSVG,0.0367115224502503,1
S42W,GEDLPLPPGWSVDWTMRGRKYYIDHNTNTTHWSHPLESGPSWG,-0.0017163991495967,1
S42Y,GEDLPLPPGWSVDWTMRGRKYYIDHNTNTTHWSHPLESGPSYG,0.1210466778034016,1
T15A,GEDLPLPPGWSVDWAMRGRKYYIDHNTNTTHWSHPLESGPSSG,-2.0737492678305287,0
T15D,GEDLPLPPGWSVDWDMRGRKYYIDHNTNTTHWSHPLESGPSSG,0.9307616666066648,1
T15E,GEDLPLPPGWSVDWEMRGRKYYIDHNTNTTHWSHPLESGPSSG,-1.7369098523809912,0
T15F,GEDLPLPPGWSVDWFMRGRKYYIDHNTNTTHWSHPLESGPSSG,-1.5099028007544324,0
T15G,GEDLPLPPGWSVDWGMRGRKYYIDHNTNTTHWSHPLESGPSSG,-1.637623268886175,0
T15H,GEDLPLPPGWSVDWHMRGRKYYIDHNTNTTHWSHPLESGPSSG,-1.549603156623641,0
T15I,GEDLPLPPGWSVDWIMRGRKYYIDHNTNTTHWSHPLESGPSSG,-1.751210335711873,0
T15K,GEDLPLPPGWSVDWKMRGRKYYIDHNTNTTHWSHPLESGPSSG,-2.541144697578529,0
T15L,GEDLPLPPGWSVDWLMRGRKYYIDHNTNTTHWSHPLESGPSSG,-1.9050916967188976,0
T15M,GEDLPLPPGWSVDWMMRGRKYYIDHNTNTTHWSHPLESGPSSG,-2.2072882960931945,0
T15N,GEDLPLPPGWSVDWNMRGRKYYIDHNTNTTHWSHPLESGPSSG,-0.4378579834339879,1
T15P,GEDLPLPPGWSVDWPMRGRKYYIDHNTNTTHWSHPLESGPSSG,-1.7668457243101745,0
T15Q,GEDLPLPPGWSVDWQMRGRKYYIDHNTNTTHWSHPLESGPSSG,-2.864758113847788,0
T15S,GEDLPLPPGWSVDWSMRGRKYYIDHNTNTTHWSHPLESGPSSG,-0.937598116000576,0
T15V,GEDLPLPPGWSVDWVMRGRKYYIDHNTNTTHWSHPLESGPSSG,-1.8075099414551372,0
T15W,GEDLPLPPGWSVDWWMRGRKYYIDHNTNTTHWSHPLESGPSSG,-1.3679826992052715,0
T15Y,GEDLPLPPGWSVDWYMRGRKYYIDHNTNTTHWSHPLESGPSSG,-1.601257627083243,0
T27A,GEDLPLPPGWSVDWTMRGRKYYIDHNANTTHWSHPLESGPSSG,-1.799564748032358,0
T27D,GEDLPLPPGWSVDWTMRGRKYYIDHNDNTTHWSHPLESGPSSG,-1.519825308238111,0
T27E,GEDLPLPPGWSVDWTMRGRKYYIDHNENTTHWSHPLESGPSSG,-2.2049233486007127,0
T27F,GEDLPLPPGWSVDWTMRGRKYYIDHNFNTTHWSHPLESGPSSG,-1.5574391887310648,0
T27G,GEDLPLPPGWSVDWTMRGRKYYIDHNGNTTHWSHPLESGPSSG,-2.398663608383923,0
T27H,GEDLPLPPGWSVDWTMRGRKYYIDHNHNTTHWSHPLESGPSSG,-1.5102845583529851,0
T27K,GEDLPLPPGWSVDWTMRGRKYYIDHNKNTTHWSHPLESGPSSG,-1.2667302061596846,0
T27L,GEDLPLPPGWSVDWTMRGRKYYIDHNLNTTHWSHPLESGPSSG,-1.7304298589377165,0
T27M,GEDLPLPPGWSVDWTMRGRKYYIDHNMNTTHWSHPLESGPSSG,-1.323437243333923,0
T27N,GEDLPLPPGWSVDWTMRGRKYYIDHNNNTTHWSHPLESGPSSG,-0.6266019983938078,1
T27Q,GEDLPLPPGWSVDWTMRGRKYYIDHNQNTTHWSHPLESGPSSG,-1.3790426807798384,0
T27R,GEDLPLPPGWSVDWTMRGRKYYIDHNRNTTHWSHPLESGPSSG,-1.4490637888218547,0
T27S,GEDLPLPPGWSVDWTMRGRKYYIDHNSNTTHWSHPLESGPSSG,-0.6885041173665054,0
T27W,GEDLPLPPGWSVDWTMRGRKYYIDHNWNTTHWSHPLESGPSSG,-2.0575326631015023,0
T27Y,GEDLPLPPGWSVDWTMRGRKYYIDHNYNTTHWSHPLESGPSSG,-2.03332424553786,0
T29A,GEDLPLPPGWSVDWTMRGRKYYIDHNTNATHWSHPLESGPSSG,-1.9416467658950067,0
T29D,GEDLPLPPGWSVDWTMRGRKYYIDHNTNDTHWSHPLESGPSSG,-2.0574429763239497,0
T29E,GEDLPLPPGWSVDWTMRGRKYYIDHNTNETHWSHPLESGPSSG,-1.0293523804350648,0
T29F,GEDLPLPPGWSVDWTMRGRKYYIDHNTNFTHWSHPLESGPSSG,-2.056431022894957,0
T29H,GEDLPLPPGWSVDWTMRGRKYYIDHNTNHTHWSHPLESGPSSG,-1.6461206408896567,0
T29I,GEDLPLPPGWSVDWTMRGRKYYIDHNTNITHWSHPLESGPSSG,-1.074305493095268,0
T29K,GEDLPLPPGWSVDWTMRGRKYYIDHNTNKTHWSHPLESGPSSG,-1.056508633726105,0
T29L,GEDLPLPPGWSVDWTMRGRKYYIDHNTNLTHWSHPLESGPSSG,-1.407328506590971,0
T29M,GEDLPLPPGWSVDWTMRGRKYYIDHNTNMTHWSHPLESGPSSG,-0.8125360776882993,0
T29N,GEDLPLPPGWSVDWTMRGRKYYIDHNTNNTHWSHPLESGPSSG,-2.126537904849509,0
T29Q,GEDLPLPPGWSVDWTMRGRKYYIDHNTNQTHWSHPLESGPSSG,-0.762844235445441,0
T29R,GEDLPLPPGWSVDWTMRGRKYYIDHNTNRTHWSHPLESGPSSG,-0.9718855426264555,0
T29S,GEDLPLPPGWSVDWTMRGRKYYIDHNTNSTHWSHPLESGPSSG,-0.6769920001814698,0
T29V,GEDLPLPPGWSVDWTMRGRKYYIDHNTNVTHWSHPLESGPSSG,-1.3662299153502837,0
T29W,GEDLPLPPGWSVDWTMRGRKYYIDHNTNWTHWSHPLESGPSSG,-2.366470557246795,0
T29Y,GEDLPLPPGWSVDWTMRGRKYYIDHNTNYTHWSHPLESGPSSG,-2.186556080754796,0
T30A,GEDLPLPPGWSVDWTMRGRKYYIDHNTNTAHWSHPLESGPSSG,-0.2212443395594336,1
T30D,GEDLPLPPGWSVDWTMRGRKYYIDHNTNTDHWSHPLESGPSSG,-2.173459705946144,0
T30E,GEDLPLPPGWSVDWTMRGRKYYIDHNTNTEHWSHPLESGPSSG,-0.865951983606885,0
T30F,GEDLPLPPGWSVDWTMRGRKYYIDHNTNTFHWSHPLESGPSSG,0.4498979082014773,1
T30G,GEDLPLPPGWSVDWTMRGRKYYIDHNTNTGHWSHPLESGPSSG,-1.7351781665113073,0
T30H,GEDLPLPPGWSVDWTMRGRKYYIDHNTNTHHWSHPLESGPSSG,-0.1414595478099991,1
T30I,GEDLPLPPGWSVDWTMRGRKYYIDHNTNTIHWSHPLESGPSSG,0.5601323462248657,1
T30K,GEDLPLPPGWSVDWTMRGRKYYIDHNTNTKHWSHPLESGPSSG,0.1288433089813321,1
T30L,GEDLPLPPGWSVDWTMRGRKYYIDHNTNTLHWSHPLESGPSSG,0.1890317295169186,1
T30M,GEDLPLPPGWSVDWTMRGRKYYIDHNTNTMHWSHPLESGPSSG,0.0709657297832015,1
T30N,GEDLPLPPGWSVDWTMRGRKYYIDHNTNTNHWSHPLESGPSSG,-0.584803601772214,1
T30P,GEDLPLPPGWSVDWTMRGRKYYIDHNTNTPHWSHPLESGPSSG,-1.7421725826236305,0
T30Q,GEDLPLPPGWSVDWTMRGRKYYIDHNTNTQHWSHPLESGPSSG,-0.4791617587046122,1
T30R,GEDLPLPPGWSVDWTMRGRKYYIDHNTNTRHWSHPLESGPSSG,0.2340558434738777,1
T30S,GEDLPLPPGWSVDWTMRGRKYYIDHNTNTSHWSHPLESGPSSG,-0.4861195188359779,1
T30V,GEDLPLPPGWSVDWTMRGRKYYIDHNTNTVHWSHPLESGPSSG,0.3996442925336787,1
T30W,GEDLPLPPGWSVDWTMRGRKYYIDHNTNTWHWSHPLESGPSSG,0.3282751499174912,1
T30Y,GEDLPLPPGWSVDWTMRGRKYYIDHNTNTYHWSHPLESGPSSG,0.412965857418927,1
V12A,GEDLPLPPGWSADWTMRGRKYYIDHNTNTTHWSHPLESGPSSG,-0.8277593895625179,0
V12C,GEDLPLPPGWSCDWTMRGRKYYIDHNTNTTHWSHPLESGPSSG,0.0338275534874576,1
V12D,GEDLPLPPGWSDDWTMRGRKYYIDHNTNTTHWSHPLESGPSSG,-1.665699569535721,0
V12E,GEDLPLPPGWSEDWTMRGRKYYIDHNTNTTHWSHPLESGPSSG,-0.712545505996877,0
V12F,GEDLPLPPGWSFDWTMRGRKYYIDHNTNTTHWSHPLESGPSSG,0.019537044004704,1
V12G,GEDLPLPPGWSGDWTMRGRKYYIDHNTNTTHWSHPLESGPSSG,-1.7023111738217227,0
V12H,GEDLPLPPGWSHDWTMRGRKYYIDHNTNTTHWSHPLESGPSSG,-1.203093712153587,0
V12I,GEDLPLPPGWSIDWTMRGRKYYIDHNTNTTHWSHPLESGPSSG,-0.0655626475780353,1
V12K,GEDLPLPPGWSKDWTMRGRKYYIDHNTNTTHWSHPLESGPSSG,-1.379406122736342,0
V12L,GEDLPLPPGWSLDWTMRGRKYYIDHNTNTTHWSHPLESGPSSG,-0.8437943292399581,0
V12M,GEDLPLPPGWSMDWTMRGRKYYIDHNTNTTHWSHPLESGPSSG,-0.2806259857066111,1
V12P,GEDLPLPPGWSPDWTMRGRKYYIDHNTNTTHWSHPLESGPSSG,-1.3939058776566444,0
V12Q,GEDLPLPPGWSQDWTMRGRKYYIDHNTNTTHWSHPLESGPSSG,-0.7256315105012905,0
V12R,GEDLPLPPGWSRDWTMRGRKYYIDHNTNTTHWSHPLESGPSSG,-1.2035452057266092,0
V12S,GEDLPLPPGWSSDWTMRGRKYYIDHNTNTTHWSHPLESGPSSG,-1.0966386141453923,0
V12T,GEDLPLPPGWSTDWTMRGRKYYIDHNTNTTHWSHPLESGPSSG,-0.8208142414356252,0
V12W,GEDLPLPPGWSWDWTMRGRKYYIDHNTNTTHWSHPLESGPSSG,-0.404683156035549,1
V12Y,GEDLPLPPGWSYDWTMRGRKYYIDHNTNTTHWSHPLESGPSSG,-0.2417644285399955,1
W14A,GEDLPLPPGWSVDATMRGRKYYIDHNTNTTHWSHPLESGPSSG,-0.8699875522454494,0
W14D,GEDLPLPPGWSVDDTMRGRKYYIDHNTNTTHWSHPLESGPSSG,-1.6354332512683414,0
W14E,GEDLPLPPGWSVDETMRGRKYYIDHNTNTTHWSHPLESGPSSG,-0.8621334797639815,0
W14F,GEDLPLPPGWSVDFTMRGRKYYIDHNTNTTHWSHPLESGPSSG,0.3016152089881496,1
W14G,GEDLPLPPGWSVDGTMRGRKYYIDHNTNTTHWSHPLESGPSSG,-1.6309148780986873,0
W14H,GEDLPLPPGWSVDHTMRGRKYYIDHNTNTTHWSHPLESGPSSG,-0.3441937366791332,1
W14I,GEDLPLPPGWSVDITMRGRKYYIDHNTNTTHWSHPLESGPSSG,-0.1851708458867889,1
W14K,GEDLPLPPGWSVDKTMRGRKYYIDHNTNTTHWSHPLESGPSSG,-0.5083867749336897,1
W14L,GEDLPLPPGWSVDLTMRGRKYYIDHNTNTTHWSHPLESGPSSG,-0.6553354362570969,0
W14M,GEDLPLPPGWSVDMTMRGRKYYIDHNTNTTHWSHPLESGPSSG,-0.4536419334078891,1
W14N,GEDLPLPPGWSVDNTMRGRKYYIDHNTNTTHWSHPLESGPSSG,-1.2364167935834496,0
W14P,GEDLPLPPGWSVDPTMRGRKYYIDHNTNTTHWSHPLESGPSSG,-1.639081034814001,0
W14Q,GEDLPLPPGWSVDQTMRGRKYYIDHNTNTTHWSHPLESGPSSG,-0.5658361146062094,1
W14R,GEDLPLPPGWSVDRTMRGRKYYIDHNTNTTHWSHPLESGPSSG,-0.3194717553844024,1
W14S,GEDLPLPPGWSVDSTMRGRKYYIDHNTNTTHWSHPLESGPSSG,-0.8568843245559294,0
W14T,GEDLPLPPGWSVDTTMRGRKYYIDHNTNTTHWSHPLESGPSSG,-0.3530104913604288,1
W14V,GEDLPLPPGWSVDVTMRGRKYYIDHNTNTTHWSHPLESGPSSG,-0.0477184437458193,1
W14Y,GEDLPLPPGWSVDYTMRGRKYYIDHNTNTTHWSHPLESGPSSG,0.3820647257535257,1
W32A,GEDLPLPPGWSVDWTMRGRKYYIDHNTNTTHASHPLESGPSSG,-1.8638448249244468,0
W32D,GEDLPLPPGWSVDWTMRGRKYYIDHNTNTTHDSHPLESGPSSG,-1.8011103895506697,0
W32E,GEDLPLPPGWSVDWTMRGRKYYIDHNTNTTHESHPLESGPSSG,-1.8418935202527875,0
W32F,GEDLPLPPGWSVDWTMRGRKYYIDHNTNTTHFSHPLESGPSSG,-0.6981824687495599,0
W32G,GEDLPLPPGWSVDWTMRGRKYYIDHNTNTTHGSHPLESGPSSG,-2.4913360442531127,0
W32H,GEDLPLPPGWSVDWTMRGRKYYIDHNTNTTHHSHPLESGPSSG,-2.1006100286124965,0
W32I,GEDLPLPPGWSVDWTMRGRKYYIDHNTNTTHISHPLESGPSSG,-1.8849807422562532,0
W32K,GEDLPLPPGWSVDWTMRGRKYYIDHNTNTTHKSHPLESGPSSG,-1.9975906533863683,0
W32L,GEDLPLPPGWSVDWTMRGRKYYIDHNTNTTHLSHPLESGPSSG,-1.3714399941460305,0
W32M,GEDLPLPPGWSVDWTMRGRKYYIDHNTNTTHMSHPLESGPSSG,-1.3208112470827076,0
W32N,GEDLPLPPGWSVDWTMRGRKYYIDHNTNTTHNSHPLESGPSSG,-1.9806334619997643,0
W32P,GEDLPLPPGWSVDWTMRGRKYYIDHNTNTTHPSHPLESGPSSG,-2.778560050847291,0
W32Q,GEDLPLPPGWSVDWTMRGRKYYIDHNTNTTHQSHPLESGPSSG,-1.907190008522739,0
W32R,GEDLPLPPGWSVDWTMRGRKYYIDHNTNTTHRSHPLESGPSSG,-1.7464650552238017,0
W32S,GEDLPLPPGWSVDWTMRGRKYYIDHNTNTTHSSHPLESGPSSG,-1.642957775092441,0
W32T,GEDLPLPPGWSVDWTMRGRKYYIDHNTNTTHTSHPLESGPSSG,-1.7037617078746992,0
W32V,GEDLPLPPGWSVDWTMRGRKYYIDHNTNTTHVSHPLESGPSSG,-1.983051152684108,0
W32Y,GEDLPLPPGWSVDWTMRGRKYYIDHNTNTTHYSHPLESGPSSG,-0.9047443900722218,0
Y21F,GEDLPLPPGWSVDWTMRGRKFYIDHNTNTTHWSHPLESGPSSG,-0.0482163426023607,1
Y21I,GEDLPLPPGWSVDWTMRGRKIYIDHNTNTTHWSHPLESGPSSG,-0.5531327619572861,1
Y21K,GEDLPLPPGWSVDWTMRGRKKYIDHNTNTTHWSHPLESGPSSG,-1.632083411140142,0
Y21L,GEDLPLPPGWSVDWTMRGRKLYIDHNTNTTHWSHPLESGPSSG,-1.1109668312701833,0
Y21M,GEDLPLPPGWSVDWTMRGRKMYIDHNTNTTHWSHPLESGPSSG,-1.0534476835238964,0
Y21Q,GEDLPLPPGWSVDWTMRGRKQYIDHNTNTTHWSHPLESGPSSG,-2.2217529910432816,0
Y21R,GEDLPLPPGWSVDWTMRGRKRYIDHNTNTTHWSHPLESGPSSG,-1.4562970764186134,0
Y21V,GEDLPLPPGWSVDWTMRGRKVYIDHNTNTTHWSHPLESGPSSG,-0.8058621005992486,0
Y21W,GEDLPLPPGWSVDWTMRGRKWYIDHNTNTTHWSHPLESGPSSG,-1.7304372357699025,0
Y22F,GEDLPLPPGWSVDWTMRGRKYFIDHNTNTTHWSHPLESGPSSG,-0.5310630818812887,1
Y22W,GEDLPLPPGWSVDWTMRGRKYWIDHNTNTTHWSHPLESGPSSG,-0.5029225933463504,1
