mutant,mutated_sequence,DMS_score,DMS_score_bin
A10C,VRHDERVKSCNDAISKLNEKDSIENRRLAQREVNKAPMDVKEHLQKQLDALVAQKD,-0.8722694487126721,0
A10D,VRHDERVKSDNDAISKLNEKDSIENRRLAQREVNKAPMDVKEHLQKQLDALVAQKD,-1.453613582433229,0
A10F,VRHDERVKSFNDAISKLNEKDSIENRRLAQREVNKAPMDVKEHLQKQLDALVAQKD,0.1979054002713649,1
A10G,VRHDERVKSGNDAISKLNEKDSIENRRLAQREVNKAPMDVKEHLQKQLDALVAQKD,-1.5802028875451477,0
A10H,VRHDERVKSHNDAISKLNEKDSIENRRLAQREVNKAPMDVKEHLQKQLDALVAQKD,-1.4114575011077035,0
A10I,VRHDERVKSINDAISKLNEKDSIENRRLAQREVNKAPMDVKEHLQKQLDALVAQKD,-0.6946250696520976,0
A10K,VRHDERVKSKNDAISKLNEKDSIENRRLAQREVNKAPMDVKEHLQKQLDALVAQKD,-1.757661625766214,0
A10L,VRHDERVKSLNDAISKLNEKDSIENRRLAQREVNKAPMDVKEHLQKQLDALVAQKD,-1.0016411876194764,0
A10M,VRHDERVKSMNDAISKLNEKDSIENRRLAQREVNKAPMDVKEHLQKQLDALVAQKD,-1.256542194338322,0
A10N,VRHDERVKSNNDAISKLNEKDSIENRRLAQREVNKAPMDVKEHLQKQLDALVAQKD,-1.6234862477822367,0
A10P,VRHDERVKSPNDAISKLNEKDSIENRRLAQREVNKAPMDVKEHLQKQLDALVAQKD,-1.847604325896515,0
A10R,VRHDERVKSRNDAISKLNEKDSIENRRLAQREVNKAPMDVKEHLQKQLDALVAQKD,-1.3533261083117012,0
A10S,VRHDERVKSSNDAISKLNEKDSIENRRLAQREVNKAPMDVKEHLQKQLDALVAQKD,-1.251221528554047,0
A10T,VRHDERVKSTNDAISKLNEKDSIENRRLAQREVNKAPMDVKEHLQKQLDALVAQKD,-1.4635175448983102,0
A10V,VRHDERVKSVNDAISKLNEKDSIENRRLAQREVNKAPMDVKEHLQKQLDALVAQKD,-0.6749307276101,0
A10W,VRHDERVKSWNDAISKLNEKDSIENRRLAQREVNKAPMDVKEHLQKQLDALVAQKD,-0.5395745362368702,0
A10Y,VRHDERVKSYNDAISKLNEKDSIENRRLAQREVNKAPMDVKEHLQKQLDALVAQKD,-0.9286704784885346,0
A13C,VRHDERVKSANDCISKLNEKDSIENRRLAQREVNKAPMDVKEHLQKQLDALVAQKD,-0.8601242742164635,0
A13D,VRHDERVKSANDDISKLNEKDSIENRRLAQREVNKAPMDVKEHLQKQLDALVAQKD,-2.145144962530764,0
A13E,VRHDERVKSANDEISKLNEKDSIENRRLAQREVNKAPMDVKEHLQKQLDALVAQKD,-1.688924324917176,0
A13F,VRHDERVKSANDFISKLNEKDSIENRRLAQREVNKAPMDVKEHLQKQLDALVAQKD,-0.9917145014890444,0
A13G,VRHDERVKSANDGISKLNEKDSIENRRLAQREVNKAPMDVKEHLQKQLDALVAQKD,-1.445175726505869,0
A13H,VRHDERVKSANDHISKLNEKDSIENRRLAQREVNKAPMDVKEHLQKQLDALVAQKD,-1.3965239983041953,0
A13I,VRHDERVKSANDIISKLNEKDSIENRRLAQREVNKAPMDVKEHLQKQLDALVAQKD,-1.4975482359410586,0
A13K,VRHDERVKSANDKISKLNEKDSIENRRLAQREVNKAPMDVKEHLQKQLDALVAQKD,-1.296025037361874,0
A13L,VRHDERVKSANDLISKLNEKDSIENRRLAQREVNKAPMDVKEHLQKQLDALVAQKD,-0.7086055662055203,0
A13M,VRHDERVKSANDMISKLNEKDSIENRRLAQREVNKAPMDVKEHLQKQLDALVAQKD,-0.7036820686319285,0
A13N,VRHDERVKSANDNISKLNEKDSIENRRLAQREVNKAPMDVKEHLQKQLDALVAQKD,-1.4469597458614103,0
A13P,VRHDERVKSANDPISKLNEKDSIENRRLAQREVNKAPMDVKEHLQKQLDALVAQKD,-1.3932719840089325,0
A13Q,VRHDERVKSANDQISKLNEKDSIENRRLAQREVNKAPMDVKEHLQKQLDALVAQKD,-1.179208836356162,0
A13R,VRHDERVKSANDRISKLNEKDSIENRRLAQREVNKAPMDVKEHLQKQLDALVAQKD,-1.2714247164552606,0
A13S,VRHDERVKSANDSISKLNEKDSIENRRLAQREVNKAPMDVKEHLQKQLDALVAQKD,-1.2052308607118651,0
A13T,VRHDERVKSANDTISKLNEKDSIENRRLAQREVNKAPMDVKEHLQKQLDALVAQKD,-1.84865302581832,0
A13V,VRHDERVKSANDVISKLNEKDSIENRRLAQREVNKAPMDVKEHLQKQLDALVAQKD,-1.368433424668058,0
A13W,VRHDERVKSANDWISKLNEKDSIENRRLAQREVNKAPMDVKEHLQKQLDALVAQKD,-0.8802939415207085,0
A13Y,VRHDERVKSANDYISKLNEKDSIENRRLAQREVNKAPMDVKEHLQKQLDALVAQKD,-1.1528664645409683,0
A29C,VRHDERVKSANDAISKLNEKDSIENRRLCQREVNKAPMDVKEHLQKQLDALVAQKD,-0.6304782750840343,0
A29D,VRHDERVKSANDAISKLNEKDSIENRRLDQREVNKAPMDVKEHLQKQLDALVAQKD,-2.152392133042963,0
A29G,VRHDERVKSANDAISKLNEKDSIENRRLGQREVNKAPMDVKEHLQKQLDALVAQKD,-1.5514648152312822,0
A29H,VRHDERVKSANDAISKLNEKDSIENRRLHQREVNKAPMDVKEHLQKQLDALVAQKD,-1.6246075482112885,0
A29I,VRHDERVKSANDAISKLNEKDSIENRRLIQREVNKAPMDVKEHLQKQLDALVAQKD,-1.8417829287793936,0
A29K,VRHDERVKSANDAISKLNEKDSIENRRLKQREVNKAPMDVKEHLQKQLDALVAQKD,-1.7114752473938848,0
A29L,VRHDERVKSANDAISKLNEKDSIENRRLLQREVNKAPMDVKEHLQKQLDALVAQKD,-1.6662538914481737,0
A29M,VRHDERVKSANDAISKLNEKDSIENRRLMQREVNKAPMDVKEHLQKQLDALVAQKD,-1.6719157730926186,0
A29N,VRHDERVKSANDAISKLNEKDSIENRRLNQREVNKAPMDVKEHLQKQLDALVAQKD,-1.899900271692168,0
A29Q,VRHDERVKSANDAISKLNEKDSIENRRLQQREVNKAPMDVKEHLQKQLDALVAQKD,-1.5882691377131677,0
A29R,VRHDERVKSANDAISKLNEKDSIENRRLRQREVNKAPMDVKEHLQKQLDALVAQKD,-0.9121848702619332,0
A29S,VRHDERVKSANDAISKLNEKDSIENRRLSQREVNKAPMDVKEHLQKQLDALVAQKD,-1.9384978087254967,0
A29V,VRHDERVKSANDAISKLNEKDSIENRRLVQREVNKAPMDVKEHLQKQLDALVAQKD,-1.792869643161563,0
A36C,VRHDERVKSANDAISKLNEKDSIENRRLAQREVNKCPMDVKEHLQKQLDALVAQKD,-0.5744854217791184,0
A36D,VRHDERVKSANDAISKLNEKDSIENRRLAQREVNKDPMDVKEHLQKQLDALVAQKD,-1.4954130317263756,0
A36E,VRHDERVKSANDAISKLNEKDSIENRRLAQREVNKEPMDVKEHLQKQLDALVAQKD,-2.03357078435793,0
A36F,VRHDERVKSANDAISKLNEKDSIENRRLAQREVNKFPMDVKEHLQKQLDALVAQKD,-1.667616315345803,0
A36G,VRHDERVKSANDAISKLNEKDSIENRRLAQREVNKGPMDVKEHLQKQLDALVAQKD,-1.8803783639960296,0
A36H,VRHDERVKSANDAISKLNEKDSIENRRLAQREVNKHPMDVKEHLQKQLDALVAQKD,-1.2345592797565217,0
A36I,VRHDERVKSANDAISKLNEKDSIENRRLAQREVNKIPMDVKEHLQKQLDALVAQKD,-1.7835310123437236,0
A36K,VRHDERVKSANDAISKLNEKDSIENRRLAQREVNKKPMDVKEHLQKQLDALVAQKD,-2.00570581317905,0
A36L,VRHDERVKSANDAISKLNEKDSIENRRLAQREVNKLPMDVKEHLQKQLDALVAQKD,0.1672892570196975,1
A36M,VRHDERVKSANDAISKLNEKDSIENRRLAQREVNKMPMDVKEHLQKQLDALVAQKD,-1.1089818080368343,0
A36N,VRHDERVKSANDAISKLNEKDSIENRRLAQREVNKNPMDVKEHLQKQLDALVAQKD,-1.3599738332791658,0
A36P,VRHDERVKSANDAISKLNEKDSIENRRLAQREVNKPPMDVKEHLQKQLDALVAQKD,-1.5019258602105707,0
A36Q,VRHDERVKSANDAISKLNEKDSIENRRLAQREVNKQPMDVKEHLQKQLDALVAQKD,-1.6923983377130425,0
A36R,VRHDERVKSANDAISKLNEKDSIENRRLAQREVNKRPMDVKEHLQKQLDALVAQKD,-1.5596922224304135,0
A36S,VRHDERVKSANDAISKLNEKDSIENRRLAQREVNKSPMDVKEHLQKQLDALVAQKD,-0.5819131594506366,0
A36T,VRHDERVKSANDAISKLNEKDSIENRRLAQREVNKTPMDVKEHLQKQLDALVAQKD,-0.7841205490937032,0
A36V,VRHDERVKSANDAISKLNEKDSIENRRLAQREVNKVPMDVKEHLQKQLDALVAQKD,-0.4186786185926232,1
A36W,VRHDERVKSANDAISKLNEKDSIENRRLAQREVNKWPMDVKEHLQKQLDALVAQKD,-1.536295951996911,0
A36Y,VRHDERVKSANDAISKLNEKDSIENRRLAQREVNKYPMDVKEHLQKQLDALVAQKD,-1.960708491533765,0
A50C,VRHDERVKSANDAISKLNEKDSIENRRLAQREVNKAPMDVKEHLQKQLDCLVAQKD,-0.2300706973148159,1
A50D,VRHDERVKSANDAISKLNEKDSIENRRLAQREVNKAPMDVKEHLQKQLDDLVAQKD,0.0128943852644498,1
A50E,VRHDERVKSANDAISKLNEKDSIENRRLAQREVNKAPMDVKEHLQKQLDELVAQKD,0.1602848126611091,1
A50F,VRHDERVKSANDAISKLNEKDSIENRRLAQREVNKAPMDVKEHLQKQLDFLVAQKD,-0.3355357794815694,1
A50G,VRHDERVKSANDAISKLNEKDSIENRRLAQREVNKAPMDVKEHLQKQLDGLVAQKD,-0.797647574793902,0
A50H,VRHDERVKSANDAISKLNEKDSIENRRLAQREVNKAPMDVKEHLQKQLDHLVAQKD,-0.2886411013456416,1
A50I,VRHDERVKSANDAISKLNEKDSIENRRLAQREVNKAPMDVKEHLQKQLDILVAQKD,-0.2545384415665097,1
A50K,VRHDERVKSANDAISKLNEKDSIENRRLAQREVNKAPMDVKEHLQKQLDKLVAQKD,-0.2229554852716115,1
A50L,VRHDERVKSANDAISKLNEKDSIENRRLAQREVNKAPMDVKEHLQKQLDLLVAQKD,-0.2849237293902542,1
A50M,VRHDERVKSANDAISKLNEKDSIENRRLAQREVNKAPMDVKEHLQKQLDMLVAQKD,-0.4309827896842044,1
A50N,VRHDERVKSANDAISKLNEKDSIENRRLAQREVNKAPMDVKEHLQKQLDNLVAQKD,-0.23904831983736,1
A50P,VRHDERVKSANDAISKLNEKDSIENRRLAQREVNKAPMDVKEHLQKQLDPLVAQKD,-1.4234403117221504,0
A50Q,VRHDERVKSANDAISKLNEKDSIENRRLAQREVNKAPMDVKEHLQKQLDQLVAQKD,-0.097382082016719,1
A50R,VRHDERVKSANDAISKLNEKDSIENRRLAQREVNKAPMDVKEHLQKQLDRLVAQKD,-0.3109002249390782,1
A50S,VRHDERVKSANDAISKLNEKDSIENRRLAQREVNKAPMDVKEHLQKQLDSLVAQKD,-0.2413202504773919,1
A50T,VRHDERVKSANDAISKLNEKDSIENRRLAQREVNKAPMDVKEHLQKQLDTLVAQKD,-0.2836798255759731,1
A50V,VRHDERVKSANDAISKLNEKDSIENRRLAQREVNKAPMDVKEHLQKQLDVLVAQKD,-0.5364112512452415,0
A50W,VRHDERVKSANDAISKLNEKDSIENRRLAQREVNKAPMDVKEHLQKQLDWLVAQKD,-0.324848139408346,1
A50Y,VRHDERVKSANDAISKLNEKDSIENRRLAQREVNKAPMDVKEHLQKQLDYLVAQKD,-0.2858270463262236,1
A53C,VRHDERVKSANDAISKLNEKDSIENRRLAQREVNKAPMDVKEHLQKQLDALVCQKD,-0.1403720459251729,1
A53D,VRHDERVKSANDAISKLNEKDSIENRRLAQREVNKAPMDVKEHLQKQLDALVDQKD,-0.701971851647973,0
A53E,VRHDERVKSANDAISKLNEKDSIENRRLAQREVNKAPMDVKEHLQKQLDALVEQKD,-0.410776440617922,1
A53F,VRHDERVKSANDAISKLNEKDSIENRRLAQREVNKAPMDVKEHLQKQLDALVFQKD,-0.4475778536163888,1
A53G,VRHDERVKSANDAISKLNEKDSIENRRLAQREVNKAPMDVKEHLQKQLDALVGQKD,-0.5630560732092733,0
A53H,VRHDERVKSANDAISKLNEKDSIENRRLAQREVNKAPMDVKEHLQKQLDALVHQKD,-0.1604923795183463,1
A53I,VRHDERVKSANDAISKLNEKDSIENRRLAQREVNKAPMDVKEHLQKQLDALVIQKD,-0.5427927548267628,0
A53K,VRHDERVKSANDAISKLNEKDSIENRRLAQREVNKAPMDVKEHLQKQLDALVKQKD,-0.0244348458942125,1
A53L,VRHDERVKSANDAISKLNEKDSIENRRLAQREVNKAPMDVKEHLQKQLDALVLQKD,-0.5191703901967445,0
A53M,VRHDERVKSANDAISKLNEKDSIENRRLAQREVNKAPMDVKEHLQKQLDALVMQKD,-0.4015227165322712,1
A53N,VRHDERVKSANDAISKLNEKDSIENRRLAQREVNKAPMDVKEHLQKQLDALVNQKD,-0.3063124134777479,1
A53P,VRHDERVKSANDAISKLNEKDSIENRRLAQREVNKAPMDVKEHLQKQLDALVPQKD,-1.261938697396695,0
A53Q,VRHDERVKSANDAISKLNEKDSIENRRLAQREVNKAPMDVKEHLQKQLDALVQQKD,-0.1109880030695411,1
A53R,VRHDERVKSANDAISKLNEKDSIENRRLAQREVNKAPMDVKEHLQKQLDALVRQKD,-0.1076496870329213,1
A53S,VRHDERVKSANDAISKLNEKDSIENRRLAQREVNKAPMDVKEHLQKQLDALVSQKD,-0.2599460320447451,1
A53T,VRHDERVKSANDAISKLNEKDSIENRRLAQREVNKAPMDVKEHLQKQLDALVTQKD,-0.4343647193499524,1
A53V,VRHDERVKSANDAISKLNEKDSIENRRLAQREVNKAPMDVKEHLQKQLDALVVQKD,-0.5598763985949387,0
A53W,VRHDERVKSANDAISKLNEKDSIENRRLAQREVNKAPMDVKEHLQKQLDALVWQKD,-0.750800622893067,0
A53Y,VRHDERVKSANDAISKLNEKDSIENRRLAQREVNKAPMDVKEHLQKQLDALVYQKD,-0.6841815708752993,0
D12A,VRHDERVKSANAAISKLNEKDSIENRRLAQREVNKAPMDVKEHLQKQLDALVAQKD,0.1098433657939039,1
D12C,VRHDERVKSANCAISKLNEKDSIENRRLAQREVNKAPMDVKEHLQKQLDALVAQKD,0.1669375170715932,1
D12E,VRHDERVKSANEAISKLNEKDSIENRRLAQREVNKAPMDVKEHLQKQLDALVAQKD,0.1180084924604589,1
D12F,VRHDERVKSANFAISKLNEKDSIENRRLAQREVNKAPMDVKEHLQKQLDALVAQKD,-1.4150801393882066,0
D12G,VRHDERVKSANGAISKLNEKDSIENRRLAQREVNKAPMDVKEHLQKQLDALVAQKD,-1.1040054937824004,0
D12H,VRHDERVKSANHAISKLNEKDSIENRRLAQREVNKAPMDVKEHLQKQLDALVAQKD,-0.5215865958773778,0
D12I,VRHDERVKSANIAISKLNEKDSIENRRLAQREVNKAPMDVKEHLQKQLDALVAQKD,-0.2182052644879377,1
D12K,VRHDERVKSANKAISKLNEKDSIENRRLAQREVNKAPMDVKEHLQKQLDALVAQKD,-0.3459456879476408,1
D12L,VRHDERVKSANLAISKLNEKDSIENRRLAQREVNKAPMDVKEHLQKQLDALVAQKD,-0.0319759503482286,1
D12M,VRHDERVKSANMAISKLNEKDSIENRRLAQREVNKAPMDVKEHLQKQLDALVAQKD,-0.134725570105066,1
D12N,VRHDERVKSANNAISKLNEKDSIENRRLAQREVNKAPMDVKEHLQKQLDALVAQKD,-0.3151106048614169,1
D12P,VRHDERVKSANPAISKLNEKDSIENRRLAQREVNKAPMDVKEHLQKQLDALVAQKD,-1.303901291672487,0
D12Q,VRHDERVKSANQAISKLNEKDSIENRRLAQREVNKAPMDVKEHLQKQLDALVAQKD,-0.0808145471163437,1
D12R,VRHDERVKSANRAISKLNEKDSIENRRLAQREVNKAPMDVKEHLQKQLDALVAQKD,-0.0010025539119449,1
D12S,VRHDERVKSANSAISKLNEKDSIENRRLAQREVNKAPMDVKEHLQKQLDALVAQKD,-0.4359492707339488,1
D12T,VRHDERVKSANTAISKLNEKDSIENRRLAQREVNKAPMDVKEHLQKQLDALVAQKD,-0.6739059841328567,0
D12V,VRHDERVKSANVAISKLNEKDSIENRRLAQREVNKAPMDVKEHLQKQLDALVAQKD,-0.4629226569041393,1
D12W,VRHDERVKSANWAISKLNEKDSIENRRLAQREVNKAPMDVKEHLQKQLDALVAQKD,-1.0334321246689273,0
D12Y,VRHDERVKSANYAISKLNEKDSIENRRLAQREVNKAPMDVKEHLQKQLDALVAQKD,-1.1700420079485336,0
D21A,VRHDERVKSANDAISKLNEKASIENRRLAQREVNKAPMDVKEHLQKQLDALVAQKD,-1.1707684141322146,0
D21C,VRHDERVKSANDAISKLNEKCSIENRRLAQREVNKAPMDVKEHLQKQLDALVAQKD,-0.453039560811176,1
D21E,VRHDERVKSANDAISKLNEKESIENRRLAQREVNKAPMDVKEHLQKQLDALVAQKD,-1.4077282197648808,0
D21F,VRHDERVKSANDAISKLNEKFSIENRRLAQREVNKAPMDVKEHLQKQLDALVAQKD,-0.9617798058436222,0
D21G,VRHDERVKSANDAISKLNEKGSIENRRLAQREVNKAPMDVKEHLQKQLDALVAQKD,-1.9647186642332872,0
D21H,VRHDERVKSANDAISKLNEKHSIENRRLAQREVNKAPMDVKEHLQKQLDALVAQKD,-1.3712788345350522,0
D21I,VRHDERVKSANDAISKLNEKISIENRRLAQREVNKAPMDVKEHLQKQLDALVAQKD,-1.1463734454034773,0
D21K,VRHDERVKSANDAISKLNEKKSIENRRLAQREVNKAPMDVKEHLQKQLDALVAQKD,-1.8614817641366257,0
D21L,VRHDERVKSANDAISKLNEKLSIENRRLAQREVNKAPMDVKEHLQKQLDALVAQKD,-2.3016574290173617,0
D21M,VRHDERVKSANDAISKLNEKMSIENRRLAQREVNKAPMDVKEHLQKQLDALVAQKD,-1.082287518274052,0
D21N,VRHDERVKSANDAISKLNEKNSIENRRLAQREVNKAPMDVKEHLQKQLDALVAQKD,-0.7220028492047899,0
D21P,VRHDERVKSANDAISKLNEKPSIENRRLAQREVNKAPMDVKEHLQKQLDALVAQKD,-0.8756145201025404,0
D21Q,VRHDERVKSANDAISKLNEKQSIENRRLAQREVNKAPMDVKEHLQKQLDALVAQKD,-1.5773108123349084,0
D21R,VRHDERVKSANDAISKLNEKRSIENRRLAQREVNKAPMDVKEHLQKQLDALVAQKD,-1.2068231648379804,0
D21S,VRHDERVKSANDAISKLNEKSSIENRRLAQREVNKAPMDVKEHLQKQLDALVAQKD,-1.1491980487958693,0
D21T,VRHDERVKSANDAISKLNEKTSIENRRLAQREVNKAPMDVKEHLQKQLDALVAQKD,-1.4944002055442274,0
D21V,VRHDERVKSANDAISKLNEKVSIENRRLAQREVNKAPMDVKEHLQKQLDALVAQKD,-2.074138436167629,0
D21W,VRHDERVKSANDAISKLNEKWSIENRRLAQREVNKAPMDVKEHLQKQLDALVAQKD,-0.4979943673352146,1
D21Y,VRHDERVKSANDAISKLNEKYSIENRRLAQREVNKAPMDVKEHLQKQLDALVAQKD,-0.1827705612847485,1
D39A,VRHDERVKSANDAISKLNEKDSIENRRLAQREVNKAPMAVKEHLQKQLDALVAQKD,-0.482780107176207,1
D39C,VRHDERVKSANDAISKLNEKDSIENRRLAQREVNKAPMCVKEHLQKQLDALVAQKD,-0.0575442929593936,1
D39E,VRHDERVKSANDAISKLNEKDSIENRRLAQREVNKAPMEVKEHLQKQLDALVAQKD,-0.1222557238963699,1
D39F,VRHDERVKSANDAISKLNEKDSIENRRLAQREVNKAPMFVKEHLQKQLDALVAQKD,-0.685133185783914,0
D39G,VRHDERVKSANDAISKLNEKDSIENRRLAQREVNKAPMGVKEHLQKQLDALVAQKD,-0.3218815972639888,1
D39H,VRHDERVKSANDAISKLNEKDSIENRRLAQREVNKAPMHVKEHLQKQLDALVAQKD,-0.2413094989577893,1
D39I,VRHDERVKSANDAISKLNEKDSIENRRLAQREVNKAPMIVKEHLQKQLDALVAQKD,-0.8014259507645168,0
D39K,VRHDERVKSANDAISKLNEKDSIENRRLAQREVNKAPMKVKEHLQKQLDALVAQKD,-0.6604307672295264,0
D39L,VRHDERVKSANDAISKLNEKDSIENRRLAQREVNKAPMLVKEHLQKQLDALVAQKD,-0.6332656247193684,0
D39M,VRHDERVKSANDAISKLNEKDSIENRRLAQREVNKAPMMVKEHLQKQLDALVAQKD,-1.1711605411199426,0
D39N,VRHDERVKSANDAISKLNEKDSIENRRLAQREVNKAPMNVKEHLQKQLDALVAQKD,-0.2868384721201689,1
D39P,VRHDERVKSANDAISKLNEKDSIENRRLAQREVNKAPMPVKEHLQKQLDALVAQKD,-0.1506483494551662,1
D39Q,VRHDERVKSANDAISKLNEKDSIENRRLAQREVNKAPMQVKEHLQKQLDALVAQKD,-0.4424526232332536,1
D39R,VRHDERVKSANDAISKLNEKDSIENRRLAQREVNKAPMRVKEHLQKQLDALVAQKD,-0.5022565094905125,1
D39S,VRHDERVKSANDAISKLNEKDSIENRRLAQREVNKAPMSVKEHLQKQLDALVAQKD,-0.3540874252043946,1
D39T,VRHDERVKSANDAISKLNEKDSIENRRLAQREVNKAPMTVKEHLQKQLDALVAQKD,-1.0900152210865437,0
D39V,VRHDERVKSANDAISKLNEKDSIENRRLAQREVNKAPMVVKEHLQKQLDALVAQKD,-0.9085223164632557,0
D39W,VRHDERVKSANDAISKLNEKDSIENRRLAQREVNKAPMWVKEHLQKQLDALVAQKD,0.081882760872576,1
D39Y,VRHDERVKSANDAISKLNEKDSIENRRLAQREVNKAPMYVKEHLQKQLDALVAQKD,-0.4038715320368971,1
D49A,VRHDERVKSANDAISKLNEKDSIENRRLAQREVNKAPMDVKEHLQKQLAALVAQKD,-1.2892212708466757,0
D49C,VRHDERVKSANDAISKLNEKDSIENRRLAQREVNKAPMDVKEHLQKQLCALVAQKD,-0.2406984861343344,1
D49E,VRHDERVKSANDAISKLNEKDSIENRRLAQREVNKAPMDVKEHLQKQLEALVAQKD,-0.6512505514263458,0
D49G,VRHDERVKSANDAISKLNEKDSIENRRLAQREVNKAPMDVKEHLQKQLGALVAQKD,-1.8729825588277,0
D49I,VRHDERVKSANDAISKLNEKDSIENRRLAQREVNKAPMDVKEHLQKQLIALVAQKD,-1.9708336726314557,0
D49K,VRHDERVKSANDAISKLNEKDSIENRRLAQREVNKAPMDVKEHLQKQLKALVAQKD,-1.9808542276134875,0
D49M,VRHDERVKSANDAISKLNEKDSIENRRLAQREVNKAPMDVKEHLQKQLMALVAQKD,-1.4399968101088474,0
D49N,VRHDERVKSANDAISKLNEKDSIENRRLAQREVNKAPMDVKEHLQKQLNALVAQKD,-0.7703008305386805,0
D49P,VRHDERVKSANDAISKLNEKDSIENRRLAQREVNKAPMDVKEHLQKQLPALVAQKD,-1.3509481467312612,0
D49Q,VRHDERVKSANDAISKLNEKDSIENRRLAQREVNKAPMDVKEHLQKQLQALVAQKD,-1.684256359790484,0
D49R,VRHDERVKSANDAISKLNEKDSIENRRLAQREVNKAPMDVKEHLQKQLRALVAQKD,-1.568028145906371,0
D49S,VRHDERVKSANDAISKLNEKDSIENRRLAQREVNKAPMDVKEHLQKQLSALVAQKD,-1.791106728960674,0
D49T,VRHDERVKSANDAISKLNEKDSIENRRLAQREVNKAPMDVKEHLQKQLTALVAQKD,-1.8002569401266173,0
D49W,VRHDERVKSANDAISKLNEKDSIENRRLAQREVNKAPMDVKEHLQKQLWALVAQKD,-1.2278821778143676,0
D49Y,VRHDERVKSANDAISKLNEKDSIENRRLAQREVNKAPMDVKEHLQKQLYALVAQKD,-1.6050058494069877,0
D4A,VRHAERVKSANDAISKLNEKDSIENRRLAQREVNKAPMDVKEHLQKQLDALVAQKD,0.2062781466010028,1
D4C,VRHCERVKSANDAISKLNEKDSIENRRLAQREVNKAPMDVKEHLQKQLDALVAQKD,0.2746720409870857,1
D4E,VRHEERVKSANDAISKLNEKDSIENRRLAQREVNKAPMDVKEHLQKQLDALVAQKD,-0.2207892882403583,1
D4F,VRHFERVKSANDAISKLNEKDSIENRRLAQREVNKAPMDVKEHLQKQLDALVAQKD,-0.4394015987410142,1
D4G,VRHGERVKSANDAISKLNEKDSIENRRLAQREVNKAPMDVKEHLQKQLDALVAQKD,-0.2665465020310149,1
D4H,VRHHERVKSANDAISKLNEKDSIENRRLAQREVNKAPMDVKEHLQKQLDALVAQKD,-0.0020189788681104,1
D4I,VRHIERVKSANDAISKLNEKDSIENRRLAQREVNKAPMDVKEHLQKQLDALVAQKD,-0.3504541526420677,1
D4K,VRHKERVKSANDAISKLNEKDSIENRRLAQREVNKAPMDVKEHLQKQLDALVAQKD,-0.0703620743124375,1
D4L,VRHLERVKSANDAISKLNEKDSIENRRLAQREVNKAPMDVKEHLQKQLDALVAQKD,-0.001179369045136,1
D4M,VRHMERVKSANDAISKLNEKDSIENRRLAQREVNKAPMDVKEHLQKQLDALVAQKD,0.0582636337061985,1
D4N,VRHNERVKSANDAISKLNEKDSIENRRLAQREVNKAPMDVKEHLQKQLDALVAQKD,-0.0660365647281024,1
D4P,VRHPERVKSANDAISKLNEKDSIENRRLAQREVNKAPMDVKEHLQKQLDALVAQKD,-0.6600023907825716,0
D4Q,VRHQERVKSANDAISKLNEKDSIENRRLAQREVNKAPMDVKEHLQKQLDALVAQKD,-0.0864826331769388,1
D4R,VRHRERVKSANDAISKLNEKDSIENRRLAQREVNKAPMDVKEHLQKQLDALVAQKD,0.0287157046662589,1
D4S,VRHSERVKSANDAISKLNEKDSIENRRLAQREVNKAPMDVKEHLQKQLDALVAQKD,-0.0092991354502784,1
D4T,VRHTERVKSANDAISKLNEKDSIENRRLAQREVNKAPMDVKEHLQKQLDALVAQKD,-0.4664313246268037,1
D4V,VRHVERVKSANDAISKLNEKDSIENRRLAQREVNKAPMDVKEHLQKQLDALVAQKD,-0.3250711216632262,1
D4W,VRHWERVKSANDAISKLNEKDSIENRRLAQREVNKAPMDVKEHLQKQLDALVAQKD,-0.0426512432735253,1
D4Y,VRHYERVKSANDAISKLNEKDSIENRRLAQREVNKAPMDVKEHLQKQLDALVAQKD,-0.6066467171991586,0
D56A,VRHDERVKSANDAISKLNEKDSIENRRLAQREVNKAPMDVKEHLQKQLDALVAQKA,-0.4399528468243674,1
D56C,VRHDERVKSANDAISKLNEKDSIENRRLAQREVNKAPMDVKEHLQKQLDALVAQKC,-0.1164252823985196,1
D56E,VRHDERVKSANDAISKLNEKDSIENRRLAQREVNKAPMDVKEHLQKQLDALVAQKE,-0.1917303974517907,1
D56F,VRHDERVKSANDAISKLNEKDSIENRRLAQREVNKAPMDVKEHLQKQLDALVAQKF,-1.2330640856228214,0
D56G,VRHDERVKSANDAISKLNEKDSIENRRLAQREVNKAPMDVKEHLQKQLDALVAQKG,-0.3692683542110608,1
D56H,VRHDERVKSANDAISKLNEKDSIENRRLAQREVNKAPMDVKEHLQKQLDALVAQKH,-0.6456637022612901,0
D56I,VRHDERVKSANDAISKLNEKDSIENRRLAQREVNKAPMDVKEHLQKQLDALVAQKI,-0.1589449970832681,1
D56K,VRHDERVKSANDAISKLNEKDSIENRRLAQREVNKAPMDVKEHLQKQLDALVAQKK,-0.5112535067502764,1
D56L,VRHDERVKSANDAISKLNEKDSIENRRLAQREVNKAPMDVKEHLQKQLDALVAQKL,-0.9379738666165198,0
D56M,VRHDERVKSANDAISKLNEKDSIENRRLAQREVNKAPMDVKEHLQKQLDALVAQKM,-0.8506612552529255,0
D56N,VRHDERVKSANDAISKLNEKDSIENRRLAQREVNKAPMDVKEHLQKQLDALVAQKN,-0.1589265867920175,1
D56P,VRHDERVKSANDAISKLNEKDSIENRRLAQREVNKAPMDVKEHLQKQLDALVAQKP,-0.7892843172210354,0
D56Q,VRHDERVKSANDAISKLNEKDSIENRRLAQREVNKAPMDVKEHLQKQLDALVAQKQ,-0.4933236463663302,1
D56R,VRHDERVKSANDAISKLNEKDSIENRRLAQREVNKAPMDVKEHLQKQLDALVAQKR,-0.5008535560561459,1
D56S,VRHDERVKSANDAISKLNEKDSIENRRLAQREVNKAPMDVKEHLQKQLDALVAQKS,-0.371936856973426,1
D56T,VRHDERVKSANDAISKLNEKDSIENRRLAQREVNKAPMDVKEHLQKQLDALVAQKT,-0.3500968490734133,1
D56V,VRHDERVKSANDAISKLNEKDSIENRRLAQREVNKAPMDVKEHLQKQLDALVAQKV,-0.4236965658806444,1
D56W,VRHDERVKSANDAISKLNEKDSIENRRLAQREVNKAPMDVKEHLQKQLDALVAQKW,-1.6067575610632057,0
D56Y,VRHDERVKSANDAISKLNEKDSIENRRLAQREVNKAPMDVKEHLQKQLDALVAQKY,-1.0220020361132496,0
E19A,VRHDERVKSANDAISKLNAKDSIENRRLAQREVNKAPMDVKEHLQKQLDALVAQKD,-0.7218994647691179,0
E19C,VRHDERVKSANDAISKLNCKDSIENRRLAQREVNKAPMDVKEHLQKQLDALVAQKD,0.2702954998733384,1
E19D,VRHDERVKSANDAISKLNDKDSIENRRLAQREVNKAPMDVKEHLQKQLDALVAQKD,-0.2369399348195957,1
E19F,VRHDERVKSANDAISKLNFKDSIENRRLAQREVNKAPMDVKEHLQKQLDALVAQKD,-0.6389396377786916,0
E19G,VRHDERVKSANDAISKLNGKDSIENRRLAQREVNKAPMDVKEHLQKQLDALVAQKD,-0.5994790187955626,0
E19H,VRHDERVKSANDAISKLNHKDSIENRRLAQREVNKAPMDVKEHLQKQLDALVAQKD,-0.0115648714446352,1
E19I,VRHDERVKSANDAISKLNIKDSIENRRLAQREVNKAPMDVKEHLQKQLDALVAQKD,-0.4098159323887093,1
E19K,VRHDERVKSANDAISKLNKKDSIENRRLAQREVNKAPMDVKEHLQKQLDALVAQKD,-0.0808579500431667,1
E19L,VRHDERVKSANDAISKLNLKDSIENRRLAQREVNKAPMDVKEHLQKQLDALVAQKD,-0.2784260267528173,1
E19M,VRHDERVKSANDAISKLNMKDSIENRRLAQREVNKAPMDVKEHLQKQLDALVAQKD,-0.5277898694035557,0
E19N,VRHDERVKSANDAISKLNNKDSIENRRLAQREVNKAPMDVKEHLQKQLDALVAQKD,-0.3668668032941821,1
E19Q,VRHDERVKSANDAISKLNQKDSIENRRLAQREVNKAPMDVKEHLQKQLDALVAQKD,-0.0871448080323491,1
E19R,VRHDERVKSANDAISKLNRKDSIENRRLAQREVNKAPMDVKEHLQKQLDALVAQKD,-0.4380270295281508,1
E19S,VRHDERVKSANDAISKLNSKDSIENRRLAQREVNKAPMDVKEHLQKQLDALVAQKD,-0.6825283223323828,0
E19T,VRHDERVKSANDAISKLNTKDSIENRRLAQREVNKAPMDVKEHLQKQLDALVAQKD,-0.2784960431174164,1
E19V,VRHDERVKSANDAISKLNVKDSIENRRLAQREVNKAPMDVKEHLQKQLDALVAQKD,-0.2829901051420112,1
E19W,VRHDERVKSANDAISKLNWKDSIENRRLAQREVNKAPMDVKEHLQKQLDALVAQKD,-1.1683795642589403,0
E19Y,VRHDERVKSANDAISKLNYKDSIENRRLAQREVNKAPMDVKEHLQKQLDALVAQKD,-0.5659208140048351,0
E24A,VRHDERVKSANDAISKLNEKDSIANRRLAQREVNKAPMDVKEHLQKQLDALVAQKD,-0.2567836851728813,1
E24C,VRHDERVKSANDAISKLNEKDSICNRRLAQREVNKAPMDVKEHLQKQLDALVAQKD,0.1840326124960996,1
E24D,VRHDERVKSANDAISKLNEKDSIDNRRLAQREVNKAPMDVKEHLQKQLDALVAQKD,-0.5546540652283569,0
E24F,VRHDERVKSANDAISKLNEKDSIFNRRLAQREVNKAPMDVKEHLQKQLDALVAQKD,-0.4946937919475132,1
E24G,VRHDERVKSANDAISKLNEKDSIGNRRLAQREVNKAPMDVKEHLQKQLDALVAQKD,-0.6926466757880236,0
E24H,VRHDERVKSANDAISKLNEKDSIHNRRLAQREVNKAPMDVKEHLQKQLDALVAQKD,-0.3597678270281305,1
E24I,VRHDERVKSANDAISKLNEKDSIINRRLAQREVNKAPMDVKEHLQKQLDALVAQKD,-0.3751978349092656,1
E24K,VRHDERVKSANDAISKLNEKDSIKNRRLAQREVNKAPMDVKEHLQKQLDALVAQKD,-0.2078538067124808,1
E24L,VRHDERVKSANDAISKLNEKDSILNRRLAQREVNKAPMDVKEHLQKQLDALVAQKD,-0.3092744752349878,1
E24M,VRHDERVKSANDAISKLNEKDSIMNRRLAQREVNKAPMDVKEHLQKQLDALVAQKD,-0.2350881683755104,1
E24N,VRHDERVKSANDAISKLNEKDSINNRRLAQREVNKAPMDVKEHLQKQLDALVAQKD,-0.5096855868566865,1
E24P,VRHDERVKSANDAISKLNEKDSIPNRRLAQREVNKAPMDVKEHLQKQLDALVAQKD,-1.0254098612492135,0
E24Q,VRHDERVKSANDAISKLNEKDSIQNRRLAQREVNKAPMDVKEHLQKQLDALVAQKD,-0.3808427975854707,1
E24R,VRHDERVKSANDAISKLNEKDSIRNRRLAQREVNKAPMDVKEHLQKQLDALVAQKD,0.006959509398996,1
E24S,VRHDERVKSANDAISKLNEKDSISNRRLAQREVNKAPMDVKEHLQKQLDALVAQKD,-0.568107926999263,0
E24T,VRHDERVKSANDAISKLNEKDSITNRRLAQREVNKAPMDVKEHLQKQLDALVAQKD,-0.5412786695440912,0
E24V,VRHDERVKSANDAISKLNEKDSIVNRRLAQREVNKAPMDVKEHLQKQLDALVAQKD,-0.5564121442062773,0
E24W,VRHDERVKSANDAISKLNEKDSIWNRRLAQREVNKAPMDVKEHLQKQLDALVAQKD,-0.4045555313627036,1
E24Y,VRHDERVKSANDAISKLNEKDSIYNRRLAQREVNKAPMDVKEHLQKQLDALVAQKD,-0.4451501880401008,1
E32A,VRHDERVKSANDAISKLNEKDSIENRRLAQRAVNKAPMDVKEHLQKQLDALVAQKD,0.4867466709813282,1
E32C,VRHDERVKSANDAISKLNEKDSIENRRLAQRCVNKAPMDVKEHLQKQLDALVAQKD,0.0477528391866994,1
E32D,VRHDERVKSANDAISKLNEKDSIENRRLAQRDVNKAPMDVKEHLQKQLDALVAQKD,-1.235936225215375,0
E32F,VRHDERVKSANDAISKLNEKDSIENRRLAQRFVNKAPMDVKEHLQKQLDALVAQKD,-0.9286187277875996,0
E32G,VRHDERVKSANDAISKLNEKDSIENRRLAQRGVNKAPMDVKEHLQKQLDALVAQKD,-0.982753526889144,0
E32H,VRHDERVKSANDAISKLNEKDSIENRRLAQRHVNKAPMDVKEHLQKQLDALVAQKD,-0.7570497890487302,0
E32I,VRHDERVKSANDAISKLNEKDSIENRRLAQRIVNKAPMDVKEHLQKQLDALVAQKD,-0.5618085807904969,0
E32K,VRHDERVKSANDAISKLNEKDSIENRRLAQRKVNKAPMDVKEHLQKQLDALVAQKD,-0.6188551453531824,0
E32L,VRHDERVKSANDAISKLNEKDSIENRRLAQRLVNKAPMDVKEHLQKQLDALVAQKD,0.011437455187504,1
E32M,VRHDERVKSANDAISKLNEKDSIENRRLAQRMVNKAPMDVKEHLQKQLDALVAQKD,-0.1401906371737815,1
E32N,VRHDERVKSANDAISKLNEKDSIENRRLAQRNVNKAPMDVKEHLQKQLDALVAQKD,-0.9765776476533664,0
E32P,VRHDERVKSANDAISKLNEKDSIENRRLAQRPVNKAPMDVKEHLQKQLDALVAQKD,-1.8572726148132068,0
E32Q,VRHDERVKSANDAISKLNEKDSIENRRLAQRQVNKAPMDVKEHLQKQLDALVAQKD,-0.3030038338251721,1
E32R,VRHDERVKSANDAISKLNEKDSIENRRLAQRRVNKAPMDVKEHLQKQLDALVAQKD,-0.2621953119665476,1
E32S,VRHDERVKSANDAISKLNEKDSIENRRLAQRSVNKAPMDVKEHLQKQLDALVAQKD,-0.5648588007905202,0
E32T,VRHDERVKSANDAISKLNEKDSIENRRLAQRTVNKAPMDVKEHLQKQLDALVAQKD,-0.7109448829990486,0
E32V,VRHDERVKSANDAISKLNEKDSIENRRLAQRVVNKAPMDVKEHLQKQLDALVAQKD,-1.0208622586131602,0
E32W,VRHDERVKSANDAISKLNEKDSIENRRLAQRWVNKAPMDVKEHLQKQLDALVAQKD,-0.9975893171054224,0
E32Y,VRHDERVKSANDAISKLNEKDSIENRRLAQRYVNKAPMDVKEHLQKQLDALVAQKD,-0.9099899513175548,0
E42A,VRHDERVKSANDAISKLNEKDSIENRRLAQREVNKAPMDVKAHLQKQLDALVAQKD,0.0106468531377872,1
E42C,VRHDERVKSANDAISKLNEKDSIENRRLAQREVNKAPMDVKCHLQKQLDALVAQKD,0.2498645250575364,1
E42D,VRHDERVKSANDAISKLNEKDSIENRRLAQREVNKAPMDVKDHLQKQLDALVAQKD,-0.1790813264571018,1
E42F,VRHDERVKSANDAISKLNEKDSIENRRLAQREVNKAPMDVKFHLQKQLDALVAQKD,-1.0263695102584005,0
E42G,VRHDERVKSANDAISKLNEKDSIENRRLAQREVNKAPMDVKGHLQKQLDALVAQKD,-0.346224665911327,1
E42H,VRHDERVKSANDAISKLNEKDSIENRRLAQREVNKAPMDVKHHLQKQLDALVAQKD,-0.1132636550633574,1
E42I,VRHDERVKSANDAISKLNEKDSIENRRLAQREVNKAPMDVKIHLQKQLDALVAQKD,-0.2336553866763553,1
E42K,VRHDERVKSANDAISKLNEKDSIENRRLAQREVNKAPMDVKKHLQKQLDALVAQKD,-0.2826803794290742,1
E42L,VRHDERVKSANDAISKLNEKDSIENRRLAQREVNKAPMDVKLHLQKQLDALVAQKD,-0.7263745396991765,0
E42M,VRHDERVKSANDAISKLNEKDSIENRRLAQREVNKAPMDVKMHLQKQLDALVAQKD,-0.5996991831966978,0
E42N,VRHDERVKSANDAISKLNEKDSIENRRLAQREVNKAPMDVKNHLQKQLDALVAQKD,-0.4511186433046574,1
E42P,VRHDERVKSANDAISKLNEKDSIENRRLAQREVNKAPMDVKPHLQKQLDALVAQKD,-0.0659830693518539,1
E42Q,VRHDERVKSANDAISKLNEKDSIENRRLAQREVNKAPMDVKQHLQKQLDALVAQKD,-0.2272175858362708,1
E42R,VRHDERVKSANDAISKLNEKDSIENRRLAQREVNKAPMDVKRHLQKQLDALVAQKD,-0.1703385405420303,1
E42S,VRHDERVKSANDAISKLNEKDSIENRRLAQREVNKAPMDVKSHLQKQLDALVAQKD,-0.3874326441281952,1
E42T,VRHDERVKSANDAISKLNEKDSIENRRLAQREVNKAPMDVKTHLQKQLDALVAQKD,-0.5795855881140097,0
E42V,VRHDERVKSANDAISKLNEKDSIENRRLAQREVNKAPMDVKVHLQKQLDALVAQKD,-0.2739847976301954,1
E42W,VRHDERVKSANDAISKLNEKDSIENRRLAQREVNKAPMDVKWHLQKQLDALVAQKD,-0.7748205837430655,0
E42Y,VRHDERVKSANDAISKLNEKDSIENRRLAQREVNKAPMDVKYHLQKQLDALVAQKD,-0.7074833274779548,0
E5A,VRHDARVKSANDAISKLNEKDSIENRRLAQREVNKAPMDVKEHLQKQLDALVAQKD,-0.0657691236385276,1
E5C,VRHDCRVKSANDAISKLNEKDSIENRRLAQREVNKAPMDVKEHLQKQLDALVAQKD,0.0159704914601859,1
E5D,VRHDDRVKSANDAISKLNEKDSIENRRLAQREVNKAPMDVKEHLQKQLDALVAQKD,-0.5377017738617164,0
E5F,VRHDFRVKSANDAISKLNEKDSIENRRLAQREVNKAPMDVKEHLQKQLDALVAQKD,-0.2345991540885885,1
E5G,VRHDGRVKSANDAISKLNEKDSIENRRLAQREVNKAPMDVKEHLQKQLDALVAQKD,-0.5598430267648593,0
E5H,VRHDHRVKSANDAISKLNEKDSIENRRLAQREVNKAPMDVKEHLQKQLDALVAQKD,-0.1800638867668411,1
E5I,VRHDIRVKSANDAISKLNEKDSIENRRLAQREVNKAPMDVKEHLQKQLDALVAQKD,-0.0030211250500249,1
E5K,VRHDKRVKSANDAISKLNEKDSIENRRLAQREVNKAPMDVKEHLQKQLDALVAQKD,-0.2716203412391185,1
E5L,VRHDLRVKSANDAISKLNEKDSIENRRLAQREVNKAPMDVKEHLQKQLDALVAQKD,-0.1732622456017558,1
E5M,VRHDMRVKSANDAISKLNEKDSIENRRLAQREVNKAPMDVKEHLQKQLDALVAQKD,-0.3345253843910718,1
E5N,VRHDNRVKSANDAISKLNEKDSIENRRLAQREVNKAPMDVKEHLQKQLDALVAQKD,-0.34650532286345,1
E5P,VRHDPRVKSANDAISKLNEKDSIENRRLAQREVNKAPMDVKEHLQKQLDALVAQKD,-0.0944362612836071,1
E5Q,VRHDQRVKSANDAISKLNEKDSIENRRLAQREVNKAPMDVKEHLQKQLDALVAQKD,-0.1202772036302854,1
E5R,VRHDRRVKSANDAISKLNEKDSIENRRLAQREVNKAPMDVKEHLQKQLDALVAQKD,-0.0805626169348332,1
E5S,VRHDSRVKSANDAISKLNEKDSIENRRLAQREVNKAPMDVKEHLQKQLDALVAQKD,-0.2135958189412627,1
E5T,VRHDTRVKSANDAISKLNEKDSIENRRLAQREVNKAPMDVKEHLQKQLDALVAQKD,-0.1760863925582909,1
E5V,VRHDVRVKSANDAISKLNEKDSIENRRLAQREVNKAPMDVKEHLQKQLDALVAQKD,-0.2091158697690127,1
E5W,VRHDWRVKSANDAISKLNEKDSIENRRLAQREVNKAPMDVKEHLQKQLDALVAQKD,-0.1304299323296511,1
E5Y,VRHDYRVKSANDAISKLNEKDSIENRRLAQREVNKAPMDVKEHLQKQLDALVAQKD,-0.3764688815744228,1
H3A,VRADERVKSANDAISKLNEKDSIENRRLAQREVNKAPMDVKEHLQKQLDALVAQKD,-0.2774463536284863,1
H3C,VRCDERVKSANDAISKLNEKDSIENRRLAQREVNKAPMDVKEHLQKQLDALVAQKD,0.2532034778605112,1
H3D,VRDDERVKSANDAISKLNEKDSIENRRLAQREVNKAPMDVKEHLQKQLDALVAQKD,-0.1267754128589011,1
H3E,VREDERVKSANDAISKLNEKDSIENRRLAQREVNKAPMDVKEHLQKQLDALVAQKD,-0.0249292717214384,1
H3F,VRFDERVKSANDAISKLNEKDSIENRRLAQREVNKAPMDVKEHLQKQLDALVAQKD,0.0451967578573633,1
H3G,VRGDERVKSANDAISKLNEKDSIENRRLAQREVNKAPMDVKEHLQKQLDALVAQKD,-0.2982827364720701,1
H3I,VRIDERVKSANDAISKLNEKDSIENRRLAQREVNKAPMDVKEHLQKQLDALVAQKD,0.0418726228670123,1
H3K,VRKDERVKSANDAISKLNEKDSIENRRLAQREVNKAPMDVKEHLQKQLDALVAQKD,-0.5179151188188174,0
H3L,VRLDERVKSANDAISKLNEKDSIENRRLAQREVNKAPMDVKEHLQKQLDALVAQKD,-0.1345770359527085,1
H3M,VRMDERVKSANDAISKLNEKDSIENRRLAQREVNKAPMDVKEHLQKQLDALVAQKD,-0.2571331067319711,1
H3N,VRNDERVKSANDAISKLNEKDSIENRRLAQREVNKAPMDVKEHLQKQLDALVAQKD,-0.1861673102440779,1
H3P,VRPDERVKSANDAISKLNEKDSIENRRLAQREVNKAPMDVKEHLQKQLDALVAQKD,-0.3320631708574411,1
H3Q,VRQDERVKSANDAISKLNEKDSIENRRLAQREVNKAPMDVKEHLQKQLDALVAQKD,-0.1322718871240102,1
H3R,VRRDERVKSANDAISKLNEKDSIENRRLAQREVNKAPMDVKEHLQKQLDALVAQKD,-0.1608592890631981,1
H3S,VRSDERVKSANDAISKLNEKDSIENRRLAQREVNKAPMDVKEHLQKQLDALVAQKD,-0.2528526785167233,1
H3T,VRTDERVKSANDAISKLNEKDSIENRRLAQREVNKAPMDVKEHLQKQLDALVAQKD,-0.2790507752050668,1
H3V,VRVDERVKSANDAISKLNEKDSIENRRLAQREVNKAPMDVKEHLQKQLDALVAQKD,-0.2513427086599971,1
H3W,VRWDERVKSANDAISKLNEKDSIENRRLAQREVNKAPMDVKEHLQKQLDALVAQKD,0.5765696099069835,1
H3Y,VRYDERVKSANDAISKLNEKDSIENRRLAQREVNKAPMDVKEHLQKQLDALVAQKD,0.5167459592148871,1
H43A,VRHDERVKSANDAISKLNEKDSIENRRLAQREVNKAPMDVKEALQKQLDALVAQKD,0.3166502626691341,1
H43C,VRHDERVKSANDAISKLNEKDSIENRRLAQREVNKAPMDVKECLQKQLDALVAQKD,0.2304166894162758,1
H43D,VRHDERVKSANDAISKLNEKDSIENRRLAQREVNKAPMDVKEDLQKQLDALVAQKD,0.1110092591006501,1
H43E,VRHDERVKSANDAISKLNEKDSIENRRLAQREVNKAPMDVKEELQKQLDALVAQKD,0.2732422518205253,1
H43F,VRHDERVKSANDAISKLNEKDSIENRRLAQREVNKAPMDVKEFLQKQLDALVAQKD,0.0201589720674499,1
H43G,VRHDERVKSANDAISKLNEKDSIENRRLAQREVNKAPMDVKEGLQKQLDALVAQKD,0.1808305470802063,1
H43I,VRHDERVKSANDAISKLNEKDSIENRRLAQREVNKAPMDVKEILQKQLDALVAQKD,0.1864424072006152,1
H43K,VRHDERVKSANDAISKLNEKDSIENRRLAQREVNKAPMDVKEKLQKQLDALVAQKD,0.300670584054894,1
H43L,VRHDERVKSANDAISKLNEKDSIENRRLAQREVNKAPMDVKELLQKQLDALVAQKD,0.0998147802769457,1
H43M,VRHDERVKSANDAISKLNEKDSIENRRLAQREVNKAPMDVKEMLQKQLDALVAQKD,0.3182089036099531,1
H43N,VRHDERVKSANDAISKLNEKDSIENRRLAQREVNKAPMDVKENLQKQLDALVAQKD,-0.0936024076119423,1
H43P,VRHDERVKSANDAISKLNEKDSIENRRLAQREVNKAPMDVKEPLQKQLDALVAQKD,-0.9623892744473734,0
H43Q,VRHDERVKSANDAISKLNEKDSIENRRLAQREVNKAPMDVKEQLQKQLDALVAQKD,0.3077077388125002,1
H43R,VRHDERVKSANDAISKLNEKDSIENRRLAQREVNKAPMDVKERLQKQLDALVAQKD,0.0173625553080762,1
H43S,VRHDERVKSANDAISKLNEKDSIENRRLAQREVNKAPMDVKESLQKQLDALVAQKD,0.2230822811184001,1
H43T,VRHDERVKSANDAISKLNEKDSIENRRLAQREVNKAPMDVKETLQKQLDALVAQKD,0.0853187548952874,1
H43V,VRHDERVKSANDAISKLNEKDSIENRRLAQREVNKAPMDVKEVLQKQLDALVAQKD,0.1716844038931371,1
H43W,VRHDERVKSANDAISKLNEKDSIENRRLAQREVNKAPMDVKEWLQKQLDALVAQKD,0.1044746634108191,1
H43Y,VRHDERVKSANDAISKLNEKDSIENRRLAQREVNKAPMDVKEYLQKQLDALVAQKD,0.2480845569538987,1
I14A,VRHDERVKSANDAASKLNEKDSIENRRLAQREVNKAPMDVKEHLQKQLDALVAQKD,-2.0662435781984207,0
I14C,VRHDERVKSANDACSKLNEKDSIENRRLAQREVNKAPMDVKEHLQKQLDALVAQKD,-0.9606959959603188,0
I14D,VRHDERVKSANDADSKLNEKDSIENRRLAQREVNKAPMDVKEHLQKQLDALVAQKD,-1.7295477582188346,0
I14E,VRHDERVKSANDAESKLNEKDSIENRRLAQREVNKAPMDVKEHLQKQLDALVAQKD,-1.719593291082912,0
I14F,VRHDERVKSANDAFSKLNEKDSIENRRLAQREVNKAPMDVKEHLQKQLDALVAQKD,-0.5397200908772282,0
I14G,VRHDERVKSANDAGSKLNEKDSIENRRLAQREVNKAPMDVKEHLQKQLDALVAQKD,-1.628008141590385,0
I14L,VRHDERVKSANDALSKLNEKDSIENRRLAQREVNKAPMDVKEHLQKQLDALVAQKD,-0.1536729460421184,1
I14M,VRHDERVKSANDAMSKLNEKDSIENRRLAQREVNKAPMDVKEHLQKQLDALVAQKD,-0.5565908363981625,0
I14N,VRHDERVKSANDANSKLNEKDSIENRRLAQREVNKAPMDVKEHLQKQLDALVAQKD,-1.6796412690192026,0
I14P,VRHDERVKSANDAPSKLNEKDSIENRRLAQREVNKAPMDVKEHLQKQLDALVAQKD,-1.6450140509587206,0
I14Q,VRHDERVKSANDAQSKLNEKDSIENRRLAQREVNKAPMDVKEHLQKQLDALVAQKD,-1.3731106759196907,0
I14R,VRHDERVKSANDARSKLNEKDSIENRRLAQREVNKAPMDVKEHLQKQLDALVAQKD,-1.2069222418586143,0
I14S,VRHDERVKSANDASSKLNEKDSIENRRLAQREVNKAPMDVKEHLQKQLDALVAQKD,-1.4352540150921185,0
I14T,VRHDERVKSANDATSKLNEKDSIENRRLAQREVNKAPMDVKEHLQKQLDALVAQKD,-1.5794653521067925,0
I14V,VRHDERVKSANDAVSKLNEKDSIENRRLAQREVNKAPMDVKEHLQKQLDALVAQKD,-1.1247865333094331,0
I14W,VRHDERVKSANDAWSKLNEKDSIENRRLAQREVNKAPMDVKEHLQKQLDALVAQKD,-1.0536124657473984,0
I14Y,VRHDERVKSANDAYSKLNEKDSIENRRLAQREVNKAPMDVKEHLQKQLDALVAQKD,-1.1631275055992565,0
I23A,VRHDERVKSANDAISKLNEKDSAENRRLAQREVNKAPMDVKEHLQKQLDALVAQKD,0.0696387477784399,1
I23C,VRHDERVKSANDAISKLNEKDSCENRRLAQREVNKAPMDVKEHLQKQLDALVAQKD,0.4822656380104801,1
I23D,VRHDERVKSANDAISKLNEKDSDENRRLAQREVNKAPMDVKEHLQKQLDALVAQKD,-0.062650403812756,1
I23E,VRHDERVKSANDAISKLNEKDSEENRRLAQREVNKAPMDVKEHLQKQLDALVAQKD,0.106479708493788,1
I23F,VRHDERVKSANDAISKLNEKDSFENRRLAQREVNKAPMDVKEHLQKQLDALVAQKD,0.078313736418768,1
I23G,VRHDERVKSANDAISKLNEKDSGENRRLAQREVNKAPMDVKEHLQKQLDALVAQKD,-0.5156637664435741,1
I23H,VRHDERVKSANDAISKLNEKDSHENRRLAQREVNKAPMDVKEHLQKQLDALVAQKD,-0.248161966602038,1
I23K,VRHDERVKSANDAISKLNEKDSKENRRLAQREVNKAPMDVKEHLQKQLDALVAQKD,-0.1248999761295863,1
I23L,VRHDERVKSANDAISKLNEKDSLENRRLAQREVNKAPMDVKEHLQKQLDALVAQKD,0.2931183952727052,1
I23M,VRHDERVKSANDAISKLNEKDSMENRRLAQREVNKAPMDVKEHLQKQLDALVAQKD,0.006343226232772,1
I23N,VRHDERVKSANDAISKLNEKDSNENRRLAQREVNKAPMDVKEHLQKQLDALVAQKD,-0.5751426734243312,0
I23P,VRHDERVKSANDAISKLNEKDSPENRRLAQREVNKAPMDVKEHLQKQLDALVAQKD,0.5677268864843552,1
I23Q,VRHDERVKSANDAISKLNEKDSQENRRLAQREVNKAPMDVKEHLQKQLDALVAQKD,-0.1338734858374046,1
I23R,VRHDERVKSANDAISKLNEKDSRENRRLAQREVNKAPMDVKEHLQKQLDALVAQKD,-0.3287903819573825,1
I23S,VRHDERVKSANDAISKLNEKDSSENRRLAQREVNKAPMDVKEHLQKQLDALVAQKD,-0.2753421681701899,1
I23T,VRHDERVKSANDAISKLNEKDSTENRRLAQREVNKAPMDVKEHLQKQLDALVAQKD,-0.2515443480562425,1
I23V,VRHDERVKSANDAISKLNEKDSVENRRLAQREVNKAPMDVKEHLQKQLDALVAQKD,-0.000148527065906,1
I23W,VRHDERVKSANDAISKLNEKDSWENRRLAQREVNKAPMDVKEHLQKQLDALVAQKD,0.3825418243598053,1
I23Y,VRHDERVKSANDAISKLNEKDSYENRRLAQREVNKAPMDVKEHLQKQLDALVAQKD,0.1872370929542504,1
K16A,VRHDERVKSANDAISALNEKDSIENRRLAQREVNKAPMDVKEHLQKQLDALVAQKD,-0.0479458853966179,1
K16C,VRHDERVKSANDAISCLNEKDSIENRRLAQREVNKAPMDVKEHLQKQLDALVAQKD,-0.3053492852401043,1
K16D,VRHDERVKSANDAISDLNEKDSIENRRLAQREVNKAPMDVKEHLQKQLDALVAQKD,-0.6897835877803702,0
K16E,VRHDERVKSANDAISELNEKDSIENRRLAQREVNKAPMDVKEHLQKQLDALVAQKD,-0.9148702302343016,0
K16F,VRHDERVKSANDAISFLNEKDSIENRRLAQREVNKAPMDVKEHLQKQLDALVAQKD,-1.0309427333165184,0
K16G,VRHDERVKSANDAISGLNEKDSIENRRLAQREVNKAPMDVKEHLQKQLDALVAQKD,-1.0371611030956451,0
K16H,VRHDERVKSANDAISHLNEKDSIENRRLAQREVNKAPMDVKEHLQKQLDALVAQKD,-0.64042181314378,0
K16I,VRHDERVKSANDAISILNEKDSIENRRLAQREVNKAPMDVKEHLQKQLDALVAQKD,-0.2310557142122673,1
K16L,VRHDERVKSANDAISLLNEKDSIENRRLAQREVNKAPMDVKEHLQKQLDALVAQKD,0.1035198910963186,1
K16M,VRHDERVKSANDAISMLNEKDSIENRRLAQREVNKAPMDVKEHLQKQLDALVAQKD,-0.0282606162847836,1
K16N,VRHDERVKSANDAISNLNEKDSIENRRLAQREVNKAPMDVKEHLQKQLDALVAQKD,-0.5558569870403796,0
K16P,VRHDERVKSANDAISPLNEKDSIENRRLAQREVNKAPMDVKEHLQKQLDALVAQKD,-1.5204718597261802,0
K16Q,VRHDERVKSANDAISQLNEKDSIENRRLAQREVNKAPMDVKEHLQKQLDALVAQKD,-0.1414910044415147,1
K16R,VRHDERVKSANDAISRLNEKDSIENRRLAQREVNKAPMDVKEHLQKQLDALVAQKD,0.4905746057494524,1
K16S,VRHDERVKSANDAISSLNEKDSIENRRLAQREVNKAPMDVKEHLQKQLDALVAQKD,-0.710441514890346,0
K16T,VRHDERVKSANDAISTLNEKDSIENRRLAQREVNKAPMDVKEHLQKQLDALVAQKD,-0.3710130469545304,1
K16V,VRHDERVKSANDAISVLNEKDSIENRRLAQREVNKAPMDVKEHLQKQLDALVAQKD,-0.3602885748043301,1
K16W,VRHDERVKSANDAISWLNEKDSIENRRLAQREVNKAPMDVKEHLQKQLDALVAQKD,-1.244018399896064,0
K16Y,VRHDERVKSANDAISYLNEKDSIENRRLAQREVNKAPMDVKEHLQKQLDALVAQKD,-1.2410052856485307,0
K20A,VRHDERVKSANDAISKLNEADSIENRRLAQREVNKAPMDVKEHLQKQLDALVAQKD,-0.0677973427482558,1
K20C,VRHDERVKSANDAISKLNECDSIENRRLAQREVNKAPMDVKEHLQKQLDALVAQKD,0.7201187839813856,1
K20D,VRHDERVKSANDAISKLNEDDSIENRRLAQREVNKAPMDVKEHLQKQLDALVAQKD,0.4624439505055135,1
K20E,VRHDERVKSANDAISKLNEEDSIENRRLAQREVNKAPMDVKEHLQKQLDALVAQKD,0.5727474269040447,1
K20F,VRHDERVKSANDAISKLNEFDSIENRRLAQREVNKAPMDVKEHLQKQLDALVAQKD,0.5296353487174716,1
K20G,VRHDERVKSANDAISKLNEGDSIENRRLAQREVNKAPMDVKEHLQKQLDALVAQKD,-0.682473684542325,0
K20H,VRHDERVKSANDAISKLNEHDSIENRRLAQREVNKAPMDVKEHLQKQLDALVAQKD,0.363607946950393,1
K20I,VRHDERVKSANDAISKLNEIDSIENRRLAQREVNKAPMDVKEHLQKQLDALVAQKD,0.1133701444719788,1
K20L,VRHDERVKSANDAISKLNELDSIENRRLAQREVNKAPMDVKEHLQKQLDALVAQKD,-0.0270787666436125,1
K20M,VRHDERVKSANDAISKLNEMDSIENRRLAQREVNKAPMDVKEHLQKQLDALVAQKD,0.1060387879306248,1
K20N,VRHDERVKSANDAISKLNENDSIENRRLAQREVNKAPMDVKEHLQKQLDALVAQKD,0.5841291287660832,1
K20P,VRHDERVKSANDAISKLNEPDSIENRRLAQREVNKAPMDVKEHLQKQLDALVAQKD,-1.825655840040036,0
K20Q,VRHDERVKSANDAISKLNEQDSIENRRLAQREVNKAPMDVKEHLQKQLDALVAQKD,0.2544610963140006,1
K20R,VRHDERVKSANDAISKLNERDSIENRRLAQREVNKAPMDVKEHLQKQLDALVAQKD,-0.0971387829802925,1
K20S,VRHDERVKSANDAISKLNESDSIENRRLAQREVNKAPMDVKEHLQKQLDALVAQKD,0.1329971303776762,1
K20T,VRHDERVKSANDAISKLNETDSIENRRLAQREVNKAPMDVKEHLQKQLDALVAQKD,0.0584420413436588,1
K20V,VRHDERVKSANDAISKLNEVDSIENRRLAQREVNKAPMDVKEHLQKQLDALVAQKD,0.1593076668696118,1
K20W,VRHDERVKSANDAISKLNEWDSIENRRLAQREVNKAPMDVKEHLQKQLDALVAQKD,0.2866792207158462,1
K20Y,VRHDERVKSANDAISKLNEYDSIENRRLAQREVNKAPMDVKEHLQKQLDALVAQKD,0.5303158456880204,1
K35A,VRHDERVKSANDAISKLNEKDSIENRRLAQREVNAAPMDVKEHLQKQLDALVAQKD,-0.0845911361298508,1
K35C,VRHDERVKSANDAISKLNEKDSIENRRLAQREVNCAPMDVKEHLQKQLDALVAQKD,-0.1822262268725607,1
K35D,VRHDERVKSANDAISKLNEKDSIENRRLAQREVNDAPMDVKEHLQKQLDALVAQKD,-0.6223308998062843,0
K35E,VRHDERVKSANDAISKLNEKDSIENRRLAQREVNEAPMDVKEHLQKQLDALVAQKD,-0.4115175150512576,1
K35F,VRHDERVKSANDAISKLNEKDSIENRRLAQREVNFAPMDVKEHLQKQLDALVAQKD,-0.6380178432549192,0
K35G,VRHDERVKSANDAISKLNEKDSIENRRLAQREVNGAPMDVKEHLQKQLDALVAQKD,-0.6199195315713465,0
K35H,VRHDERVKSANDAISKLNEKDSIENRRLAQREVNHAPMDVKEHLQKQLDALVAQKD,-0.4586302887281288,1
K35I,VRHDERVKSANDAISKLNEKDSIENRRLAQREVNIAPMDVKEHLQKQLDALVAQKD,-0.8927143331946515,0
K35L,VRHDERVKSANDAISKLNEKDSIENRRLAQREVNLAPMDVKEHLQKQLDALVAQKD,-0.0291546181251034,1
K35M,VRHDERVKSANDAISKLNEKDSIENRRLAQREVNMAPMDVKEHLQKQLDALVAQKD,-0.273541106029177,1
K35N,VRHDERVKSANDAISKLNEKDSIENRRLAQREVNNAPMDVKEHLQKQLDALVAQKD,0.1486180628124176,1
K35P,VRHDERVKSANDAISKLNEKDSIENRRLAQREVNPAPMDVKEHLQKQLDALVAQKD,-1.6501879990296788,0
K35Q,VRHDERVKSANDAISKLNEKDSIENRRLAQREVNQAPMDVKEHLQKQLDALVAQKD,-0.4219785211043856,1
K35R,VRHDERVKSANDAISKLNEKDSIENRRLAQREVNRAPMDVKEHLQKQLDALVAQKD,-0.1361482911141986,1
K35S,VRHDERVKSANDAISKLNEKDSIENRRLAQREVNSAPMDVKEHLQKQLDALVAQKD,-0.4481739993380577,1
K35T,VRHDERVKSANDAISKLNEKDSIENRRLAQREVNTAPMDVKEHLQKQLDALVAQKD,-0.8447955642898508,0
K35V,VRHDERVKSANDAISKLNEKDSIENRRLAQREVNVAPMDVKEHLQKQLDALVAQKD,-0.9413067685505956,0
K35Y,VRHDERVKSANDAISKLNEKDSIENRRLAQREVNYAPMDVKEHLQKQLDALVAQKD,-0.8156512321751483,0
K41A,VRHDERVKSANDAISKLNEKDSIENRRLAQREVNKAPMDVAEHLQKQLDALVAQKD,-0.8610079653512775,0
K41C,VRHDERVKSANDAISKLNEKDSIENRRLAQREVNKAPMDVCEHLQKQLDALVAQKD,-1.191330820462,0
K41D,VRHDERVKSANDAISKLNEKDSIENRRLAQREVNKAPMDVDEHLQKQLDALVAQKD,-1.474250896706978,0
K41E,VRHDERVKSANDAISKLNEKDSIENRRLAQREVNKAPMDVEEHLQKQLDALVAQKD,-1.3817925021027166,0
K41F,VRHDERVKSANDAISKLNEKDSIENRRLAQREVNKAPMDVFEHLQKQLDALVAQKD,-1.2523639459211355,0
K41G,VRHDERVKSANDAISKLNEKDSIENRRLAQREVNKAPMDVGEHLQKQLDALVAQKD,-1.3246690209339862,0
K41H,VRHDERVKSANDAISKLNEKDSIENRRLAQREVNKAPMDVHEHLQKQLDALVAQKD,-1.0173698210481117,0
K41I,VRHDERVKSANDAISKLNEKDSIENRRLAQREVNKAPMDVIEHLQKQLDALVAQKD,-0.4066800283272345,1
K41L,VRHDERVKSANDAISKLNEKDSIENRRLAQREVNKAPMDVLEHLQKQLDALVAQKD,-0.9719704940416388,0
K41M,VRHDERVKSANDAISKLNEKDSIENRRLAQREVNKAPMDVMEHLQKQLDALVAQKD,-0.7245224088169917,0
K41N,VRHDERVKSANDAISKLNEKDSIENRRLAQREVNKAPMDVNEHLQKQLDALVAQKD,-1.2265953223578272,0
K41P,VRHDERVKSANDAISKLNEKDSIENRRLAQREVNKAPMDVPEHLQKQLDALVAQKD,-1.3395616591563209,0
K41Q,VRHDERVKSANDAISKLNEKDSIENRRLAQREVNKAPMDVQEHLQKQLDALVAQKD,-0.2036624082252365,1
K41R,VRHDERVKSANDAISKLNEKDSIENRRLAQREVNKAPMDVREHLQKQLDALVAQKD,0.6482688346112233,1
K41S,VRHDERVKSANDAISKLNEKDSIENRRLAQREVNKAPMDVSEHLQKQLDALVAQKD,-0.7475228281696544,0
K41T,VRHDERVKSANDAISKLNEKDSIENRRLAQREVNKAPMDVTEHLQKQLDALVAQKD,-1.1842676301180295,0
K41V,VRHDERVKSANDAISKLNEKDSIENRRLAQREVNKAPMDVVEHLQKQLDALVAQKD,-0.6836014012820324,0
K41W,VRHDERVKSANDAISKLNEKDSIENRRLAQREVNKAPMDVWEHLQKQLDALVAQKD,-0.8690010558457171,0
K41Y,VRHDERVKSANDAISKLNEKDSIENRRLAQREVNKAPMDVYEHLQKQLDALVAQKD,-0.797458003810485,0
K46A,VRHDERVKSANDAISKLNEKDSIENRRLAQREVNKAPMDVKEHLQAQLDALVAQKD,0.0754887784824926,1
K46C,VRHDERVKSANDAISKLNEKDSIENRRLAQREVNKAPMDVKEHLQCQLDALVAQKD,-0.1153501734443973,1
K46D,VRHDERVKSANDAISKLNEKDSIENRRLAQREVNKAPMDVKEHLQDQLDALVAQKD,-0.4097403010684615,1
K46E,VRHDERVKSANDAISKLNEKDSIENRRLAQREVNKAPMDVKEHLQEQLDALVAQKD,-0.4218232220681595,1
K46F,VRHDERVKSANDAISKLNEKDSIENRRLAQREVNKAPMDVKEHLQFQLDALVAQKD,-0.5458206259564299,0
K46G,VRHDERVKSANDAISKLNEKDSIENRRLAQREVNKAPMDVKEHLQGQLDALVAQKD,-0.5041213422451487,1
K46H,VRHDERVKSANDAISKLNEKDSIENRRLAQREVNKAPMDVKEHLQHQLDALVAQKD,-0.4983323119920537,1
K46I,VRHDERVKSANDAISKLNEKDSIENRRLAQREVNKAPMDVKEHLQIQLDALVAQKD,-0.6949371784981593,0
K46L,VRHDERVKSANDAISKLNEKDSIENRRLAQREVNKAPMDVKEHLQLQLDALVAQKD,-0.2818949554576073,1
K46M,VRHDERVKSANDAISKLNEKDSIENRRLAQREVNKAPMDVKEHLQMQLDALVAQKD,-0.0573727718526109,1
K46N,VRHDERVKSANDAISKLNEKDSIENRRLAQREVNKAPMDVKEHLQNQLDALVAQKD,-0.1051730777485639,1
K46P,VRHDERVKSANDAISKLNEKDSIENRRLAQREVNKAPMDVKEHLQPQLDALVAQKD,-1.5547250730601816,0
K46Q,VRHDERVKSANDAISKLNEKDSIENRRLAQREVNKAPMDVKEHLQQQLDALVAQKD,-0.0152432251216478,1
K46R,VRHDERVKSANDAISKLNEKDSIENRRLAQREVNKAPMDVKEHLQRQLDALVAQKD,0.1072303828090981,1
K46S,VRHDERVKSANDAISKLNEKDSIENRRLAQREVNKAPMDVKEHLQSQLDALVAQKD,-0.2711877991467177,1
K46T,VRHDERVKSANDAISKLNEKDSIENRRLAQREVNKAPMDVKEHLQTQLDALVAQKD,-0.4284570694313768,1
K46V,VRHDERVKSANDAISKLNEKDSIENRRLAQREVNKAPMDVKEHLQVQLDALVAQKD,-0.7340064415167813,0
K46W,VRHDERVKSANDAISKLNEKDSIENRRLAQREVNKAPMDVKEHLQWQLDALVAQKD,-0.5914611242927386,0
K46Y,VRHDERVKSANDAISKLNEKDSIENRRLAQREVNKAPMDVKEHLQYQLDALVAQKD,-0.7951194498885961,0
K55A,VRHDERVKSANDAISKLNEKDSIENRRLAQREVNKAPMDVKEHLQKQLDALVAQAD,-0.2762132676335735,1
K55C,VRHDERVKSANDAISKLNEKDSIENRRLAQREVNKAPMDVKEHLQKQLDALVAQCD,-0.5697028768933734,0
K55D,VRHDERVKSANDAISKLNEKDSIENRRLAQREVNKAPMDVKEHLQKQLDALVAQDD,-1.0104968187050285,0
K55E,VRHDERVKSANDAISKLNEKDSIENRRLAQREVNKAPMDVKEHLQKQLDALVAQED,-0.8230260109630395,0
K55F,VRHDERVKSANDAISKLNEKDSIENRRLAQREVNKAPMDVKEHLQKQLDALVAQFD,0.336908444983498,1
K55G,VRHDERVKSANDAISKLNEKDSIENRRLAQREVNKAPMDVKEHLQKQLDALVAQGD,-0.6388300096546013,0
K55H,VRHDERVKSANDAISKLNEKDSIENRRLAQREVNKAPMDVKEHLQKQLDALVAQHD,0.2203639414158626,1
K55I,VRHDERVKSANDAISKLNEKDSIENRRLAQREVNKAPMDVKEHLQKQLDALVAQID,0.1448478256550378,1
K55L,VRHDERVKSANDAISKLNEKDSIENRRLAQREVNKAPMDVKEHLQKQLDALVAQLD,0.8325176466923299,1
K55M,VRHDERVKSANDAISKLNEKDSIENRRLAQREVNKAPMDVKEHLQKQLDALVAQMD,0.2656158764429104,1
K55N,VRHDERVKSANDAISKLNEKDSIENRRLAQREVNKAPMDVKEHLQKQLDALVAQND,-0.3019158036878444,1
K55P,VRHDERVKSANDAISKLNEKDSIENRRLAQREVNKAPMDVKEHLQKQLDALVAQPD,-0.9302569506761348,0
K55Q,VRHDERVKSANDAISKLNEKDSIENRRLAQREVNKAPMDVKEHLQKQLDALVAQQD,-0.5606133164751663,0
K55R,VRHDERVKSANDAISKLNEKDSIENRRLAQREVNKAPMDVKEHLQKQLDALVAQRD,-0.013204798203551,1
K55S,VRHDERVKSANDAISKLNEKDSIENRRLAQREVNKAPMDVKEHLQKQLDALVAQSD,-0.5682365216776624,0
K55T,VRHDERVKSANDAISKLNEKDSIENRRLAQREVNKAPMDVKEHLQKQLDALVAQTD,-0.6606649074329651,0
K55V,VRHDERVKSANDAISKLNEKDSIENRRLAQREVNKAPMDVKEHLQKQLDALVAQVD,-0.7336513053267857,0
K55W,VRHDERVKSANDAISKLNEKDSIENRRLAQREVNKAPMDVKEHLQKQLDALVAQWD,0.0847849271713159,1
K55Y,VRHDERVKSANDAISKLNEKDSIENRRLAQREVNKAPMDVKEHLQKQLDALVAQYD,0.8024100408995392,1
K8A,VRHDERVASANDAISKLNEKDSIENRRLAQREVNKAPMDVKEHLQKQLDALVAQKD,-0.3834301984348024,1
K8C,VRHDERVCSANDAISKLNEKDSIENRRLAQREVNKAPMDVKEHLQKQLDALVAQKD,-0.1648940726087155,1
K8D,VRHDERVDSANDAISKLNEKDSIENRRLAQREVNKAPMDVKEHLQKQLDALVAQKD,-0.6743239707292701,0
K8E,VRHDERVESANDAISKLNEKDSIENRRLAQREVNKAPMDVKEHLQKQLDALVAQKD,-0.747098842712788,0
K8F,VRHDERVFSANDAISKLNEKDSIENRRLAQREVNKAPMDVKEHLQKQLDALVAQKD,-0.7673795601694415,0
K8G,VRHDERVGSANDAISKLNEKDSIENRRLAQREVNKAPMDVKEHLQKQLDALVAQKD,-0.8535265538480638,0
K8H,VRHDERVHSANDAISKLNEKDSIENRRLAQREVNKAPMDVKEHLQKQLDALVAQKD,-0.4679487597579557,1
K8I,VRHDERVISANDAISKLNEKDSIENRRLAQREVNKAPMDVKEHLQKQLDALVAQKD,-0.4387857049069188,1
K8L,VRHDERVLSANDAISKLNEKDSIENRRLAQREVNKAPMDVKEHLQKQLDALVAQKD,-0.6449643879160616,0
K8M,VRHDERVMSANDAISKLNEKDSIENRRLAQREVNKAPMDVKEHLQKQLDALVAQKD,-0.577419891404667,0
K8N,VRHDERVNSANDAISKLNEKDSIENRRLAQREVNKAPMDVKEHLQKQLDALVAQKD,-0.7491624684981429,0
K8P,VRHDERVPSANDAISKLNEKDSIENRRLAQREVNKAPMDVKEHLQKQLDALVAQKD,-1.4009160497275903,0
K8Q,VRHDERVQSANDAISKLNEKDSIENRRLAQREVNKAPMDVKEHLQKQLDALVAQKD,-0.1835401718857261,1
K8R,VRHDERVRSANDAISKLNEKDSIENRRLAQREVNKAPMDVKEHLQKQLDALVAQKD,-0.2529987729197409,1
K8S,VRHDERVSSANDAISKLNEKDSIENRRLAQREVNKAPMDVKEHLQKQLDALVAQKD,-0.5595592514575847,0
K8T,VRHDERVTSANDAISKLNEKDSIENRRLAQREVNKAPMDVKEHLQKQLDALVAQKD,-0.5724198519670753,0
K8V,VRHDERVVSANDAISKLNEKDSIENRRLAQREVNKAPMDVKEHLQKQLDALVAQKD,-0.4530089242482609,1
K8W,VRHDERVWSANDAISKLNEKDSIENRRLAQREVNKAPMDVKEHLQKQLDALVAQKD,-1.2220400127265023,0
K8Y,VRHDERVYSANDAISKLNEKDSIENRRLAQREVNKAPMDVKEHLQKQLDALVAQKD,-0.5790694956324682,0
L17A,VRHDERVKSANDAISKANEKDSIENRRLAQREVNKAPMDVKEHLQKQLDALVAQKD,-1.7455370797286391,0
L17C,VRHDERVKSANDAISKCNEKDSIENRRLAQREVNKAPMDVKEHLQKQLDALVAQKD,-1.026966046105659,0
L17D,VRHDERVKSANDAISKDNEKDSIENRRLAQREVNKAPMDVKEHLQKQLDALVAQKD,-1.5236182338739503,0
L17E,VRHDERVKSANDAISKENEKDSIENRRLAQREVNKAPMDVKEHLQKQLDALVAQKD,-2.188759650312456,0
L17F,VRHDERVKSANDAISKFNEKDSIENRRLAQREVNKAPMDVKEHLQKQLDALVAQKD,-0.845259003486332,0
L17H,VRHDERVKSANDAISKHNEKDSIENRRLAQREVNKAPMDVKEHLQKQLDALVAQKD,-2.052551404869463,0
L17I,VRHDERVKSANDAISKINEKDSIENRRLAQREVNKAPMDVKEHLQKQLDALVAQKD,-0.5015140319485172,1
L17K,VRHDERVKSANDAISKKNEKDSIENRRLAQREVNKAPMDVKEHLQKQLDALVAQKD,-2.1776528976428624,0
L17M,VRHDERVKSANDAISKMNEKDSIENRRLAQREVNKAPMDVKEHLQKQLDALVAQKD,-0.9636241042096684,0
L17N,VRHDERVKSANDAISKNNEKDSIENRRLAQREVNKAPMDVKEHLQKQLDALVAQKD,-1.793286263247574,0
L17P,VRHDERVKSANDAISKPNEKDSIENRRLAQREVNKAPMDVKEHLQKQLDALVAQKD,-1.6563465915018607,0
L17Q,VRHDERVKSANDAISKQNEKDSIENRRLAQREVNKAPMDVKEHLQKQLDALVAQKD,-1.4797926576324392,0
L17R,VRHDERVKSANDAISKRNEKDSIENRRLAQREVNKAPMDVKEHLQKQLDALVAQKD,-1.974212895001083,0
L17S,VRHDERVKSANDAISKSNEKDSIENRRLAQREVNKAPMDVKEHLQKQLDALVAQKD,-1.4963023454425048,0
L17V,VRHDERVKSANDAISKVNEKDSIENRRLAQREVNKAPMDVKEHLQKQLDALVAQKD,-0.8197083022805254,0
L17W,VRHDERVKSANDAISKWNEKDSIENRRLAQREVNKAPMDVKEHLQKQLDALVAQKD,-2.0234619148344333,0
L17Y,VRHDERVKSANDAISKYNEKDSIENRRLAQREVNKAPMDVKEHLQKQLDALVAQKD,-0.92186378321609,0
L28A,VRHDERVKSANDAISKLNEKDSIENRRAAQREVNKAPMDVKEHLQKQLDALVAQKD,-0.0700015894419492,1
L28C,VRHDERVKSANDAISKLNEKDSIENRRCAQREVNKAPMDVKEHLQKQLDALVAQKD,-0.4519519328428348,1
L28D,VRHDERVKSANDAISKLNEKDSIENRRDAQREVNKAPMDVKEHLQKQLDALVAQKD,-0.514492161410895,1
L28E,VRHDERVKSANDAISKLNEKDSIENRREAQREVNKAPMDVKEHLQKQLDALVAQKD,-0.4919693509589682,1
L28F,VRHDERVKSANDAISKLNEKDSIENRRFAQREVNKAPMDVKEHLQKQLDALVAQKD,-0.5258932704806308,0
L28G,VRHDERVKSANDAISKLNEKDSIENRRGAQREVNKAPMDVKEHLQKQLDALVAQKD,-1.137170251657461,0
L28H,VRHDERVKSANDAISKLNEKDSIENRRHAQREVNKAPMDVKEHLQKQLDALVAQKD,-0.1113125148600018,1
L28I,VRHDERVKSANDAISKLNEKDSIENRRIAQREVNKAPMDVKEHLQKQLDALVAQKD,-0.0634424760334166,1
L28K,VRHDERVKSANDAISKLNEKDSIENRRKAQREVNKAPMDVKEHLQKQLDALVAQKD,0.0826321156576854,1
L28M,VRHDERVKSANDAISKLNEKDSIENRRMAQREVNKAPMDVKEHLQKQLDALVAQKD,-0.0687274151918038,1
L28N,VRHDERVKSANDAISKLNEKDSIENRRNAQREVNKAPMDVKEHLQKQLDALVAQKD,-0.1322649776447919,1
L28Q,VRHDERVKSANDAISKLNEKDSIENRRQAQREVNKAPMDVKEHLQKQLDALVAQKD,-0.550868860129736,0
L28R,VRHDERVKSANDAISKLNEKDSIENRRRAQREVNKAPMDVKEHLQKQLDALVAQKD,0.165476430600121,1
L28S,VRHDERVKSANDAISKLNEKDSIENRRSAQREVNKAPMDVKEHLQKQLDALVAQKD,-0.5050962004614121,1
L28T,VRHDERVKSANDAISKLNEKDSIENRRTAQREVNKAPMDVKEHLQKQLDALVAQKD,-0.4570113927845094,1
L28V,VRHDERVKSANDAISKLNEKDSIENRRVAQREVNKAPMDVKEHLQKQLDALVAQKD,-0.4347126053960184,1
L28W,VRHDERVKSANDAISKLNEKDSIENRRWAQREVNKAPMDVKEHLQKQLDALVAQKD,-0.8430520873518631,0
L28Y,VRHDERVKSANDAISKLNEKDSIENRRYAQREVNKAPMDVKEHLQKQLDALVAQKD,-0.641750716993879,0
L44A,VRHDERVKSANDAISKLNEKDSIENRRLAQREVNKAPMDVKEHAQKQLDALVAQKD,-1.522465950311251,0
L44C,VRHDERVKSANDAISKLNEKDSIENRRLAQREVNKAPMDVKEHCQKQLDALVAQKD,-1.148888498783182,0
L44D,VRHDERVKSANDAISKLNEKDSIENRRLAQREVNKAPMDVKEHDQKQLDALVAQKD,-1.4971502553888696,0
L44E,VRHDERVKSANDAISKLNEKDSIENRRLAQREVNKAPMDVKEHEQKQLDALVAQKD,-1.4669555811992314,0
L44F,VRHDERVKSANDAISKLNEKDSIENRRLAQREVNKAPMDVKEHFQKQLDALVAQKD,-0.8783184397899917,0
L44G,VRHDERVKSANDAISKLNEKDSIENRRLAQREVNKAPMDVKEHGQKQLDALVAQKD,-1.5371563292271595,0
L44H,VRHDERVKSANDAISKLNEKDSIENRRLAQREVNKAPMDVKEHHQKQLDALVAQKD,-2.203804078017788,0
L44I,VRHDERVKSANDAISKLNEKDSIENRRLAQREVNKAPMDVKEHIQKQLDALVAQKD,-1.6244922038933265,0
L44K,VRHDERVKSANDAISKLNEKDSIENRRLAQREVNKAPMDVKEHKQKQLDALVAQKD,-1.536284118246357,0
L44M,VRHDERVKSANDAISKLNEKDSIENRRLAQREVNKAPMDVKEHMQKQLDALVAQKD,-0.6909254477027091,0
L44N,VRHDERVKSANDAISKLNEKDSIENRRLAQREVNKAPMDVKEHNQKQLDALVAQKD,-1.3894207479176144,0
L44P,VRHDERVKSANDAISKLNEKDSIENRRLAQREVNKAPMDVKEHPQKQLDALVAQKD,-1.410870758678245,0
L44Q,VRHDERVKSANDAISKLNEKDSIENRRLAQREVNKAPMDVKEHQQKQLDALVAQKD,-2.267942375421917,0
L44V,VRHDERVKSANDAISKLNEKDSIENRRLAQREVNKAPMDVKEHVQKQLDALVAQKD,-1.6353212000704205,0
L44W,VRHDERVKSANDAISKLNEKDSIENRRLAQREVNKAPMDVKEHWQKQLDALVAQKD,-1.1893532354823892,0
L44Y,VRHDERVKSANDAISKLNEKDSIENRRLAQREVNKAPMDVKEHYQKQLDALVAQKD,-1.8579956717805737,0
L48C,VRHDERVKSANDAISKLNEKDSIENRRLAQREVNKAPMDVKEHLQKQCDALVAQKD,-1.3295519080948648,0
L48D,VRHDERVKSANDAISKLNEKDSIENRRLAQREVNKAPMDVKEHLQKQDDALVAQKD,-1.2544860614541289,0
L48E,VRHDERVKSANDAISKLNEKDSIENRRLAQREVNKAPMDVKEHLQKQEDALVAQKD,-1.5299868335211888,0
L48F,VRHDERVKSANDAISKLNEKDSIENRRLAQREVNKAPMDVKEHLQKQFDALVAQKD,-1.019848424613381,0
L48G,VRHDERVKSANDAISKLNEKDSIENRRLAQREVNKAPMDVKEHLQKQGDALVAQKD,-1.4312448192916754,0
L48H,VRHDERVKSANDAISKLNEKDSIENRRLAQREVNKAPMDVKEHLQKQHDALVAQKD,-1.4266796986678294,0
L48I,VRHDERVKSANDAISKLNEKDSIENRRLAQREVNKAPMDVKEHLQKQIDALVAQKD,-1.388969337652035,0
L48K,VRHDERVKSANDAISKLNEKDSIENRRLAQREVNKAPMDVKEHLQKQKDALVAQKD,-1.4200084802258008,0
L48M,VRHDERVKSANDAISKLNEKDSIENRRLAQREVNKAPMDVKEHLQKQMDALVAQKD,-0.8167283665870426,0
L48N,VRHDERVKSANDAISKLNEKDSIENRRLAQREVNKAPMDVKEHLQKQNDALVAQKD,-1.4331235797320876,0
L48P,VRHDERVKSANDAISKLNEKDSIENRRLAQREVNKAPMDVKEHLQKQPDALVAQKD,-1.233917941304115,0
L48Q,VRHDERVKSANDAISKLNEKDSIENRRLAQREVNKAPMDVKEHLQKQQDALVAQKD,-1.5950330707887883,0
L48R,VRHDERVKSANDAISKLNEKDSIENRRLAQREVNKAPMDVKEHLQKQRDALVAQKD,-1.6189387807656686,0
L48S,VRHDERVKSANDAISKLNEKDSIENRRLAQREVNKAPMDVKEHLQKQSDALVAQKD,-1.935809062340592,0
L48T,VRHDERVKSANDAISKLNEKDSIENRRLAQREVNKAPMDVKEHLQKQTDALVAQKD,-1.350108754699086,0
L48V,VRHDERVKSANDAISKLNEKDSIENRRLAQREVNKAPMDVKEHLQKQVDALVAQKD,-1.077572387619715,0
L48Y,VRHDERVKSANDAISKLNEKDSIENRRLAQREVNKAPMDVKEHLQKQYDALVAQKD,-0.967093675550706,0
L51A,VRHDERVKSANDAISKLNEKDSIENRRLAQREVNKAPMDVKEHLQKQLDAAVAQKD,-0.9621635092157892,0
L51C,VRHDERVKSANDAISKLNEKDSIENRRLAQREVNKAPMDVKEHLQKQLDACVAQKD,-0.8742470616300277,0
L51D,VRHDERVKSANDAISKLNEKDSIENRRLAQREVNKAPMDVKEHLQKQLDADVAQKD,-1.22319982374882,0
L51E,VRHDERVKSANDAISKLNEKDSIENRRLAQREVNKAPMDVKEHLQKQLDAEVAQKD,-1.2198724788204545,0
L51F,VRHDERVKSANDAISKLNEKDSIENRRLAQREVNKAPMDVKEHLQKQLDAFVAQKD,-0.4075357275775082,1
L51G,VRHDERVKSANDAISKLNEKDSIENRRLAQREVNKAPMDVKEHLQKQLDAGVAQKD,-1.656162430925597,0
L51H,VRHDERVKSANDAISKLNEKDSIENRRLAQREVNKAPMDVKEHLQKQLDAHVAQKD,-2.170178498864716,0
L51I,VRHDERVKSANDAISKLNEKDSIENRRLAQREVNKAPMDVKEHLQKQLDAIVAQKD,0.0853562975599111,1
L51K,VRHDERVKSANDAISKLNEKDSIENRRLAQREVNKAPMDVKEHLQKQLDAKVAQKD,-1.850660187392599,0
L51M,VRHDERVKSANDAISKLNEKDSIENRRLAQREVNKAPMDVKEHLQKQLDAMVAQKD,-0.2823102272019226,1
L51N,VRHDERVKSANDAISKLNEKDSIENRRLAQREVNKAPMDVKEHLQKQLDANVAQKD,-1.3213176005760838,0
L51P,VRHDERVKSANDAISKLNEKDSIENRRLAQREVNKAPMDVKEHLQKQLDAPVAQKD,-1.5180487511095917,0
L51Q,VRHDERVKSANDAISKLNEKDSIENRRLAQREVNKAPMDVKEHLQKQLDAQVAQKD,-1.5058189506482578,0
L51S,VRHDERVKSANDAISKLNEKDSIENRRLAQREVNKAPMDVKEHLQKQLDASVAQKD,-1.5634532879604544,0
L51T,VRHDERVKSANDAISKLNEKDSIENRRLAQREVNKAPMDVKEHLQKQLDATVAQKD,-0.7088689295214863,0
L51V,VRHDERVKSANDAISKLNEKDSIENRRLAQREVNKAPMDVKEHLQKQLDAVVAQKD,-0.0996132987518501,1
L51W,VRHDERVKSANDAISKLNEKDSIENRRLAQREVNKAPMDVKEHLQKQLDAWVAQKD,-0.2032378084467263,1
L51Y,VRHDERVKSANDAISKLNEKDSIENRRLAQREVNKAPMDVKEHLQKQLDAYVAQKD,-1.0268591026196057,0
M38A,VRHDERVKSANDAISKLNEKDSIENRRLAQREVNKAPADVKEHLQKQLDALVAQKD,0.3528505366035099,1
M38C,VRHDERVKSANDAISKLNEKDSIENRRLAQREVNKAPCDVKEHLQKQLDALVAQKD,-0.0353857109035915,1
M38D,VRHDERVKSANDAISKLNEKDSIENRRLAQREVNKAPDDVKEHLQKQLDALVAQKD,0.3410267595860756,1
M38E,VRHDERVKSANDAISKLNEKDSIENRRLAQREVNKAPEDVKEHLQKQLDALVAQKD,0.2684129640176309,1
M38F,VRHDERVKSANDAISKLNEKDSIENRRLAQREVNKAPFDVKEHLQKQLDALVAQKD,-0.4780691350743506,1
M38G,VRHDERVKSANDAISKLNEKDSIENRRLAQREVNKAPGDVKEHLQKQLDALVAQKD,-0.1641149817611522,1
M38H,VRHDERVKSANDAISKLNEKDSIENRRLAQREVNKAPHDVKEHLQKQLDALVAQKD,0.0301070091180661,1
M38I,VRHDERVKSANDAISKLNEKDSIENRRLAQREVNKAPIDVKEHLQKQLDALVAQKD,0.0162237168619503,1
M38K,VRHDERVKSANDAISKLNEKDSIENRRLAQREVNKAPKDVKEHLQKQLDALVAQKD,0.1078264732072034,1
M38L,VRHDERVKSANDAISKLNEKDSIENRRLAQREVNKAPLDVKEHLQKQLDALVAQKD,0.0957251715017961,1
M38N,VRHDERVKSANDAISKLNEKDSIENRRLAQREVNKAPNDVKEHLQKQLDALVAQKD,0.1588325211335259,1
M38P,VRHDERVKSANDAISKLNEKDSIENRRLAQREVNKAPPDVKEHLQKQLDALVAQKD,0.4032700097319812,1
M38Q,VRHDERVKSANDAISKLNEKDSIENRRLAQREVNKAPQDVKEHLQKQLDALVAQKD,0.1273807990616327,1
M38R,VRHDERVKSANDAISKLNEKDSIENRRLAQREVNKAPRDVKEHLQKQLDALVAQKD,-0.0271531052907056,1
M38S,VRHDERVKSANDAISKLNEKDSIENRRLAQREVNKAPSDVKEHLQKQLDALVAQKD,0.1768548036370922,1
M38T,VRHDERVKSANDAISKLNEKDSIENRRLAQREVNKAPTDVKEHLQKQLDALVAQKD,0.0049527133944617,1
M38V,VRHDERVKSANDAISKLNEKDSIENRRLAQREVNKAPVDVKEHLQKQLDALVAQKD,-0.0870794364577851,1
M38W,VRHDERVKSANDAISKLNEKDSIENRRLAQREVNKAPWDVKEHLQKQLDALVAQKD,-0.5775146128966477,0
M38Y,VRHDERVKSANDAISKLNEKDSIENRRLAQREVNKAPYDVKEHLQKQLDALVAQKD,-0.8103375607302881,0
N11A,VRHDERVKSAADAISKLNEKDSIENRRLAQREVNKAPMDVKEHLQKQLDALVAQKD,0.0363827671182777,1
N11C,VRHDERVKSACDAISKLNEKDSIENRRLAQREVNKAPMDVKEHLQKQLDALVAQKD,0.8702678284661192,1
N11D,VRHDERVKSADDAISKLNEKDSIENRRLAQREVNKAPMDVKEHLQKQLDALVAQKD,-0.5481557691882504,0
N11E,VRHDERVKSAEDAISKLNEKDSIENRRLAQREVNKAPMDVKEHLQKQLDALVAQKD,0.3961860020881531,1
N11F,VRHDERVKSAFDAISKLNEKDSIENRRLAQREVNKAPMDVKEHLQKQLDALVAQKD,0.4112756471515035,1
N11G,VRHDERVKSAGDAISKLNEKDSIENRRLAQREVNKAPMDVKEHLQKQLDALVAQKD,-0.7559454131930232,0
N11H,VRHDERVKSAHDAISKLNEKDSIENRRLAQREVNKAPMDVKEHLQKQLDALVAQKD,0.2277609569023295,1
N11I,VRHDERVKSAIDAISKLNEKDSIENRRLAQREVNKAPMDVKEHLQKQLDALVAQKD,0.6415004038921073,1
N11K,VRHDERVKSAKDAISKLNEKDSIENRRLAQREVNKAPMDVKEHLQKQLDALVAQKD,0.4798551594179843,1
N11L,VRHDERVKSALDAISKLNEKDSIENRRLAQREVNKAPMDVKEHLQKQLDALVAQKD,1.0129941348908844,1
N11M,VRHDERVKSAMDAISKLNEKDSIENRRLAQREVNKAPMDVKEHLQKQLDALVAQKD,0.7915920450189142,1
N11P,VRHDERVKSAPDAISKLNEKDSIENRRLAQREVNKAPMDVKEHLQKQLDALVAQKD,-1.933269982582248,0
N11Q,VRHDERVKSAQDAISKLNEKDSIENRRLAQREVNKAPMDVKEHLQKQLDALVAQKD,0.5587422463469782,1
N11R,VRHDERVKSARDAISKLNEKDSIENRRLAQREVNKAPMDVKEHLQKQLDALVAQKD,0.6191847139384852,1
N11S,VRHDERVKSASDAISKLNEKDSIENRRLAQREVNKAPMDVKEHLQKQLDALVAQKD,-0.0500888570538842,1
N11T,VRHDERVKSATDAISKLNEKDSIENRRLAQREVNKAPMDVKEHLQKQLDALVAQKD,0.4189634095249899,1
N11V,VRHDERVKSAVDAISKLNEKDSIENRRLAQREVNKAPMDVKEHLQKQLDALVAQKD,0.6677290235857523,1
N11W,VRHDERVKSAWDAISKLNEKDSIENRRLAQREVNKAPMDVKEHLQKQLDALVAQKD,0.7484370462770922,1
N11Y,VRHDERVKSAYDAISKLNEKDSIENRRLAQREVNKAPMDVKEHLQKQLDALVAQKD,0.6435475895082872,1
N18A,VRHDERVKSANDAISKLAEKDSIENRRLAQREVNKAPMDVKEHLQKQLDALVAQKD,0.5062028480062768,1
N18C,VRHDERVKSANDAISKLCEKDSIENRRLAQREVNKAPMDVKEHLQKQLDALVAQKD,0.3309240021326631,1
N18D,VRHDERVKSANDAISKLDEKDSIENRRLAQREVNKAPMDVKEHLQKQLDALVAQKD,-0.44865419371389,1
N18E,VRHDERVKSANDAISKLEEKDSIENRRLAQREVNKAPMDVKEHLQKQLDALVAQKD,0.0332529908707421,1
N18F,VRHDERVKSANDAISKLFEKDSIENRRLAQREVNKAPMDVKEHLQKQLDALVAQKD,0.1663696756545689,1
N18G,VRHDERVKSANDAISKLGEKDSIENRRLAQREVNKAPMDVKEHLQKQLDALVAQKD,-0.3310242502467633,1
N18H,VRHDERVKSANDAISKLHEKDSIENRRLAQREVNKAPMDVKEHLQKQLDALVAQKD,0.1495367495354334,1
N18I,VRHDERVKSANDAISKLIEKDSIENRRLAQREVNKAPMDVKEHLQKQLDALVAQKD,0.5361010115612999,1
N18K,VRHDERVKSANDAISKLKEKDSIENRRLAQREVNKAPMDVKEHLQKQLDALVAQKD,0.6386825415963311,1
N18L,VRHDERVKSANDAISKLLEKDSIENRRLAQREVNKAPMDVKEHLQKQLDALVAQKD,0.3258530766330842,1
N18M,VRHDERVKSANDAISKLMEKDSIENRRLAQREVNKAPMDVKEHLQKQLDALVAQKD,0.4366451285720341,1
N18P,VRHDERVKSANDAISKLPEKDSIENRRLAQREVNKAPMDVKEHLQKQLDALVAQKD,-1.6121013807887974,0
N18Q,VRHDERVKSANDAISKLQEKDSIENRRLAQREVNKAPMDVKEHLQKQLDALVAQKD,0.2602773531554099,1
N18R,VRHDERVKSANDAISKLREKDSIENRRLAQREVNKAPMDVKEHLQKQLDALVAQKD,0.7205773987219961,1
N18S,VRHDERVKSANDAISKLSEKDSIENRRLAQREVNKAPMDVKEHLQKQLDALVAQKD,0.0174503943602422,1
N18T,VRHDERVKSANDAISKLTEKDSIENRRLAQREVNKAPMDVKEHLQKQLDALVAQKD,-0.0292468452252332,1
N18V,VRHDERVKSANDAISKLVEKDSIENRRLAQREVNKAPMDVKEHLQKQLDALVAQKD,0.2490471026207317,1
N18W,VRHDERVKSANDAISKLWEKDSIENRRLAQREVNKAPMDVKEHLQKQLDALVAQKD,0.2048566507211366,1
N18Y,VRHDERVKSANDAISKLYEKDSIENRRLAQREVNKAPMDVKEHLQKQLDALVAQKD,0.1184687674410953,1
N25A,VRHDERVKSANDAISKLNEKDSIEARRLAQREVNKAPMDVKEHLQKQLDALVAQKD,-0.4718757706517058,1
N25C,VRHDERVKSANDAISKLNEKDSIECRRLAQREVNKAPMDVKEHLQKQLDALVAQKD,-0.2084340928829653,1
N25D,VRHDERVKSANDAISKLNEKDSIEDRRLAQREVNKAPMDVKEHLQKQLDALVAQKD,-1.42907029258274,0
N25E,VRHDERVKSANDAISKLNEKDSIEERRLAQREVNKAPMDVKEHLQKQLDALVAQKD,-1.2369969513198322,0
N25F,VRHDERVKSANDAISKLNEKDSIEFRRLAQREVNKAPMDVKEHLQKQLDALVAQKD,-2.0772863939841653,0
N25G,VRHDERVKSANDAISKLNEKDSIEGRRLAQREVNKAPMDVKEHLQKQLDALVAQKD,-0.8811232682100201,0
N25H,VRHDERVKSANDAISKLNEKDSIEHRRLAQREVNKAPMDVKEHLQKQLDALVAQKD,-0.4934413043362562,1
N25I,VRHDERVKSANDAISKLNEKDSIEIRRLAQREVNKAPMDVKEHLQKQLDALVAQKD,-1.5502605534802576,0
N25K,VRHDERVKSANDAISKLNEKDSIEKRRLAQREVNKAPMDVKEHLQKQLDALVAQKD,-1.8105853538589345,0
N25L,VRHDERVKSANDAISKLNEKDSIELRRLAQREVNKAPMDVKEHLQKQLDALVAQKD,-1.0739367272635527,0
N25M,VRHDERVKSANDAISKLNEKDSIEMRRLAQREVNKAPMDVKEHLQKQLDALVAQKD,-0.9741909161048408,0
N25P,VRHDERVKSANDAISKLNEKDSIEPRRLAQREVNKAPMDVKEHLQKQLDALVAQKD,-0.7755475144379249,0
N25Q,VRHDERVKSANDAISKLNEKDSIEQRRLAQREVNKAPMDVKEHLQKQLDALVAQKD,-0.9951615059150232,0
N25R,VRHDERVKSANDAISKLNEKDSIERRRLAQREVNKAPMDVKEHLQKQLDALVAQKD,-0.9851420793880904,0
N25S,VRHDERVKSANDAISKLNEKDSIESRRLAQREVNKAPMDVKEHLQKQLDALVAQKD,-1.0308338860323296,0
N25T,VRHDERVKSANDAISKLNEKDSIETRRLAQREVNKAPMDVKEHLQKQLDALVAQKD,-0.6999552081573968,0
N25V,VRHDERVKSANDAISKLNEKDSIEVRRLAQREVNKAPMDVKEHLQKQLDALVAQKD,-2.2182695819438054,0
N25Y,VRHDERVKSANDAISKLNEKDSIEYRRLAQREVNKAPMDVKEHLQKQLDALVAQKD,-1.5851880617084042,0
N34A,VRHDERVKSANDAISKLNEKDSIENRRLAQREVAKAPMDVKEHLQKQLDALVAQKD,-0.5175640292409638,0
N34C,VRHDERVKSANDAISKLNEKDSIENRRLAQREVCKAPMDVKEHLQKQLDALVAQKD,0.3504143187139641,1
N34D,VRHDERVKSANDAISKLNEKDSIENRRLAQREVDKAPMDVKEHLQKQLDALVAQKD,0.3932978766020631,1
N34E,VRHDERVKSANDAISKLNEKDSIENRRLAQREVEKAPMDVKEHLQKQLDALVAQKD,-0.4051155389769796,1
N34F,VRHDERVKSANDAISKLNEKDSIENRRLAQREVFKAPMDVKEHLQKQLDALVAQKD,-0.8019230151526963,0
N34G,VRHDERVKSANDAISKLNEKDSIENRRLAQREVGKAPMDVKEHLQKQLDALVAQKD,-0.7422258415658545,0
N34H,VRHDERVKSANDAISKLNEKDSIENRRLAQREVHKAPMDVKEHLQKQLDALVAQKD,-0.7684846344026378,0
N34I,VRHDERVKSANDAISKLNEKDSIENRRLAQREVIKAPMDVKEHLQKQLDALVAQKD,-1.5439169730893922,0
N34K,VRHDERVKSANDAISKLNEKDSIENRRLAQREVKKAPMDVKEHLQKQLDALVAQKD,-1.2835381113832025,0
N34L,VRHDERVKSANDAISKLNEKDSIENRRLAQREVLKAPMDVKEHLQKQLDALVAQKD,-1.1743995231409037,0
N34M,VRHDERVKSANDAISKLNEKDSIENRRLAQREVMKAPMDVKEHLQKQLDALVAQKD,-1.1391336814689164,0
N34P,VRHDERVKSANDAISKLNEKDSIENRRLAQREVPKAPMDVKEHLQKQLDALVAQKD,-1.3701105470943284,0
N34Q,VRHDERVKSANDAISKLNEKDSIENRRLAQREVQKAPMDVKEHLQKQLDALVAQKD,-0.8042761453271419,0
N34R,VRHDERVKSANDAISKLNEKDSIENRRLAQREVRKAPMDVKEHLQKQLDALVAQKD,-1.0823356298277689,0
N34S,VRHDERVKSANDAISKLNEKDSIENRRLAQREVSKAPMDVKEHLQKQLDALVAQKD,-0.2247343519189557,1
N34T,VRHDERVKSANDAISKLNEKDSIENRRLAQREVTKAPMDVKEHLQKQLDALVAQKD,-0.8850505549328564,0
N34V,VRHDERVKSANDAISKLNEKDSIENRRLAQREVVKAPMDVKEHLQKQLDALVAQKD,-1.4484001919633354,0
N34W,VRHDERVKSANDAISKLNEKDSIENRRLAQREVWKAPMDVKEHLQKQLDALVAQKD,-0.8829763930191499,0
N34Y,VRHDERVKSANDAISKLNEKDSIENRRLAQREVYKAPMDVKEHLQKQLDALVAQKD,-1.0958719527721006,0
P37A,VRHDERVKSANDAISKLNEKDSIENRRLAQREVNKAAMDVKEHLQKQLDALVAQKD,-1.0873362152908983,0
P37C,VRHDERVKSANDAISKLNEKDSIENRRLAQREVNKACMDVKEHLQKQLDALVAQKD,-1.1120502192202149,0
P37D,VRHDERVKSANDAISKLNEKDSIENRRLAQREVNKADMDVKEHLQKQLDALVAQKD,-0.8209788628974315,0
P37E,VRHDERVKSANDAISKLNEKDSIENRRLAQREVNKAEMDVKEHLQKQLDALVAQKD,-1.2991458340339823,0
P37F,VRHDERVKSANDAISKLNEKDSIENRRLAQREVNKAFMDVKEHLQKQLDALVAQKD,-1.5896352053148075,0
P37G,VRHDERVKSANDAISKLNEKDSIENRRLAQREVNKAGMDVKEHLQKQLDALVAQKD,-1.1011872418278557,0
P37H,VRHDERVKSANDAISKLNEKDSIENRRLAQREVNKAHMDVKEHLQKQLDALVAQKD,-1.0159889748011444,0
P37I,VRHDERVKSANDAISKLNEKDSIENRRLAQREVNKAIMDVKEHLQKQLDALVAQKD,-1.2672668959317357,0
P37K,VRHDERVKSANDAISKLNEKDSIENRRLAQREVNKAKMDVKEHLQKQLDALVAQKD,-1.5900160753561976,0
P37L,VRHDERVKSANDAISKLNEKDSIENRRLAQREVNKALMDVKEHLQKQLDALVAQKD,-1.440559032488058,0
P37M,VRHDERVKSANDAISKLNEKDSIENRRLAQREVNKAMMDVKEHLQKQLDALVAQKD,-1.7591322408938324,0
P37N,VRHDERVKSANDAISKLNEKDSIENRRLAQREVNKANMDVKEHLQKQLDALVAQKD,-1.4534777674615265,0
P37Q,VRHDERVKSANDAISKLNEKDSIENRRLAQREVNKAQMDVKEHLQKQLDALVAQKD,-0.9036391282695826,0
P37R,VRHDERVKSANDAISKLNEKDSIENRRLAQREVNKARMDVKEHLQKQLDALVAQKD,-1.1375776191226667,0
P37S,VRHDERVKSANDAISKLNEKDSIENRRLAQREVNKASMDVKEHLQKQLDALVAQKD,-1.0284243791480367,0
P37T,VRHDERVKSANDAISKLNEKDSIENRRLAQREVNKATMDVKEHLQKQLDALVAQKD,-1.44783776891116,0
P37V,VRHDERVKSANDAISKLNEKDSIENRRLAQREVNKAVMDVKEHLQKQLDALVAQKD,-1.3928823111642443,0
P37W,VRHDERVKSANDAISKLNEKDSIENRRLAQREVNKAWMDVKEHLQKQLDALVAQKD,-1.8372739415744832,0
Q30A,VRHDERVKSANDAISKLNEKDSIENRRLAAREVNKAPMDVKEHLQKQLDALVAQKD,-0.9096187258110868,0
Q30C,VRHDERVKSANDAISKLNEKDSIENRRLACREVNKAPMDVKEHLQKQLDALVAQKD,-0.4938506331370323,1
Q30D,VRHDERVKSANDAISKLNEKDSIENRRLADREVNKAPMDVKEHLQKQLDALVAQKD,-1.81654857131585,0
Q30E,VRHDERVKSANDAISKLNEKDSIENRRLAEREVNKAPMDVKEHLQKQLDALVAQKD,-1.4750700352388535,0
Q30F,VRHDERVKSANDAISKLNEKDSIENRRLAFREVNKAPMDVKEHLQKQLDALVAQKD,-1.2484818366702377,0
Q30G,VRHDERVKSANDAISKLNEKDSIENRRLAGREVNKAPMDVKEHLQKQLDALVAQKD,-1.5526367421416007,0
Q30H,VRHDERVKSANDAISKLNEKDSIENRRLAHREVNKAPMDVKEHLQKQLDALVAQKD,-1.5598875274898183,0
Q30I,VRHDERVKSANDAISKLNEKDSIENRRLAIREVNKAPMDVKEHLQKQLDALVAQKD,-0.9725280735156436,0
Q30K,VRHDERVKSANDAISKLNEKDSIENRRLAKREVNKAPMDVKEHLQKQLDALVAQKD,-1.0593228281178844,0
Q30L,VRHDERVKSANDAISKLNEKDSIENRRLALREVNKAPMDVKEHLQKQLDALVAQKD,-1.9757717564774009,0
Q30M,VRHDERVKSANDAISKLNEKDSIENRRLAMREVNKAPMDVKEHLQKQLDALVAQKD,-1.3170900956628702,0
Q30N,VRHDERVKSANDAISKLNEKDSIENRRLANREVNKAPMDVKEHLQKQLDALVAQKD,-2.1146642032864063,0
Q30R,VRHDERVKSANDAISKLNEKDSIENRRLARREVNKAPMDVKEHLQKQLDALVAQKD,-0.6778006796548781,0
Q30S,VRHDERVKSANDAISKLNEKDSIENRRLASREVNKAPMDVKEHLQKQLDALVAQKD,-0.9941705725802256,0
Q30T,VRHDERVKSANDAISKLNEKDSIENRRLATREVNKAPMDVKEHLQKQLDALVAQKD,-1.0445263892621917,0
Q30V,VRHDERVKSANDAISKLNEKDSIENRRLAVREVNKAPMDVKEHLQKQLDALVAQKD,-0.8042535643259804,0
Q30W,VRHDERVKSANDAISKLNEKDSIENRRLAWREVNKAPMDVKEHLQKQLDALVAQKD,-1.258170020817483,0
Q30Y,VRHDERVKSANDAISKLNEKDSIENRRLAYREVNKAPMDVKEHLQKQLDALVAQKD,-0.8928818313820995,0
Q45A,VRHDERVKSANDAISKLNEKDSIENRRLAQREVNKAPMDVKEHLAKQLDALVAQKD,-1.271847246862334,0
Q45C,VRHDERVKSANDAISKLNEKDSIENRRLAQREVNKAPMDVKEHLCKQLDALVAQKD,-1.0031949810498386,0
Q45D,VRHDERVKSANDAISKLNEKDSIENRRLAQREVNKAPMDVKEHLDKQLDALVAQKD,-1.165881777403326,0
Q45E,VRHDERVKSANDAISKLNEKDSIENRRLAQREVNKAPMDVKEHLEKQLDALVAQKD,-1.3411061207685306,0
Q45G,VRHDERVKSANDAISKLNEKDSIENRRLAQREVNKAPMDVKEHLGKQLDALVAQKD,-1.4411356569759814,0
Q45H,VRHDERVKSANDAISKLNEKDSIENRRLAQREVNKAPMDVKEHLHKQLDALVAQKD,-1.4460279642842389,0
Q45I,VRHDERVKSANDAISKLNEKDSIENRRLAQREVNKAPMDVKEHLIKQLDALVAQKD,-1.8104442580157023,0
Q45K,VRHDERVKSANDAISKLNEKDSIENRRLAQREVNKAPMDVKEHLKKQLDALVAQKD,-1.151191914018145,0
Q45L,VRHDERVKSANDAISKLNEKDSIENRRLAQREVNKAPMDVKEHLLKQLDALVAQKD,-1.2515755065067855,0
Q45M,VRHDERVKSANDAISKLNEKDSIENRRLAQREVNKAPMDVKEHLMKQLDALVAQKD,-1.1589317189168302,0
Q45N,VRHDERVKSANDAISKLNEKDSIENRRLAQREVNKAPMDVKEHLNKQLDALVAQKD,-1.2239294524031714,0
Q45P,VRHDERVKSANDAISKLNEKDSIENRRLAQREVNKAPMDVKEHLPKQLDALVAQKD,-1.502268282160773,0
Q45R,VRHDERVKSANDAISKLNEKDSIENRRLAQREVNKAPMDVKEHLRKQLDALVAQKD,-1.0614606556106496,0
Q45S,VRHDERVKSANDAISKLNEKDSIENRRLAQREVNKAPMDVKEHLSKQLDALVAQKD,-1.2699321477854104,0
Q45T,VRHDERVKSANDAISKLNEKDSIENRRLAQREVNKAPMDVKEHLTKQLDALVAQKD,-1.16726794625833,0
Q45V,VRHDERVKSANDAISKLNEKDSIENRRLAQREVNKAPMDVKEHLVKQLDALVAQKD,-1.364168733810006,0
Q47A,VRHDERVKSANDAISKLNEKDSIENRRLAQREVNKAPMDVKEHLQKALDALVAQKD,-0.0561331071208346,1
Q47C,VRHDERVKSANDAISKLNEKDSIENRRLAQREVNKAPMDVKEHLQKCLDALVAQKD,-0.0706998603884927,1
Q47D,VRHDERVKSANDAISKLNEKDSIENRRLAQREVNKAPMDVKEHLQKDLDALVAQKD,-0.8353209585098038,0
Q47E,VRHDERVKSANDAISKLNEKDSIENRRLAQREVNKAPMDVKEHLQKELDALVAQKD,-0.3724719527671805,1
Q47F,VRHDERVKSANDAISKLNEKDSIENRRLAQREVNKAPMDVKEHLQKFLDALVAQKD,-0.3036462373458504,1
Q47G,VRHDERVKSANDAISKLNEKDSIENRRLAQREVNKAPMDVKEHLQKGLDALVAQKD,-1.0445329743795464,0
Q47H,VRHDERVKSANDAISKLNEKDSIENRRLAQREVNKAPMDVKEHLQKHLDALVAQKD,-0.1978133420804879,1
Q47I,VRHDERVKSANDAISKLNEKDSIENRRLAQREVNKAPMDVKEHLQKILDALVAQKD,0.6795288390710368,1
Q47K,VRHDERVKSANDAISKLNEKDSIENRRLAQREVNKAPMDVKEHLQKKLDALVAQKD,0.2580186615858897,1
Q47L,VRHDERVKSANDAISKLNEKDSIENRRLAQREVNKAPMDVKEHLQKLLDALVAQKD,0.506406431153466,1
Q47M,VRHDERVKSANDAISKLNEKDSIENRRLAQREVNKAPMDVKEHLQKMLDALVAQKD,0.4136975127272628,1
Q47N,VRHDERVKSANDAISKLNEKDSIENRRLAQREVNKAPMDVKEHLQKNLDALVAQKD,-0.8181463112920976,0
Q47P,VRHDERVKSANDAISKLNEKDSIENRRLAQREVNKAPMDVKEHLQKPLDALVAQKD,-1.62577730320925,0
Q47R,VRHDERVKSANDAISKLNEKDSIENRRLAQREVNKAPMDVKEHLQKRLDALVAQKD,0.2914240678482549,1
Q47S,VRHDERVKSANDAISKLNEKDSIENRRLAQREVNKAPMDVKEHLQKSLDALVAQKD,-0.5311055653267907,0
Q47T,VRHDERVKSANDAISKLNEKDSIENRRLAQREVNKAPMDVKEHLQKTLDALVAQKD,-0.2251293447642386,1
Q47V,VRHDERVKSANDAISKLNEKDSIENRRLAQREVNKAPMDVKEHLQKVLDALVAQKD,0.3437201431297032,1
Q47W,VRHDERVKSANDAISKLNEKDSIENRRLAQREVNKAPMDVKEHLQKWLDALVAQKD,0.1155338916683499,1
Q47Y,VRHDERVKSANDAISKLNEKDSIENRRLAQREVNKAPMDVKEHLQKYLDALVAQKD,-0.356168266127683,1
Q54A,VRHDERVKSANDAISKLNEKDSIENRRLAQREVNKAPMDVKEHLQKQLDALVAAKD,0.1452980057894966,1
Q54C,VRHDERVKSANDAISKLNEKDSIENRRLAQREVNKAPMDVKEHLQKQLDALVACKD,0.1224319609348341,1
Q54D,VRHDERVKSANDAISKLNEKDSIENRRLAQREVNKAPMDVKEHLQKQLDALVADKD,-0.5375608712372244,0
Q54E,VRHDERVKSANDAISKLNEKDSIENRRLAQREVNKAPMDVKEHLQKQLDALVAEKD,0.0479550919373601,1
Q54F,VRHDERVKSANDAISKLNEKDSIENRRLAQREVNKAPMDVKEHLQKQLDALVAFKD,-0.1543729740491015,1
Q54G,VRHDERVKSANDAISKLNEKDSIENRRLAQREVNKAPMDVKEHLQKQLDALVAGKD,-0.3628841667650776,1
Q54H,VRHDERVKSANDAISKLNEKDSIENRRLAQREVNKAPMDVKEHLQKQLDALVAHKD,-0.2033756590567186,1
Q54I,VRHDERVKSANDAISKLNEKDSIENRRLAQREVNKAPMDVKEHLQKQLDALVAIKD,-0.0515783975041608,1
Q54K,VRHDERVKSANDAISKLNEKDSIENRRLAQREVNKAPMDVKEHLQKQLDALVAKKD,-0.0038874777408077,1
Q54L,VRHDERVKSANDAISKLNEKDSIENRRLAQREVNKAPMDVKEHLQKQLDALVALKD,0.2020853724094082,1
Q54M,VRHDERVKSANDAISKLNEKDSIENRRLAQREVNKAPMDVKEHLQKQLDALVAMKD,0.2099410734587936,1
Q54N,VRHDERVKSANDAISKLNEKDSIENRRLAQREVNKAPMDVKEHLQKQLDALVANKD,-0.2971254198530677,1
Q54P,VRHDERVKSANDAISKLNEKDSIENRRLAQREVNKAPMDVKEHLQKQLDALVAPKD,-0.8830730662439863,0
Q54R,VRHDERVKSANDAISKLNEKDSIENRRLAQREVNKAPMDVKEHLQKQLDALVARKD,-0.0422959739459984,1
Q54S,VRHDERVKSANDAISKLNEKDSIENRRLAQREVNKAPMDVKEHLQKQLDALVASKD,0.020038613007965,1
Q54T,VRHDERVKSANDAISKLNEKDSIENRRLAQREVNKAPMDVKEHLQKQLDALVATKD,-0.2429122668793872,1
Q54V,VRHDERVKSANDAISKLNEKDSIENRRLAQREVNKAPMDVKEHLQKQLDALVAVKD,-0.2544385658925747,1
Q54W,VRHDERVKSANDAISKLNEKDSIENRRLAQREVNKAPMDVKEHLQKQLDALVAWKD,-0.1939961289163128,1
Q54Y,VRHDERVKSANDAISKLNEKDSIENRRLAQREVNKAPMDVKEHLQKQLDALVAYKD,-0.3655179669281129,1
R26A,VRHDERVKSANDAISKLNEKDSIENARLAQREVNKAPMDVKEHLQKQLDALVAQKD,-1.5347677484720454,0
R26C,VRHDERVKSANDAISKLNEKDSIENCRLAQREVNKAPMDVKEHLQKQLDALVAQKD,-0.7476660774181252,0
R26D,VRHDERVKSANDAISKLNEKDSIENDRLAQREVNKAPMDVKEHLQKQLDALVAQKD,-1.8672288343733672,0
R26E,VRHDERVKSANDAISKLNEKDSIENERLAQREVNKAPMDVKEHLQKQLDALVAQKD,-1.5045226049571836,0
R26G,VRHDERVKSANDAISKLNEKDSIENGRLAQREVNKAPMDVKEHLQKQLDALVAQKD,-1.738927119735933,0
R26H,VRHDERVKSANDAISKLNEKDSIENHRLAQREVNKAPMDVKEHLQKQLDALVAQKD,-1.7123044057346235,0
R26I,VRHDERVKSANDAISKLNEKDSIENIRLAQREVNKAPMDVKEHLQKQLDALVAQKD,-1.407551625414561,0
R26K,VRHDERVKSANDAISKLNEKDSIENKRLAQREVNKAPMDVKEHLQKQLDALVAQKD,-1.740726942792251,0
R26L,VRHDERVKSANDAISKLNEKDSIENLRLAQREVNKAPMDVKEHLQKQLDALVAQKD,-1.004271290608315,0
R26M,VRHDERVKSANDAISKLNEKDSIENMRLAQREVNKAPMDVKEHLQKQLDALVAQKD,-1.2455878770684636,0
R26N,VRHDERVKSANDAISKLNEKDSIENNRLAQREVNKAPMDVKEHLQKQLDALVAQKD,-2.139347868555446,0
R26Q,VRHDERVKSANDAISKLNEKDSIENQRLAQREVNKAPMDVKEHLQKQLDALVAQKD,-1.3339312261434506,0
R26S,VRHDERVKSANDAISKLNEKDSIENSRLAQREVNKAPMDVKEHLQKQLDALVAQKD,-1.3523583847405,0
R26T,VRHDERVKSANDAISKLNEKDSIENTRLAQREVNKAPMDVKEHLQKQLDALVAQKD,-1.3104494266087143,0
R26V,VRHDERVKSANDAISKLNEKDSIENVRLAQREVNKAPMDVKEHLQKQLDALVAQKD,-1.4149169888084574,0
R26W,VRHDERVKSANDAISKLNEKDSIENWRLAQREVNKAPMDVKEHLQKQLDALVAQKD,-1.7804538467243467,0
R27A,VRHDERVKSANDAISKLNEKDSIENRALAQREVNKAPMDVKEHLQKQLDALVAQKD,-0.2981586849768518,1
R27C,VRHDERVKSANDAISKLNEKDSIENRCLAQREVNKAPMDVKEHLQKQLDALVAQKD,0.4568076578130782,1
R27D,VRHDERVKSANDAISKLNEKDSIENRDLAQREVNKAPMDVKEHLQKQLDALVAQKD,-0.5699683384470577,0
R27E,VRHDERVKSANDAISKLNEKDSIENRELAQREVNKAPMDVKEHLQKQLDALVAQKD,-0.0706729452889758,1
R27F,VRHDERVKSANDAISKLNEKDSIENRFLAQREVNKAPMDVKEHLQKQLDALVAQKD,-0.3285323422470034,1
R27G,VRHDERVKSANDAISKLNEKDSIENRGLAQREVNKAPMDVKEHLQKQLDALVAQKD,-1.2880110732523709,0
R27H,VRHDERVKSANDAISKLNEKDSIENRHLAQREVNKAPMDVKEHLQKQLDALVAQKD,-0.408932276087096,1
R27I,VRHDERVKSANDAISKLNEKDSIENRILAQREVNKAPMDVKEHLQKQLDALVAQKD,0.0295439858628843,1
R27K,VRHDERVKSANDAISKLNEKDSIENRKLAQREVNKAPMDVKEHLQKQLDALVAQKD,-0.0791141674969175,1
R27L,VRHDERVKSANDAISKLNEKDSIENRLLAQREVNKAPMDVKEHLQKQLDALVAQKD,0.1351189896558382,1
R27M,VRHDERVKSANDAISKLNEKDSIENRMLAQREVNKAPMDVKEHLQKQLDALVAQKD,-0.058500996921736,1
R27N,VRHDERVKSANDAISKLNEKDSIENRNLAQREVNKAPMDVKEHLQKQLDALVAQKD,-0.2638709939078516,1
R27Q,VRHDERVKSANDAISKLNEKDSIENRQLAQREVNKAPMDVKEHLQKQLDALVAQKD,-0.1990462118573419,1
R27S,VRHDERVKSANDAISKLNEKDSIENRSLAQREVNKAPMDVKEHLQKQLDALVAQKD,-0.6531392605418054,0
R27T,VRHDERVKSANDAISKLNEKDSIENRTLAQREVNKAPMDVKEHLQKQLDALVAQKD,-0.6046579642518253,0
R27V,VRHDERVKSANDAISKLNEKDSIENRVLAQREVNKAPMDVKEHLQKQLDALVAQKD,-0.3466101156589725,1
R27W,VRHDERVKSANDAISKLNEKDSIENRWLAQREVNKAPMDVKEHLQKQLDALVAQKD,0.1111461254814691,1
R27Y,VRHDERVKSANDAISKLNEKDSIENRYLAQREVNKAPMDVKEHLQKQLDALVAQKD,-0.4548266305280964,1
R2A,VAHDERVKSANDAISKLNEKDSIENRRLAQREVNKAPMDVKEHLQKQLDALVAQKD,0.269189899730718,1
R2C,VCHDERVKSANDAISKLNEKDSIENRRLAQREVNKAPMDVKEHLQKQLDALVAQKD,0.3642852093948854,1
R2D,VDHDERVKSANDAISKLNEKDSIENRRLAQREVNKAPMDVKEHLQKQLDALVAQKD,0.6086225321267016,1
R2E,VEHDERVKSANDAISKLNEKDSIENRRLAQREVNKAPMDVKEHLQKQLDALVAQKD,0.5198415986558507,1
R2F,VFHDERVKSANDAISKLNEKDSIENRRLAQREVNKAPMDVKEHLQKQLDALVAQKD,0.4144740338944694,1
R2G,VGHDERVKSANDAISKLNEKDSIENRRLAQREVNKAPMDVKEHLQKQLDALVAQKD,0.2586869740652053,1
R2H,VHHDERVKSANDAISKLNEKDSIENRRLAQREVNKAPMDVKEHLQKQLDALVAQKD,0.1470978229695563,1
R2I,VIHDERVKSANDAISKLNEKDSIENRRLAQREVNKAPMDVKEHLQKQLDALVAQKD,0.2570996067717124,1
R2K,VKHDERVKSANDAISKLNEKDSIENRRLAQREVNKAPMDVKEHLQKQLDALVAQKD,-0.0647285548277876,1
R2L,VLHDERVKSANDAISKLNEKDSIENRRLAQREVNKAPMDVKEHLQKQLDALVAQKD,0.3532116559364227,1
R2M,VMHDERVKSANDAISKLNEKDSIENRRLAQREVNKAPMDVKEHLQKQLDALVAQKD,0.2522885693784273,1
R2N,VNHDERVKSANDAISKLNEKDSIENRRLAQREVNKAPMDVKEHLQKQLDALVAQKD,0.2258495436177234,1
R2P,VPHDERVKSANDAISKLNEKDSIENRRLAQREVNKAPMDVKEHLQKQLDALVAQKD,0.0021751149398843,1
R2Q,VQHDERVKSANDAISKLNEKDSIENRRLAQREVNKAPMDVKEHLQKQLDALVAQKD,0.228394193710915,1
R2S,VSHDERVKSANDAISKLNEKDSIENRRLAQREVNKAPMDVKEHLQKQLDALVAQKD,0.3445419799380773,1
R2T,VTHDERVKSANDAISKLNEKDSIENRRLAQREVNKAPMDVKEHLQKQLDALVAQKD,0.2344412489177323,1
R2V,VVHDERVKSANDAISKLNEKDSIENRRLAQREVNKAPMDVKEHLQKQLDALVAQKD,0.0711558676375321,1
R2W,VWHDERVKSANDAISKLNEKDSIENRRLAQREVNKAPMDVKEHLQKQLDALVAQKD,0.5754678544188521,1
R2Y,VYHDERVKSANDAISKLNEKDSIENRRLAQREVNKAPMDVKEHLQKQLDALVAQKD,0.4128474889589,1
R31A,VRHDERVKSANDAISKLNEKDSIENRRLAQAEVNKAPMDVKEHLQKQLDALVAQKD,0.2722871270040676,1
R31C,VRHDERVKSANDAISKLNEKDSIENRRLAQCEVNKAPMDVKEHLQKQLDALVAQKD,0.1376897397543026,1
R31D,VRHDERVKSANDAISKLNEKDSIENRRLAQDEVNKAPMDVKEHLQKQLDALVAQKD,0.1915992326835238,1
R31E,VRHDERVKSANDAISKLNEKDSIENRRLAQEEVNKAPMDVKEHLQKQLDALVAQKD,0.5426573183919916,1
R31F,VRHDERVKSANDAISKLNEKDSIENRRLAQFEVNKAPMDVKEHLQKQLDALVAQKD,-0.360507081142242,1
R31G,VRHDERVKSANDAISKLNEKDSIENRRLAQGEVNKAPMDVKEHLQKQLDALVAQKD,-0.5692801110071576,0
R31H,VRHDERVKSANDAISKLNEKDSIENRRLAQHEVNKAPMDVKEHLQKQLDALVAQKD,-0.128083998896018,1
R31I,VRHDERVKSANDAISKLNEKDSIENRRLAQIEVNKAPMDVKEHLQKQLDALVAQKD,0.0760928686949182,1
R31K,VRHDERVKSANDAISKLNEKDSIENRRLAQKEVNKAPMDVKEHLQKQLDALVAQKD,-0.2133990650252577,1
R31L,VRHDERVKSANDAISKLNEKDSIENRRLAQLEVNKAPMDVKEHLQKQLDALVAQKD,0.3337683879024127,1
R31M,VRHDERVKSANDAISKLNEKDSIENRRLAQMEVNKAPMDVKEHLQKQLDALVAQKD,0.2069593995823619,1
R31N,VRHDERVKSANDAISKLNEKDSIENRRLAQNEVNKAPMDVKEHLQKQLDALVAQKD,-0.0088291608200452,1
R31P,VRHDERVKSANDAISKLNEKDSIENRRLAQPEVNKAPMDVKEHLQKQLDALVAQKD,-1.8769272745688648,0
R31Q,VRHDERVKSANDAISKLNEKDSIENRRLAQQEVNKAPMDVKEHLQKQLDALVAQKD,0.2078612706695846,1
R31S,VRHDERVKSANDAISKLNEKDSIENRRLAQSEVNKAPMDVKEHLQKQLDALVAQKD,-0.1493234745624345,1
R31T,VRHDERVKSANDAISKLNEKDSIENRRLAQTEVNKAPMDVKEHLQKQLDALVAQKD,-0.2601430719994313,1
R31V,VRHDERVKSANDAISKLNEKDSIENRRLAQVEVNKAPMDVKEHLQKQLDALVAQKD,-0.2949485523869934,1
R31W,VRHDERVKSANDAISKLNEKDSIENRRLAQWEVNKAPMDVKEHLQKQLDALVAQKD,0.0312883092671698,1
R31Y,VRHDERVKSANDAISKLNEKDSIENRRLAQYEVNKAPMDVKEHLQKQLDALVAQKD,-0.5185008641923144,0
R6A,VRHDEAVKSANDAISKLNEKDSIENRRLAQREVNKAPMDVKEHLQKQLDALVAQKD,-0.0597919345406379,1
R6C,VRHDECVKSANDAISKLNEKDSIENRRLAQREVNKAPMDVKEHLQKQLDALVAQKD,-0.4523515282213465,1
R6D,VRHDEDVKSANDAISKLNEKDSIENRRLAQREVNKAPMDVKEHLQKQLDALVAQKD,-0.6840323406968446,0
R6E,VRHDEEVKSANDAISKLNEKDSIENRRLAQREVNKAPMDVKEHLQKQLDALVAQKD,-0.760357226777409,0
R6F,VRHDEFVKSANDAISKLNEKDSIENRRLAQREVNKAPMDVKEHLQKQLDALVAQKD,-0.1896256851863693,1
R6G,VRHDEGVKSANDAISKLNEKDSIENRRLAQREVNKAPMDVKEHLQKQLDALVAQKD,-0.845356203352102,0
R6H,VRHDEHVKSANDAISKLNEKDSIENRRLAQREVNKAPMDVKEHLQKQLDALVAQKD,-0.6109396960427569,0
R6I,VRHDEIVKSANDAISKLNEKDSIENRRLAQREVNKAPMDVKEHLQKQLDALVAQKD,-0.3280619916228218,1
R6K,VRHDEKVKSANDAISKLNEKDSIENRRLAQREVNKAPMDVKEHLQKQLDALVAQKD,-0.6235012793413789,0
R6L,VRHDELVKSANDAISKLNEKDSIENRRLAQREVNKAPMDVKEHLQKQLDALVAQKD,0.1857642723540022,1
R6M,VRHDEMVKSANDAISKLNEKDSIENRRLAQREVNKAPMDVKEHLQKQLDALVAQKD,-0.0602098769536567,1
R6N,VRHDENVKSANDAISKLNEKDSIENRRLAQREVNKAPMDVKEHLQKQLDALVAQKD,-0.8174222861295684,0
R6P,VRHDEPVKSANDAISKLNEKDSIENRRLAQREVNKAPMDVKEHLQKQLDALVAQKD,-1.156902099873879,0
R6Q,VRHDEQVKSANDAISKLNEKDSIENRRLAQREVNKAPMDVKEHLQKQLDALVAQKD,-0.2763056342216403,1
R6S,VRHDESVKSANDAISKLNEKDSIENRRLAQREVNKAPMDVKEHLQKQLDALVAQKD,-0.361986698399272,1
R6T,VRHDETVKSANDAISKLNEKDSIENRRLAQREVNKAPMDVKEHLQKQLDALVAQKD,-0.5040789563341097,1
R6V,VRHDEVVKSANDAISKLNEKDSIENRRLAQREVNKAPMDVKEHLQKQLDALVAQKD,-0.7186703278525157,0
R6W,VRHDEWVKSANDAISKLNEKDSIENRRLAQREVNKAPMDVKEHLQKQLDALVAQKD,-0.4438741348817804,1
R6Y,VRHDEYVKSANDAISKLNEKDSIENRRLAQREVNKAPMDVKEHLQKQLDALVAQKD,-0.2781451270997996,1
S15A,VRHDERVKSANDAIAKLNEKDSIENRRLAQREVNKAPMDVKEHLQKQLDALVAQKD,0.3063815105731307,1
S15C,VRHDERVKSANDAICKLNEKDSIENRRLAQREVNKAPMDVKEHLQKQLDALVAQKD,0.2077029729474337,1
S15D,VRHDERVKSANDAIDKLNEKDSIENRRLAQREVNKAPMDVKEHLQKQLDALVAQKD,-0.1640339540382516,1
S15E,VRHDERVKSANDAIEKLNEKDSIENRRLAQREVNKAPMDVKEHLQKQLDALVAQKD,-0.0153257618507152,1
S15F,VRHDERVKSANDAIFKLNEKDSIENRRLAQREVNKAPMDVKEHLQKQLDALVAQKD,-0.6280512327994312,0
S15G,VRHDERVKSANDAIGKLNEKDSIENRRLAQREVNKAPMDVKEHLQKQLDALVAQKD,-0.3276468372674992,1
S15H,VRHDERVKSANDAIHKLNEKDSIENRRLAQREVNKAPMDVKEHLQKQLDALVAQKD,0.071491601923695,1
S15I,VRHDERVKSANDAIIKLNEKDSIENRRLAQREVNKAPMDVKEHLQKQLDALVAQKD,-0.1616978163630784,1
S15K,VRHDERVKSANDAIKKLNEKDSIENRRLAQREVNKAPMDVKEHLQKQLDALVAQKD,0.2439065823199862,1
S15L,VRHDERVKSANDAILKLNEKDSIENRRLAQREVNKAPMDVKEHLQKQLDALVAQKD,-0.1645453768570279,1
S15M,VRHDERVKSANDAIMKLNEKDSIENRRLAQREVNKAPMDVKEHLQKQLDALVAQKD,0.2563512590049639,1
S15N,VRHDERVKSANDAINKLNEKDSIENRRLAQREVNKAPMDVKEHLQKQLDALVAQKD,0.0917510886513157,1
S15P,VRHDERVKSANDAIPKLNEKDSIENRRLAQREVNKAPMDVKEHLQKQLDALVAQKD,-2.0186851521081945,0
S15Q,VRHDERVKSANDAIQKLNEKDSIENRRLAQREVNKAPMDVKEHLQKQLDALVAQKD,0.3188372438570834,1
S15R,VRHDERVKSANDAIRKLNEKDSIENRRLAQREVNKAPMDVKEHLQKQLDALVAQKD,0.4715248646598788,1
S15T,VRHDERVKSANDAITKLNEKDSIENRRLAQREVNKAPMDVKEHLQKQLDALVAQKD,-0.2119572494484976,1
S15V,VRHDERVKSANDAIVKLNEKDSIENRRLAQREVNKAPMDVKEHLQKQLDALVAQKD,-0.4861156229120709,1
S15W,VRHDERVKSANDAIWKLNEKDSIENRRLAQREVNKAPMDVKEHLQKQLDALVAQKD,-0.5017621451487837,1
S15Y,VRHDERVKSANDAIYKLNEKDSIENRRLAQREVNKAPMDVKEHLQKQLDALVAQKD,-0.5886416469739906,0
S22C,VRHDERVKSANDAISKLNEKDCIENRRLAQREVNKAPMDVKEHLQKQLDALVAQKD,-0.6098414185195855,0
S22D,VRHDERVKSANDAISKLNEKDDIENRRLAQREVNKAPMDVKEHLQKQLDALVAQKD,-0.7737763149088468,0
S22E,VRHDERVKSANDAISKLNEKDEIENRRLAQREVNKAPMDVKEHLQKQLDALVAQKD,-1.4657623347590865,0
S22F,VRHDERVKSANDAISKLNEKDFIENRRLAQREVNKAPMDVKEHLQKQLDALVAQKD,-1.741597569714238,0
S22G,VRHDERVKSANDAISKLNEKDGIENRRLAQREVNKAPMDVKEHLQKQLDALVAQKD,-1.3928935435077994,0
S22H,VRHDERVKSANDAISKLNEKDHIENRRLAQREVNKAPMDVKEHLQKQLDALVAQKD,-1.687398708831546,0
S22I,VRHDERVKSANDAISKLNEKDIIENRRLAQREVNKAPMDVKEHLQKQLDALVAQKD,-1.476125052200141,0
S22K,VRHDERVKSANDAISKLNEKDKIENRRLAQREVNKAPMDVKEHLQKQLDALVAQKD,-1.692245115221432,0
S22L,VRHDERVKSANDAISKLNEKDLIENRRLAQREVNKAPMDVKEHLQKQLDALVAQKD,-1.748702642442694,0
S22M,VRHDERVKSANDAISKLNEKDMIENRRLAQREVNKAPMDVKEHLQKQLDALVAQKD,-1.800901504288078,0
S22N,VRHDERVKSANDAISKLNEKDNIENRRLAQREVNKAPMDVKEHLQKQLDALVAQKD,-0.2877244115951676,1
S22P,VRHDERVKSANDAISKLNEKDPIENRRLAQREVNKAPMDVKEHLQKQLDALVAQKD,-1.6759608048790784,0
S22Q,VRHDERVKSANDAISKLNEKDQIENRRLAQREVNKAPMDVKEHLQKQLDALVAQKD,-0.9621784976819876,0
S22R,VRHDERVKSANDAISKLNEKDRIENRRLAQREVNKAPMDVKEHLQKQLDALVAQKD,-2.164999846457702,0
S22T,VRHDERVKSANDAISKLNEKDTIENRRLAQREVNKAPMDVKEHLQKQLDALVAQKD,0.2386273230483129,1
S22V,VRHDERVKSANDAISKLNEKDVIENRRLAQREVNKAPMDVKEHLQKQLDALVAQKD,-1.48996470837809,0
S22W,VRHDERVKSANDAISKLNEKDWIENRRLAQREVNKAPMDVKEHLQKQLDALVAQKD,-2.191014639965108,0
S22Y,VRHDERVKSANDAISKLNEKDYIENRRLAQREVNKAPMDVKEHLQKQLDALVAQKD,-1.5428514190727065,0
S9A,VRHDERVKAANDAISKLNEKDSIENRRLAQREVNKAPMDVKEHLQKQLDALVAQKD,0.3539466812135392,1
S9C,VRHDERVKCANDAISKLNEKDSIENRRLAQREVNKAPMDVKEHLQKQLDALVAQKD,-0.0354047513095263,1
S9D,VRHDERVKDANDAISKLNEKDSIENRRLAQREVNKAPMDVKEHLQKQLDALVAQKD,-0.5369162041305506,0
S9E,VRHDERVKEANDAISKLNEKDSIENRRLAQREVNKAPMDVKEHLQKQLDALVAQKD,-0.6728285644129955,0
S9F,VRHDERVKFANDAISKLNEKDSIENRRLAQREVNKAPMDVKEHLQKQLDALVAQKD,-0.5178424034922908,0
S9G,VRHDERVKGANDAISKLNEKDSIENRRLAQREVNKAPMDVKEHLQKQLDALVAQKD,-0.632288707882994,0
S9H,VRHDERVKHANDAISKLNEKDSIENRRLAQREVNKAPMDVKEHLQKQLDALVAQKD,-0.5673366277034536,0
S9I,VRHDERVKIANDAISKLNEKDSIENRRLAQREVNKAPMDVKEHLQKQLDALVAQKD,-0.2741270237845503,1
S9K,VRHDERVKKANDAISKLNEKDSIENRRLAQREVNKAPMDVKEHLQKQLDALVAQKD,0.0150251788293587,1
S9L,VRHDERVKLANDAISKLNEKDSIENRRLAQREVNKAPMDVKEHLQKQLDALVAQKD,-0.1536872185807312,1
S9M,VRHDERVKMANDAISKLNEKDSIENRRLAQREVNKAPMDVKEHLQKQLDALVAQKD,-0.0682203020419949,1
S9N,VRHDERVKNANDAISKLNEKDSIENRRLAQREVNKAPMDVKEHLQKQLDALVAQKD,-0.121120081280573,1
S9P,VRHDERVKPANDAISKLNEKDSIENRRLAQREVNKAPMDVKEHLQKQLDALVAQKD,-0.9446668126740724,0
S9Q,VRHDERVKQANDAISKLNEKDSIENRRLAQREVNKAPMDVKEHLQKQLDALVAQKD,-0.3063781598014243,1
S9R,VRHDERVKRANDAISKLNEKDSIENRRLAQREVNKAPMDVKEHLQKQLDALVAQKD,0.3805409164759896,1
S9T,VRHDERVKTANDAISKLNEKDSIENRRLAQREVNKAPMDVKEHLQKQLDALVAQKD,-0.2926630380147583,1
S9V,VRHDERVKVANDAISKLNEKDSIENRRLAQREVNKAPMDVKEHLQKQLDALVAQKD,-0.5643532870424381,0
S9W,VRHDERVKWANDAISKLNEKDSIENRRLAQREVNKAPMDVKEHLQKQLDALVAQKD,-0.8886182443078254,0
S9Y,VRHDERVKYANDAISKLNEKDSIENRRLAQREVNKAPMDVKEHLQKQLDALVAQKD,-0.6797368221315956,0
V1A,ARHDERVKSANDAISKLNEKDSIENRRLAQREVNKAPMDVKEHLQKQLDALVAQKD,0.0029947053759642,1
V1C,CRHDERVKSANDAISKLNEKDSIENRRLAQREVNKAPMDVKEHLQKQLDALVAQKD,0.360206100660235,1
V1D,DRHDERVKSANDAISKLNEKDSIENRRLAQREVNKAPMDVKEHLQKQLDALVAQKD,0.2669221538773787,1
V1E,ERHDERVKSANDAISKLNEKDSIENRRLAQREVNKAPMDVKEHLQKQLDALVAQKD,0.106635002643147,1
V1F,FRHDERVKSANDAISKLNEKDSIENRRLAQREVNKAPMDVKEHLQKQLDALVAQKD,-0.447228437092604,1
V1G,GRHDERVKSANDAISKLNEKDSIENRRLAQREVNKAPMDVKEHLQKQLDALVAQKD,0.2616349464249965,1
V1H,HRHDERVKSANDAISKLNEKDSIENRRLAQREVNKAPMDVKEHLQKQLDALVAQKD,0.0773603791948931,1
V1I,IRHDERVKSANDAISKLNEKDSIENRRLAQREVNKAPMDVKEHLQKQLDALVAQKD,0.2232435533843546,1
V1K,KRHDERVKSANDAISKLNEKDSIENRRLAQREVNKAPMDVKEHLQKQLDALVAQKD,0.05288945426831,1
V1L,LRHDERVKSANDAISKLNEKDSIENRRLAQREVNKAPMDVKEHLQKQLDALVAQKD,0.0954283082609004,1
V1M,MRHDERVKSANDAISKLNEKDSIENRRLAQREVNKAPMDVKEHLQKQLDALVAQKD,-0.1024050689495903,1
V1N,NRHDERVKSANDAISKLNEKDSIENRRLAQREVNKAPMDVKEHLQKQLDALVAQKD,0.3584000414510042,1
V1P,PRHDERVKSANDAISKLNEKDSIENRRLAQREVNKAPMDVKEHLQKQLDALVAQKD,0.0358223297501796,1
V1Q,QRHDERVKSANDAISKLNEKDSIENRRLAQREVNKAPMDVKEHLQKQLDALVAQKD,0.1304141129701572,1
V1R,RRHDERVKSANDAISKLNEKDSIENRRLAQREVNKAPMDVKEHLQKQLDALVAQKD,0.0322125001043596,1
V1S,SRHDERVKSANDAISKLNEKDSIENRRLAQREVNKAPMDVKEHLQKQLDALVAQKD,0.1565092491709911,1
V1T,TRHDERVKSANDAISKLNEKDSIENRRLAQREVNKAPMDVKEHLQKQLDALVAQKD,0.186762671336446,1
V1W,WRHDERVKSANDAISKLNEKDSIENRRLAQREVNKAPMDVKEHLQKQLDALVAQKD,-0.4539661931397064,1
V1Y,YRHDERVKSANDAISKLNEKDSIENRRLAQREVNKAPMDVKEHLQKQLDALVAQKD,-0.4902195574658116,1
V33A,VRHDERVKSANDAISKLNEKDSIENRRLAQREANKAPMDVKEHLQKQLDALVAQKD,-1.5265262394762882,0
V33C,VRHDERVKSANDAISKLNEKDSIENRRLAQRECNKAPMDVKEHLQKQLDALVAQKD,-1.0523368423936017,0
V33D,VRHDERVKSANDAISKLNEKDSIENRRLAQREDNKAPMDVKEHLQKQLDALVAQKD,-1.6460142484970175,0
V33F,VRHDERVKSANDAISKLNEKDSIENRRLAQREFNKAPMDVKEHLQKQLDALVAQKD,-1.3646390577870824,0
V33G,VRHDERVKSANDAISKLNEKDSIENRRLAQREGNKAPMDVKEHLQKQLDALVAQKD,-1.611076585708724,0
V33H,VRHDERVKSANDAISKLNEKDSIENRRLAQREHNKAPMDVKEHLQKQLDALVAQKD,-1.7332818333316269,0
V33I,VRHDERVKSANDAISKLNEKDSIENRRLAQREINKAPMDVKEHLQKQLDALVAQKD,-0.0764128617374333,1
V33K,VRHDERVKSANDAISKLNEKDSIENRRLAQREKNKAPMDVKEHLQKQLDALVAQKD,-1.4177185463126063,0
V33L,VRHDERVKSANDAISKLNEKDSIENRRLAQRELNKAPMDVKEHLQKQLDALVAQKD,-1.28195007162302,0
V33M,VRHDERVKSANDAISKLNEKDSIENRRLAQREMNKAPMDVKEHLQKQLDALVAQKD,-1.286681504516253,0
V33N,VRHDERVKSANDAISKLNEKDSIENRRLAQRENNKAPMDVKEHLQKQLDALVAQKD,-1.685598724271328,0
V33P,VRHDERVKSANDAISKLNEKDSIENRRLAQREPNKAPMDVKEHLQKQLDALVAQKD,-1.3746666562666567,0
V33Q,VRHDERVKSANDAISKLNEKDSIENRRLAQREQNKAPMDVKEHLQKQLDALVAQKD,-1.5771519904855351,0
V33R,VRHDERVKSANDAISKLNEKDSIENRRLAQRERNKAPMDVKEHLQKQLDALVAQKD,-2.0866568028520343,0
V33S,VRHDERVKSANDAISKLNEKDSIENRRLAQRESNKAPMDVKEHLQKQLDALVAQKD,-1.5810833042487995,0
V33T,VRHDERVKSANDAISKLNEKDSIENRRLAQRETNKAPMDVKEHLQKQLDALVAQKD,-1.2508092198429843,0
V40A,VRHDERVKSANDAISKLNEKDSIENRRLAQREVNKAPMDAKEHLQKQLDALVAQKD,-0.2154178735898115,1
V40C,VRHDERVKSANDAISKLNEKDSIENRRLAQREVNKAPMDCKEHLQKQLDALVAQKD,-0.2002207731636376,1
V40D,VRHDERVKSANDAISKLNEKDSIENRRLAQREVNKAPMDDKEHLQKQLDALVAQKD,-0.8890372844296279,0
V40E,VRHDERVKSANDAISKLNEKDSIENRRLAQREVNKAPMDEKEHLQKQLDALVAQKD,-0.6116778704066563,0
V40F,VRHDERVKSANDAISKLNEKDSIENRRLAQREVNKAPMDFKEHLQKQLDALVAQKD,-0.5968520750148034,0
V40G,VRHDERVKSANDAISKLNEKDSIENRRLAQREVNKAPMDGKEHLQKQLDALVAQKD,-1.6987604338644218,0
V40H,VRHDERVKSANDAISKLNEKDSIENRRLAQREVNKAPMDHKEHLQKQLDALVAQKD,-0.3924216505524552,1
V40I,VRHDERVKSANDAISKLNEKDSIENRRLAQREVNKAPMDIKEHLQKQLDALVAQKD,-0.1964611091924346,1
V40K,VRHDERVKSANDAISKLNEKDSIENRRLAQREVNKAPMDKKEHLQKQLDALVAQKD,-0.5833578551059534,0
V40L,VRHDERVKSANDAISKLNEKDSIENRRLAQREVNKAPMDLKEHLQKQLDALVAQKD,-0.6422493814998401,0
V40M,VRHDERVKSANDAISKLNEKDSIENRRLAQREVNKAPMDMKEHLQKQLDALVAQKD,-0.2530849036898801,1
V40N,VRHDERVKSANDAISKLNEKDSIENRRLAQREVNKAPMDNKEHLQKQLDALVAQKD,-0.9416951367472268,0
V40P,VRHDERVKSANDAISKLNEKDSIENRRLAQREVNKAPMDPKEHLQKQLDALVAQKD,-1.4685216321027152,0
V40Q,VRHDERVKSANDAISKLNEKDSIENRRLAQREVNKAPMDQKEHLQKQLDALVAQKD,-0.3350861424600779,1
V40R,VRHDERVKSANDAISKLNEKDSIENRRLAQREVNKAPMDRKEHLQKQLDALVAQKD,-0.7627729539946337,0
V40S,VRHDERVKSANDAISKLNEKDSIENRRLAQREVNKAPMDSKEHLQKQLDALVAQKD,-0.6640559136525122,0
V40T,VRHDERVKSANDAISKLNEKDSIENRRLAQREVNKAPMDTKEHLQKQLDALVAQKD,-0.6874696766649666,0
V40W,VRHDERVKSANDAISKLNEKDSIENRRLAQREVNKAPMDWKEHLQKQLDALVAQKD,0.0661772825192139,1
V40Y,VRHDERVKSANDAISKLNEKDSIENRRLAQREVNKAPMDYKEHLQKQLDALVAQKD,-0.278886579938933,1
V52A,VRHDERVKSANDAISKLNEKDSIENRRLAQREVNKAPMDVKEHLQKQLDALAAQKD,-1.305474071030169,0
V52C,VRHDERVKSANDAISKLNEKDSIENRRLAQREVNKAPMDVKEHLQKQLDALCAQKD,-0.4217607211833308,1
V52D,VRHDERVKSANDAISKLNEKDSIENRRLAQREVNKAPMDVKEHLQKQLDALDAQKD,-1.252019346345728,0
V52E,VRHDERVKSANDAISKLNEKDSIENRRLAQREVNKAPMDVKEHLQKQLDALEAQKD,-1.314487823681442,0
V52F,VRHDERVKSANDAISKLNEKDSIENRRLAQREVNKAPMDVKEHLQKQLDALFAQKD,-0.6055691923565016,0
V52G,VRHDERVKSANDAISKLNEKDSIENRRLAQREVNKAPMDVKEHLQKQLDALGAQKD,-1.426050489230548,0
V52H,VRHDERVKSANDAISKLNEKDSIENRRLAQREVNKAPMDVKEHLQKQLDALHAQKD,-1.384768949893422,0
V52I,VRHDERVKSANDAISKLNEKDSIENRRLAQREVNKAPMDVKEHLQKQLDALIAQKD,0.7633180643474888,1
V52K,VRHDERVKSANDAISKLNEKDSIENRRLAQREVNKAPMDVKEHLQKQLDALKAQKD,-0.6107146520970805,0
V52L,VRHDERVKSANDAISKLNEKDSIENRRLAQREVNKAPMDVKEHLQKQLDALLAQKD,0.7013840558741415,1
V52M,VRHDERVKSANDAISKLNEKDSIENRRLAQREVNKAPMDVKEHLQKQLDALMAQKD,0.2422389418100261,1
V52N,VRHDERVKSANDAISKLNEKDSIENRRLAQREVNKAPMDVKEHLQKQLDALNAQKD,-0.6661968973507455,0
V52P,VRHDERVKSANDAISKLNEKDSIENRRLAQREVNKAPMDVKEHLQKQLDALPAQKD,-1.467137433756181,0
V52Q,VRHDERVKSANDAISKLNEKDSIENRRLAQREVNKAPMDVKEHLQKQLDALQAQKD,-1.095751205944052,0
V52R,VRHDERVKSANDAISKLNEKDSIENRRLAQREVNKAPMDVKEHLQKQLDALRAQKD,-0.8709017680369692,0
V52S,VRHDERVKSANDAISKLNEKDSIENRRLAQREVNKAPMDVKEHLQKQLDALSAQKD,-1.2432420081364364,0
V52T,VRHDERVKSANDAISKLNEKDSIENRRLAQREVNKAPMDVKEHLQKQLDALTAQKD,-0.3783906036520889,1
V52W,VRHDERVKSANDAISKLNEKDSIENRRLAQREVNKAPMDVKEHLQKQLDALWAQKD,-1.2715818696753496,0
V52Y,VRHDERVKSANDAISKLNEKDSIENRRLAQREVNKAPMDVKEHLQKQLDALYAQKD,-0.8084931950085588,0
V7A,VRHDERAKSANDAISKLNEKDSIENRRLAQREVNKAPMDVKEHLQKQLDALVAQKD,-0.4201277854500642,1
V7C,VRHDERCKSANDAISKLNEKDSIENRRLAQREVNKAPMDVKEHLQKQLDALVAQKD,-0.0516373617380792,1
V7D,VRHDERDKSANDAISKLNEKDSIENRRLAQREVNKAPMDVKEHLQKQLDALVAQKD,-1.2004161295001776,0
V7E,VRHDEREKSANDAISKLNEKDSIENRRLAQREVNKAPMDVKEHLQKQLDALVAQKD,-0.8913971510573951,0
V7F,VRHDERFKSANDAISKLNEKDSIENRRLAQREVNKAPMDVKEHLQKQLDALVAQKD,-0.4433560217089612,1
V7G,VRHDERGKSANDAISKLNEKDSIENRRLAQREVNKAPMDVKEHLQKQLDALVAQKD,-0.9448266327628964,0
V7H,VRHDERHKSANDAISKLNEKDSIENRRLAQREVNKAPMDVKEHLQKQLDALVAQKD,-0.7723586119224697,0
V7I,VRHDERIKSANDAISKLNEKDSIENRRLAQREVNKAPMDVKEHLQKQLDALVAQKD,0.3273939386524362,1
V7K,VRHDERKKSANDAISKLNEKDSIENRRLAQREVNKAPMDVKEHLQKQLDALVAQKD,-1.052234479655977,0
V7L,VRHDERLKSANDAISKLNEKDSIENRRLAQREVNKAPMDVKEHLQKQLDALVAQKD,-0.1388503873382889,1
V7M,VRHDERMKSANDAISKLNEKDSIENRRLAQREVNKAPMDVKEHLQKQLDALVAQKD,-0.2445615802913578,1
V7N,VRHDERNKSANDAISKLNEKDSIENRRLAQREVNKAPMDVKEHLQKQLDALVAQKD,-1.0591012535776243,0
V7P,VRHDERPKSANDAISKLNEKDSIENRRLAQREVNKAPMDVKEHLQKQLDALVAQKD,-1.393546152407247,0
V7Q,VRHDERQKSANDAISKLNEKDSIENRRLAQREVNKAPMDVKEHLQKQLDALVAQKD,-0.8805139979903873,0
V7R,VRHDERRKSANDAISKLNEKDSIENRRLAQREVNKAPMDVKEHLQKQLDALVAQKD,-0.7059811579414255,0
V7S,VRHDERSKSANDAISKLNEKDSIENRRLAQREVNKAPMDVKEHLQKQLDALVAQKD,-0.5748716389757931,0
V7T,VRHDERTKSANDAISKLNEKDSIENRRLAQREVNKAPMDVKEHLQKQLDALVAQKD,-0.2529708180442431,1
V7W,VRHDERWKSANDAISKLNEKDSIENRRLAQREVNKAPMDVKEHLQKQLDALVAQKD,0.1614388874562571,1
V7Y,VRHDERYKSANDAISKLNEKDSIENRRLAQREVNKAPMDVKEHLQKQLDALVAQKD,-0.3663364564166921,1
