mutant,mutated_sequence,DMS_score,DMS_score_bin
A10C,RPMNAFMVWCRIHRPALAKANPAANNAEISVQLGLEWNKLSEEQKKPYYDEAQKIKE,0.1481247617685017,1
A10D,RPMNAFMVWDRIHRPALAKANPAANNAEISVQLGLEWNKLSEEQKKPYYDEAQKIKE,-0.6010297986617963,0
A10E,RPMNAFMVWERIHRPALAKANPAANNAEISVQLGLEWNKLSEEQKKPYYDEAQKIKE,-0.331273302761859,0
A10F,RPMNAFMVWFRIHRPALAKANPAANNAEISVQLGLEWNKLSEEQKKPYYDEAQKIKE,-0.5387415804706852,0
A10G,RPMNAFMVWGRIHRPALAKANPAANNAEISVQLGLEWNKLSEEQKKPYYDEAQKIKE,-1.6528237581714786,0
A10H,RPMNAFMVWHRIHRPALAKANPAANNAEISVQLGLEWNKLSEEQKKPYYDEAQKIKE,-1.9386591759189324,0
A10I,RPMNAFMVWIRIHRPALAKANPAANNAEISVQLGLEWNKLSEEQKKPYYDEAQKIKE,-0.4891758905954328,0
A10K,RPMNAFMVWKRIHRPALAKANPAANNAEISVQLGLEWNKLSEEQKKPYYDEAQKIKE,-1.0963308511683052,0
A10L,RPMNAFMVWLRIHRPALAKANPAANNAEISVQLGLEWNKLSEEQKKPYYDEAQKIKE,-0.3060515187613792,1
A10M,RPMNAFMVWMRIHRPALAKANPAANNAEISVQLGLEWNKLSEEQKKPYYDEAQKIKE,-0.4018445439463409,0
A10N,RPMNAFMVWNRIHRPALAKANPAANNAEISVQLGLEWNKLSEEQKKPYYDEAQKIKE,-1.7011410787763606,0
A10Q,RPMNAFMVWQRIHRPALAKANPAANNAEISVQLGLEWNKLSEEQKKPYYDEAQKIKE,-0.6512597827452287,0
A10R,RPMNAFMVWRRIHRPALAKANPAANNAEISVQLGLEWNKLSEEQKKPYYDEAQKIKE,-1.1243369920702744,0
A10S,RPMNAFMVWSRIHRPALAKANPAANNAEISVQLGLEWNKLSEEQKKPYYDEAQKIKE,-0.2465637212965812,1
A10T,RPMNAFMVWTRIHRPALAKANPAANNAEISVQLGLEWNKLSEEQKKPYYDEAQKIKE,-1.026253922965885,0
A10V,RPMNAFMVWVRIHRPALAKANPAANNAEISVQLGLEWNKLSEEQKKPYYDEAQKIKE,-0.2130788302260731,1
A10W,RPMNAFMVWWRIHRPALAKANPAANNAEISVQLGLEWNKLSEEQKKPYYDEAQKIKE,-0.6051293868363872,0
A10Y,RPMNAFMVWYRIHRPALAKANPAANNAEISVQLGLEWNKLSEEQKKPYYDEAQKIKE,-0.4795526066534812,0
A16C,RPMNAFMVWARIHRPCLAKANPAANNAEISVQLGLEWNKLSEEQKKPYYDEAQKIKE,0.1806471764607122,1
A16D,RPMNAFMVWARIHRPDLAKANPAANNAEISVQLGLEWNKLSEEQKKPYYDEAQKIKE,-0.6529056519035108,0
A16E,RPMNAFMVWARIHRPELAKANPAANNAEISVQLGLEWNKLSEEQKKPYYDEAQKIKE,-0.1820106372798626,1
A16F,RPMNAFMVWARIHRPFLAKANPAANNAEISVQLGLEWNKLSEEQKKPYYDEAQKIKE,0.2008448480281055,1
A16G,RPMNAFMVWARIHRPGLAKANPAANNAEISVQLGLEWNKLSEEQKKPYYDEAQKIKE,-0.3794402643148205,0
A16H,RPMNAFMVWARIHRPHLAKANPAANNAEISVQLGLEWNKLSEEQKKPYYDEAQKIKE,-0.1159067748849054,1
A16I,RPMNAFMVWARIHRPILAKANPAANNAEISVQLGLEWNKLSEEQKKPYYDEAQKIKE,0.7017272142409507,1
A16K,RPMNAFMVWARIHRPKLAKANPAANNAEISVQLGLEWNKLSEEQKKPYYDEAQKIKE,0.2618824731937876,1
A16L,RPMNAFMVWARIHRPLLAKANPAANNAEISVQLGLEWNKLSEEQKKPYYDEAQKIKE,0.674350443647799,1
A16M,RPMNAFMVWARIHRPMLAKANPAANNAEISVQLGLEWNKLSEEQKKPYYDEAQKIKE,0.4440281817773588,1
A16N,RPMNAFMVWARIHRPNLAKANPAANNAEISVQLGLEWNKLSEEQKKPYYDEAQKIKE,-0.4590987242673723,0
A16P,RPMNAFMVWARIHRPPLAKANPAANNAEISVQLGLEWNKLSEEQKKPYYDEAQKIKE,-1.111099656190775,0
A16Q,RPMNAFMVWARIHRPQLAKANPAANNAEISVQLGLEWNKLSEEQKKPYYDEAQKIKE,0.0819028104016013,1
A16R,RPMNAFMVWARIHRPRLAKANPAANNAEISVQLGLEWNKLSEEQKKPYYDEAQKIKE,0.3755361896961355,1
A16S,RPMNAFMVWARIHRPSLAKANPAANNAEISVQLGLEWNKLSEEQKKPYYDEAQKIKE,-0.2578414655199923,1
A16T,RPMNAFMVWARIHRPTLAKANPAANNAEISVQLGLEWNKLSEEQKKPYYDEAQKIKE,-0.2218963264708162,1
A16V,RPMNAFMVWARIHRPVLAKANPAANNAEISVQLGLEWNKLSEEQKKPYYDEAQKIKE,0.2542871310363188,1
A16W,RPMNAFMVWARIHRPWLAKANPAANNAEISVQLGLEWNKLSEEQKKPYYDEAQKIKE,-0.2273889020288333,1
A16Y,RPMNAFMVWARIHRPYLAKANPAANNAEISVQLGLEWNKLSEEQKKPYYDEAQKIKE,0.0994174597945978,1
A18C,RPMNAFMVWARIHRPALCKANPAANNAEISVQLGLEWNKLSEEQKKPYYDEAQKIKE,-0.1700954004203962,1
A18D,RPMNAFMVWARIHRPALDKANPAANNAEISVQLGLEWNKLSEEQKKPYYDEAQKIKE,-1.2757161159143915,0
A18E,RPMNAFMVWARIHRPALEKANPAANNAEISVQLGLEWNKLSEEQKKPYYDEAQKIKE,0.449202787690973,1
A18F,RPMNAFMVWARIHRPALFKANPAANNAEISVQLGLEWNKLSEEQKKPYYDEAQKIKE,-0.3989154801428425,0
A18G,RPMNAFMVWARIHRPALGKANPAANNAEISVQLGLEWNKLSEEQKKPYYDEAQKIKE,-0.8727098234069244,0
A18H,RPMNAFMVWARIHRPALHKANPAANNAEISVQLGLEWNKLSEEQKKPYYDEAQKIKE,-0.0900237688194094,1
A18I,RPMNAFMVWARIHRPALIKANPAANNAEISVQLGLEWNKLSEEQKKPYYDEAQKIKE,0.5318743254816405,1
A18K,RPMNAFMVWARIHRPALKKANPAANNAEISVQLGLEWNKLSEEQKKPYYDEAQKIKE,0.4687815478759685,1
A18L,RPMNAFMVWARIHRPALLKANPAANNAEISVQLGLEWNKLSEEQKKPYYDEAQKIKE,0.1569291841783475,1
A18M,RPMNAFMVWARIHRPALMKANPAANNAEISVQLGLEWNKLSEEQKKPYYDEAQKIKE,0.4479330094654048,1
A18N,RPMNAFMVWARIHRPALNKANPAANNAEISVQLGLEWNKLSEEQKKPYYDEAQKIKE,-0.6564587454727016,0
A18P,RPMNAFMVWARIHRPALPKANPAANNAEISVQLGLEWNKLSEEQKKPYYDEAQKIKE,-2.3716801128432645,0
A18Q,RPMNAFMVWARIHRPALQKANPAANNAEISVQLGLEWNKLSEEQKKPYYDEAQKIKE,0.2738233058306227,1
A18R,RPMNAFMVWARIHRPALRKANPAANNAEISVQLGLEWNKLSEEQKKPYYDEAQKIKE,0.4820931338388652,1
A18S,RPMNAFMVWARIHRPALSKANPAANNAEISVQLGLEWNKLSEEQKKPYYDEAQKIKE,-0.0658051023543508,1
A18T,RPMNAFMVWARIHRPALTKANPAANNAEISVQLGLEWNKLSEEQKKPYYDEAQKIKE,0.0105497082456844,1
A18V,RPMNAFMVWARIHRPALVKANPAANNAEISVQLGLEWNKLSEEQKKPYYDEAQKIKE,0.4196945398006155,1
A18W,RPMNAFMVWARIHRPALWKANPAANNAEISVQLGLEWNKLSEEQKKPYYDEAQKIKE,-0.349624451197009,0
A18Y,RPMNAFMVWARIHRPALYKANPAANNAEISVQLGLEWNKLSEEQKKPYYDEAQKIKE,-0.4627170163838707,0
A20C,RPMNAFMVWARIHRPALAKCNPAANNAEISVQLGLEWNKLSEEQKKPYYDEAQKIKE,-0.6485652606570453,0
A20D,RPMNAFMVWARIHRPALAKDNPAANNAEISVQLGLEWNKLSEEQKKPYYDEAQKIKE,-0.7051355770627148,0
A20E,RPMNAFMVWARIHRPALAKENPAANNAEISVQLGLEWNKLSEEQKKPYYDEAQKIKE,-0.4459366305596024,0
A20F,RPMNAFMVWARIHRPALAKFNPAANNAEISVQLGLEWNKLSEEQKKPYYDEAQKIKE,-0.7708949788011226,0
A20G,RPMNAFMVWARIHRPALAKGNPAANNAEISVQLGLEWNKLSEEQKKPYYDEAQKIKE,-0.621420327324417,0
A20H,RPMNAFMVWARIHRPALAKHNPAANNAEISVQLGLEWNKLSEEQKKPYYDEAQKIKE,-0.5262541810327943,0
A20I,RPMNAFMVWARIHRPALAKINPAANNAEISVQLGLEWNKLSEEQKKPYYDEAQKIKE,-0.418827384383615,0
A20K,RPMNAFMVWARIHRPALAKKNPAANNAEISVQLGLEWNKLSEEQKKPYYDEAQKIKE,-0.0937644194733193,1
A20L,RPMNAFMVWARIHRPALAKLNPAANNAEISVQLGLEWNKLSEEQKKPYYDEAQKIKE,0.1290583010328032,1
A20M,RPMNAFMVWARIHRPALAKMNPAANNAEISVQLGLEWNKLSEEQKKPYYDEAQKIKE,-0.0815618643112805,1
A20N,RPMNAFMVWARIHRPALAKNNPAANNAEISVQLGLEWNKLSEEQKKPYYDEAQKIKE,-0.4072301458332754,0
A20P,RPMNAFMVWARIHRPALAKPNPAANNAEISVQLGLEWNKLSEEQKKPYYDEAQKIKE,-2.122106887623597,0
A20Q,RPMNAFMVWARIHRPALAKQNPAANNAEISVQLGLEWNKLSEEQKKPYYDEAQKIKE,-0.1213945517836272,1
A20R,RPMNAFMVWARIHRPALAKRNPAANNAEISVQLGLEWNKLSEEQKKPYYDEAQKIKE,-0.0713890420446197,1
A20S,RPMNAFMVWARIHRPALAKSNPAANNAEISVQLGLEWNKLSEEQKKPYYDEAQKIKE,-0.349673000691471,0
A20T,RPMNAFMVWARIHRPALAKTNPAANNAEISVQLGLEWNKLSEEQKKPYYDEAQKIKE,-0.6348053545304229,0
A20V,RPMNAFMVWARIHRPALAKVNPAANNAEISVQLGLEWNKLSEEQKKPYYDEAQKIKE,-0.5603165534557859,0
A20W,RPMNAFMVWARIHRPALAKWNPAANNAEISVQLGLEWNKLSEEQKKPYYDEAQKIKE,-0.6725894279619329,0
A20Y,RPMNAFMVWARIHRPALAKYNPAANNAEISVQLGLEWNKLSEEQKKPYYDEAQKIKE,-1.0741419330678403,0
A23C,RPMNAFMVWARIHRPALAKANPCANNAEISVQLGLEWNKLSEEQKKPYYDEAQKIKE,0.0009837483260035,1
A23D,RPMNAFMVWARIHRPALAKANPDANNAEISVQLGLEWNKLSEEQKKPYYDEAQKIKE,0.1815843090770244,1
A23E,RPMNAFMVWARIHRPALAKANPEANNAEISVQLGLEWNKLSEEQKKPYYDEAQKIKE,0.0849683746693612,1
A23F,RPMNAFMVWARIHRPALAKANPFANNAEISVQLGLEWNKLSEEQKKPYYDEAQKIKE,0.3654264726476839,1
A23G,RPMNAFMVWARIHRPALAKANPGANNAEISVQLGLEWNKLSEEQKKPYYDEAQKIKE,0.3453309031805753,1
A23H,RPMNAFMVWARIHRPALAKANPHANNAEISVQLGLEWNKLSEEQKKPYYDEAQKIKE,0.3879218551861898,1
A23I,RPMNAFMVWARIHRPALAKANPIANNAEISVQLGLEWNKLSEEQKKPYYDEAQKIKE,-0.4209450551217299,0
A23K,RPMNAFMVWARIHRPALAKANPKANNAEISVQLGLEWNKLSEEQKKPYYDEAQKIKE,0.189182423228237,1
A23L,RPMNAFMVWARIHRPALAKANPLANNAEISVQLGLEWNKLSEEQKKPYYDEAQKIKE,0.2463860182077129,1
A23M,RPMNAFMVWARIHRPALAKANPMANNAEISVQLGLEWNKLSEEQKKPYYDEAQKIKE,0.4018576023667668,1
A23N,RPMNAFMVWARIHRPALAKANPNANNAEISVQLGLEWNKLSEEQKKPYYDEAQKIKE,0.2712763045655637,1
A23P,RPMNAFMVWARIHRPALAKANPPANNAEISVQLGLEWNKLSEEQKKPYYDEAQKIKE,-1.5111245715482582,0
A23Q,RPMNAFMVWARIHRPALAKANPQANNAEISVQLGLEWNKLSEEQKKPYYDEAQKIKE,0.2022070422511204,1
A23R,RPMNAFMVWARIHRPALAKANPRANNAEISVQLGLEWNKLSEEQKKPYYDEAQKIKE,0.2099123305602064,1
A23S,RPMNAFMVWARIHRPALAKANPSANNAEISVQLGLEWNKLSEEQKKPYYDEAQKIKE,0.1228179043451955,1
A23T,RPMNAFMVWARIHRPALAKANPTANNAEISVQLGLEWNKLSEEQKKPYYDEAQKIKE,0.0994799955679957,1
A23V,RPMNAFMVWARIHRPALAKANPVANNAEISVQLGLEWNKLSEEQKKPYYDEAQKIKE,-0.5888132815227163,0
A23W,RPMNAFMVWARIHRPALAKANPWANNAEISVQLGLEWNKLSEEQKKPYYDEAQKIKE,0.4922225549305348,1
A23Y,RPMNAFMVWARIHRPALAKANPYANNAEISVQLGLEWNKLSEEQKKPYYDEAQKIKE,0.3063476476834825,1
A24C,RPMNAFMVWARIHRPALAKANPACNNAEISVQLGLEWNKLSEEQKKPYYDEAQKIKE,-0.4026333167179858,0
A24D,RPMNAFMVWARIHRPALAKANPADNNAEISVQLGLEWNKLSEEQKKPYYDEAQKIKE,-1.341166119360643,0
A24E,RPMNAFMVWARIHRPALAKANPAENNAEISVQLGLEWNKLSEEQKKPYYDEAQKIKE,-1.329990910313387,0
A24F,RPMNAFMVWARIHRPALAKANPAFNNAEISVQLGLEWNKLSEEQKKPYYDEAQKIKE,0.3744217903683138,1
A24G,RPMNAFMVWARIHRPALAKANPAGNNAEISVQLGLEWNKLSEEQKKPYYDEAQKIKE,-1.1795164701013283,0
A24H,RPMNAFMVWARIHRPALAKANPAHNNAEISVQLGLEWNKLSEEQKKPYYDEAQKIKE,-0.6361272100971398,0
A24I,RPMNAFMVWARIHRPALAKANPAINNAEISVQLGLEWNKLSEEQKKPYYDEAQKIKE,-0.5805012020160394,0
A24K,RPMNAFMVWARIHRPALAKANPAKNNAEISVQLGLEWNKLSEEQKKPYYDEAQKIKE,-0.0252875820687314,1
A24L,RPMNAFMVWARIHRPALAKANPALNNAEISVQLGLEWNKLSEEQKKPYYDEAQKIKE,0.7458419448761395,1
A24M,RPMNAFMVWARIHRPALAKANPAMNNAEISVQLGLEWNKLSEEQKKPYYDEAQKIKE,0.9122362462249316,1
A24N,RPMNAFMVWARIHRPALAKANPANNNAEISVQLGLEWNKLSEEQKKPYYDEAQKIKE,-0.9211181678531212,0
A24P,RPMNAFMVWARIHRPALAKANPAPNNAEISVQLGLEWNKLSEEQKKPYYDEAQKIKE,-1.4600598411958434,0
A24Q,RPMNAFMVWARIHRPALAKANPAQNNAEISVQLGLEWNKLSEEQKKPYYDEAQKIKE,-0.7945567687723494,0
A24R,RPMNAFMVWARIHRPALAKANPARNNAEISVQLGLEWNKLSEEQKKPYYDEAQKIKE,-0.5210859492736155,0
A24S,RPMNAFMVWARIHRPALAKANPASNNAEISVQLGLEWNKLSEEQKKPYYDEAQKIKE,-0.2895036237122204,1
A24T,RPMNAFMVWARIHRPALAKANPATNNAEISVQLGLEWNKLSEEQKKPYYDEAQKIKE,-1.007364536169411,0
A24V,RPMNAFMVWARIHRPALAKANPAVNNAEISVQLGLEWNKLSEEQKKPYYDEAQKIKE,-0.9764597925133678,0
A24W,RPMNAFMVWARIHRPALAKANPAWNNAEISVQLGLEWNKLSEEQKKPYYDEAQKIKE,0.8858698007068275,1
A24Y,RPMNAFMVWARIHRPALAKANPAYNNAEISVQLGLEWNKLSEEQKKPYYDEAQKIKE,0.1350285428083628,1
A27C,RPMNAFMVWARIHRPALAKANPAANNCEISVQLGLEWNKLSEEQKKPYYDEAQKIKE,0.1164657981232131,1
A27D,RPMNAFMVWARIHRPALAKANPAANNDEISVQLGLEWNKLSEEQKKPYYDEAQKIKE,0.1011429738040377,1
A27E,RPMNAFMVWARIHRPALAKANPAANNEEISVQLGLEWNKLSEEQKKPYYDEAQKIKE,0.1450569850702128,1
A27F,RPMNAFMVWARIHRPALAKANPAANNFEISVQLGLEWNKLSEEQKKPYYDEAQKIKE,0.0689141135254574,1
A27G,RPMNAFMVWARIHRPALAKANPAANNGEISVQLGLEWNKLSEEQKKPYYDEAQKIKE,-0.5001100736627304,0
A27H,RPMNAFMVWARIHRPALAKANPAANNHEISVQLGLEWNKLSEEQKKPYYDEAQKIKE,0.3192895779272646,1
A27I,RPMNAFMVWARIHRPALAKANPAANNIEISVQLGLEWNKLSEEQKKPYYDEAQKIKE,-0.1443310335637706,1
A27K,RPMNAFMVWARIHRPALAKANPAANNKEISVQLGLEWNKLSEEQKKPYYDEAQKIKE,0.2428077496989873,1
A27L,RPMNAFMVWARIHRPALAKANPAANNLEISVQLGLEWNKLSEEQKKPYYDEAQKIKE,0.0274219505767341,1
A27M,RPMNAFMVWARIHRPALAKANPAANNMEISVQLGLEWNKLSEEQKKPYYDEAQKIKE,-0.0171715969527079,1
A27N,RPMNAFMVWARIHRPALAKANPAANNNEISVQLGLEWNKLSEEQKKPYYDEAQKIKE,-0.119491382827868,1
A27P,RPMNAFMVWARIHRPALAKANPAANNPEISVQLGLEWNKLSEEQKKPYYDEAQKIKE,-1.2989560933908184,0
A27Q,RPMNAFMVWARIHRPALAKANPAANNQEISVQLGLEWNKLSEEQKKPYYDEAQKIKE,0.0061653377884396,1
A27R,RPMNAFMVWARIHRPALAKANPAANNREISVQLGLEWNKLSEEQKKPYYDEAQKIKE,0.1798686079676628,1
A27S,RPMNAFMVWARIHRPALAKANPAANNSEISVQLGLEWNKLSEEQKKPYYDEAQKIKE,-0.2265382919277052,1
A27T,RPMNAFMVWARIHRPALAKANPAANNTEISVQLGLEWNKLSEEQKKPYYDEAQKIKE,-0.1636977717557801,1
A27V,RPMNAFMVWARIHRPALAKANPAANNVEISVQLGLEWNKLSEEQKKPYYDEAQKIKE,-0.3108912019285692,1
A27W,RPMNAFMVWARIHRPALAKANPAANNWEISVQLGLEWNKLSEEQKKPYYDEAQKIKE,0.3869364166589037,1
A27Y,RPMNAFMVWARIHRPALAKANPAANNYEISVQLGLEWNKLSEEQKKPYYDEAQKIKE,0.4087415763450668,1
A52C,RPMNAFMVWARIHRPALAKANPAANNAEISVQLGLEWNKLSEEQKKPYYDECQKIKE,-0.727051090255268,0
A52D,RPMNAFMVWARIHRPALAKANPAANNAEISVQLGLEWNKLSEEQKKPYYDEDQKIKE,-1.5760645473234585,0
A52E,RPMNAFMVWARIHRPALAKANPAANNAEISVQLGLEWNKLSEEQKKPYYDEEQKIKE,-0.8985363681246674,0
A52F,RPMNAFMVWARIHRPALAKANPAANNAEISVQLGLEWNKLSEEQKKPYYDEFQKIKE,-0.0738753312473767,1
A52G,RPMNAFMVWARIHRPALAKANPAANNAEISVQLGLEWNKLSEEQKKPYYDEGQKIKE,-1.0956788939349835,0
A52H,RPMNAFMVWARIHRPALAKANPAANNAEISVQLGLEWNKLSEEQKKPYYDEHQKIKE,-1.188196420667429,0
A52I,RPMNAFMVWARIHRPALAKANPAANNAEISVQLGLEWNKLSEEQKKPYYDEIQKIKE,-0.4248472021404113,0
A52K,RPMNAFMVWARIHRPALAKANPAANNAEISVQLGLEWNKLSEEQKKPYYDEKQKIKE,-1.8011145149424368,0
A52L,RPMNAFMVWARIHRPALAKANPAANNAEISVQLGLEWNKLSEEQKKPYYDELQKIKE,-0.3304437645157172,0
A52M,RPMNAFMVWARIHRPALAKANPAANNAEISVQLGLEWNKLSEEQKKPYYDEMQKIKE,-0.6778104360880604,0
A52N,RPMNAFMVWARIHRPALAKANPAANNAEISVQLGLEWNKLSEEQKKPYYDENQKIKE,-1.628975609121921,0
A52P,RPMNAFMVWARIHRPALAKANPAANNAEISVQLGLEWNKLSEEQKKPYYDEPQKIKE,-1.6686726730511965,0
A52Q,RPMNAFMVWARIHRPALAKANPAANNAEISVQLGLEWNKLSEEQKKPYYDEQQKIKE,-1.3542099238599457,0
A52R,RPMNAFMVWARIHRPALAKANPAANNAEISVQLGLEWNKLSEEQKKPYYDERQKIKE,-1.645425722919163,0
A52S,RPMNAFMVWARIHRPALAKANPAANNAEISVQLGLEWNKLSEEQKKPYYDESQKIKE,-0.7502999269809814,0
A52T,RPMNAFMVWARIHRPALAKANPAANNAEISVQLGLEWNKLSEEQKKPYYDETQKIKE,-1.1413901632351129,0
A52V,RPMNAFMVWARIHRPALAKANPAANNAEISVQLGLEWNKLSEEQKKPYYDEVQKIKE,-0.3735218864339762,0
A52W,RPMNAFMVWARIHRPALAKANPAANNAEISVQLGLEWNKLSEEQKKPYYDEWQKIKE,0.0709599434454668,1
A52Y,RPMNAFMVWARIHRPALAKANPAANNAEISVQLGLEWNKLSEEQKKPYYDEYQKIKE,0.0120741839521087,1
A5C,RPMNCFMVWARIHRPALAKANPAANNAEISVQLGLEWNKLSEEQKKPYYDEAQKIKE,-1.8297069566489783,0
A5D,RPMNDFMVWARIHRPALAKANPAANNAEISVQLGLEWNKLSEEQKKPYYDEAQKIKE,-3.1709392902475826,0
A5E,RPMNEFMVWARIHRPALAKANPAANNAEISVQLGLEWNKLSEEQKKPYYDEAQKIKE,-1.6840206632851005,0
A5F,RPMNFFMVWARIHRPALAKANPAANNAEISVQLGLEWNKLSEEQKKPYYDEAQKIKE,-1.7489063049805689,0
A5G,RPMNGFMVWARIHRPALAKANPAANNAEISVQLGLEWNKLSEEQKKPYYDEAQKIKE,-0.2743596222551416,1
A5H,RPMNHFMVWARIHRPALAKANPAANNAEISVQLGLEWNKLSEEQKKPYYDEAQKIKE,-2.676788080499139,0
A5I,RPMNIFMVWARIHRPALAKANPAANNAEISVQLGLEWNKLSEEQKKPYYDEAQKIKE,-1.9689078907018172,0
A5L,RPMNLFMVWARIHRPALAKANPAANNAEISVQLGLEWNKLSEEQKKPYYDEAQKIKE,-2.455201885769777,0
A5M,RPMNMFMVWARIHRPALAKANPAANNAEISVQLGLEWNKLSEEQKKPYYDEAQKIKE,-2.223760166394092,0
A5P,RPMNPFMVWARIHRPALAKANPAANNAEISVQLGLEWNKLSEEQKKPYYDEAQKIKE,-0.9222112384136484,0
A5Q,RPMNQFMVWARIHRPALAKANPAANNAEISVQLGLEWNKLSEEQKKPYYDEAQKIKE,-2.6772462356492728,0
A5R,RPMNRFMVWARIHRPALAKANPAANNAEISVQLGLEWNKLSEEQKKPYYDEAQKIKE,-2.8483748032327814,0
A5S,RPMNSFMVWARIHRPALAKANPAANNAEISVQLGLEWNKLSEEQKKPYYDEAQKIKE,-1.591258915276395,0
A5T,RPMNTFMVWARIHRPALAKANPAANNAEISVQLGLEWNKLSEEQKKPYYDEAQKIKE,-2.4078799185969846,0
A5V,RPMNVFMVWARIHRPALAKANPAANNAEISVQLGLEWNKLSEEQKKPYYDEAQKIKE,-1.488598789740307,0
A5W,RPMNWFMVWARIHRPALAKANPAANNAEISVQLGLEWNKLSEEQKKPYYDEAQKIKE,-1.592215500955284,0
A5Y,RPMNYFMVWARIHRPALAKANPAANNAEISVQLGLEWNKLSEEQKKPYYDEAQKIKE,-2.4303460003167907,0
D50A,RPMNAFMVWARIHRPALAKANPAANNAEISVQLGLEWNKLSEEQKKPYYAEAQKIKE,0.0262713257320661,1
D50C,RPMNAFMVWARIHRPALAKANPAANNAEISVQLGLEWNKLSEEQKKPYYCEAQKIKE,-0.4502127395304063,0
D50E,RPMNAFMVWARIHRPALAKANPAANNAEISVQLGLEWNKLSEEQKKPYYEEAQKIKE,0.0613156567428272,1
D50F,RPMNAFMVWARIHRPALAKANPAANNAEISVQLGLEWNKLSEEQKKPYYFEAQKIKE,-0.1150169208502069,1
D50G,RPMNAFMVWARIHRPALAKANPAANNAEISVQLGLEWNKLSEEQKKPYYGEAQKIKE,-1.0588984262728338,0
D50H,RPMNAFMVWARIHRPALAKANPAANNAEISVQLGLEWNKLSEEQKKPYYHEAQKIKE,-0.0373902770632281,1
D50I,RPMNAFMVWARIHRPALAKANPAANNAEISVQLGLEWNKLSEEQKKPYYIEAQKIKE,0.3082490129733797,1
D50K,RPMNAFMVWARIHRPALAKANPAANNAEISVQLGLEWNKLSEEQKKPYYKEAQKIKE,0.0371504405094089,1
D50L,RPMNAFMVWARIHRPALAKANPAANNAEISVQLGLEWNKLSEEQKKPYYLEAQKIKE,0.2447789535501092,1
D50M,RPMNAFMVWARIHRPALAKANPAANNAEISVQLGLEWNKLSEEQKKPYYMEAQKIKE,0.3089752771608531,1
D50N,RPMNAFMVWARIHRPALAKANPAANNAEISVQLGLEWNKLSEEQKKPYYNEAQKIKE,-0.3691470918162354,0
D50P,RPMNAFMVWARIHRPALAKANPAANNAEISVQLGLEWNKLSEEQKKPYYPEAQKIKE,-1.567259704396918,0
D50Q,RPMNAFMVWARIHRPALAKANPAANNAEISVQLGLEWNKLSEEQKKPYYQEAQKIKE,0.0035287943671358,1
D50R,RPMNAFMVWARIHRPALAKANPAANNAEISVQLGLEWNKLSEEQKKPYYREAQKIKE,-0.0697703123098723,1
D50S,RPMNAFMVWARIHRPALAKANPAANNAEISVQLGLEWNKLSEEQKKPYYSEAQKIKE,-0.4614774043946683,0
D50T,RPMNAFMVWARIHRPALAKANPAANNAEISVQLGLEWNKLSEEQKKPYYTEAQKIKE,-0.3361681048104761,0
D50V,RPMNAFMVWARIHRPALAKANPAANNAEISVQLGLEWNKLSEEQKKPYYVEAQKIKE,0.1717567422703805,1
D50W,RPMNAFMVWARIHRPALAKANPAANNAEISVQLGLEWNKLSEEQKKPYYWEAQKIKE,-0.2637757427741647,1
D50Y,RPMNAFMVWARIHRPALAKANPAANNAEISVQLGLEWNKLSEEQKKPYYYEAQKIKE,-0.1598071386098132,1
E28A,RPMNAFMVWARIHRPALAKANPAANNAAISVQLGLEWNKLSEEQKKPYYDEAQKIKE,-0.2172418437722467,1
E28C,RPMNAFMVWARIHRPALAKANPAANNACISVQLGLEWNKLSEEQKKPYYDEAQKIKE,-0.7868321363656356,0
E28D,RPMNAFMVWARIHRPALAKANPAANNADISVQLGLEWNKLSEEQKKPYYDEAQKIKE,-0.4638545181137692,0
E28F,RPMNAFMVWARIHRPALAKANPAANNAFISVQLGLEWNKLSEEQKKPYYDEAQKIKE,-0.0833069699445845,1
E28G,RPMNAFMVWARIHRPALAKANPAANNAGISVQLGLEWNKLSEEQKKPYYDEAQKIKE,-1.2619475113805358,0
E28H,RPMNAFMVWARIHRPALAKANPAANNAHISVQLGLEWNKLSEEQKKPYYDEAQKIKE,-0.7267395973160671,0
E28I,RPMNAFMVWARIHRPALAKANPAANNAIISVQLGLEWNKLSEEQKKPYYDEAQKIKE,-0.3856806688480603,0
E28K,RPMNAFMVWARIHRPALAKANPAANNAKISVQLGLEWNKLSEEQKKPYYDEAQKIKE,-0.9122191219047532,0
E28L,RPMNAFMVWARIHRPALAKANPAANNALISVQLGLEWNKLSEEQKKPYYDEAQKIKE,-0.534909012696593,0
E28M,RPMNAFMVWARIHRPALAKANPAANNAMISVQLGLEWNKLSEEQKKPYYDEAQKIKE,0.0962140608987756,1
E28N,RPMNAFMVWARIHRPALAKANPAANNANISVQLGLEWNKLSEEQKKPYYDEAQKIKE,-1.0182536360385486,0
E28P,RPMNAFMVWARIHRPALAKANPAANNAPISVQLGLEWNKLSEEQKKPYYDEAQKIKE,-2.034029585526693,0
E28Q,RPMNAFMVWARIHRPALAKANPAANNAQISVQLGLEWNKLSEEQKKPYYDEAQKIKE,-0.0201318776598045,1
E28R,RPMNAFMVWARIHRPALAKANPAANNARISVQLGLEWNKLSEEQKKPYYDEAQKIKE,-0.7209532791651743,0
E28S,RPMNAFMVWARIHRPALAKANPAANNASISVQLGLEWNKLSEEQKKPYYDEAQKIKE,-0.4536152771943422,0
E28T,RPMNAFMVWARIHRPALAKANPAANNATISVQLGLEWNKLSEEQKKPYYDEAQKIKE,-0.3296137309313742,0
E28V,RPMNAFMVWARIHRPALAKANPAANNAVISVQLGLEWNKLSEEQKKPYYDEAQKIKE,-0.6765047449131671,0
E28W,RPMNAFMVWARIHRPALAKANPAANNAWISVQLGLEWNKLSEEQKKPYYDEAQKIKE,0.8225730570127601,1
E28Y,RPMNAFMVWARIHRPALAKANPAANNAYISVQLGLEWNKLSEEQKKPYYDEAQKIKE,-0.2407484755108369,1
E36A,RPMNAFMVWARIHRPALAKANPAANNAEISVQLGLAWNKLSEEQKKPYYDEAQKIKE,0.1579864057252722,1
E36C,RPMNAFMVWARIHRPALAKANPAANNAEISVQLGLCWNKLSEEQKKPYYDEAQKIKE,0.0599871886275509,1
E36D,RPMNAFMVWARIHRPALAKANPAANNAEISVQLGLDWNKLSEEQKKPYYDEAQKIKE,-0.4887558355987442,0
E36F,RPMNAFMVWARIHRPALAKANPAANNAEISVQLGLFWNKLSEEQKKPYYDEAQKIKE,-0.2410876568698263,1
E36G,RPMNAFMVWARIHRPALAKANPAANNAEISVQLGLGWNKLSEEQKKPYYDEAQKIKE,-0.9159804277516116,0
E36H,RPMNAFMVWARIHRPALAKANPAANNAEISVQLGLHWNKLSEEQKKPYYDEAQKIKE,-0.3782235541591396,0
E36I,RPMNAFMVWARIHRPALAKANPAANNAEISVQLGLIWNKLSEEQKKPYYDEAQKIKE,0.573932564252523,1
E36K,RPMNAFMVWARIHRPALAKANPAANNAEISVQLGLKWNKLSEEQKKPYYDEAQKIKE,-0.2793981062126009,1
E36L,RPMNAFMVWARIHRPALAKANPAANNAEISVQLGLLWNKLSEEQKKPYYDEAQKIKE,0.7536341362582766,1
E36M,RPMNAFMVWARIHRPALAKANPAANNAEISVQLGLMWNKLSEEQKKPYYDEAQKIKE,0.6756981571078704,1
E36N,RPMNAFMVWARIHRPALAKANPAANNAEISVQLGLNWNKLSEEQKKPYYDEAQKIKE,-0.3748610755733041,0
E36P,RPMNAFMVWARIHRPALAKANPAANNAEISVQLGLPWNKLSEEQKKPYYDEAQKIKE,-3.5266133714856687,0
E36Q,RPMNAFMVWARIHRPALAKANPAANNAEISVQLGLQWNKLSEEQKKPYYDEAQKIKE,-0.0418518631161841,1
E36R,RPMNAFMVWARIHRPALAKANPAANNAEISVQLGLRWNKLSEEQKKPYYDEAQKIKE,-0.1766821814845025,1
E36S,RPMNAFMVWARIHRPALAKANPAANNAEISVQLGLSWNKLSEEQKKPYYDEAQKIKE,-0.4717725715503613,0
E36T,RPMNAFMVWARIHRPALAKANPAANNAEISVQLGLTWNKLSEEQKKPYYDEAQKIKE,-0.1955192185282812,1
E36V,RPMNAFMVWARIHRPALAKANPAANNAEISVQLGLVWNKLSEEQKKPYYDEAQKIKE,-0.1569677991055842,1
E36W,RPMNAFMVWARIHRPALAKANPAANNAEISVQLGLWWNKLSEEQKKPYYDEAQKIKE,0.2252978547321529,1
E36Y,RPMNAFMVWARIHRPALAKANPAANNAEISVQLGLYWNKLSEEQKKPYYDEAQKIKE,-0.2854361778035623,1
E42A,RPMNAFMVWARIHRPALAKANPAANNAEISVQLGLEWNKLSAEQKKPYYDEAQKIKE,0.2635751151361969,1
E42C,RPMNAFMVWARIHRPALAKANPAANNAEISVQLGLEWNKLSCEQKKPYYDEAQKIKE,0.3469578242724145,1
E42D,RPMNAFMVWARIHRPALAKANPAANNAEISVQLGLEWNKLSDEQKKPYYDEAQKIKE,0.2566733645254988,1
E42F,RPMNAFMVWARIHRPALAKANPAANNAEISVQLGLEWNKLSFEQKKPYYDEAQKIKE,0.4004948018164707,1
E42G,RPMNAFMVWARIHRPALAKANPAANNAEISVQLGLEWNKLSGEQKKPYYDEAQKIKE,-0.639337629670385,0
E42H,RPMNAFMVWARIHRPALAKANPAANNAEISVQLGLEWNKLSHEQKKPYYDEAQKIKE,-0.0029636410107012,1
E42I,RPMNAFMVWARIHRPALAKANPAANNAEISVQLGLEWNKLSIEQKKPYYDEAQKIKE,-0.0395357089989372,1
E42K,RPMNAFMVWARIHRPALAKANPAANNAEISVQLGLEWNKLSKEQKKPYYDEAQKIKE,0.3340997491111324,1
E42L,RPMNAFMVWARIHRPALAKANPAANNAEISVQLGLEWNKLSLEQKKPYYDEAQKIKE,0.2266231794779787,1
E42M,RPMNAFMVWARIHRPALAKANPAANNAEISVQLGLEWNKLSMEQKKPYYDEAQKIKE,0.1862479512320956,1
E42N,RPMNAFMVWARIHRPALAKANPAANNAEISVQLGLEWNKLSNEQKKPYYDEAQKIKE,-0.0683597672419837,1
E42P,RPMNAFMVWARIHRPALAKANPAANNAEISVQLGLEWNKLSPEQKKPYYDEAQKIKE,0.2109424517473348,1
E42Q,RPMNAFMVWARIHRPALAKANPAANNAEISVQLGLEWNKLSQEQKKPYYDEAQKIKE,-0.022634406440285,1
E42R,RPMNAFMVWARIHRPALAKANPAANNAEISVQLGLEWNKLSREQKKPYYDEAQKIKE,0.1739945347534313,1
E42S,RPMNAFMVWARIHRPALAKANPAANNAEISVQLGLEWNKLSSEQKKPYYDEAQKIKE,-0.0783381635864302,1
E42T,RPMNAFMVWARIHRPALAKANPAANNAEISVQLGLEWNKLSTEQKKPYYDEAQKIKE,-0.0316881253573715,1
E42V,RPMNAFMVWARIHRPALAKANPAANNAEISVQLGLEWNKLSVEQKKPYYDEAQKIKE,0.0163595120948003,1
E42W,RPMNAFMVWARIHRPALAKANPAANNAEISVQLGLEWNKLSWEQKKPYYDEAQKIKE,0.8858263554069321,1
E42Y,RPMNAFMVWARIHRPALAKANPAANNAEISVQLGLEWNKLSYEQKKPYYDEAQKIKE,0.4807052675188341,1
E43A,RPMNAFMVWARIHRPALAKANPAANNAEISVQLGLEWNKLSEAQKKPYYDEAQKIKE,0.1375725577040256,1
E43C,RPMNAFMVWARIHRPALAKANPAANNAEISVQLGLEWNKLSECQKKPYYDEAQKIKE,-0.5907295204073595,0
E43D,RPMNAFMVWARIHRPALAKANPAANNAEISVQLGLEWNKLSEDQKKPYYDEAQKIKE,-0.0055950447190031,1
E43F,RPMNAFMVWARIHRPALAKANPAANNAEISVQLGLEWNKLSEFQKKPYYDEAQKIKE,-0.2309057116442612,1
E43G,RPMNAFMVWARIHRPALAKANPAANNAEISVQLGLEWNKLSEGQKKPYYDEAQKIKE,-0.2891968075839086,1
E43H,RPMNAFMVWARIHRPALAKANPAANNAEISVQLGLEWNKLSEHQKKPYYDEAQKIKE,-0.3022173099680962,1
E43I,RPMNAFMVWARIHRPALAKANPAANNAEISVQLGLEWNKLSEIQKKPYYDEAQKIKE,-0.1117256518448535,1
E43K,RPMNAFMVWARIHRPALAKANPAANNAEISVQLGLEWNKLSEKQKKPYYDEAQKIKE,-0.1702675658570132,1
E43L,RPMNAFMVWARIHRPALAKANPAANNAEISVQLGLEWNKLSELQKKPYYDEAQKIKE,-0.1315125427864614,1
E43M,RPMNAFMVWARIHRPALAKANPAANNAEISVQLGLEWNKLSEMQKKPYYDEAQKIKE,-0.0897997004062087,1
E43N,RPMNAFMVWARIHRPALAKANPAANNAEISVQLGLEWNKLSENQKKPYYDEAQKIKE,-0.3449971370793707,0
E43P,RPMNAFMVWARIHRPALAKANPAANNAEISVQLGLEWNKLSEPQKKPYYDEAQKIKE,-0.5421769230507243,0
E43Q,RPMNAFMVWARIHRPALAKANPAANNAEISVQLGLEWNKLSEQQKKPYYDEAQKIKE,-0.0546295817534212,1
E43R,RPMNAFMVWARIHRPALAKANPAANNAEISVQLGLEWNKLSERQKKPYYDEAQKIKE,-0.1594725696266183,1
E43S,RPMNAFMVWARIHRPALAKANPAANNAEISVQLGLEWNKLSESQKKPYYDEAQKIKE,-0.1091859671379156,1
E43T,RPMNAFMVWARIHRPALAKANPAANNAEISVQLGLEWNKLSETQKKPYYDEAQKIKE,-0.2783291945626329,1
E43V,RPMNAFMVWARIHRPALAKANPAANNAEISVQLGLEWNKLSEVQKKPYYDEAQKIKE,-0.2444081488817198,1
E43W,RPMNAFMVWARIHRPALAKANPAANNAEISVQLGLEWNKLSEWQKKPYYDEAQKIKE,-0.4438006360443003,0
E43Y,RPMNAFMVWARIHRPALAKANPAANNAEISVQLGLEWNKLSEYQKKPYYDEAQKIKE,-0.2452782987890973,1
E51A,RPMNAFMVWARIHRPALAKANPAANNAEISVQLGLEWNKLSEEQKKPYYDAAQKIKE,0.0999779908183997,1
E51C,RPMNAFMVWARIHRPALAKANPAANNAEISVQLGLEWNKLSEEQKKPYYDCAQKIKE,0.3048723843989607,1
E51D,RPMNAFMVWARIHRPALAKANPAANNAEISVQLGLEWNKLSEEQKKPYYDDAQKIKE,-0.8680326889463261,0
E51F,RPMNAFMVWARIHRPALAKANPAANNAEISVQLGLEWNKLSEEQKKPYYDFAQKIKE,0.1327332865793691,1
E51G,RPMNAFMVWARIHRPALAKANPAANNAEISVQLGLEWNKLSEEQKKPYYDGAQKIKE,-1.1947294670420971,0
E51H,RPMNAFMVWARIHRPALAKANPAANNAEISVQLGLEWNKLSEEQKKPYYDHAQKIKE,-0.3673607169197241,0
E51I,RPMNAFMVWARIHRPALAKANPAANNAEISVQLGLEWNKLSEEQKKPYYDIAQKIKE,0.5888132897698917,1
E51K,RPMNAFMVWARIHRPALAKANPAANNAEISVQLGLEWNKLSEEQKKPYYDKAQKIKE,-0.0114523172603293,1
E51L,RPMNAFMVWARIHRPALAKANPAANNAEISVQLGLEWNKLSEEQKKPYYDLAQKIKE,0.5306067839140196,1
E51M,RPMNAFMVWARIHRPALAKANPAANNAEISVQLGLEWNKLSEEQKKPYYDMAQKIKE,0.5589944237210136,1
E51N,RPMNAFMVWARIHRPALAKANPAANNAEISVQLGLEWNKLSEEQKKPYYDNAQKIKE,-1.041543982623477,0
E51P,RPMNAFMVWARIHRPALAKANPAANNAEISVQLGLEWNKLSEEQKKPYYDPAQKIKE,-1.8510416899157136,0
E51Q,RPMNAFMVWARIHRPALAKANPAANNAEISVQLGLEWNKLSEEQKKPYYDQAQKIKE,-0.0287046794754419,1
E51R,RPMNAFMVWARIHRPALAKANPAANNAEISVQLGLEWNKLSEEQKKPYYDRAQKIKE,0.0209833224620328,1
E51S,RPMNAFMVWARIHRPALAKANPAANNAEISVQLGLEWNKLSEEQKKPYYDSAQKIKE,-0.5961476827826662,0
E51T,RPMNAFMVWARIHRPALAKANPAANNAEISVQLGLEWNKLSEEQKKPYYDTAQKIKE,-0.2109348653815956,1
E51V,RPMNAFMVWARIHRPALAKANPAANNAEISVQLGLEWNKLSEEQKKPYYDVAQKIKE,-0.0436052788008916,1
E51W,RPMNAFMVWARIHRPALAKANPAANNAEISVQLGLEWNKLSEEQKKPYYDWAQKIKE,0.2922653992551014,1
E51Y,RPMNAFMVWARIHRPALAKANPAANNAEISVQLGLEWNKLSEEQKKPYYDYAQKIKE,0.1815386339903399,1
E57A,RPMNAFMVWARIHRPALAKANPAANNAEISVQLGLEWNKLSEEQKKPYYDEAQKIKA,-0.1845018982833295,1
E57C,RPMNAFMVWARIHRPALAKANPAANNAEISVQLGLEWNKLSEEQKKPYYDEAQKIKC,-0.2386400410278248,1
E57D,RPMNAFMVWARIHRPALAKANPAANNAEISVQLGLEWNKLSEEQKKPYYDEAQKIKD,0.0812842503904853,1
E57F,RPMNAFMVWARIHRPALAKANPAANNAEISVQLGLEWNKLSEEQKKPYYDEAQKIKF,-0.3370290593911269,0
E57G,RPMNAFMVWARIHRPALAKANPAANNAEISVQLGLEWNKLSEEQKKPYYDEAQKIKG,-0.1101946954140555,1
E57H,RPMNAFMVWARIHRPALAKANPAANNAEISVQLGLEWNKLSEEQKKPYYDEAQKIKH,-0.0386498070650054,1
E57I,RPMNAFMVWARIHRPALAKANPAANNAEISVQLGLEWNKLSEEQKKPYYDEAQKIKI,-0.2249562947683259,1
E57K,RPMNAFMVWARIHRPALAKANPAANNAEISVQLGLEWNKLSEEQKKPYYDEAQKIKK,-0.4681216100415502,0
E57L,RPMNAFMVWARIHRPALAKANPAANNAEISVQLGLEWNKLSEEQKKPYYDEAQKIKL,-0.0585297264430013,1
E57M,RPMNAFMVWARIHRPALAKANPAANNAEISVQLGLEWNKLSEEQKKPYYDEAQKIKM,-0.206403086049133,1
E57N,RPMNAFMVWARIHRPALAKANPAANNAEISVQLGLEWNKLSEEQKKPYYDEAQKIKN,-0.0556106280619022,1
E57P,RPMNAFMVWARIHRPALAKANPAANNAEISVQLGLEWNKLSEEQKKPYYDEAQKIKP,-0.3541832216368523,0
E57Q,RPMNAFMVWARIHRPALAKANPAANNAEISVQLGLEWNKLSEEQKKPYYDEAQKIKQ,-0.0387709608330317,1
E57R,RPMNAFMVWARIHRPALAKANPAANNAEISVQLGLEWNKLSEEQKKPYYDEAQKIKR,-0.4206243497115096,0
E57S,RPMNAFMVWARIHRPALAKANPAANNAEISVQLGLEWNKLSEEQKKPYYDEAQKIKS,-0.2165156778796184,1
E57T,RPMNAFMVWARIHRPALAKANPAANNAEISVQLGLEWNKLSEEQKKPYYDEAQKIKT,-0.1972192285883163,1
E57V,RPMNAFMVWARIHRPALAKANPAANNAEISVQLGLEWNKLSEEQKKPYYDEAQKIKV,-0.1860154039861354,1
E57W,RPMNAFMVWARIHRPALAKANPAANNAEISVQLGLEWNKLSEEQKKPYYDEAQKIKW,-0.6074317185696385,0
E57Y,RPMNAFMVWARIHRPALAKANPAANNAEISVQLGLEWNKLSEEQKKPYYDEAQKIKY,-0.3606528317390687,0
F6C,RPMNACMVWARIHRPALAKANPAANNAEISVQLGLEWNKLSEEQKKPYYDEAQKIKE,-0.9650611843418012,0
F6E,RPMNAEMVWARIHRPALAKANPAANNAEISVQLGLEWNKLSEEQKKPYYDEAQKIKE,-2.0775561076418096,0
F6I,RPMNAIMVWARIHRPALAKANPAANNAEISVQLGLEWNKLSEEQKKPYYDEAQKIKE,-2.314063980278048,0
F6K,RPMNAKMVWARIHRPALAKANPAANNAEISVQLGLEWNKLSEEQKKPYYDEAQKIKE,-2.4170535110150464,0
F6L,RPMNALMVWARIHRPALAKANPAANNAEISVQLGLEWNKLSEEQKKPYYDEAQKIKE,-1.981930886797473,0
F6M,RPMNAMMVWARIHRPALAKANPAANNAEISVQLGLEWNKLSEEQKKPYYDEAQKIKE,-1.038319718316473,0
F6Q,RPMNAQMVWARIHRPALAKANPAANNAEISVQLGLEWNKLSEEQKKPYYDEAQKIKE,-1.969187607063685,0
F6R,RPMNARMVWARIHRPALAKANPAANNAEISVQLGLEWNKLSEEQKKPYYDEAQKIKE,-2.589395464240652,0
F6V,RPMNAVMVWARIHRPALAKANPAANNAEISVQLGLEWNKLSEEQKKPYYDEAQKIKE,-3.741350238956563,0
F6W,RPMNAWMVWARIHRPALAKANPAANNAEISVQLGLEWNKLSEEQKKPYYDEAQKIKE,-1.5017789562328263,0
F6Y,RPMNAYMVWARIHRPALAKANPAANNAEISVQLGLEWNKLSEEQKKPYYDEAQKIKE,-0.2651499023654255,1
G34A,RPMNAFMVWARIHRPALAKANPAANNAEISVQLALEWNKLSEEQKKPYYDEAQKIKE,0.7265154448977595,1
G34C,RPMNAFMVWARIHRPALAKANPAANNAEISVQLCLEWNKLSEEQKKPYYDEAQKIKE,0.8648356014458707,1
G34D,RPMNAFMVWARIHRPALAKANPAANNAEISVQLDLEWNKLSEEQKKPYYDEAQKIKE,-0.0193499805828323,1
G34E,RPMNAFMVWARIHRPALAKANPAANNAEISVQLELEWNKLSEEQKKPYYDEAQKIKE,0.6976717002748698,1
G34F,RPMNAFMVWARIHRPALAKANPAANNAEISVQLFLEWNKLSEEQKKPYYDEAQKIKE,0.8141471125594877,1
G34H,RPMNAFMVWARIHRPALAKANPAANNAEISVQLHLEWNKLSEEQKKPYYDEAQKIKE,0.9028549368772448,1
G34I,RPMNAFMVWARIHRPALAKANPAANNAEISVQLILEWNKLSEEQKKPYYDEAQKIKE,1.006661748863789,1
G34K,RPMNAFMVWARIHRPALAKANPAANNAEISVQLKLEWNKLSEEQKKPYYDEAQKIKE,0.8501198816234288,1
G34L,RPMNAFMVWARIHRPALAKANPAANNAEISVQLLLEWNKLSEEQKKPYYDEAQKIKE,0.8749949480662318,1
G34M,RPMNAFMVWARIHRPALAKANPAANNAEISVQLMLEWNKLSEEQKKPYYDEAQKIKE,0.9319189705836556,1
G34N,RPMNAFMVWARIHRPALAKANPAANNAEISVQLNLEWNKLSEEQKKPYYDEAQKIKE,0.2228064060646386,1
G34P,RPMNAFMVWARIHRPALAKANPAANNAEISVQLPLEWNKLSEEQKKPYYDEAQKIKE,-1.937222997712152,0
G34Q,RPMNAFMVWARIHRPALAKANPAANNAEISVQLQLEWNKLSEEQKKPYYDEAQKIKE,0.6593822871607178,1
G34R,RPMNAFMVWARIHRPALAKANPAANNAEISVQLRLEWNKLSEEQKKPYYDEAQKIKE,1.026380671034932,1
G34S,RPMNAFMVWARIHRPALAKANPAANNAEISVQLSLEWNKLSEEQKKPYYDEAQKIKE,0.3122239852727957,1
G34T,RPMNAFMVWARIHRPALAKANPAANNAEISVQLTLEWNKLSEEQKKPYYDEAQKIKE,0.5147454743253803,1
G34V,RPMNAFMVWARIHRPALAKANPAANNAEISVQLVLEWNKLSEEQKKPYYDEAQKIKE,0.9333005408697764,1
G34W,RPMNAFMVWARIHRPALAKANPAANNAEISVQLWLEWNKLSEEQKKPYYDEAQKIKE,1.713304791509878,1
G34Y,RPMNAFMVWARIHRPALAKANPAANNAEISVQLYLEWNKLSEEQKKPYYDEAQKIKE,0.9564665855597788,1
H13A,RPMNAFMVWARIARPALAKANPAANNAEISVQLGLEWNKLSEEQKKPYYDEAQKIKE,-0.3673181682210003,0
H13C,RPMNAFMVWARICRPALAKANPAANNAEISVQLGLEWNKLSEEQKKPYYDEAQKIKE,-0.4842602192840806,0
H13E,RPMNAFMVWARIERPALAKANPAANNAEISVQLGLEWNKLSEEQKKPYYDEAQKIKE,-1.0901737506282776,0
H13F,RPMNAFMVWARIFRPALAKANPAANNAEISVQLGLEWNKLSEEQKKPYYDEAQKIKE,0.0875518615070811,1
H13G,RPMNAFMVWARIGRPALAKANPAANNAEISVQLGLEWNKLSEEQKKPYYDEAQKIKE,-1.9943419479559767,0
H13I,RPMNAFMVWARIIRPALAKANPAANNAEISVQLGLEWNKLSEEQKKPYYDEAQKIKE,-0.4464645496577382,0
H13K,RPMNAFMVWARIKRPALAKANPAANNAEISVQLGLEWNKLSEEQKKPYYDEAQKIKE,-0.358472323593995,0
H13L,RPMNAFMVWARILRPALAKANPAANNAEISVQLGLEWNKLSEEQKKPYYDEAQKIKE,-0.8392011936871127,0
H13M,RPMNAFMVWARIMRPALAKANPAANNAEISVQLGLEWNKLSEEQKKPYYDEAQKIKE,0.4557490263344221,1
H13N,RPMNAFMVWARINRPALAKANPAANNAEISVQLGLEWNKLSEEQKKPYYDEAQKIKE,-0.2652210006180766,1
H13Q,RPMNAFMVWARIQRPALAKANPAANNAEISVQLGLEWNKLSEEQKKPYYDEAQKIKE,-0.201192327079231,1
H13R,RPMNAFMVWARIRRPALAKANPAANNAEISVQLGLEWNKLSEEQKKPYYDEAQKIKE,0.3899048563473424,1
H13S,RPMNAFMVWARISRPALAKANPAANNAEISVQLGLEWNKLSEEQKKPYYDEAQKIKE,-0.6720483074803583,0
H13T,RPMNAFMVWARITRPALAKANPAANNAEISVQLGLEWNKLSEEQKKPYYDEAQKIKE,-0.2668697941836582,1
H13V,RPMNAFMVWARIVRPALAKANPAANNAEISVQLGLEWNKLSEEQKKPYYDEAQKIKE,-0.1798379118839843,1
H13W,RPMNAFMVWARIWRPALAKANPAANNAEISVQLGLEWNKLSEEQKKPYYDEAQKIKE,0.0393283126606349,1
H13Y,RPMNAFMVWARIYRPALAKANPAANNAEISVQLGLEWNKLSEEQKKPYYDEAQKIKE,0.003069319202952,1
I12A,RPMNAFMVWARAHRPALAKANPAANNAEISVQLGLEWNKLSEEQKKPYYDEAQKIKE,-0.2570374754618858,1
I12C,RPMNAFMVWARCHRPALAKANPAANNAEISVQLGLEWNKLSEEQKKPYYDEAQKIKE,-0.3910548418833266,0
I12D,RPMNAFMVWARDHRPALAKANPAANNAEISVQLGLEWNKLSEEQKKPYYDEAQKIKE,-0.5235918004204887,0
I12E,RPMNAFMVWAREHRPALAKANPAANNAEISVQLGLEWNKLSEEQKKPYYDEAQKIKE,-0.2250406684005055,1
I12F,RPMNAFMVWARFHRPALAKANPAANNAEISVQLGLEWNKLSEEQKKPYYDEAQKIKE,-0.6201380660005018,0
I12G,RPMNAFMVWARGHRPALAKANPAANNAEISVQLGLEWNKLSEEQKKPYYDEAQKIKE,-1.234707385640769,0
I12H,RPMNAFMVWARHHRPALAKANPAANNAEISVQLGLEWNKLSEEQKKPYYDEAQKIKE,-0.4898774982428691,0
I12K,RPMNAFMVWARKHRPALAKANPAANNAEISVQLGLEWNKLSEEQKKPYYDEAQKIKE,-0.1850289094385275,1
I12L,RPMNAFMVWARLHRPALAKANPAANNAEISVQLGLEWNKLSEEQKKPYYDEAQKIKE,-0.1283045296425982,1
I12M,RPMNAFMVWARMHRPALAKANPAANNAEISVQLGLEWNKLSEEQKKPYYDEAQKIKE,-0.1095235131853304,1
I12N,RPMNAFMVWARNHRPALAKANPAANNAEISVQLGLEWNKLSEEQKKPYYDEAQKIKE,-0.8544154212984885,0
I12Q,RPMNAFMVWARQHRPALAKANPAANNAEISVQLGLEWNKLSEEQKKPYYDEAQKIKE,-0.2562047247300572,1
I12R,RPMNAFMVWARRHRPALAKANPAANNAEISVQLGLEWNKLSEEQKKPYYDEAQKIKE,-0.3837253233862796,0
I12S,RPMNAFMVWARSHRPALAKANPAANNAEISVQLGLEWNKLSEEQKKPYYDEAQKIKE,-0.586664460537035,0
I12T,RPMNAFMVWARTHRPALAKANPAANNAEISVQLGLEWNKLSEEQKKPYYDEAQKIKE,-0.5369668579367741,0
I12V,RPMNAFMVWARVHRPALAKANPAANNAEISVQLGLEWNKLSEEQKKPYYDEAQKIKE,-0.2937258757573455,1
I12W,RPMNAFMVWARWHRPALAKANPAANNAEISVQLGLEWNKLSEEQKKPYYDEAQKIKE,-0.6580708111444102,0
I12Y,RPMNAFMVWARYHRPALAKANPAANNAEISVQLGLEWNKLSEEQKKPYYDEAQKIKE,-0.0498557875536471,1
I29A,RPMNAFMVWARIHRPALAKANPAANNAEASVQLGLEWNKLSEEQKKPYYDEAQKIKE,-2.666645085010797,0
I29C,RPMNAFMVWARIHRPALAKANPAANNAECSVQLGLEWNKLSEEQKKPYYDEAQKIKE,-1.9709759695093496,0
I29E,RPMNAFMVWARIHRPALAKANPAANNAEESVQLGLEWNKLSEEQKKPYYDEAQKIKE,-2.246099131461348,0
I29F,RPMNAFMVWARIHRPALAKANPAANNAEFSVQLGLEWNKLSEEQKKPYYDEAQKIKE,-1.4641524385401337,0
I29G,RPMNAFMVWARIHRPALAKANPAANNAEGSVQLGLEWNKLSEEQKKPYYDEAQKIKE,-3.0682416740074685,0
I29H,RPMNAFMVWARIHRPALAKANPAANNAEHSVQLGLEWNKLSEEQKKPYYDEAQKIKE,-2.0351962609051224,0
I29K,RPMNAFMVWARIHRPALAKANPAANNAEKSVQLGLEWNKLSEEQKKPYYDEAQKIKE,-2.6374229294114624,0
I29L,RPMNAFMVWARIHRPALAKANPAANNAELSVQLGLEWNKLSEEQKKPYYDEAQKIKE,-0.0012886683694239,1
I29M,RPMNAFMVWARIHRPALAKANPAANNAEMSVQLGLEWNKLSEEQKKPYYDEAQKIKE,-0.9625605878397934,0
I29N,RPMNAFMVWARIHRPALAKANPAANNAENSVQLGLEWNKLSEEQKKPYYDEAQKIKE,-2.784930978521264,0
I29Q,RPMNAFMVWARIHRPALAKANPAANNAEQSVQLGLEWNKLSEEQKKPYYDEAQKIKE,-2.007623832479405,0
I29R,RPMNAFMVWARIHRPALAKANPAANNAERSVQLGLEWNKLSEEQKKPYYDEAQKIKE,-1.840889821436792,0
I29S,RPMNAFMVWARIHRPALAKANPAANNAESSVQLGLEWNKLSEEQKKPYYDEAQKIKE,-3.4840479203022854,0
I29T,RPMNAFMVWARIHRPALAKANPAANNAETSVQLGLEWNKLSEEQKKPYYDEAQKIKE,-1.9010849473643048,0
I29V,RPMNAFMVWARIHRPALAKANPAANNAEVSVQLGLEWNKLSEEQKKPYYDEAQKIKE,-0.6674584981643243,0
I29W,RPMNAFMVWARIHRPALAKANPAANNAEWSVQLGLEWNKLSEEQKKPYYDEAQKIKE,-1.768746931893475,0
I29Y,RPMNAFMVWARIHRPALAKANPAANNAEYSVQLGLEWNKLSEEQKKPYYDEAQKIKE,-1.5521361548710195,0
I55A,RPMNAFMVWARIHRPALAKANPAANNAEISVQLGLEWNKLSEEQKKPYYDEAQKAKE,-0.5926694655298532,0
I55C,RPMNAFMVWARIHRPALAKANPAANNAEISVQLGLEWNKLSEEQKKPYYDEAQKCKE,-0.4010566935891866,0
I55D,RPMNAFMVWARIHRPALAKANPAANNAEISVQLGLEWNKLSEEQKKPYYDEAQKDKE,-0.5736289243054946,0
I55E,RPMNAFMVWARIHRPALAKANPAANNAEISVQLGLEWNKLSEEQKKPYYDEAQKEKE,-0.4839335465579912,0
I55F,RPMNAFMVWARIHRPALAKANPAANNAEISVQLGLEWNKLSEEQKKPYYDEAQKFKE,-0.2735133086945591,1
I55G,RPMNAFMVWARIHRPALAKANPAANNAEISVQLGLEWNKLSEEQKKPYYDEAQKGKE,-0.7969134335890216,0
I55H,RPMNAFMVWARIHRPALAKANPAANNAEISVQLGLEWNKLSEEQKKPYYDEAQKHKE,-0.3548267272496352,0
I55K,RPMNAFMVWARIHRPALAKANPAANNAEISVQLGLEWNKLSEEQKKPYYDEAQKKKE,-0.6383861304138043,0
I55L,RPMNAFMVWARIHRPALAKANPAANNAEISVQLGLEWNKLSEEQKKPYYDEAQKLKE,0.1684461985320471,1
I55M,RPMNAFMVWARIHRPALAKANPAANNAEISVQLGLEWNKLSEEQKKPYYDEAQKMKE,0.0313168195580675,1
I55N,RPMNAFMVWARIHRPALAKANPAANNAEISVQLGLEWNKLSEEQKKPYYDEAQKNKE,-0.2500561126191849,1
I55P,RPMNAFMVWARIHRPALAKANPAANNAEISVQLGLEWNKLSEEQKKPYYDEAQKPKE,-0.9271702734477694,0
I55Q,RPMNAFMVWARIHRPALAKANPAANNAEISVQLGLEWNKLSEEQKKPYYDEAQKQKE,-0.1597068395016889,1
I55R,RPMNAFMVWARIHRPALAKANPAANNAEISVQLGLEWNKLSEEQKKPYYDEAQKRKE,-0.5366762434980497,0
I55S,RPMNAFMVWARIHRPALAKANPAANNAEISVQLGLEWNKLSEEQKKPYYDEAQKSKE,-0.614552815072742,0
I55T,RPMNAFMVWARIHRPALAKANPAANNAEISVQLGLEWNKLSEEQKKPYYDEAQKTKE,-0.4223754259765866,0
I55V,RPMNAFMVWARIHRPALAKANPAANNAEISVQLGLEWNKLSEEQKKPYYDEAQKVKE,-0.4016239342335925,0
I55W,RPMNAFMVWARIHRPALAKANPAANNAEISVQLGLEWNKLSEEQKKPYYDEAQKWKE,-0.3152884445459611,1
I55Y,RPMNAFMVWARIHRPALAKANPAANNAEISVQLGLEWNKLSEEQKKPYYDEAQKYKE,-0.0978725584819888,1
K19A,RPMNAFMVWARIHRPALAAANPAANNAEISVQLGLEWNKLSEEQKKPYYDEAQKIKE,0.2406633517946965,1
K19C,RPMNAFMVWARIHRPALACANPAANNAEISVQLGLEWNKLSEEQKKPYYDEAQKIKE,-0.3434614500939661,0
K19D,RPMNAFMVWARIHRPALADANPAANNAEISVQLGLEWNKLSEEQKKPYYDEAQKIKE,-0.716010276449051,0
K19E,RPMNAFMVWARIHRPALAEANPAANNAEISVQLGLEWNKLSEEQKKPYYDEAQKIKE,-0.3225695464462843,0
K19F,RPMNAFMVWARIHRPALAFANPAANNAEISVQLGLEWNKLSEEQKKPYYDEAQKIKE,-0.3413736147367903,0
K19G,RPMNAFMVWARIHRPALAGANPAANNAEISVQLGLEWNKLSEEQKKPYYDEAQKIKE,-0.9036185992052002,0
K19H,RPMNAFMVWARIHRPALAHANPAANNAEISVQLGLEWNKLSEEQKKPYYDEAQKIKE,-0.4769871668646175,0
K19I,RPMNAFMVWARIHRPALAIANPAANNAEISVQLGLEWNKLSEEQKKPYYDEAQKIKE,-0.3901290628324849,0
K19L,RPMNAFMVWARIHRPALALANPAANNAEISVQLGLEWNKLSEEQKKPYYDEAQKIKE,0.0625028057379033,1
K19M,RPMNAFMVWARIHRPALAMANPAANNAEISVQLGLEWNKLSEEQKKPYYDEAQKIKE,-0.0255501366134187,1
K19N,RPMNAFMVWARIHRPALANANPAANNAEISVQLGLEWNKLSEEQKKPYYDEAQKIKE,-0.6741790477896186,0
K19P,RPMNAFMVWARIHRPALAPANPAANNAEISVQLGLEWNKLSEEQKKPYYDEAQKIKE,-2.223793803040472,0
K19Q,RPMNAFMVWARIHRPALAQANPAANNAEISVQLGLEWNKLSEEQKKPYYDEAQKIKE,-0.1671400885848886,1
K19R,RPMNAFMVWARIHRPALARANPAANNAEISVQLGLEWNKLSEEQKKPYYDEAQKIKE,-0.0903058258600295,1
K19S,RPMNAFMVWARIHRPALASANPAANNAEISVQLGLEWNKLSEEQKKPYYDEAQKIKE,-0.3849498386606185,0
K19T,RPMNAFMVWARIHRPALATANPAANNAEISVQLGLEWNKLSEEQKKPYYDEAQKIKE,-0.4950998849947554,0
K19V,RPMNAFMVWARIHRPALAVANPAANNAEISVQLGLEWNKLSEEQKKPYYDEAQKIKE,-0.4964998968832628,0
K19W,RPMNAFMVWARIHRPALAWANPAANNAEISVQLGLEWNKLSEEQKKPYYDEAQKIKE,-0.4083179497909128,0
K19Y,RPMNAFMVWARIHRPALAYANPAANNAEISVQLGLEWNKLSEEQKKPYYDEAQKIKE,-0.624012918047308,0
K39A,RPMNAFMVWARIHRPALAKANPAANNAEISVQLGLEWNALSEEQKKPYYDEAQKIKE,-0.2651228233943596,1
K39C,RPMNAFMVWARIHRPALAKANPAANNAEISVQLGLEWNCLSEEQKKPYYDEAQKIKE,-0.5947196697330108,0
K39D,RPMNAFMVWARIHRPALAKANPAANNAEISVQLGLEWNDLSEEQKKPYYDEAQKIKE,-0.9122373941691384,0
K39E,RPMNAFMVWARIHRPALAKANPAANNAEISVQLGLEWNELSEEQKKPYYDEAQKIKE,-0.8990140369408017,0
K39F,RPMNAFMVWARIHRPALAKANPAANNAEISVQLGLEWNFLSEEQKKPYYDEAQKIKE,-0.7773498848640266,0
K39G,RPMNAFMVWARIHRPALAKANPAANNAEISVQLGLEWNGLSEEQKKPYYDEAQKIKE,-0.7975325678417584,0
K39H,RPMNAFMVWARIHRPALAKANPAANNAEISVQLGLEWNHLSEEQKKPYYDEAQKIKE,-0.8935361867620153,0
K39I,RPMNAFMVWARIHRPALAKANPAANNAEISVQLGLEWNILSEEQKKPYYDEAQKIKE,-0.967856239487727,0
K39L,RPMNAFMVWARIHRPALAKANPAANNAEISVQLGLEWNLLSEEQKKPYYDEAQKIKE,-0.2982471361699925,1
K39M,RPMNAFMVWARIHRPALAKANPAANNAEISVQLGLEWNMLSEEQKKPYYDEAQKIKE,-0.3141300048269708,1
K39N,RPMNAFMVWARIHRPALAKANPAANNAEISVQLGLEWNNLSEEQKKPYYDEAQKIKE,-0.4274255471084505,0
K39P,RPMNAFMVWARIHRPALAKANPAANNAEISVQLGLEWNPLSEEQKKPYYDEAQKIKE,-3.355356020683198,0
K39Q,RPMNAFMVWARIHRPALAKANPAANNAEISVQLGLEWNQLSEEQKKPYYDEAQKIKE,-0.5672431459089484,0
K39R,RPMNAFMVWARIHRPALAKANPAANNAEISVQLGLEWNRLSEEQKKPYYDEAQKIKE,-0.1123293615809633,1
K39S,RPMNAFMVWARIHRPALAKANPAANNAEISVQLGLEWNSLSEEQKKPYYDEAQKIKE,-0.4227214882762267,0
K39T,RPMNAFMVWARIHRPALAKANPAANNAEISVQLGLEWNTLSEEQKKPYYDEAQKIKE,-0.7467627442772797,0
K39V,RPMNAFMVWARIHRPALAKANPAANNAEISVQLGLEWNVLSEEQKKPYYDEAQKIKE,-0.715897539751404,0
K39W,RPMNAFMVWARIHRPALAKANPAANNAEISVQLGLEWNWLSEEQKKPYYDEAQKIKE,-1.0858508564040317,0
K39Y,RPMNAFMVWARIHRPALAKANPAANNAEISVQLGLEWNYLSEEQKKPYYDEAQKIKE,-0.9265965588880474,0
K45A,RPMNAFMVWARIHRPALAKANPAANNAEISVQLGLEWNKLSEEQAKPYYDEAQKIKE,-1.870200918528564,0
K45C,RPMNAFMVWARIHRPALAKANPAANNAEISVQLGLEWNKLSEEQCKPYYDEAQKIKE,-2.717629864747962,0
K45E,RPMNAFMVWARIHRPALAKANPAANNAEISVQLGLEWNKLSEEQEKPYYDEAQKIKE,-3.801500204094049,0
K45F,RPMNAFMVWARIHRPALAKANPAANNAEISVQLGLEWNKLSEEQFKPYYDEAQKIKE,-2.588842979596948,0
K45H,RPMNAFMVWARIHRPALAKANPAANNAEISVQLGLEWNKLSEEQHKPYYDEAQKIKE,-2.339122109553508,0
K45I,RPMNAFMVWARIHRPALAKANPAANNAEISVQLGLEWNKLSEEQIKPYYDEAQKIKE,-1.8388461982701336,0
K45L,RPMNAFMVWARIHRPALAKANPAANNAEISVQLGLEWNKLSEEQLKPYYDEAQKIKE,-1.9485803624365696,0
K45M,RPMNAFMVWARIHRPALAKANPAANNAEISVQLGLEWNKLSEEQMKPYYDEAQKIKE,-1.1937773881624614,0
K45N,RPMNAFMVWARIHRPALAKANPAANNAEISVQLGLEWNKLSEEQNKPYYDEAQKIKE,-3.710385324859837,0
K45Q,RPMNAFMVWARIHRPALAKANPAANNAEISVQLGLEWNKLSEEQQKPYYDEAQKIKE,-0.6248677094942807,0
K45R,RPMNAFMVWARIHRPALAKANPAANNAEISVQLGLEWNKLSEEQRKPYYDEAQKIKE,-0.1187505685363046,1
K45S,RPMNAFMVWARIHRPALAKANPAANNAEISVQLGLEWNKLSEEQSKPYYDEAQKIKE,-2.223442249304404,0
K45T,RPMNAFMVWARIHRPALAKANPAANNAEISVQLGLEWNKLSEEQTKPYYDEAQKIKE,-1.724928897988154,0
K45V,RPMNAFMVWARIHRPALAKANPAANNAEISVQLGLEWNKLSEEQVKPYYDEAQKIKE,-1.368054277315668,0
K45W,RPMNAFMVWARIHRPALAKANPAANNAEISVQLGLEWNKLSEEQWKPYYDEAQKIKE,-2.191218063437054,0
K45Y,RPMNAFMVWARIHRPALAKANPAANNAEISVQLGLEWNKLSEEQYKPYYDEAQKIKE,-2.7457856058174115,0
K46A,RPMNAFMVWARIHRPALAKANPAANNAEISVQLGLEWNKLSEEQKAPYYDEAQKIKE,-0.1945883960257068,1
K46C,RPMNAFMVWARIHRPALAKANPAANNAEISVQLGLEWNKLSEEQKCPYYDEAQKIKE,-0.946490637970954,0
K46D,RPMNAFMVWARIHRPALAKANPAANNAEISVQLGLEWNKLSEEQKDPYYDEAQKIKE,-1.7534274658269018,0
K46E,RPMNAFMVWARIHRPALAKANPAANNAEISVQLGLEWNKLSEEQKEPYYDEAQKIKE,-0.9024762216634898,0
K46F,RPMNAFMVWARIHRPALAKANPAANNAEISVQLGLEWNKLSEEQKFPYYDEAQKIKE,-0.9136779110326478,0
K46G,RPMNAFMVWARIHRPALAKANPAANNAEISVQLGLEWNKLSEEQKGPYYDEAQKIKE,-0.9202928835589064,0
K46H,RPMNAFMVWARIHRPALAKANPAANNAEISVQLGLEWNKLSEEQKHPYYDEAQKIKE,-0.733856762219304,0
K46I,RPMNAFMVWARIHRPALAKANPAANNAEISVQLGLEWNKLSEEQKIPYYDEAQKIKE,-0.6746004835821902,0
K46L,RPMNAFMVWARIHRPALAKANPAANNAEISVQLGLEWNKLSEEQKLPYYDEAQKIKE,-0.4386127540276785,0
K46M,RPMNAFMVWARIHRPALAKANPAANNAEISVQLGLEWNKLSEEQKMPYYDEAQKIKE,-0.4768004788461928,0
K46N,RPMNAFMVWARIHRPALAKANPAANNAEISVQLGLEWNKLSEEQKNPYYDEAQKIKE,-1.0617543813091614,0
K46P,RPMNAFMVWARIHRPALAKANPAANNAEISVQLGLEWNKLSEEQKPPYYDEAQKIKE,-2.9980630180832337,0
K46Q,RPMNAFMVWARIHRPALAKANPAANNAEISVQLGLEWNKLSEEQKQPYYDEAQKIKE,0.0337428687639009,1
K46R,RPMNAFMVWARIHRPALAKANPAANNAEISVQLGLEWNKLSEEQKRPYYDEAQKIKE,-0.0765062164183945,1
K46S,RPMNAFMVWARIHRPALAKANPAANNAEISVQLGLEWNKLSEEQKSPYYDEAQKIKE,-0.6855565661827452,0
K46T,RPMNAFMVWARIHRPALAKANPAANNAEISVQLGLEWNKLSEEQKTPYYDEAQKIKE,-0.7743354606765629,0
K46V,RPMNAFMVWARIHRPALAKANPAANNAEISVQLGLEWNKLSEEQKVPYYDEAQKIKE,-0.7197574137976686,0
K46W,RPMNAFMVWARIHRPALAKANPAANNAEISVQLGLEWNKLSEEQKWPYYDEAQKIKE,-0.6585012648362776,0
K46Y,RPMNAFMVWARIHRPALAKANPAANNAEISVQLGLEWNKLSEEQKYPYYDEAQKIKE,-0.9328684098409354,0
K54A,RPMNAFMVWARIHRPALAKANPAANNAEISVQLGLEWNKLSEEQKKPYYDEAQAIKE,-0.1787294706242956,1
K54C,RPMNAFMVWARIHRPALAKANPAANNAEISVQLGLEWNKLSEEQKKPYYDEAQCIKE,-0.4911505610465254,0
K54D,RPMNAFMVWARIHRPALAKANPAANNAEISVQLGLEWNKLSEEQKKPYYDEAQDIKE,-0.7387348424781646,0
K54E,RPMNAFMVWARIHRPALAKANPAANNAEISVQLGLEWNKLSEEQKKPYYDEAQEIKE,-0.5184518274341627,0
K54F,RPMNAFMVWARIHRPALAKANPAANNAEISVQLGLEWNKLSEEQKKPYYDEAQFIKE,-0.4491968498242036,0
K54G,RPMNAFMVWARIHRPALAKANPAANNAEISVQLGLEWNKLSEEQKKPYYDEAQGIKE,-0.5239608738623049,0
K54H,RPMNAFMVWARIHRPALAKANPAANNAEISVQLGLEWNKLSEEQKKPYYDEAQHIKE,-0.2750263153844261,1
K54I,RPMNAFMVWARIHRPALAKANPAANNAEISVQLGLEWNKLSEEQKKPYYDEAQIIKE,-0.2812393669628052,1
K54L,RPMNAFMVWARIHRPALAKANPAANNAEISVQLGLEWNKLSEEQKKPYYDEAQLIKE,-0.156416828053155,1
K54M,RPMNAFMVWARIHRPALAKANPAANNAEISVQLGLEWNKLSEEQKKPYYDEAQMIKE,-0.1786952374301185,1
K54N,RPMNAFMVWARIHRPALAKANPAANNAEISVQLGLEWNKLSEEQKKPYYDEAQNIKE,-0.4305662483293706,0
K54P,RPMNAFMVWARIHRPALAKANPAANNAEISVQLGLEWNKLSEEQKKPYYDEAQPIKE,-0.9970816287485602,0
K54Q,RPMNAFMVWARIHRPALAKANPAANNAEISVQLGLEWNKLSEEQKKPYYDEAQQIKE,-0.2237414157406059,1
K54R,RPMNAFMVWARIHRPALAKANPAANNAEISVQLGLEWNKLSEEQKKPYYDEAQRIKE,0.3909280271694064,1
K54S,RPMNAFMVWARIHRPALAKANPAANNAEISVQLGLEWNKLSEEQKKPYYDEAQSIKE,-0.4315647518178491,0
K54T,RPMNAFMVWARIHRPALAKANPAANNAEISVQLGLEWNKLSEEQKKPYYDEAQTIKE,-0.3143122662595803,1
K54V,RPMNAFMVWARIHRPALAKANPAANNAEISVQLGLEWNKLSEEQKKPYYDEAQVIKE,-0.4149877735341616,0
K54W,RPMNAFMVWARIHRPALAKANPAANNAEISVQLGLEWNKLSEEQKKPYYDEAQWIKE,-0.2786030036222215,1
K54Y,RPMNAFMVWARIHRPALAKANPAANNAEISVQLGLEWNKLSEEQKKPYYDEAQYIKE,-0.4177107456093551,0
K56A,RPMNAFMVWARIHRPALAKANPAANNAEISVQLGLEWNKLSEEQKKPYYDEAQKIAE,0.3862172690026311,1
K56C,RPMNAFMVWARIHRPALAKANPAANNAEISVQLGLEWNKLSEEQKKPYYDEAQKICE,0.2322697984430597,1
K56D,RPMNAFMVWARIHRPALAKANPAANNAEISVQLGLEWNKLSEEQKKPYYDEAQKIDE,-0.3044714428173218,1
K56E,RPMNAFMVWARIHRPALAKANPAANNAEISVQLGLEWNKLSEEQKKPYYDEAQKIEE,-0.0221203179509048,1
K56F,RPMNAFMVWARIHRPALAKANPAANNAEISVQLGLEWNKLSEEQKKPYYDEAQKIFE,0.3483250513603035,1
K56G,RPMNAFMVWARIHRPALAKANPAANNAEISVQLGLEWNKLSEEQKKPYYDEAQKIGE,-0.3845296522968038,0
K56H,RPMNAFMVWARIHRPALAKANPAANNAEISVQLGLEWNKLSEEQKKPYYDEAQKIHE,0.2079004386751854,1
K56I,RPMNAFMVWARIHRPALAKANPAANNAEISVQLGLEWNKLSEEQKKPYYDEAQKIIE,0.2515726413802888,1
K56L,RPMNAFMVWARIHRPALAKANPAANNAEISVQLGLEWNKLSEEQKKPYYDEAQKILE,0.3513373872236895,1
K56M,RPMNAFMVWARIHRPALAKANPAANNAEISVQLGLEWNKLSEEQKKPYYDEAQKIME,0.4294160726943263,1
K56N,RPMNAFMVWARIHRPALAKANPAANNAEISVQLGLEWNKLSEEQKKPYYDEAQKINE,0.7476412013521077,1
K56P,RPMNAFMVWARIHRPALAKANPAANNAEISVQLGLEWNKLSEEQKKPYYDEAQKIPE,-0.4365945087753586,0
K56Q,RPMNAFMVWARIHRPALAKANPAANNAEISVQLGLEWNKLSEEQKKPYYDEAQKIQE,0.3000142677937476,1
K56R,RPMNAFMVWARIHRPALAKANPAANNAEISVQLGLEWNKLSEEQKKPYYDEAQKIRE,0.210722279456458,1
K56S,RPMNAFMVWARIHRPALAKANPAANNAEISVQLGLEWNKLSEEQKKPYYDEAQKISE,0.096757124828319,1
K56T,RPMNAFMVWARIHRPALAKANPAANNAEISVQLGLEWNKLSEEQKKPYYDEAQKITE,0.2596242530893038,1
K56V,RPMNAFMVWARIHRPALAKANPAANNAEISVQLGLEWNKLSEEQKKPYYDEAQKIVE,-0.2174711440651733,1
K56W,RPMNAFMVWARIHRPALAKANPAANNAEISVQLGLEWNKLSEEQKKPYYDEAQKIWE,0.4543872515579821,1
K56Y,RPMNAFMVWARIHRPALAKANPAANNAEISVQLGLEWNKLSEEQKKPYYDEAQKIYE,0.2429497317945328,1
L17A,RPMNAFMVWARIHRPAAAKANPAANNAEISVQLGLEWNKLSEEQKKPYYDEAQKIKE,-0.8251399053394521,0
L17C,RPMNAFMVWARIHRPACAKANPAANNAEISVQLGLEWNKLSEEQKKPYYDEAQKIKE,-0.6887850825728332,0
L17D,RPMNAFMVWARIHRPADAKANPAANNAEISVQLGLEWNKLSEEQKKPYYDEAQKIKE,-1.8838176900713897,0
L17E,RPMNAFMVWARIHRPAEAKANPAANNAEISVQLGLEWNKLSEEQKKPYYDEAQKIKE,-2.463730476726416,0
L17F,RPMNAFMVWARIHRPAFAKANPAANNAEISVQLGLEWNKLSEEQKKPYYDEAQKIKE,0.3349532967187576,1
L17G,RPMNAFMVWARIHRPAGAKANPAANNAEISVQLGLEWNKLSEEQKKPYYDEAQKIKE,-2.579522583489448,0
L17H,RPMNAFMVWARIHRPAHAKANPAANNAEISVQLGLEWNKLSEEQKKPYYDEAQKIKE,-1.2380834361136372,0
L17I,RPMNAFMVWARIHRPAIAKANPAANNAEISVQLGLEWNKLSEEQKKPYYDEAQKIKE,0.273370408516433,1
L17K,RPMNAFMVWARIHRPAKAKANPAANNAEISVQLGLEWNKLSEEQKKPYYDEAQKIKE,-1.5756903821847603,0
L17M,RPMNAFMVWARIHRPAMAKANPAANNAEISVQLGLEWNKLSEEQKKPYYDEAQKIKE,-0.0338276125846386,1
L17N,RPMNAFMVWARIHRPANAKANPAANNAEISVQLGLEWNKLSEEQKKPYYDEAQKIKE,-2.332129929709457,0
L17P,RPMNAFMVWARIHRPAPAKANPAANNAEISVQLGLEWNKLSEEQKKPYYDEAQKIKE,-3.304703013654333,0
L17Q,RPMNAFMVWARIHRPAQAKANPAANNAEISVQLGLEWNKLSEEQKKPYYDEAQKIKE,-1.4452706888756426,0
L17R,RPMNAFMVWARIHRPARAKANPAANNAEISVQLGLEWNKLSEEQKKPYYDEAQKIKE,-1.1873436273956184,0
L17S,RPMNAFMVWARIHRPASAKANPAANNAEISVQLGLEWNKLSEEQKKPYYDEAQKIKE,-1.9210764412564747,0
L17T,RPMNAFMVWARIHRPATAKANPAANNAEISVQLGLEWNKLSEEQKKPYYDEAQKIKE,-1.242343197545022,0
L17V,RPMNAFMVWARIHRPAVAKANPAANNAEISVQLGLEWNKLSEEQKKPYYDEAQKIKE,0.036123525464573,1
L17W,RPMNAFMVWARIHRPAWAKANPAANNAEISVQLGLEWNKLSEEQKKPYYDEAQKIKE,-0.3042981559037976,1
L17Y,RPMNAFMVWARIHRPAYAKANPAANNAEISVQLGLEWNKLSEEQKKPYYDEAQKIKE,0.2127846925482024,1
L33A,RPMNAFMVWARIHRPALAKANPAANNAEISVQAGLEWNKLSEEQKKPYYDEAQKIKE,-1.4390225053213983,0
L33C,RPMNAFMVWARIHRPALAKANPAANNAEISVQCGLEWNKLSEEQKKPYYDEAQKIKE,-0.7786500977558317,0
L33E,RPMNAFMVWARIHRPALAKANPAANNAEISVQEGLEWNKLSEEQKKPYYDEAQKIKE,-2.633639223736695,0
L33F,RPMNAFMVWARIHRPALAKANPAANNAEISVQFGLEWNKLSEEQKKPYYDEAQKIKE,-3.025674364495549,0
L33I,RPMNAFMVWARIHRPALAKANPAANNAEISVQIGLEWNKLSEEQKKPYYDEAQKIKE,-1.2450380776304073,0
L33K,RPMNAFMVWARIHRPALAKANPAANNAEISVQKGLEWNKLSEEQKKPYYDEAQKIKE,-3.6535251498761214,0
L33M,RPMNAFMVWARIHRPALAKANPAANNAEISVQMGLEWNKLSEEQKKPYYDEAQKIKE,-0.7476813591958336,0
L33Q,RPMNAFMVWARIHRPALAKANPAANNAEISVQQGLEWNKLSEEQKKPYYDEAQKIKE,-2.258719636672445,0
L33S,RPMNAFMVWARIHRPALAKANPAANNAEISVQSGLEWNKLSEEQKKPYYDEAQKIKE,-3.778496507713049,0
L33T,RPMNAFMVWARIHRPALAKANPAANNAEISVQTGLEWNKLSEEQKKPYYDEAQKIKE,-2.663064125410944,0
L33V,RPMNAFMVWARIHRPALAKANPAANNAEISVQVGLEWNKLSEEQKKPYYDEAQKIKE,-1.963168247854753,0
L33W,RPMNAFMVWARIHRPALAKANPAANNAEISVQWGLEWNKLSEEQKKPYYDEAQKIKE,-2.2889581755210417,0
L33Y,RPMNAFMVWARIHRPALAKANPAANNAEISVQYGLEWNKLSEEQKKPYYDEAQKIKE,-2.9512388682052304,0
L35A,RPMNAFMVWARIHRPALAKANPAANNAEISVQLGAEWNKLSEEQKKPYYDEAQKIKE,-0.3510229779104019,0
L35C,RPMNAFMVWARIHRPALAKANPAANNAEISVQLGCEWNKLSEEQKKPYYDEAQKIKE,-0.6774880450201883,0
L35D,RPMNAFMVWARIHRPALAKANPAANNAEISVQLGDEWNKLSEEQKKPYYDEAQKIKE,-0.7224462302847816,0
L35E,RPMNAFMVWARIHRPALAKANPAANNAEISVQLGEEWNKLSEEQKKPYYDEAQKIKE,-0.3993869058989063,0
L35F,RPMNAFMVWARIHRPALAKANPAANNAEISVQLGFEWNKLSEEQKKPYYDEAQKIKE,-0.2875396950214908,1
L35G,RPMNAFMVWARIHRPALAKANPAANNAEISVQLGGEWNKLSEEQKKPYYDEAQKIKE,-1.2931777565362716,0
L35H,RPMNAFMVWARIHRPALAKANPAANNAEISVQLGHEWNKLSEEQKKPYYDEAQKIKE,-0.3436055594324276,0
L35I,RPMNAFMVWARIHRPALAKANPAANNAEISVQLGIEWNKLSEEQKKPYYDEAQKIKE,0.3513705434288576,1
L35K,RPMNAFMVWARIHRPALAKANPAANNAEISVQLGKEWNKLSEEQKKPYYDEAQKIKE,-0.1939740059184482,1
L35M,RPMNAFMVWARIHRPALAKANPAANNAEISVQLGMEWNKLSEEQKKPYYDEAQKIKE,-0.1502386085015987,1
L35N,RPMNAFMVWARIHRPALAKANPAANNAEISVQLGNEWNKLSEEQKKPYYDEAQKIKE,-0.4283571787458706,0
L35Q,RPMNAFMVWARIHRPALAKANPAANNAEISVQLGQEWNKLSEEQKKPYYDEAQKIKE,-0.1587757232333428,1
L35R,RPMNAFMVWARIHRPALAKANPAANNAEISVQLGREWNKLSEEQKKPYYDEAQKIKE,-0.0735382465908163,1
L35S,RPMNAFMVWARIHRPALAKANPAANNAEISVQLGSEWNKLSEEQKKPYYDEAQKIKE,-0.5148259237645023,0
L35T,RPMNAFMVWARIHRPALAKANPAANNAEISVQLGTEWNKLSEEQKKPYYDEAQKIKE,-0.550217761671048,0
L35V,RPMNAFMVWARIHRPALAKANPAANNAEISVQLGVEWNKLSEEQKKPYYDEAQKIKE,-0.1150202575669658,1
L35W,RPMNAFMVWARIHRPALAKANPAANNAEISVQLGWEWNKLSEEQKKPYYDEAQKIKE,-0.3083864266278731,1
L35Y,RPMNAFMVWARIHRPALAKANPAANNAEISVQLGYEWNKLSEEQKKPYYDEAQKIKE,-0.3504123770705525,0
L40A,RPMNAFMVWARIHRPALAKANPAANNAEISVQLGLEWNKASEEQKKPYYDEAQKIKE,-2.6471049876245853,0
L40C,RPMNAFMVWARIHRPALAKANPAANNAEISVQLGLEWNKCSEEQKKPYYDEAQKIKE,-1.5345472994274023,0
L40F,RPMNAFMVWARIHRPALAKANPAANNAEISVQLGLEWNKFSEEQKKPYYDEAQKIKE,-1.3824391672095149,0
L40H,RPMNAFMVWARIHRPALAKANPAANNAEISVQLGLEWNKHSEEQKKPYYDEAQKIKE,-2.566416601500553,0
L40I,RPMNAFMVWARIHRPALAKANPAANNAEISVQLGLEWNKISEEQKKPYYDEAQKIKE,-1.374801404330202,0
L40K,RPMNAFMVWARIHRPALAKANPAANNAEISVQLGLEWNKKSEEQKKPYYDEAQKIKE,-1.813401031465568,0
L40M,RPMNAFMVWARIHRPALAKANPAANNAEISVQLGLEWNKMSEEQKKPYYDEAQKIKE,-0.0887665971653284,1
L40N,RPMNAFMVWARIHRPALAKANPAANNAEISVQLGLEWNKNSEEQKKPYYDEAQKIKE,-3.4195867467033008,0
L40P,RPMNAFMVWARIHRPALAKANPAANNAEISVQLGLEWNKPSEEQKKPYYDEAQKIKE,-3.0414445685853377,0
L40Q,RPMNAFMVWARIHRPALAKANPAANNAEISVQLGLEWNKQSEEQKKPYYDEAQKIKE,-1.8514828875891365,0
L40R,RPMNAFMVWARIHRPALAKANPAANNAEISVQLGLEWNKRSEEQKKPYYDEAQKIKE,-3.0828374329214308,0
L40S,RPMNAFMVWARIHRPALAKANPAANNAEISVQLGLEWNKSSEEQKKPYYDEAQKIKE,-3.3396795146970923,0
L40T,RPMNAFMVWARIHRPALAKANPAANNAEISVQLGLEWNKTSEEQKKPYYDEAQKIKE,-2.671589183839848,0
L40V,RPMNAFMVWARIHRPALAKANPAANNAEISVQLGLEWNKVSEEQKKPYYDEAQKIKE,-2.206876221090158,0
L40W,RPMNAFMVWARIHRPALAKANPAANNAEISVQLGLEWNKWSEEQKKPYYDEAQKIKE,-1.8447857920724524,0
L40Y,RPMNAFMVWARIHRPALAKANPAANNAEISVQLGLEWNKYSEEQKKPYYDEAQKIKE,-1.8657311051349312,0
M3A,RPANAFMVWARIHRPALAKANPAANNAEISVQLGLEWNKLSEEQKKPYYDEAQKIKE,-0.287378844666355,1
M3C,RPCNAFMVWARIHRPALAKANPAANNAEISVQLGLEWNKLSEEQKKPYYDEAQKIKE,0.31460601375628,1
M3D,RPDNAFMVWARIHRPALAKANPAANNAEISVQLGLEWNKLSEEQKKPYYDEAQKIKE,-0.3316695288225944,0
M3E,RPENAFMVWARIHRPALAKANPAANNAEISVQLGLEWNKLSEEQKKPYYDEAQKIKE,-0.4207670825442173,0
M3F,RPFNAFMVWARIHRPALAKANPAANNAEISVQLGLEWNKLSEEQKKPYYDEAQKIKE,0.0453700906566538,1
M3G,RPGNAFMVWARIHRPALAKANPAANNAEISVQLGLEWNKLSEEQKKPYYDEAQKIKE,-0.6012741927453806,0
M3H,RPHNAFMVWARIHRPALAKANPAANNAEISVQLGLEWNKLSEEQKKPYYDEAQKIKE,-0.2830692367321381,1
M3I,RPINAFMVWARIHRPALAKANPAANNAEISVQLGLEWNKLSEEQKKPYYDEAQKIKE,0.3053274419959679,1
M3K,RPKNAFMVWARIHRPALAKANPAANNAEISVQLGLEWNKLSEEQKKPYYDEAQKIKE,-0.5119508225232332,0
M3L,RPLNAFMVWARIHRPALAKANPAANNAEISVQLGLEWNKLSEEQKKPYYDEAQKIKE,-0.0184750147869099,1
M3N,RPNNAFMVWARIHRPALAKANPAANNAEISVQLGLEWNKLSEEQKKPYYDEAQKIKE,-0.2634612831726062,1
M3P,RPPNAFMVWARIHRPALAKANPAANNAEISVQLGLEWNKLSEEQKKPYYDEAQKIKE,-0.0068813721472764,1
M3Q,RPQNAFMVWARIHRPALAKANPAANNAEISVQLGLEWNKLSEEQKKPYYDEAQKIKE,-0.4103428597217133,0
M3R,RPRNAFMVWARIHRPALAKANPAANNAEISVQLGLEWNKLSEEQKKPYYDEAQKIKE,-0.3692357194328695,0
M3S,RPSNAFMVWARIHRPALAKANPAANNAEISVQLGLEWNKLSEEQKKPYYDEAQKIKE,-0.2400715200147618,1
M3T,RPTNAFMVWARIHRPALAKANPAANNAEISVQLGLEWNKLSEEQKKPYYDEAQKIKE,-0.1918346467682332,1
M3V,RPVNAFMVWARIHRPALAKANPAANNAEISVQLGLEWNKLSEEQKKPYYDEAQKIKE,0.2194558018127193,1
M3W,RPWNAFMVWARIHRPALAKANPAANNAEISVQLGLEWNKLSEEQKKPYYDEAQKIKE,0.1257471770373106,1
M3Y,RPYNAFMVWARIHRPALAKANPAANNAEISVQLGLEWNKLSEEQKKPYYDEAQKIKE,0.1542739207263075,1
M7A,RPMNAFAVWARIHRPALAKANPAANNAEISVQLGLEWNKLSEEQKKPYYDEAQKIKE,-0.3358813804825815,0
M7C,RPMNAFCVWARIHRPALAKANPAANNAEISVQLGLEWNKLSEEQKKPYYDEAQKIKE,0.418128155667226,1
M7D,RPMNAFDVWARIHRPALAKANPAANNAEISVQLGLEWNKLSEEQKKPYYDEAQKIKE,0.2654022718739663,1
M7E,RPMNAFEVWARIHRPALAKANPAANNAEISVQLGLEWNKLSEEQKKPYYDEAQKIKE,0.2436420923699427,1
M7F,RPMNAFFVWARIHRPALAKANPAANNAEISVQLGLEWNKLSEEQKKPYYDEAQKIKE,0.0140544571688865,1
M7G,RPMNAFGVWARIHRPALAKANPAANNAEISVQLGLEWNKLSEEQKKPYYDEAQKIKE,-0.8161411852525315,0
M7H,RPMNAFHVWARIHRPALAKANPAANNAEISVQLGLEWNKLSEEQKKPYYDEAQKIKE,-0.3907672076352106,0
M7I,RPMNAFIVWARIHRPALAKANPAANNAEISVQLGLEWNKLSEEQKKPYYDEAQKIKE,-0.0797013452626003,1
M7K,RPMNAFKVWARIHRPALAKANPAANNAEISVQLGLEWNKLSEEQKKPYYDEAQKIKE,-0.5211038605159035,0
M7L,RPMNAFLVWARIHRPALAKANPAANNAEISVQLGLEWNKLSEEQKKPYYDEAQKIKE,0.0381881899866516,1
M7N,RPMNAFNVWARIHRPALAKANPAANNAEISVQLGLEWNKLSEEQKKPYYDEAQKIKE,-0.4505927569646029,0
M7P,RPMNAFPVWARIHRPALAKANPAANNAEISVQLGLEWNKLSEEQKKPYYDEAQKIKE,-2.087712056793824,0
M7Q,RPMNAFQVWARIHRPALAKANPAANNAEISVQLGLEWNKLSEEQKKPYYDEAQKIKE,-0.2162572947532934,1
M7R,RPMNAFRVWARIHRPALAKANPAANNAEISVQLGLEWNKLSEEQKKPYYDEAQKIKE,-0.1916725314892806,1
M7S,RPMNAFSVWARIHRPALAKANPAANNAEISVQLGLEWNKLSEEQKKPYYDEAQKIKE,-0.4888862150747659,0
M7T,RPMNAFTVWARIHRPALAKANPAANNAEISVQLGLEWNKLSEEQKKPYYDEAQKIKE,-0.3850253846054494,0
M7V,RPMNAFVVWARIHRPALAKANPAANNAEISVQLGLEWNKLSEEQKKPYYDEAQKIKE,-0.4888617857196076,0
M7W,RPMNAFWVWARIHRPALAKANPAANNAEISVQLGLEWNKLSEEQKKPYYDEAQKIKE,0.4656269954002114,1
M7Y,RPMNAFYVWARIHRPALAKANPAANNAEISVQLGLEWNKLSEEQKKPYYDEAQKIKE,0.1187313721326726,1
N21A,RPMNAFMVWARIHRPALAKAAPAANNAEISVQLGLEWNKLSEEQKKPYYDEAQKIKE,-1.1574491617406988,0
N21C,RPMNAFMVWARIHRPALAKACPAANNAEISVQLGLEWNKLSEEQKKPYYDEAQKIKE,-0.2585344520163963,1
N21D,RPMNAFMVWARIHRPALAKADPAANNAEISVQLGLEWNKLSEEQKKPYYDEAQKIKE,-0.7904404008570904,0
N21E,RPMNAFMVWARIHRPALAKAEPAANNAEISVQLGLEWNKLSEEQKKPYYDEAQKIKE,-1.219593528316319,0
N21F,RPMNAFMVWARIHRPALAKAFPAANNAEISVQLGLEWNKLSEEQKKPYYDEAQKIKE,0.1451871650968073,1
N21G,RPMNAFMVWARIHRPALAKAGPAANNAEISVQLGLEWNKLSEEQKKPYYDEAQKIKE,-1.862639696004091,0
N21H,RPMNAFMVWARIHRPALAKAHPAANNAEISVQLGLEWNKLSEEQKKPYYDEAQKIKE,-0.113316212877879,1
N21I,RPMNAFMVWARIHRPALAKAIPAANNAEISVQLGLEWNKLSEEQKKPYYDEAQKIKE,-0.905087708796564,0
N21K,RPMNAFMVWARIHRPALAKAKPAANNAEISVQLGLEWNKLSEEQKKPYYDEAQKIKE,-0.9513954677614768,0
N21L,RPMNAFMVWARIHRPALAKALPAANNAEISVQLGLEWNKLSEEQKKPYYDEAQKIKE,-0.2899426223074943,1
N21M,RPMNAFMVWARIHRPALAKAMPAANNAEISVQLGLEWNKLSEEQKKPYYDEAQKIKE,-0.0088605773589636,1
N21P,RPMNAFMVWARIHRPALAKAPPAANNAEISVQLGLEWNKLSEEQKKPYYDEAQKIKE,-2.9054125230206647,0
N21Q,RPMNAFMVWARIHRPALAKAQPAANNAEISVQLGLEWNKLSEEQKKPYYDEAQKIKE,-0.6121290169053797,0
N21R,RPMNAFMVWARIHRPALAKARPAANNAEISVQLGLEWNKLSEEQKKPYYDEAQKIKE,-0.4418676996363517,0
N21S,RPMNAFMVWARIHRPALAKASPAANNAEISVQLGLEWNKLSEEQKKPYYDEAQKIKE,-0.6192437294276414,0
N21T,RPMNAFMVWARIHRPALAKATPAANNAEISVQLGLEWNKLSEEQKKPYYDEAQKIKE,-0.68076517004436,0
N21V,RPMNAFMVWARIHRPALAKAVPAANNAEISVQLGLEWNKLSEEQKKPYYDEAQKIKE,-1.5823442397890366,0
N21W,RPMNAFMVWARIHRPALAKAWPAANNAEISVQLGLEWNKLSEEQKKPYYDEAQKIKE,0.0811554589627077,1
N21Y,RPMNAFMVWARIHRPALAKAYPAANNAEISVQLGLEWNKLSEEQKKPYYDEAQKIKE,0.2000285060542719,1
N25A,RPMNAFMVWARIHRPALAKANPAAANAEISVQLGLEWNKLSEEQKKPYYDEAQKIKE,-0.6659707146980609,0
N25C,RPMNAFMVWARIHRPALAKANPAACNAEISVQLGLEWNKLSEEQKKPYYDEAQKIKE,-0.7737338986273361,0
N25D,RPMNAFMVWARIHRPALAKANPAADNAEISVQLGLEWNKLSEEQKKPYYDEAQKIKE,-0.1008641779788304,1
N25E,RPMNAFMVWARIHRPALAKANPAAENAEISVQLGLEWNKLSEEQKKPYYDEAQKIKE,-0.9524653083924292,0
N25F,RPMNAFMVWARIHRPALAKANPAAFNAEISVQLGLEWNKLSEEQKKPYYDEAQKIKE,-1.2107960587864923,0
N25G,RPMNAFMVWARIHRPALAKANPAAGNAEISVQLGLEWNKLSEEQKKPYYDEAQKIKE,-0.0663241407661532,1
N25H,RPMNAFMVWARIHRPALAKANPAAHNAEISVQLGLEWNKLSEEQKKPYYDEAQKIKE,-0.7237796012180571,0
N25I,RPMNAFMVWARIHRPALAKANPAAINAEISVQLGLEWNKLSEEQKKPYYDEAQKIKE,-1.0178028779973929,0
N25K,RPMNAFMVWARIHRPALAKANPAAKNAEISVQLGLEWNKLSEEQKKPYYDEAQKIKE,-0.4407784698078849,0
N25L,RPMNAFMVWARIHRPALAKANPAALNAEISVQLGLEWNKLSEEQKKPYYDEAQKIKE,-0.6389641507370603,0
N25M,RPMNAFMVWARIHRPALAKANPAAMNAEISVQLGLEWNKLSEEQKKPYYDEAQKIKE,-0.9197561865441886,0
N25P,RPMNAFMVWARIHRPALAKANPAAPNAEISVQLGLEWNKLSEEQKKPYYDEAQKIKE,-0.6241371138906251,0
N25Q,RPMNAFMVWARIHRPALAKANPAAQNAEISVQLGLEWNKLSEEQKKPYYDEAQKIKE,-0.7326585743161296,0
N25R,RPMNAFMVWARIHRPALAKANPAARNAEISVQLGLEWNKLSEEQKKPYYDEAQKIKE,-0.7627937700539551,0
N25S,RPMNAFMVWARIHRPALAKANPAASNAEISVQLGLEWNKLSEEQKKPYYDEAQKIKE,0.7105283178289068,1
N25T,RPMNAFMVWARIHRPALAKANPAATNAEISVQLGLEWNKLSEEQKKPYYDEAQKIKE,0.7530311257315807,1
N25V,RPMNAFMVWARIHRPALAKANPAAVNAEISVQLGLEWNKLSEEQKKPYYDEAQKIKE,-1.1126599234310377,0
N25W,RPMNAFMVWARIHRPALAKANPAAWNAEISVQLGLEWNKLSEEQKKPYYDEAQKIKE,-1.0384387606441543,0
N25Y,RPMNAFMVWARIHRPALAKANPAAYNAEISVQLGLEWNKLSEEQKKPYYDEAQKIKE,-1.206790986685236,0
N26A,RPMNAFMVWARIHRPALAKANPAANAAEISVQLGLEWNKLSEEQKKPYYDEAQKIKE,0.2199766323453369,1
N26C,RPMNAFMVWARIHRPALAKANPAANCAEISVQLGLEWNKLSEEQKKPYYDEAQKIKE,0.0209211976154701,1
N26D,RPMNAFMVWARIHRPALAKANPAANDAEISVQLGLEWNKLSEEQKKPYYDEAQKIKE,0.4090634733956593,1
N26E,RPMNAFMVWARIHRPALAKANPAANEAEISVQLGLEWNKLSEEQKKPYYDEAQKIKE,0.3515706631112918,1
N26F,RPMNAFMVWARIHRPALAKANPAANFAEISVQLGLEWNKLSEEQKKPYYDEAQKIKE,0.5393558730947152,1
N26G,RPMNAFMVWARIHRPALAKANPAANGAEISVQLGLEWNKLSEEQKKPYYDEAQKIKE,-0.0695600552650081,1
N26H,RPMNAFMVWARIHRPALAKANPAANHAEISVQLGLEWNKLSEEQKKPYYDEAQKIKE,0.2897452348625888,1
N26I,RPMNAFMVWARIHRPALAKANPAANIAEISVQLGLEWNKLSEEQKKPYYDEAQKIKE,-0.290342710153376,1
N26K,RPMNAFMVWARIHRPALAKANPAANKAEISVQLGLEWNKLSEEQKKPYYDEAQKIKE,0.0219172362266877,1
N26L,RPMNAFMVWARIHRPALAKANPAANLAEISVQLGLEWNKLSEEQKKPYYDEAQKIKE,-0.088905939881883,1
N26M,RPMNAFMVWARIHRPALAKANPAANMAEISVQLGLEWNKLSEEQKKPYYDEAQKIKE,-0.0709838422541948,1
N26P,RPMNAFMVWARIHRPALAKANPAANPAEISVQLGLEWNKLSEEQKKPYYDEAQKIKE,0.2173300504490067,1
N26Q,RPMNAFMVWARIHRPALAKANPAANQAEISVQLGLEWNKLSEEQKKPYYDEAQKIKE,0.1218602985330932,1
N26R,RPMNAFMVWARIHRPALAKANPAANRAEISVQLGLEWNKLSEEQKKPYYDEAQKIKE,-0.0805622299735415,1
N26S,RPMNAFMVWARIHRPALAKANPAANSAEISVQLGLEWNKLSEEQKKPYYDEAQKIKE,0.0388853162534053,1
N26T,RPMNAFMVWARIHRPALAKANPAANTAEISVQLGLEWNKLSEEQKKPYYDEAQKIKE,0.0385642086992397,1
N26V,RPMNAFMVWARIHRPALAKANPAANVAEISVQLGLEWNKLSEEQKKPYYDEAQKIKE,-0.1353836435387498,1
N26W,RPMNAFMVWARIHRPALAKANPAANWAEISVQLGLEWNKLSEEQKKPYYDEAQKIKE,0.503291523794378,1
N26Y,RPMNAFMVWARIHRPALAKANPAANYAEISVQLGLEWNKLSEEQKKPYYDEAQKIKE,0.5665278562740377,1
N38A,RPMNAFMVWARIHRPALAKANPAANNAEISVQLGLEWAKLSEEQKKPYYDEAQKIKE,0.2528201622279553,1
N38C,RPMNAFMVWARIHRPALAKANPAANNAEISVQLGLEWCKLSEEQKKPYYDEAQKIKE,0.0182839618575152,1
N38D,RPMNAFMVWARIHRPALAKANPAANNAEISVQLGLEWDKLSEEQKKPYYDEAQKIKE,-0.0859503333798286,1
N38E,RPMNAFMVWARIHRPALAKANPAANNAEISVQLGLEWEKLSEEQKKPYYDEAQKIKE,-0.0398883786753265,1
N38F,RPMNAFMVWARIHRPALAKANPAANNAEISVQLGLEWFKLSEEQKKPYYDEAQKIKE,-0.2318828275421651,1
N38G,RPMNAFMVWARIHRPALAKANPAANNAEISVQLGLEWGKLSEEQKKPYYDEAQKIKE,-0.0829317959174407,1
N38H,RPMNAFMVWARIHRPALAKANPAANNAEISVQLGLEWHKLSEEQKKPYYDEAQKIKE,-0.5841448532266504,0
N38I,RPMNAFMVWARIHRPALAKANPAANNAEISVQLGLEWIKLSEEQKKPYYDEAQKIKE,-0.3116793931157389,1
N38K,RPMNAFMVWARIHRPALAKANPAANNAEISVQLGLEWKKLSEEQKKPYYDEAQKIKE,0.1896979907423714,1
N38L,RPMNAFMVWARIHRPALAKANPAANNAEISVQLGLEWLKLSEEQKKPYYDEAQKIKE,0.0321575143943877,1
N38M,RPMNAFMVWARIHRPALAKANPAANNAEISVQLGLEWMKLSEEQKKPYYDEAQKIKE,0.1295805808654506,1
N38P,RPMNAFMVWARIHRPALAKANPAANNAEISVQLGLEWPKLSEEQKKPYYDEAQKIKE,-2.1837350166179856,0
N38Q,RPMNAFMVWARIHRPALAKANPAANNAEISVQLGLEWQKLSEEQKKPYYDEAQKIKE,-0.042813571939007,1
N38R,RPMNAFMVWARIHRPALAKANPAANNAEISVQLGLEWRKLSEEQKKPYYDEAQKIKE,0.2715112362972984,1
N38S,RPMNAFMVWARIHRPALAKANPAANNAEISVQLGLEWSKLSEEQKKPYYDEAQKIKE,0.2767248260336865,1
N38T,RPMNAFMVWARIHRPALAKANPAANNAEISVQLGLEWTKLSEEQKKPYYDEAQKIKE,-0.4025016035871194,0
N38V,RPMNAFMVWARIHRPALAKANPAANNAEISVQLGLEWVKLSEEQKKPYYDEAQKIKE,-0.4799435351069285,0
N38W,RPMNAFMVWARIHRPALAKANPAANNAEISVQLGLEWWKLSEEQKKPYYDEAQKIKE,-0.4009453674899332,0
N38Y,RPMNAFMVWARIHRPALAKANPAANNAEISVQLGLEWYKLSEEQKKPYYDEAQKIKE,-0.3808817725165045,0
N4A,RPMAAFMVWARIHRPALAKANPAANNAEISVQLGLEWNKLSEEQKKPYYDEAQKIKE,-0.3814428980321969,0
N4C,RPMCAFMVWARIHRPALAKANPAANNAEISVQLGLEWNKLSEEQKKPYYDEAQKIKE,0.5292838230080248,1
N4D,RPMDAFMVWARIHRPALAKANPAANNAEISVQLGLEWNKLSEEQKKPYYDEAQKIKE,0.073297568628841,1
N4E,RPMEAFMVWARIHRPALAKANPAANNAEISVQLGLEWNKLSEEQKKPYYDEAQKIKE,-0.259163323098261,1
N4F,RPMFAFMVWARIHRPALAKANPAANNAEISVQLGLEWNKLSEEQKKPYYDEAQKIKE,-0.2922778563378334,1
N4G,RPMGAFMVWARIHRPALAKANPAANNAEISVQLGLEWNKLSEEQKKPYYDEAQKIKE,-0.4242794673519894,0
N4H,RPMHAFMVWARIHRPALAKANPAANNAEISVQLGLEWNKLSEEQKKPYYDEAQKIKE,-0.2622244435493046,1
N4I,RPMIAFMVWARIHRPALAKANPAANNAEISVQLGLEWNKLSEEQKKPYYDEAQKIKE,-0.0036727028308138,1
N4K,RPMKAFMVWARIHRPALAKANPAANNAEISVQLGLEWNKLSEEQKKPYYDEAQKIKE,-0.5380461545197015,0
N4L,RPMLAFMVWARIHRPALAKANPAANNAEISVQLGLEWNKLSEEQKKPYYDEAQKIKE,0.1959557067799937,1
N4M,RPMMAFMVWARIHRPALAKANPAANNAEISVQLGLEWNKLSEEQKKPYYDEAQKIKE,0.071730540945023,1
N4P,RPMPAFMVWARIHRPALAKANPAANNAEISVQLGLEWNKLSEEQKKPYYDEAQKIKE,-1.3586176017401397,0
N4Q,RPMQAFMVWARIHRPALAKANPAANNAEISVQLGLEWNKLSEEQKKPYYDEAQKIKE,-0.3405885121514029,0
N4R,RPMRAFMVWARIHRPALAKANPAANNAEISVQLGLEWNKLSEEQKKPYYDEAQKIKE,-0.5603829386923191,0
N4S,RPMSAFMVWARIHRPALAKANPAANNAEISVQLGLEWNKLSEEQKKPYYDEAQKIKE,0.4665529563030057,1
N4T,RPMTAFMVWARIHRPALAKANPAANNAEISVQLGLEWNKLSEEQKKPYYDEAQKIKE,0.5099653725801794,1
N4V,RPMVAFMVWARIHRPALAKANPAANNAEISVQLGLEWNKLSEEQKKPYYDEAQKIKE,-0.2311850724684028,1
N4W,RPMWAFMVWARIHRPALAKANPAANNAEISVQLGLEWNKLSEEQKKPYYDEAQKIKE,-0.090378872939917,1
N4Y,RPMYAFMVWARIHRPALAKANPAANNAEISVQLGLEWNKLSEEQKKPYYDEAQKIKE,-0.3910482567088267,0
P15A,RPMNAFMVWARIHRAALAKANPAANNAEISVQLGLEWNKLSEEQKKPYYDEAQKIKE,0.2876809162305855,1
P15C,RPMNAFMVWARIHRCALAKANPAANNAEISVQLGLEWNKLSEEQKKPYYDEAQKIKE,0.1908982750438985,1
P15D,RPMNAFMVWARIHRDALAKANPAANNAEISVQLGLEWNKLSEEQKKPYYDEAQKIKE,-0.2295115048646261,1
P15E,RPMNAFMVWARIHREALAKANPAANNAEISVQLGLEWNKLSEEQKKPYYDEAQKIKE,0.0486605346214776,1
P15F,RPMNAFMVWARIHRFALAKANPAANNAEISVQLGLEWNKLSEEQKKPYYDEAQKIKE,-0.3088960938674234,1
P15G,RPMNAFMVWARIHRGALAKANPAANNAEISVQLGLEWNKLSEEQKKPYYDEAQKIKE,-0.1974405291685932,1
P15H,RPMNAFMVWARIHRHALAKANPAANNAEISVQLGLEWNKLSEEQKKPYYDEAQKIKE,-0.1513479400781747,1
P15I,RPMNAFMVWARIHRIALAKANPAANNAEISVQLGLEWNKLSEEQKKPYYDEAQKIKE,0.1086364220090203,1
P15K,RPMNAFMVWARIHRKALAKANPAANNAEISVQLGLEWNKLSEEQKKPYYDEAQKIKE,-0.0128004997600363,1
P15L,RPMNAFMVWARIHRLALAKANPAANNAEISVQLGLEWNKLSEEQKKPYYDEAQKIKE,-0.0335065768399016,1
P15M,RPMNAFMVWARIHRMALAKANPAANNAEISVQLGLEWNKLSEEQKKPYYDEAQKIKE,0.0560910437009907,1
P15N,RPMNAFMVWARIHRNALAKANPAANNAEISVQLGLEWNKLSEEQKKPYYDEAQKIKE,-0.3372043977282764,0
P15Q,RPMNAFMVWARIHRQALAKANPAANNAEISVQLGLEWNKLSEEQKKPYYDEAQKIKE,-0.0921631717489388,1
P15R,RPMNAFMVWARIHRRALAKANPAANNAEISVQLGLEWNKLSEEQKKPYYDEAQKIKE,-0.0091138449911003,1
P15S,RPMNAFMVWARIHRSALAKANPAANNAEISVQLGLEWNKLSEEQKKPYYDEAQKIKE,-0.161110668075652,1
P15T,RPMNAFMVWARIHRTALAKANPAANNAEISVQLGLEWNKLSEEQKKPYYDEAQKIKE,-0.2432648987533832,1
P15V,RPMNAFMVWARIHRVALAKANPAANNAEISVQLGLEWNKLSEEQKKPYYDEAQKIKE,0.0436496925231288,1
P15W,RPMNAFMVWARIHRWALAKANPAANNAEISVQLGLEWNKLSEEQKKPYYDEAQKIKE,-0.2057047923902035,1
P15Y,RPMNAFMVWARIHRYALAKANPAANNAEISVQLGLEWNKLSEEQKKPYYDEAQKIKE,0.1226055059912227,1
P22A,RPMNAFMVWARIHRPALAKANAAANNAEISVQLGLEWNKLSEEQKKPYYDEAQKIKE,-0.8708002023699111,0
P22C,RPMNAFMVWARIHRPALAKANCAANNAEISVQLGLEWNKLSEEQKKPYYDEAQKIKE,-0.9146546255917798,0
P22D,RPMNAFMVWARIHRPALAKANDAANNAEISVQLGLEWNKLSEEQKKPYYDEAQKIKE,-1.5580355373798345,0
P22E,RPMNAFMVWARIHRPALAKANEAANNAEISVQLGLEWNKLSEEQKKPYYDEAQKIKE,-1.2467766233443536,0
P22F,RPMNAFMVWARIHRPALAKANFAANNAEISVQLGLEWNKLSEEQKKPYYDEAQKIKE,-1.399621737678681,0
P22G,RPMNAFMVWARIHRPALAKANGAANNAEISVQLGLEWNKLSEEQKKPYYDEAQKIKE,-1.3336375158741984,0
P22H,RPMNAFMVWARIHRPALAKANHAANNAEISVQLGLEWNKLSEEQKKPYYDEAQKIKE,-1.12833537935618,0
P22I,RPMNAFMVWARIHRPALAKANIAANNAEISVQLGLEWNKLSEEQKKPYYDEAQKIKE,-0.9708851735390772,0
P22K,RPMNAFMVWARIHRPALAKANKAANNAEISVQLGLEWNKLSEEQKKPYYDEAQKIKE,-0.8392095748057165,0
P22L,RPMNAFMVWARIHRPALAKANLAANNAEISVQLGLEWNKLSEEQKKPYYDEAQKIKE,-0.987238373171925,0
P22M,RPMNAFMVWARIHRPALAKANMAANNAEISVQLGLEWNKLSEEQKKPYYDEAQKIKE,-1.0925521541026897,0
P22N,RPMNAFMVWARIHRPALAKANNAANNAEISVQLGLEWNKLSEEQKKPYYDEAQKIKE,-1.1365996671649523,0
P22Q,RPMNAFMVWARIHRPALAKANQAANNAEISVQLGLEWNKLSEEQKKPYYDEAQKIKE,-0.9173718424381974,0
P22R,RPMNAFMVWARIHRPALAKANRAANNAEISVQLGLEWNKLSEEQKKPYYDEAQKIKE,-0.833827021728575,0
P22S,RPMNAFMVWARIHRPALAKANSAANNAEISVQLGLEWNKLSEEQKKPYYDEAQKIKE,-1.0102515424339669,0
P22T,RPMNAFMVWARIHRPALAKANTAANNAEISVQLGLEWNKLSEEQKKPYYDEAQKIKE,-1.1327202519862998,0
P22V,RPMNAFMVWARIHRPALAKANVAANNAEISVQLGLEWNKLSEEQKKPYYDEAQKIKE,-1.139127475295013,0
P22W,RPMNAFMVWARIHRPALAKANWAANNAEISVQLGLEWNKLSEEQKKPYYDEAQKIKE,-1.281782741253728,0
P22Y,RPMNAFMVWARIHRPALAKANYAANNAEISVQLGLEWNKLSEEQKKPYYDEAQKIKE,-1.4394302967415342,0
P2A,RAMNAFMVWARIHRPALAKANPAANNAEISVQLGLEWNKLSEEQKKPYYDEAQKIKE,0.0718653374539184,1
P2C,RCMNAFMVWARIHRPALAKANPAANNAEISVQLGLEWNKLSEEQKKPYYDEAQKIKE,0.6679814514669977,1
P2D,RDMNAFMVWARIHRPALAKANPAANNAEISVQLGLEWNKLSEEQKKPYYDEAQKIKE,0.3823626110219926,1
P2E,REMNAFMVWARIHRPALAKANPAANNAEISVQLGLEWNKLSEEQKKPYYDEAQKIKE,0.5760295722293698,1
P2F,RFMNAFMVWARIHRPALAKANPAANNAEISVQLGLEWNKLSEEQKKPYYDEAQKIKE,0.3383703357006253,1
P2G,RGMNAFMVWARIHRPALAKANPAANNAEISVQLGLEWNKLSEEQKKPYYDEAQKIKE,-0.0042464040944651,1
P2H,RHMNAFMVWARIHRPALAKANPAANNAEISVQLGLEWNKLSEEQKKPYYDEAQKIKE,0.3438870411352175,1
P2I,RIMNAFMVWARIHRPALAKANPAANNAEISVQLGLEWNKLSEEQKKPYYDEAQKIKE,0.1876137655033032,1
P2K,RKMNAFMVWARIHRPALAKANPAANNAEISVQLGLEWNKLSEEQKKPYYDEAQKIKE,0.0162290652721437,1
P2L,RLMNAFMVWARIHRPALAKANPAANNAEISVQLGLEWNKLSEEQKKPYYDEAQKIKE,0.3395187589031554,1
P2M,RMMNAFMVWARIHRPALAKANPAANNAEISVQLGLEWNKLSEEQKKPYYDEAQKIKE,0.1457718629085693,1
P2N,RNMNAFMVWARIHRPALAKANPAANNAEISVQLGLEWNKLSEEQKKPYYDEAQKIKE,0.2067407671910279,1
P2Q,RQMNAFMVWARIHRPALAKANPAANNAEISVQLGLEWNKLSEEQKKPYYDEAQKIKE,0.234338691359405,1
P2R,RRMNAFMVWARIHRPALAKANPAANNAEISVQLGLEWNKLSEEQKKPYYDEAQKIKE,0.054062201146841,1
P2S,RSMNAFMVWARIHRPALAKANPAANNAEISVQLGLEWNKLSEEQKKPYYDEAQKIKE,0.0712290574811835,1
P2T,RTMNAFMVWARIHRPALAKANPAANNAEISVQLGLEWNKLSEEQKKPYYDEAQKIKE,0.0985814887057392,1
P2V,RVMNAFMVWARIHRPALAKANPAANNAEISVQLGLEWNKLSEEQKKPYYDEAQKIKE,0.2362371787843393,1
P2W,RWMNAFMVWARIHRPALAKANPAANNAEISVQLGLEWNKLSEEQKKPYYDEAQKIKE,0.4166349256606327,1
P2Y,RYMNAFMVWARIHRPALAKANPAANNAEISVQLGLEWNKLSEEQKKPYYDEAQKIKE,0.2959895449832297,1
P47A,RPMNAFMVWARIHRPALAKANPAANNAEISVQLGLEWNKLSEEQKKAYYDEAQKIKE,-0.5900079172643835,0
P47C,RPMNAFMVWARIHRPALAKANPAANNAEISVQLGLEWNKLSEEQKKCYYDEAQKIKE,-0.7056925832089376,0
P47D,RPMNAFMVWARIHRPALAKANPAANNAEISVQLGLEWNKLSEEQKKDYYDEAQKIKE,-1.3000684140153629,0
P47E,RPMNAFMVWARIHRPALAKANPAANNAEISVQLGLEWNKLSEEQKKEYYDEAQKIKE,-0.7877966755092976,0
P47F,RPMNAFMVWARIHRPALAKANPAANNAEISVQLGLEWNKLSEEQKKFYYDEAQKIKE,-0.4463178001079662,0
P47G,RPMNAFMVWARIHRPALAKANPAANNAEISVQLGLEWNKLSEEQKKGYYDEAQKIKE,-1.1529619917659386,0
P47H,RPMNAFMVWARIHRPALAKANPAANNAEISVQLGLEWNKLSEEQKKHYYDEAQKIKE,-1.1000731635169565,0
P47I,RPMNAFMVWARIHRPALAKANPAANNAEISVQLGLEWNKLSEEQKKIYYDEAQKIKE,-0.4991216629188546,0
P47K,RPMNAFMVWARIHRPALAKANPAANNAEISVQLGLEWNKLSEEQKKKYYDEAQKIKE,-0.6301263035526801,0
P47L,RPMNAFMVWARIHRPALAKANPAANNAEISVQLGLEWNKLSEEQKKLYYDEAQKIKE,-0.8901675521740844,0
P47M,RPMNAFMVWARIHRPALAKANPAANNAEISVQLGLEWNKLSEEQKKMYYDEAQKIKE,-0.6101518677930367,0
P47N,RPMNAFMVWARIHRPALAKANPAANNAEISVQLGLEWNKLSEEQKKNYYDEAQKIKE,-1.0596055371179114,0
P47Q,RPMNAFMVWARIHRPALAKANPAANNAEISVQLGLEWNKLSEEQKKQYYDEAQKIKE,-0.7412867398875687,0
P47R,RPMNAFMVWARIHRPALAKANPAANNAEISVQLGLEWNKLSEEQKKRYYDEAQKIKE,-0.699948144986017,0
P47S,RPMNAFMVWARIHRPALAKANPAANNAEISVQLGLEWNKLSEEQKKSYYDEAQKIKE,-0.9133929678292774,0
P47T,RPMNAFMVWARIHRPALAKANPAANNAEISVQLGLEWNKLSEEQKKTYYDEAQKIKE,-0.6465212040699821,0
P47V,RPMNAFMVWARIHRPALAKANPAANNAEISVQLGLEWNKLSEEQKKVYYDEAQKIKE,-0.5338630762600669,0
P47W,RPMNAFMVWARIHRPALAKANPAANNAEISVQLGLEWNKLSEEQKKWYYDEAQKIKE,-0.2287028411162013,1
P47Y,RPMNAFMVWARIHRPALAKANPAANNAEISVQLGLEWNKLSEEQKKYYYDEAQKIKE,-0.2016344175764435,1
Q32A,RPMNAFMVWARIHRPALAKANPAANNAEISVALGLEWNKLSEEQKKPYYDEAQKIKE,-0.0730828037112392,1
Q32C,RPMNAFMVWARIHRPALAKANPAANNAEISVCLGLEWNKLSEEQKKPYYDEAQKIKE,-0.2044217621015889,1
Q32D,RPMNAFMVWARIHRPALAKANPAANNAEISVDLGLEWNKLSEEQKKPYYDEAQKIKE,-1.802342146890784,0
Q32E,RPMNAFMVWARIHRPALAKANPAANNAEISVELGLEWNKLSEEQKKPYYDEAQKIKE,-0.7740036049949963,0
Q32F,RPMNAFMVWARIHRPALAKANPAANNAEISVFLGLEWNKLSEEQKKPYYDEAQKIKE,0.0516408637656273,1
Q32G,RPMNAFMVWARIHRPALAKANPAANNAEISVGLGLEWNKLSEEQKKPYYDEAQKIKE,-1.2290232046544718,0
Q32H,RPMNAFMVWARIHRPALAKANPAANNAEISVHLGLEWNKLSEEQKKPYYDEAQKIKE,-0.875049862712199,0
Q32I,RPMNAFMVWARIHRPALAKANPAANNAEISVILGLEWNKLSEEQKKPYYDEAQKIKE,0.7769534303619077,1
Q32K,RPMNAFMVWARIHRPALAKANPAANNAEISVKLGLEWNKLSEEQKKPYYDEAQKIKE,0.0589004215837984,1
Q32L,RPMNAFMVWARIHRPALAKANPAANNAEISVLLGLEWNKLSEEQKKPYYDEAQKIKE,1.0610953467291124,1
Q32M,RPMNAFMVWARIHRPALAKANPAANNAEISVMLGLEWNKLSEEQKKPYYDEAQKIKE,1.0676133883169006,1
Q32R,RPMNAFMVWARIHRPALAKANPAANNAEISVRLGLEWNKLSEEQKKPYYDEAQKIKE,-0.0433457305086228,1
Q32S,RPMNAFMVWARIHRPALAKANPAANNAEISVSLGLEWNKLSEEQKKPYYDEAQKIKE,-0.6982703258809844,0
Q32T,RPMNAFMVWARIHRPALAKANPAANNAEISVTLGLEWNKLSEEQKKPYYDEAQKIKE,-0.4775124721929735,0
Q32V,RPMNAFMVWARIHRPALAKANPAANNAEISVVLGLEWNKLSEEQKKPYYDEAQKIKE,-0.2110196160223347,1
Q32W,RPMNAFMVWARIHRPALAKANPAANNAEISVWLGLEWNKLSEEQKKPYYDEAQKIKE,0.2465461975596614,1
Q32Y,RPMNAFMVWARIHRPALAKANPAANNAEISVYLGLEWNKLSEEQKKPYYDEAQKIKE,-0.1626847217356823,1
Q44A,RPMNAFMVWARIHRPALAKANPAANNAEISVQLGLEWNKLSEEAKKPYYDEAQKIKE,-0.0187983300759415,1
Q44C,RPMNAFMVWARIHRPALAKANPAANNAEISVQLGLEWNKLSEECKKPYYDEAQKIKE,-0.6416543075079515,0
Q44D,RPMNAFMVWARIHRPALAKANPAANNAEISVQLGLEWNKLSEEDKKPYYDEAQKIKE,-0.0629041177102083,1
Q44E,RPMNAFMVWARIHRPALAKANPAANNAEISVQLGLEWNKLSEEEKKPYYDEAQKIKE,0.1107592395616006,1
Q44F,RPMNAFMVWARIHRPALAKANPAANNAEISVQLGLEWNKLSEEFKKPYYDEAQKIKE,-0.7674780995813966,0
Q44G,RPMNAFMVWARIHRPALAKANPAANNAEISVQLGLEWNKLSEEGKKPYYDEAQKIKE,-0.8265786292861703,0
Q44H,RPMNAFMVWARIHRPALAKANPAANNAEISVQLGLEWNKLSEEHKKPYYDEAQKIKE,-0.4031463675679649,0
Q44I,RPMNAFMVWARIHRPALAKANPAANNAEISVQLGLEWNKLSEEIKKPYYDEAQKIKE,-0.9687677931396944,0
Q44K,RPMNAFMVWARIHRPALAKANPAANNAEISVQLGLEWNKLSEEKKKPYYDEAQKIKE,-0.4515243331069509,0
Q44L,RPMNAFMVWARIHRPALAKANPAANNAEISVQLGLEWNKLSEELKKPYYDEAQKIKE,-0.5115207633336212,0
Q44M,RPMNAFMVWARIHRPALAKANPAANNAEISVQLGLEWNKLSEEMKKPYYDEAQKIKE,-0.4710209692655294,0
Q44N,RPMNAFMVWARIHRPALAKANPAANNAEISVQLGLEWNKLSEENKKPYYDEAQKIKE,-0.8211744256201792,0
Q44R,RPMNAFMVWARIHRPALAKANPAANNAEISVQLGLEWNKLSEERKKPYYDEAQKIKE,-0.7106663472676056,0
Q44S,RPMNAFMVWARIHRPALAKANPAANNAEISVQLGLEWNKLSEESKKPYYDEAQKIKE,-0.4193408887107734,0
Q44T,RPMNAFMVWARIHRPALAKANPAANNAEISVQLGLEWNKLSEETKKPYYDEAQKIKE,-0.944134985182203,0
Q44V,RPMNAFMVWARIHRPALAKANPAANNAEISVQLGLEWNKLSEEVKKPYYDEAQKIKE,-0.693181312001415,0
Q44W,RPMNAFMVWARIHRPALAKANPAANNAEISVQLGLEWNKLSEEWKKPYYDEAQKIKE,-1.25513027878244,0
Q44Y,RPMNAFMVWARIHRPALAKANPAANNAEISVQLGLEWNKLSEEYKKPYYDEAQKIKE,-0.691389187107291,0
Q53A,RPMNAFMVWARIHRPALAKANPAANNAEISVQLGLEWNKLSEEQKKPYYDEAAKIKE,0.3178823210171777,1
Q53C,RPMNAFMVWARIHRPALAKANPAANNAEISVQLGLEWNKLSEEQKKPYYDEACKIKE,-0.5059985253757739,0
Q53D,RPMNAFMVWARIHRPALAKANPAANNAEISVQLGLEWNKLSEEQKKPYYDEADKIKE,-0.0491630943526981,1
Q53E,RPMNAFMVWARIHRPALAKANPAANNAEISVQLGLEWNKLSEEQKKPYYDEAEKIKE,0.1138291434825138,1
Q53F,RPMNAFMVWARIHRPALAKANPAANNAEISVQLGLEWNKLSEEQKKPYYDEAFKIKE,-0.2419154258529934,1
Q53G,RPMNAFMVWARIHRPALAKANPAANNAEISVQLGLEWNKLSEEQKKPYYDEAGKIKE,-0.5976302697101392,0
Q53H,RPMNAFMVWARIHRPALAKANPAANNAEISVQLGLEWNKLSEEQKKPYYDEAHKIKE,-0.3004129097520458,1
Q53I,RPMNAFMVWARIHRPALAKANPAANNAEISVQLGLEWNKLSEEQKKPYYDEAIKIKE,-0.1549878621643849,1
Q53K,RPMNAFMVWARIHRPALAKANPAANNAEISVQLGLEWNKLSEEQKKPYYDEAKKIKE,0.1514796953387218,1
Q53L,RPMNAFMVWARIHRPALAKANPAANNAEISVQLGLEWNKLSEEQKKPYYDEALKIKE,-0.0162401776190854,1
Q53M,RPMNAFMVWARIHRPALAKANPAANNAEISVQLGLEWNKLSEEQKKPYYDEAMKIKE,-0.0545378114010803,1
Q53N,RPMNAFMVWARIHRPALAKANPAANNAEISVQLGLEWNKLSEEQKKPYYDEANKIKE,-0.0398692593830594,1
Q53P,RPMNAFMVWARIHRPALAKANPAANNAEISVQLGLEWNKLSEEQKKPYYDEAPKIKE,-1.509652151460137,0
Q53R,RPMNAFMVWARIHRPALAKANPAANNAEISVQLGLEWNKLSEEQKKPYYDEARKIKE,0.2266710226794366,1
Q53S,RPMNAFMVWARIHRPALAKANPAANNAEISVQLGLEWNKLSEEQKKPYYDEASKIKE,-0.1907242266063016,1
Q53T,RPMNAFMVWARIHRPALAKANPAANNAEISVQLGLEWNKLSEEQKKPYYDEATKIKE,-0.2998939113720174,1
Q53V,RPMNAFMVWARIHRPALAKANPAANNAEISVQLGLEWNKLSEEQKKPYYDEAVKIKE,-0.1974474985192365,1
Q53W,RPMNAFMVWARIHRPALAKANPAANNAEISVQLGLEWNKLSEEQKKPYYDEAWKIKE,-0.4747570499201896,0
Q53Y,RPMNAFMVWARIHRPALAKANPAANNAEISVQLGLEWNKLSEEQKKPYYDEAYKIKE,-0.2851636784106763,1
R11A,RPMNAFMVWAAIHRPALAKANPAANNAEISVQLGLEWNKLSEEQKKPYYDEAQKIKE,0.2896505721055136,1
R11C,RPMNAFMVWACIHRPALAKANPAANNAEISVQLGLEWNKLSEEQKKPYYDEAQKIKE,0.5044450512177638,1
R11D,RPMNAFMVWADIHRPALAKANPAANNAEISVQLGLEWNKLSEEQKKPYYDEAQKIKE,-0.0542801695062715,1
R11E,RPMNAFMVWAEIHRPALAKANPAANNAEISVQLGLEWNKLSEEQKKPYYDEAQKIKE,0.3050488729506204,1
R11F,RPMNAFMVWAFIHRPALAKANPAANNAEISVQLGLEWNKLSEEQKKPYYDEAQKIKE,0.2271049843981947,1
R11G,RPMNAFMVWAGIHRPALAKANPAANNAEISVQLGLEWNKLSEEQKKPYYDEAQKIKE,-0.4699275889461805,0
R11H,RPMNAFMVWAHIHRPALAKANPAANNAEISVQLGLEWNKLSEEQKKPYYDEAQKIKE,-0.2161318259266194,1
R11I,RPMNAFMVWAIIHRPALAKANPAANNAEISVQLGLEWNKLSEEQKKPYYDEAQKIKE,-0.0314841143694173,1
R11K,RPMNAFMVWAKIHRPALAKANPAANNAEISVQLGLEWNKLSEEQKKPYYDEAQKIKE,0.2189481883433317,1
R11L,RPMNAFMVWALIHRPALAKANPAANNAEISVQLGLEWNKLSEEQKKPYYDEAQKIKE,0.2262720208700095,1
R11M,RPMNAFMVWAMIHRPALAKANPAANNAEISVQLGLEWNKLSEEQKKPYYDEAQKIKE,0.1871549614076171,1
R11N,RPMNAFMVWANIHRPALAKANPAANNAEISVQLGLEWNKLSEEQKKPYYDEAQKIKE,-0.0917327059490951,1
R11P,RPMNAFMVWAPIHRPALAKANPAANNAEISVQLGLEWNKLSEEQKKPYYDEAQKIKE,-2.0721254119310792,0
R11Q,RPMNAFMVWAQIHRPALAKANPAANNAEISVQLGLEWNKLSEEQKKPYYDEAQKIKE,0.0509086160533724,1
R11S,RPMNAFMVWASIHRPALAKANPAANNAEISVQLGLEWNKLSEEQKKPYYDEAQKIKE,0.0135330692693043,1
R11T,RPMNAFMVWATIHRPALAKANPAANNAEISVQLGLEWNKLSEEQKKPYYDEAQKIKE,-0.0144502094472871,1
R11V,RPMNAFMVWAVIHRPALAKANPAANNAEISVQLGLEWNKLSEEQKKPYYDEAQKIKE,-0.0001067067820157,1
R11W,RPMNAFMVWAWIHRPALAKANPAANNAEISVQLGLEWNKLSEEQKKPYYDEAQKIKE,-0.0252011171818735,1
R11Y,RPMNAFMVWAYIHRPALAKANPAANNAEISVQLGLEWNKLSEEQKKPYYDEAQKIKE,0.1374695052690322,1
R14A,RPMNAFMVWARIHAPALAKANPAANNAEISVQLGLEWNKLSEEQKKPYYDEAQKIKE,-0.0608065731631524,1
R14C,RPMNAFMVWARIHCPALAKANPAANNAEISVQLGLEWNKLSEEQKKPYYDEAQKIKE,0.0559783993833002,1
R14E,RPMNAFMVWARIHEPALAKANPAANNAEISVQLGLEWNKLSEEQKKPYYDEAQKIKE,-0.6789039507350747,0
R14F,RPMNAFMVWARIHFPALAKANPAANNAEISVQLGLEWNKLSEEQKKPYYDEAQKIKE,0.091979097203227,1
R14G,RPMNAFMVWARIHGPALAKANPAANNAEISVQLGLEWNKLSEEQKKPYYDEAQKIKE,0.0553991026886175,1
R14H,RPMNAFMVWARIHHPALAKANPAANNAEISVQLGLEWNKLSEEQKKPYYDEAQKIKE,-0.7531704621204516,0
R14I,RPMNAFMVWARIHIPALAKANPAANNAEISVQLGLEWNKLSEEQKKPYYDEAQKIKE,-0.8353094201999429,0
R14K,RPMNAFMVWARIHKPALAKANPAANNAEISVQLGLEWNKLSEEQKKPYYDEAQKIKE,-0.330988369380127,0
R14L,RPMNAFMVWARIHLPALAKANPAANNAEISVQLGLEWNKLSEEQKKPYYDEAQKIKE,-0.2892837993910957,1
R14M,RPMNAFMVWARIHMPALAKANPAANNAEISVQLGLEWNKLSEEQKKPYYDEAQKIKE,-0.404343727824771,0
R14N,RPMNAFMVWARIHNPALAKANPAANNAEISVQLGLEWNKLSEEQKKPYYDEAQKIKE,-1.992730553896649,0
R14Q,RPMNAFMVWARIHQPALAKANPAANNAEISVQLGLEWNKLSEEQKKPYYDEAQKIKE,-0.7229691344777178,0
R14S,RPMNAFMVWARIHSPALAKANPAANNAEISVQLGLEWNKLSEEQKKPYYDEAQKIKE,-0.7575480170723492,0
R14T,RPMNAFMVWARIHTPALAKANPAANNAEISVQLGLEWNKLSEEQKKPYYDEAQKIKE,-0.8844453790463849,0
R14V,RPMNAFMVWARIHVPALAKANPAANNAEISVQLGLEWNKLSEEQKKPYYDEAQKIKE,-1.2003590623699447,0
R14W,RPMNAFMVWARIHWPALAKANPAANNAEISVQLGLEWNKLSEEQKKPYYDEAQKIKE,0.2902821363113532,1
R14Y,RPMNAFMVWARIHYPALAKANPAANNAEISVQLGLEWNKLSEEQKKPYYDEAQKIKE,0.3158479123830746,1
R1A,APMNAFMVWARIHRPALAKANPAANNAEISVQLGLEWNKLSEEQKKPYYDEAQKIKE,0.1073868295643176,1
R1C,CPMNAFMVWARIHRPALAKANPAANNAEISVQLGLEWNKLSEEQKKPYYDEAQKIKE,0.4776403854913704,1
R1D,DPMNAFMVWARIHRPALAKANPAANNAEISVQLGLEWNKLSEEQKKPYYDEAQKIKE,-0.0099386790720288,1
R1E,EPMNAFMVWARIHRPALAKANPAANNAEISVQLGLEWNKLSEEQKKPYYDEAQKIKE,0.1007825116751268,1
R1F,FPMNAFMVWARIHRPALAKANPAANNAEISVQLGLEWNKLSEEQKKPYYDEAQKIKE,0.1399011892277029,1
R1G,GPMNAFMVWARIHRPALAKANPAANNAEISVQLGLEWNKLSEEQKKPYYDEAQKIKE,0.0404740952968798,1
R1H,HPMNAFMVWARIHRPALAKANPAANNAEISVQLGLEWNKLSEEQKKPYYDEAQKIKE,0.0939355342220569,1
R1I,IPMNAFMVWARIHRPALAKANPAANNAEISVQLGLEWNKLSEEQKKPYYDEAQKIKE,0.1833635346753004,1
R1K,KPMNAFMVWARIHRPALAKANPAANNAEISVQLGLEWNKLSEEQKKPYYDEAQKIKE,0.3277078215216469,1
R1L,LPMNAFMVWARIHRPALAKANPAANNAEISVQLGLEWNKLSEEQKKPYYDEAQKIKE,0.1341381151852791,1
R1M,MPMNAFMVWARIHRPALAKANPAANNAEISVQLGLEWNKLSEEQKKPYYDEAQKIKE,0.1764549433169557,1
R1N,NPMNAFMVWARIHRPALAKANPAANNAEISVQLGLEWNKLSEEQKKPYYDEAQKIKE,-0.0178783950329641,1
R1P,PPMNAFMVWARIHRPALAKANPAANNAEISVQLGLEWNKLSEEQKKPYYDEAQKIKE,0.1029113522649813,1
R1Q,QPMNAFMVWARIHRPALAKANPAANNAEISVQLGLEWNKLSEEQKKPYYDEAQKIKE,-0.0312924553467648,1
R1S,SPMNAFMVWARIHRPALAKANPAANNAEISVQLGLEWNKLSEEQKKPYYDEAQKIKE,0.0247251923180424,1
R1T,TPMNAFMVWARIHRPALAKANPAANNAEISVQLGLEWNKLSEEQKKPYYDEAQKIKE,0.0939493486785769,1
R1V,VPMNAFMVWARIHRPALAKANPAANNAEISVQLGLEWNKLSEEQKKPYYDEAQKIKE,0.13692119722432,1
R1W,WPMNAFMVWARIHRPALAKANPAANNAEISVQLGLEWNKLSEEQKKPYYDEAQKIKE,0.2436068069175214,1
R1Y,YPMNAFMVWARIHRPALAKANPAANNAEISVQLGLEWNKLSEEQKKPYYDEAQKIKE,0.2155660388516498,1
S30A,RPMNAFMVWARIHRPALAKANPAANNAEIAVQLGLEWNKLSEEQKKPYYDEAQKIKE,0.1811649479973338,1
S30C,RPMNAFMVWARIHRPALAKANPAANNAEICVQLGLEWNKLSEEQKKPYYDEAQKIKE,0.6977763619575597,1
S30D,RPMNAFMVWARIHRPALAKANPAANNAEIDVQLGLEWNKLSEEQKKPYYDEAQKIKE,0.3122280504151349,1
S30E,RPMNAFMVWARIHRPALAKANPAANNAEIEVQLGLEWNKLSEEQKKPYYDEAQKIKE,0.5810010316859429,1
S30F,RPMNAFMVWARIHRPALAKANPAANNAEIFVQLGLEWNKLSEEQKKPYYDEAQKIKE,0.3449726833307616,1
S30G,RPMNAFMVWARIHRPALAKANPAANNAEIGVQLGLEWNKLSEEQKKPYYDEAQKIKE,-0.3353185693825762,0
S30H,RPMNAFMVWARIHRPALAKANPAANNAEIHVQLGLEWNKLSEEQKKPYYDEAQKIKE,0.0939067037346448,1
S30I,RPMNAFMVWARIHRPALAKANPAANNAEIIVQLGLEWNKLSEEQKKPYYDEAQKIKE,0.3224615209924777,1
S30K,RPMNAFMVWARIHRPALAKANPAANNAEIKVQLGLEWNKLSEEQKKPYYDEAQKIKE,-0.1737645284026192,1
S30L,RPMNAFMVWARIHRPALAKANPAANNAEILVQLGLEWNKLSEEQKKPYYDEAQKIKE,0.1914499572280363,1
S30M,RPMNAFMVWARIHRPALAKANPAANNAEIMVQLGLEWNKLSEEQKKPYYDEAQKIKE,0.6759413362421709,1
S30N,RPMNAFMVWARIHRPALAKANPAANNAEINVQLGLEWNKLSEEQKKPYYDEAQKIKE,0.294736425580008,1
S30P,RPMNAFMVWARIHRPALAKANPAANNAEIPVQLGLEWNKLSEEQKKPYYDEAQKIKE,-2.698465588161614,0
S30Q,RPMNAFMVWARIHRPALAKANPAANNAEIQVQLGLEWNKLSEEQKKPYYDEAQKIKE,0.1074003574582698,1
S30R,RPMNAFMVWARIHRPALAKANPAANNAEIRVQLGLEWNKLSEEQKKPYYDEAQKIKE,0.1694431090188763,1
S30T,RPMNAFMVWARIHRPALAKANPAANNAEITVQLGLEWNKLSEEQKKPYYDEAQKIKE,0.1575898113829428,1
S30V,RPMNAFMVWARIHRPALAKANPAANNAEIVVQLGLEWNKLSEEQKKPYYDEAQKIKE,-0.1338574264032868,1
S30W,RPMNAFMVWARIHRPALAKANPAANNAEIWVQLGLEWNKLSEEQKKPYYDEAQKIKE,1.0905299738606922,1
S30Y,RPMNAFMVWARIHRPALAKANPAANNAEIYVQLGLEWNKLSEEQKKPYYDEAQKIKE,0.4678832748497932,1
S41A,RPMNAFMVWARIHRPALAKANPAANNAEISVQLGLEWNKLAEEQKKPYYDEAQKIKE,-0.5734654406162703,0
S41C,RPMNAFMVWARIHRPALAKANPAANNAEISVQLGLEWNKLCEEQKKPYYDEAQKIKE,-1.3254225784662004,0
S41D,RPMNAFMVWARIHRPALAKANPAANNAEISVQLGLEWNKLDEEQKKPYYDEAQKIKE,-0.5529683093876683,0
S41E,RPMNAFMVWARIHRPALAKANPAANNAEISVQLGLEWNKLEEEQKKPYYDEAQKIKE,-1.2130749204911129,0
S41F,RPMNAFMVWARIHRPALAKANPAANNAEISVQLGLEWNKLFEEQKKPYYDEAQKIKE,-1.7799326721553663,0
S41G,RPMNAFMVWARIHRPALAKANPAANNAEISVQLGLEWNKLGEEQKKPYYDEAQKIKE,-0.8446101368779217,0
S41H,RPMNAFMVWARIHRPALAKANPAANNAEISVQLGLEWNKLHEEQKKPYYDEAQKIKE,-1.3395939005150348,0
S41I,RPMNAFMVWARIHRPALAKANPAANNAEISVQLGLEWNKLIEEQKKPYYDEAQKIKE,-1.6109904300774225,0
S41K,RPMNAFMVWARIHRPALAKANPAANNAEISVQLGLEWNKLKEEQKKPYYDEAQKIKE,-1.0641768978312405,0
S41L,RPMNAFMVWARIHRPALAKANPAANNAEISVQLGLEWNKLLEEQKKPYYDEAQKIKE,-1.014921801630607,0
S41M,RPMNAFMVWARIHRPALAKANPAANNAEISVQLGLEWNKLMEEQKKPYYDEAQKIKE,-1.235301495781275,0
S41N,RPMNAFMVWARIHRPALAKANPAANNAEISVQLGLEWNKLNEEQKKPYYDEAQKIKE,-0.3574099225660072,0
S41P,RPMNAFMVWARIHRPALAKANPAANNAEISVQLGLEWNKLPEEQKKPYYDEAQKIKE,-0.6270544303440606,0
S41Q,RPMNAFMVWARIHRPALAKANPAANNAEISVQLGLEWNKLQEEQKKPYYDEAQKIKE,-1.2276585339170658,0
S41R,RPMNAFMVWARIHRPALAKANPAANNAEISVQLGLEWNKLREEQKKPYYDEAQKIKE,-0.8884863313369917,0
S41T,RPMNAFMVWARIHRPALAKANPAANNAEISVQLGLEWNKLTEEQKKPYYDEAQKIKE,0.1974194463250604,1
S41V,RPMNAFMVWARIHRPALAKANPAANNAEISVQLGLEWNKLVEEQKKPYYDEAQKIKE,-1.4493625633177765,0
S41W,RPMNAFMVWARIHRPALAKANPAANNAEISVQLGLEWNKLWEEQKKPYYDEAQKIKE,-2.1035090499490687,0
S41Y,RPMNAFMVWARIHRPALAKANPAANNAEISVQLGLEWNKLYEEQKKPYYDEAQKIKE,-2.0787488524048388,0
V31A,RPMNAFMVWARIHRPALAKANPAANNAEISAQLGLEWNKLSEEQKKPYYDEAQKIKE,0.165076579298284,1
V31C,RPMNAFMVWARIHRPALAKANPAANNAEISCQLGLEWNKLSEEQKKPYYDEAQKIKE,-0.2081805937050043,1
V31D,RPMNAFMVWARIHRPALAKANPAANNAEISDQLGLEWNKLSEEQKKPYYDEAQKIKE,-0.5776919750212954,0
V31E,RPMNAFMVWARIHRPALAKANPAANNAEISEQLGLEWNKLSEEQKKPYYDEAQKIKE,-0.1658100189614892,1
V31F,RPMNAFMVWARIHRPALAKANPAANNAEISFQLGLEWNKLSEEQKKPYYDEAQKIKE,0.2556612731587417,1
V31G,RPMNAFMVWARIHRPALAKANPAANNAEISGQLGLEWNKLSEEQKKPYYDEAQKIKE,-1.0225479686693877,0
V31H,RPMNAFMVWARIHRPALAKANPAANNAEISHQLGLEWNKLSEEQKKPYYDEAQKIKE,0.1489726892398257,1
V31I,RPMNAFMVWARIHRPALAKANPAANNAEISIQLGLEWNKLSEEQKKPYYDEAQKIKE,0.2335245330023796,1
V31K,RPMNAFMVWARIHRPALAKANPAANNAEISKQLGLEWNKLSEEQKKPYYDEAQKIKE,0.3044476096061723,1
V31L,RPMNAFMVWARIHRPALAKANPAANNAEISLQLGLEWNKLSEEQKKPYYDEAQKIKE,0.0170119979348126,1
V31M,RPMNAFMVWARIHRPALAKANPAANNAEISMQLGLEWNKLSEEQKKPYYDEAQKIKE,0.0887115334881993,1
V31N,RPMNAFMVWARIHRPALAKANPAANNAEISNQLGLEWNKLSEEQKKPYYDEAQKIKE,-0.4974985766829665,0
V31P,RPMNAFMVWARIHRPALAKANPAANNAEISPQLGLEWNKLSEEQKKPYYDEAQKIKE,-3.4968318720625344,0
V31Q,RPMNAFMVWARIHRPALAKANPAANNAEISQQLGLEWNKLSEEQKKPYYDEAQKIKE,-0.0036433295825952,1
V31R,RPMNAFMVWARIHRPALAKANPAANNAEISRQLGLEWNKLSEEQKKPYYDEAQKIKE,0.5241401181621237,1
V31S,RPMNAFMVWARIHRPALAKANPAANNAEISSQLGLEWNKLSEEQKKPYYDEAQKIKE,-0.4952416038316225,0
V31T,RPMNAFMVWARIHRPALAKANPAANNAEISTQLGLEWNKLSEEQKKPYYDEAQKIKE,-0.1836816044248812,1
V31W,RPMNAFMVWARIHRPALAKANPAANNAEISWQLGLEWNKLSEEQKKPYYDEAQKIKE,0.1830499933794418,1
V31Y,RPMNAFMVWARIHRPALAKANPAANNAEISYQLGLEWNKLSEEQKKPYYDEAQKIKE,0.360237673179645,1
V8A,RPMNAFMAWARIHRPALAKANPAANNAEISVQLGLEWNKLSEEQKKPYYDEAQKIKE,-0.8356181250306229,0
V8C,RPMNAFMCWARIHRPALAKANPAANNAEISVQLGLEWNKLSEEQKKPYYDEAQKIKE,-0.3889594926470003,0
V8D,RPMNAFMDWARIHRPALAKANPAANNAEISVQLGLEWNKLSEEQKKPYYDEAQKIKE,-1.9680519140829695,0
V8E,RPMNAFMEWARIHRPALAKANPAANNAEISVQLGLEWNKLSEEQKKPYYDEAQKIKE,-1.2121901309582677,0
V8F,RPMNAFMFWARIHRPALAKANPAANNAEISVQLGLEWNKLSEEQKKPYYDEAQKIKE,0.0425669207484404,1
V8G,RPMNAFMGWARIHRPALAKANPAANNAEISVQLGLEWNKLSEEQKKPYYDEAQKIKE,-2.3531101482632364,0
V8H,RPMNAFMHWARIHRPALAKANPAANNAEISVQLGLEWNKLSEEQKKPYYDEAQKIKE,-0.7776086947063594,0
V8I,RPMNAFMIWARIHRPALAKANPAANNAEISVQLGLEWNKLSEEQKKPYYDEAQKIKE,0.7673603760490821,1
V8K,RPMNAFMKWARIHRPALAKANPAANNAEISVQLGLEWNKLSEEQKKPYYDEAQKIKE,-1.221465133322539,0
V8L,RPMNAFMLWARIHRPALAKANPAANNAEISVQLGLEWNKLSEEQKKPYYDEAQKIKE,0.5173721478533588,1
V8M,RPMNAFMMWARIHRPALAKANPAANNAEISVQLGLEWNKLSEEQKKPYYDEAQKIKE,-0.1985453703660429,1
V8N,RPMNAFMNWARIHRPALAKANPAANNAEISVQLGLEWNKLSEEQKKPYYDEAQKIKE,-1.1282410265589091,0
V8Q,RPMNAFMQWARIHRPALAKANPAANNAEISVQLGLEWNKLSEEQKKPYYDEAQKIKE,-1.1707526175588785,0
V8R,RPMNAFMRWARIHRPALAKANPAANNAEISVQLGLEWNKLSEEQKKPYYDEAQKIKE,-0.5814734768299084,0
V8S,RPMNAFMSWARIHRPALAKANPAANNAEISVQLGLEWNKLSEEQKKPYYDEAQKIKE,-1.060845280861407,0
V8T,RPMNAFMTWARIHRPALAKANPAANNAEISVQLGLEWNKLSEEQKKPYYDEAQKIKE,-1.2545154062461807,0
V8W,RPMNAFMWWARIHRPALAKANPAANNAEISVQLGLEWNKLSEEQKKPYYDEAQKIKE,-0.6446336429058306,0
V8Y,RPMNAFMYWARIHRPALAKANPAANNAEISVQLGLEWNKLSEEQKKPYYDEAQKIKE,-0.0843526535177612,1
W37F,RPMNAFMVWARIHRPALAKANPAANNAEISVQLGLEFNKLSEEQKKPYYDEAQKIKE,-1.316634741142389,0
W37Y,RPMNAFMVWARIHRPALAKANPAANNAEISVQLGLEYNKLSEEQKKPYYDEAQKIKE,-2.05110644673322,0
W9C,RPMNAFMVCARIHRPALAKANPAANNAEISVQLGLEWNKLSEEQKKPYYDEAQKIKE,-1.9348035422396836,0
W9F,RPMNAFMVFARIHRPALAKANPAANNAEISVQLGLEWNKLSEEQKKPYYDEAQKIKE,0.7214685351898416,1
W9H,RPMNAFMVHARIHRPALAKANPAANNAEISVQLGLEWNKLSEEQKKPYYDEAQKIKE,-3.259278953152387,0
W9M,RPMNAFMVMARIHRPALAKANPAANNAEISVQLGLEWNKLSEEQKKPYYDEAQKIKE,-2.9447792696813373,0
W9Y,RPMNAFMVYARIHRPALAKANPAANNAEISVQLGLEWNKLSEEQKKPYYDEAQKIKE,0.1622157884974164,1
Y48C,RPMNAFMVWARIHRPALAKANPAANNAEISVQLGLEWNKLSEEQKKPCYDEAQKIKE,-1.355909417133991,0
Y48F,RPMNAFMVWARIHRPALAKANPAANNAEISVQLGLEWNKLSEEQKKPFYDEAQKIKE,-0.1908859456756095,1
Y48H,RPMNAFMVWARIHRPALAKANPAANNAEISVQLGLEWNKLSEEQKKPHYDEAQKIKE,-2.1126791320921634,0
Y48I,RPMNAFMVWARIHRPALAKANPAANNAEISVQLGLEWNKLSEEQKKPIYDEAQKIKE,-2.3922432915266127,0
Y48K,RPMNAFMVWARIHRPALAKANPAANNAEISVQLGLEWNKLSEEQKKPKYDEAQKIKE,-2.9466825067852254,0
Y48L,RPMNAFMVWARIHRPALAKANPAANNAEISVQLGLEWNKLSEEQKKPLYDEAQKIKE,-2.896144434114559,0
Y48M,RPMNAFMVWARIHRPALAKANPAANNAEISVQLGLEWNKLSEEQKKPMYDEAQKIKE,-2.345143741164629,0
Y48N,RPMNAFMVWARIHRPALAKANPAANNAEISVQLGLEWNKLSEEQKKPNYDEAQKIKE,-1.620949973543773,0
Y48S,RPMNAFMVWARIHRPALAKANPAANNAEISVQLGLEWNKLSEEQKKPSYDEAQKIKE,-2.5841696434850845,0
Y48T,RPMNAFMVWARIHRPALAKANPAANNAEISVQLGLEWNKLSEEQKKPTYDEAQKIKE,-3.1846499738047536,0
Y48V,RPMNAFMVWARIHRPALAKANPAANNAEISVQLGLEWNKLSEEQKKPVYDEAQKIKE,-3.4781900313488245,0
Y48W,RPMNAFMVWARIHRPALAKANPAANNAEISVQLGLEWNKLSEEQKKPWYDEAQKIKE,0.2052541057883008,1
Y49A,RPMNAFMVWARIHRPALAKANPAANNAEISVQLGLEWNKLSEEQKKPYADEAQKIKE,-0.5083876168438168,0
Y49C,RPMNAFMVWARIHRPALAKANPAANNAEISVQLGLEWNKLSEEQKKPYCDEAQKIKE,-0.842811870146567,0
Y49D,RPMNAFMVWARIHRPALAKANPAANNAEISVQLGLEWNKLSEEQKKPYDDEAQKIKE,-1.1201181966127534,0
Y49E,RPMNAFMVWARIHRPALAKANPAANNAEISVQLGLEWNKLSEEQKKPYEDEAQKIKE,-0.3417184344410557,0
Y49F,RPMNAFMVWARIHRPALAKANPAANNAEISVQLGLEWNKLSEEQKKPYFDEAQKIKE,-0.0296036881734207,1
Y49G,RPMNAFMVWARIHRPALAKANPAANNAEISVQLGLEWNKLSEEQKKPYGDEAQKIKE,-1.3271115527522714,0
Y49H,RPMNAFMVWARIHRPALAKANPAANNAEISVQLGLEWNKLSEEQKKPYHDEAQKIKE,-0.4143967208153682,0
Y49I,RPMNAFMVWARIHRPALAKANPAANNAEISVQLGLEWNKLSEEQKKPYIDEAQKIKE,-0.3216404755417845,0
Y49K,RPMNAFMVWARIHRPALAKANPAANNAEISVQLGLEWNKLSEEQKKPYKDEAQKIKE,-0.5400869935204096,0
Y49L,RPMNAFMVWARIHRPALAKANPAANNAEISVQLGLEWNKLSEEQKKPYLDEAQKIKE,-0.6309648661078464,0
Y49M,RPMNAFMVWARIHRPALAKANPAANNAEISVQLGLEWNKLSEEQKKPYMDEAQKIKE,-0.2698066434429313,1
Y49N,RPMNAFMVWARIHRPALAKANPAANNAEISVQLGLEWNKLSEEQKKPYNDEAQKIKE,-0.9293447416912192,0
Y49P,RPMNAFMVWARIHRPALAKANPAANNAEISVQLGLEWNKLSEEQKKPYPDEAQKIKE,-3.8109354827517663,0
Y49Q,RPMNAFMVWARIHRPALAKANPAANNAEISVQLGLEWNKLSEEQKKPYQDEAQKIKE,-0.6836808284652696,0
Y49R,RPMNAFMVWARIHRPALAKANPAANNAEISVQLGLEWNKLSEEQKKPYRDEAQKIKE,-0.0566185900673392,1
Y49S,RPMNAFMVWARIHRPALAKANPAANNAEISVQLGLEWNKLSEEQKKPYSDEAQKIKE,-0.878522653453367,0
Y49T,RPMNAFMVWARIHRPALAKANPAANNAEISVQLGLEWNKLSEEQKKPYTDEAQKIKE,-1.053646298107313,0
Y49V,RPMNAFMVWARIHRPALAKANPAANNAEISVQLGLEWNKLSEEQKKPYVDEAQKIKE,-0.4652680991250419,0
Y49W,RPMNAFMVWARIHRPALAKANPAANNAEISVQLGLEWNKLSEEQKKPYWDEAQKIKE,-0.4723433738144353,0
