mutant,mutated_sequence,DMS_score,DMS_score_bin
A34C,RLIESLSQMLSMGFSDEGGWLTRLLQTKNYDIGCALDTIQ,-0.6013723731913199,1
A34D,RLIESLSQMLSMGFSDEGGWLTRLLQTKNYDIGDALDTIQ,-0.8547363125665708,1
A34E,RLIESLSQMLSMGFSDEGGWLTRLLQTKNYDIGEALDTIQ,-0.664873557910223,1
A34F,RLIESLSQMLSMGFSDEGGWLTRLLQTKNYDIGFALDTIQ,-1.0720505397172486,0
A34G,RLIESLSQMLSMGFSDEGGWLTRLLQTKNYDIGGALDTIQ,-1.0600952861624982,0
A34H,RLIESLSQMLSMGFSDEGGWLTRLLQTKNYDIGHALDTIQ,-1.2366132465099555,0
A34I,RLIESLSQMLSMGFSDEGGWLTRLLQTKNYDIGIALDTIQ,-0.8439901629860991,1
A34K,RLIESLSQMLSMGFSDEGGWLTRLLQTKNYDIGKALDTIQ,-0.4593509515183662,1
A34L,RLIESLSQMLSMGFSDEGGWLTRLLQTKNYDIGLALDTIQ,-0.1521152186861969,1
A34M,RLIESLSQMLSMGFSDEGGWLTRLLQTKNYDIGMALDTIQ,-0.5952275294630833,1
A34N,RLIESLSQMLSMGFSDEGGWLTRLLQTKNYDIGNALDTIQ,-0.8590624056140421,0
A34P,RLIESLSQMLSMGFSDEGGWLTRLLQTKNYDIGPALDTIQ,-1.5794668385291144,0
A34Q,RLIESLSQMLSMGFSDEGGWLTRLLQTKNYDIGQALDTIQ,-0.4044745132453546,1
A34R,RLIESLSQMLSMGFSDEGGWLTRLLQTKNYDIGRALDTIQ,-0.7928136549076912,1
A34T,RLIESLSQMLSMGFSDEGGWLTRLLQTKNYDIGTALDTIQ,-1.1037269783526773,0
A34V,RLIESLSQMLSMGFSDEGGWLTRLLQTKNYDIGVALDTIQ,-0.938777359722488,0
A34W,RLIESLSQMLSMGFSDEGGWLTRLLQTKNYDIGWALDTIQ,-0.8445446200910518,1
A34Y,RLIESLSQMLSMGFSDEGGWLTRLLQTKNYDIGYALDTIQ,-1.2825044543594926,0
A35D,RLIESLSQMLSMGFSDEGGWLTRLLQTKNYDIGADLDTIQ,-1.7998761836678423,0
A35E,RLIESLSQMLSMGFSDEGGWLTRLLQTKNYDIGAELDTIQ,-1.8084654336684691,0
A35F,RLIESLSQMLSMGFSDEGGWLTRLLQTKNYDIGAFLDTIQ,-0.7968848078454278,1
A35G,RLIESLSQMLSMGFSDEGGWLTRLLQTKNYDIGAGLDTIQ,-1.9238369632791523,0
A35H,RLIESLSQMLSMGFSDEGGWLTRLLQTKNYDIGAHLDTIQ,-1.3966385048240575,0
A35I,RLIESLSQMLSMGFSDEGGWLTRLLQTKNYDIGAILDTIQ,-0.2690986108913695,1
A35K,RLIESLSQMLSMGFSDEGGWLTRLLQTKNYDIGAKLDTIQ,-1.811836282165878,0
A35L,RLIESLSQMLSMGFSDEGGWLTRLLQTKNYDIGALLDTIQ,-0.7291147109972693,1
A35M,RLIESLSQMLSMGFSDEGGWLTRLLQTKNYDIGAMLDTIQ,-1.2071622377735236,0
A35N,RLIESLSQMLSMGFSDEGGWLTRLLQTKNYDIGANLDTIQ,-2.021069518888644,0
A35P,RLIESLSQMLSMGFSDEGGWLTRLLQTKNYDIGAPLDTIQ,-1.410947291684347,0
A35Q,RLIESLSQMLSMGFSDEGGWLTRLLQTKNYDIGAQLDTIQ,-1.3863832315829194,0
A35R,RLIESLSQMLSMGFSDEGGWLTRLLQTKNYDIGARLDTIQ,-2.1311967019896354,0
A35S,RLIESLSQMLSMGFSDEGGWLTRLLQTKNYDIGASLDTIQ,-0.9895357022854844,0
A35T,RLIESLSQMLSMGFSDEGGWLTRLLQTKNYDIGATLDTIQ,-0.1005679808247932,1
A35V,RLIESLSQMLSMGFSDEGGWLTRLLQTKNYDIGAVLDTIQ,0.4670012182198224,1
A35W,RLIESLSQMLSMGFSDEGGWLTRLLQTKNYDIGAWLDTIQ,-0.7912163509785097,1
A35Y,RLIESLSQMLSMGFSDEGGWLTRLLQTKNYDIGAYLDTIQ,-1.4856809334974672,0
D16A,RLIESLSQMLSMGFSAEGGWLTRLLQTKNYDIGAALDTIQ,-1.189550300267003,0
D16E,RLIESLSQMLSMGFSEEGGWLTRLLQTKNYDIGAALDTIQ,-1.4690829758448871,0
D16F,RLIESLSQMLSMGFSFEGGWLTRLLQTKNYDIGAALDTIQ,-1.4273409154828158,0
D16G,RLIESLSQMLSMGFSGEGGWLTRLLQTKNYDIGAALDTIQ,-1.6218862827502658,0
D16H,RLIESLSQMLSMGFSHEGGWLTRLLQTKNYDIGAALDTIQ,-1.065331006197583,0
D16I,RLIESLSQMLSMGFSIEGGWLTRLLQTKNYDIGAALDTIQ,-1.0787817256603611,0
D16K,RLIESLSQMLSMGFSKEGGWLTRLLQTKNYDIGAALDTIQ,-1.6905977224579842,0
D16L,RLIESLSQMLSMGFSLEGGWLTRLLQTKNYDIGAALDTIQ,-1.531943271155476,0
D16M,RLIESLSQMLSMGFSMEGGWLTRLLQTKNYDIGAALDTIQ,-1.39313863974302,0
D16P,RLIESLSQMLSMGFSPEGGWLTRLLQTKNYDIGAALDTIQ,-1.679024875338185,0
D16Q,RLIESLSQMLSMGFSQEGGWLTRLLQTKNYDIGAALDTIQ,-1.310175800295461,0
D16R,RLIESLSQMLSMGFSREGGWLTRLLQTKNYDIGAALDTIQ,-1.4962015345453958,0
D16S,RLIESLSQMLSMGFSSEGGWLTRLLQTKNYDIGAALDTIQ,-1.7771545722110136,0
D16T,RLIESLSQMLSMGFSTEGGWLTRLLQTKNYDIGAALDTIQ,-1.545810935471608,0
D16Y,RLIESLSQMLSMGFSYEGGWLTRLLQTKNYDIGAALDTIQ,-1.5597012812509683,0
D31A,RLIESLSQMLSMGFSDEGGWLTRLLQTKNYAIGAALDTIQ,-1.2811801411169117,0
D31E,RLIESLSQMLSMGFSDEGGWLTRLLQTKNYEIGAALDTIQ,-1.0690077313344033,0
D31F,RLIESLSQMLSMGFSDEGGWLTRLLQTKNYFIGAALDTIQ,-1.018386711414889,0
D31G,RLIESLSQMLSMGFSDEGGWLTRLLQTKNYGIGAALDTIQ,-1.734637094734052,0
D31H,RLIESLSQMLSMGFSDEGGWLTRLLQTKNYHIGAALDTIQ,-1.0043794235897066,0
D31I,RLIESLSQMLSMGFSDEGGWLTRLLQTKNYIIGAALDTIQ,-0.8402349345748736,1
D31K,RLIESLSQMLSMGFSDEGGWLTRLLQTKNYKIGAALDTIQ,-1.7727241549603572,0
D31L,RLIESLSQMLSMGFSDEGGWLTRLLQTKNYLIGAALDTIQ,-0.9359924320387324,0
D31M,RLIESLSQMLSMGFSDEGGWLTRLLQTKNYMIGAALDTIQ,-0.9559603509894012,0
D31N,RLIESLSQMLSMGFSDEGGWLTRLLQTKNYNIGAALDTIQ,-0.6474845640424507,1
D31P,RLIESLSQMLSMGFSDEGGWLTRLLQTKNYPIGAALDTIQ,-1.5070539812323824,0
D31Q,RLIESLSQMLSMGFSDEGGWLTRLLQTKNYQIGAALDTIQ,-1.23623464144947,0
D31R,RLIESLSQMLSMGFSDEGGWLTRLLQTKNYRIGAALDTIQ,-1.9175125192598097,0
D31S,RLIESLSQMLSMGFSDEGGWLTRLLQTKNYSIGAALDTIQ,-0.7908815656845793,1
D31T,RLIESLSQMLSMGFSDEGGWLTRLLQTKNYTIGAALDTIQ,-1.3657003725311374,0
D31V,RLIESLSQMLSMGFSDEGGWLTRLLQTKNYVIGAALDTIQ,-0.9477356661050846,0
D31W,RLIESLSQMLSMGFSDEGGWLTRLLQTKNYWIGAALDTIQ,-0.5609765933869861,1
D31Y,RLIESLSQMLSMGFSDEGGWLTRLLQTKNYYIGAALDTIQ,-0.9967090507874604,0
D37A,RLIESLSQMLSMGFSDEGGWLTRLLQTKNYDIGAALATIQ,0.3761467826311322,1
D37E,RLIESLSQMLSMGFSDEGGWLTRLLQTKNYDIGAALETIQ,0.294222033193964,1
D37F,RLIESLSQMLSMGFSDEGGWLTRLLQTKNYDIGAALFTIQ,-0.3255935463968478,1
D37G,RLIESLSQMLSMGFSDEGGWLTRLLQTKNYDIGAALGTIQ,-0.7393630341407331,1
D37H,RLIESLSQMLSMGFSDEGGWLTRLLQTKNYDIGAALHTIQ,-0.1537475855625523,1
D37I,RLIESLSQMLSMGFSDEGGWLTRLLQTKNYDIGAALITIQ,0.091727555860837,1
D37K,RLIESLSQMLSMGFSDEGGWLTRLLQTKNYDIGAALKTIQ,0.1337039868422298,1
D37L,RLIESLSQMLSMGFSDEGGWLTRLLQTKNYDIGAALLTIQ,0.1222049986454796,1
D37M,RLIESLSQMLSMGFSDEGGWLTRLLQTKNYDIGAALMTIQ,-0.0952269668786698,1
D37N,RLIESLSQMLSMGFSDEGGWLTRLLQTKNYDIGAALNTIQ,-0.2933264576023471,1
D37P,RLIESLSQMLSMGFSDEGGWLTRLLQTKNYDIGAALPTIQ,-1.7187869121580772,0
D37Q,RLIESLSQMLSMGFSDEGGWLTRLLQTKNYDIGAALQTIQ,0.2663180701744485,1
D37R,RLIESLSQMLSMGFSDEGGWLTRLLQTKNYDIGAALRTIQ,-0.020583787547082,1
D37S,RLIESLSQMLSMGFSDEGGWLTRLLQTKNYDIGAALSTIQ,0.0261220473908569,1
D37T,RLIESLSQMLSMGFSDEGGWLTRLLQTKNYDIGAALTTIQ,-0.2740791045990423,1
D37V,RLIESLSQMLSMGFSDEGGWLTRLLQTKNYDIGAALVTIQ,-0.0588835134338583,1
D37W,RLIESLSQMLSMGFSDEGGWLTRLLQTKNYDIGAALWTIQ,-0.3966346306599044,1
D37Y,RLIESLSQMLSMGFSDEGGWLTRLLQTKNYDIGAALYTIQ,-0.2834030885845569,1
E17A,RLIESLSQMLSMGFSDAGGWLTRLLQTKNYDIGAALDTIQ,-0.4608142075637222,1
E17D,RLIESLSQMLSMGFSDDGGWLTRLLQTKNYDIGAALDTIQ,-0.2635165029715347,1
E17F,RLIESLSQMLSMGFSDFGGWLTRLLQTKNYDIGAALDTIQ,-0.2008535713530537,1
E17G,RLIESLSQMLSMGFSDGGGWLTRLLQTKNYDIGAALDTIQ,-1.0057309524324567,0
E17H,RLIESLSQMLSMGFSDHGGWLTRLLQTKNYDIGAALDTIQ,-0.3448920796195849,1
E17I,RLIESLSQMLSMGFSDIGGWLTRLLQTKNYDIGAALDTIQ,-0.0712156669221415,1
E17K,RLIESLSQMLSMGFSDKGGWLTRLLQTKNYDIGAALDTIQ,-0.9272123267722678,0
E17L,RLIESLSQMLSMGFSDLGGWLTRLLQTKNYDIGAALDTIQ,-0.5207910601333285,1
E17M,RLIESLSQMLSMGFSDMGGWLTRLLQTKNYDIGAALDTIQ,-0.308098511410162,1
E17N,RLIESLSQMLSMGFSDNGGWLTRLLQTKNYDIGAALDTIQ,-0.6349333539200841,1
E17P,RLIESLSQMLSMGFSDPGGWLTRLLQTKNYDIGAALDTIQ,-0.890068463312653,0
E17Q,RLIESLSQMLSMGFSDQGGWLTRLLQTKNYDIGAALDTIQ,-0.4110561152279421,1
E17R,RLIESLSQMLSMGFSDRGGWLTRLLQTKNYDIGAALDTIQ,-0.7976289998990089,1
E17S,RLIESLSQMLSMGFSDSGGWLTRLLQTKNYDIGAALDTIQ,-0.5887497561656478,1
E17T,RLIESLSQMLSMGFSDTGGWLTRLLQTKNYDIGAALDTIQ,-0.3256830565987827,1
E17V,RLIESLSQMLSMGFSDVGGWLTRLLQTKNYDIGAALDTIQ,-0.1187874226530896,1
E17W,RLIESLSQMLSMGFSDWGGWLTRLLQTKNYDIGAALDTIQ,-0.3443756509968141,1
E17Y,RLIESLSQMLSMGFSDYGGWLTRLLQTKNYDIGAALDTIQ,-0.4608621471060909,1
E4A,RLIASLSQMLSMGFSDEGGWLTRLLQTKNYDIGAALDTIQ,-0.1106982817537076,1
E4D,RLIDSLSQMLSMGFSDEGGWLTRLLQTKNYDIGAALDTIQ,-0.261265270428292,1
E4F,RLIFSLSQMLSMGFSDEGGWLTRLLQTKNYDIGAALDTIQ,-0.6723260397356823,1
E4G,RLIGSLSQMLSMGFSDEGGWLTRLLQTKNYDIGAALDTIQ,-0.8872720117201394,0
E4H,RLIHSLSQMLSMGFSDEGGWLTRLLQTKNYDIGAALDTIQ,-0.2654818945422894,1
E4I,RLIISLSQMLSMGFSDEGGWLTRLLQTKNYDIGAALDTIQ,-0.3491362502510813,1
E4K,RLIKSLSQMLSMGFSDEGGWLTRLLQTKNYDIGAALDTIQ,-0.3340027469543867,1
E4L,RLILSLSQMLSMGFSDEGGWLTRLLQTKNYDIGAALDTIQ,-0.2433898327752954,1
E4M,RLIMSLSQMLSMGFSDEGGWLTRLLQTKNYDIGAALDTIQ,-0.1523709506485402,1
E4N,RLINSLSQMLSMGFSDEGGWLTRLLQTKNYDIGAALDTIQ,-0.4274553572181643,1
E4P,RLIPSLSQMLSMGFSDEGGWLTRLLQTKNYDIGAALDTIQ,-1.0029144424251513,0
E4Q,RLIQSLSQMLSMGFSDEGGWLTRLLQTKNYDIGAALDTIQ,-0.2216324340797641,1
E4R,RLIRSLSQMLSMGFSDEGGWLTRLLQTKNYDIGAALDTIQ,-0.3550578803150448,1
E4S,RLISSLSQMLSMGFSDEGGWLTRLLQTKNYDIGAALDTIQ,-0.2805243170320488,1
E4T,RLITSLSQMLSMGFSDEGGWLTRLLQTKNYDIGAALDTIQ,-0.5598265583378923,1
E4V,RLIVSLSQMLSMGFSDEGGWLTRLLQTKNYDIGAALDTIQ,-0.3262331937001161,1
E4W,RLIWSLSQMLSMGFSDEGGWLTRLLQTKNYDIGAALDTIQ,-0.3769902089702528,1
E4Y,RLIYSLSQMLSMGFSDEGGWLTRLLQTKNYDIGAALDTIQ,-0.6521618377693112,1
F14A,RLIESLSQMLSMGASDEGGWLTRLLQTKNYDIGAALDTIQ,-1.7230311600995607,0
F14D,RLIESLSQMLSMGDSDEGGWLTRLLQTKNYDIGAALDTIQ,-1.85113786908886,0
F14E,RLIESLSQMLSMGESDEGGWLTRLLQTKNYDIGAALDTIQ,-1.378880423591482,0
F14G,RLIESLSQMLSMGGSDEGGWLTRLLQTKNYDIGAALDTIQ,-1.256815000561115,0
F14H,RLIESLSQMLSMGHSDEGGWLTRLLQTKNYDIGAALDTIQ,-1.6005009923643951,0
F14I,RLIESLSQMLSMGISDEGGWLTRLLQTKNYDIGAALDTIQ,-1.3352470940877323,0
F14K,RLIESLSQMLSMGKSDEGGWLTRLLQTKNYDIGAALDTIQ,-2.475102817002154,0
F14L,RLIESLSQMLSMGLSDEGGWLTRLLQTKNYDIGAALDTIQ,-1.0213220323842656,0
F14M,RLIESLSQMLSMGMSDEGGWLTRLLQTKNYDIGAALDTIQ,-1.480871997072001,0
F14P,RLIESLSQMLSMGPSDEGGWLTRLLQTKNYDIGAALDTIQ,-1.820592839685122,0
F14Q,RLIESLSQMLSMGQSDEGGWLTRLLQTKNYDIGAALDTIQ,-1.962159843654872,0
F14R,RLIESLSQMLSMGRSDEGGWLTRLLQTKNYDIGAALDTIQ,-2.489909682883763,0
F14S,RLIESLSQMLSMGSSDEGGWLTRLLQTKNYDIGAALDTIQ,-2.0861562729130627,0
F14T,RLIESLSQMLSMGTSDEGGWLTRLLQTKNYDIGAALDTIQ,-1.8265790122688383,0
F14V,RLIESLSQMLSMGVSDEGGWLTRLLQTKNYDIGAALDTIQ,-1.6641691024945038,0
F14W,RLIESLSQMLSMGWSDEGGWLTRLLQTKNYDIGAALDTIQ,-0.6098405309186643,1
F14Y,RLIESLSQMLSMGYSDEGGWLTRLLQTKNYDIGAALDTIQ,0.04169843759334,1
G13A,RLIESLSQMLSMAFSDEGGWLTRLLQTKNYDIGAALDTIQ,-1.397928806260624,0
G13C,RLIESLSQMLSMCFSDEGGWLTRLLQTKNYDIGAALDTIQ,-0.3193481791113668,1
G13D,RLIESLSQMLSMDFSDEGGWLTRLLQTKNYDIGAALDTIQ,-1.908591626067308,0
G13E,RLIESLSQMLSMEFSDEGGWLTRLLQTKNYDIGAALDTIQ,-1.4068572974987512,0
G13F,RLIESLSQMLSMFFSDEGGWLTRLLQTKNYDIGAALDTIQ,-0.8586629116790525,0
G13H,RLIESLSQMLSMHFSDEGGWLTRLLQTKNYDIGAALDTIQ,-1.287351253070341,0
G13I,RLIESLSQMLSMIFSDEGGWLTRLLQTKNYDIGAALDTIQ,-0.5969244066437638,1
G13K,RLIESLSQMLSMKFSDEGGWLTRLLQTKNYDIGAALDTIQ,-1.788969379126334,0
G13L,RLIESLSQMLSMLFSDEGGWLTRLLQTKNYDIGAALDTIQ,-0.7659629634855358,1
G13M,RLIESLSQMLSMMFSDEGGWLTRLLQTKNYDIGAALDTIQ,-0.5800753495043569,1
G13N,RLIESLSQMLSMNFSDEGGWLTRLLQTKNYDIGAALDTIQ,-1.4802845051883242,0
G13P,RLIESLSQMLSMPFSDEGGWLTRLLQTKNYDIGAALDTIQ,-2.1698492252857813,0
G13Q,RLIESLSQMLSMQFSDEGGWLTRLLQTKNYDIGAALDTIQ,-1.4075348092267712,0
G13R,RLIESLSQMLSMRFSDEGGWLTRLLQTKNYDIGAALDTIQ,-2.2303438724337625,0
G13S,RLIESLSQMLSMSFSDEGGWLTRLLQTKNYDIGAALDTIQ,-1.5919635696660304,0
G13T,RLIESLSQMLSMTFSDEGGWLTRLLQTKNYDIGAALDTIQ,-1.5748440518320246,0
G13V,RLIESLSQMLSMVFSDEGGWLTRLLQTKNYDIGAALDTIQ,-1.4664638986496272,0
G13W,RLIESLSQMLSMWFSDEGGWLTRLLQTKNYDIGAALDTIQ,-0.6920491378498626,1
G13Y,RLIESLSQMLSMYFSDEGGWLTRLLQTKNYDIGAALDTIQ,-0.768342473031491,1
G18A,RLIESLSQMLSMGFSDEAGWLTRLLQTKNYDIGAALDTIQ,-0.8537144229787401,1
G18C,RLIESLSQMLSMGFSDECGWLTRLLQTKNYDIGAALDTIQ,0.189775098075541,1
G18D,RLIESLSQMLSMGFSDEDGWLTRLLQTKNYDIGAALDTIQ,-0.4024300314504336,1
G18F,RLIESLSQMLSMGFSDEFGWLTRLLQTKNYDIGAALDTIQ,-0.6186218920540374,1
G18H,RLIESLSQMLSMGFSDEHGWLTRLLQTKNYDIGAALDTIQ,-0.6570616110806067,1
G18K,RLIESLSQMLSMGFSDEKGWLTRLLQTKNYDIGAALDTIQ,-1.077932250920963,0
G18L,RLIESLSQMLSMGFSDELGWLTRLLQTKNYDIGAALDTIQ,-0.8497954449604022,1
G18M,RLIESLSQMLSMGFSDEMGWLTRLLQTKNYDIGAALDTIQ,-0.8230850522645461,1
G18N,RLIESLSQMLSMGFSDENGWLTRLLQTKNYDIGAALDTIQ,-0.3974875807922942,1
G18P,RLIESLSQMLSMGFSDEPGWLTRLLQTKNYDIGAALDTIQ,-1.7871781645585805,0
G18Q,RLIESLSQMLSMGFSDEQGWLTRLLQTKNYDIGAALDTIQ,-0.8410486795506387,1
G18R,RLIESLSQMLSMGFSDERGWLTRLLQTKNYDIGAALDTIQ,-1.0027348521306536,0
G18S,RLIESLSQMLSMGFSDESGWLTRLLQTKNYDIGAALDTIQ,-0.681206545378265,1
G18T,RLIESLSQMLSMGFSDETGWLTRLLQTKNYDIGAALDTIQ,-0.8224807055105241,1
G18V,RLIESLSQMLSMGFSDEVGWLTRLLQTKNYDIGAALDTIQ,-1.009938760095241,0
G18W,RLIESLSQMLSMGFSDEWGWLTRLLQTKNYDIGAALDTIQ,-0.8562349800789224,0
G18Y,RLIESLSQMLSMGFSDEYGWLTRLLQTKNYDIGAALDTIQ,-0.8184817658949832,1
G19A,RLIESLSQMLSMGFSDEGAWLTRLLQTKNYDIGAALDTIQ,-1.481957043990916,0
G19C,RLIESLSQMLSMGFSDEGCWLTRLLQTKNYDIGAALDTIQ,-0.0333631227958761,1
G19D,RLIESLSQMLSMGFSDEGDWLTRLLQTKNYDIGAALDTIQ,-1.2737723921279431,0
G19E,RLIESLSQMLSMGFSDEGEWLTRLLQTKNYDIGAALDTIQ,-1.1565794775041105,0
G19F,RLIESLSQMLSMGFSDEGFWLTRLLQTKNYDIGAALDTIQ,-0.851795975394575,1
G19H,RLIESLSQMLSMGFSDEGHWLTRLLQTKNYDIGAALDTIQ,-1.0186917735429226,0
G19I,RLIESLSQMLSMGFSDEGIWLTRLLQTKNYDIGAALDTIQ,-1.9597607890953104,0
G19L,RLIESLSQMLSMGFSDEGLWLTRLLQTKNYDIGAALDTIQ,-1.0278731339186098,0
G19M,RLIESLSQMLSMGFSDEGMWLTRLLQTKNYDIGAALDTIQ,-1.0876709113822651,0
G19N,RLIESLSQMLSMGFSDEGNWLTRLLQTKNYDIGAALDTIQ,-1.066278362688288,0
G19P,RLIESLSQMLSMGFSDEGPWLTRLLQTKNYDIGAALDTIQ,-1.9507756906032592,0
G19Q,RLIESLSQMLSMGFSDEGQWLTRLLQTKNYDIGAALDTIQ,-1.108027993229887,0
G19R,RLIESLSQMLSMGFSDEGRWLTRLLQTKNYDIGAALDTIQ,-1.4834851084121277,0
G19S,RLIESLSQMLSMGFSDEGSWLTRLLQTKNYDIGAALDTIQ,-1.227960992154966,0
G19T,RLIESLSQMLSMGFSDEGTWLTRLLQTKNYDIGAALDTIQ,-1.5341231498711807,0
G19V,RLIESLSQMLSMGFSDEGVWLTRLLQTKNYDIGAALDTIQ,-1.7519399458909994,0
G19W,RLIESLSQMLSMGFSDEGWWLTRLLQTKNYDIGAALDTIQ,-1.1184158466918188,0
G19Y,RLIESLSQMLSMGFSDEGYWLTRLLQTKNYDIGAALDTIQ,-0.8118325682536427,1
G33A,RLIESLSQMLSMGFSDEGGWLTRLLQTKNYDIAAALDTIQ,0.2202708942269708,1
G33D,RLIESLSQMLSMGFSDEGGWLTRLLQTKNYDIDAALDTIQ,0.1672472721299058,1
G33E,RLIESLSQMLSMGFSDEGGWLTRLLQTKNYDIEAALDTIQ,0.1730757186475489,1
G33F,RLIESLSQMLSMGFSDEGGWLTRLLQTKNYDIFAALDTIQ,0.0196715431306384,1
G33H,RLIESLSQMLSMGFSDEGGWLTRLLQTKNYDIHAALDTIQ,-0.0576852832497571,1
G33I,RLIESLSQMLSMGFSDEGGWLTRLLQTKNYDIIAALDTIQ,0.0986782531641439,1
G33K,RLIESLSQMLSMGFSDEGGWLTRLLQTKNYDIKAALDTIQ,0.1415882120252227,1
G33L,RLIESLSQMLSMGFSDEGGWLTRLLQTKNYDILAALDTIQ,0.1993473055796788,1
G33M,RLIESLSQMLSMGFSDEGGWLTRLLQTKNYDIMAALDTIQ,0.2076650616802111,1
G33N,RLIESLSQMLSMGFSDEGGWLTRLLQTKNYDINAALDTIQ,0.1626685749815202,1
G33P,RLIESLSQMLSMGFSDEGGWLTRLLQTKNYDIPAALDTIQ,-0.4510514509628787,1
G33Q,RLIESLSQMLSMGFSDEGGWLTRLLQTKNYDIQAALDTIQ,0.5538058763145988,1
G33R,RLIESLSQMLSMGFSDEGGWLTRLLQTKNYDIRAALDTIQ,-0.4838273357130038,1
G33S,RLIESLSQMLSMGFSDEGGWLTRLLQTKNYDISAALDTIQ,0.1335033658627362,1
G33T,RLIESLSQMLSMGFSDEGGWLTRLLQTKNYDITAALDTIQ,0.0220244046785622,1
G33V,RLIESLSQMLSMGFSDEGGWLTRLLQTKNYDIVAALDTIQ,0.1521946621410466,1
G33W,RLIESLSQMLSMGFSDEGGWLTRLLQTKNYDIWAALDTIQ,0.3077590425468379,1
G33Y,RLIESLSQMLSMGFSDEGGWLTRLLQTKNYDIYAALDTIQ,0.1434256200014383,1
I32A,RLIESLSQMLSMGFSDEGGWLTRLLQTKNYDAGAALDTIQ,-1.5169055730276568,0
I32D,RLIESLSQMLSMGFSDEGGWLTRLLQTKNYDDGAALDTIQ,-1.91510007129284,0
I32E,RLIESLSQMLSMGFSDEGGWLTRLLQTKNYDEGAALDTIQ,-1.7296849889787784,0
I32F,RLIESLSQMLSMGFSDEGGWLTRLLQTKNYDFGAALDTIQ,-1.0439225097926057,0
I32G,RLIESLSQMLSMGFSDEGGWLTRLLQTKNYDGGAALDTIQ,-1.5091496162530522,0
I32K,RLIESLSQMLSMGFSDEGGWLTRLLQTKNYDKGAALDTIQ,-1.3868836907731312,0
I32L,RLIESLSQMLSMGFSDEGGWLTRLLQTKNYDLGAALDTIQ,-0.9095853997105388,0
I32M,RLIESLSQMLSMGFSDEGGWLTRLLQTKNYDMGAALDTIQ,-1.1456116271530354,0
I32N,RLIESLSQMLSMGFSDEGGWLTRLLQTKNYDNGAALDTIQ,-1.759902631264521,0
I32P,RLIESLSQMLSMGFSDEGGWLTRLLQTKNYDPGAALDTIQ,-1.576348621672325,0
I32Q,RLIESLSQMLSMGFSDEGGWLTRLLQTKNYDQGAALDTIQ,-1.583771168342902,0
I32R,RLIESLSQMLSMGFSDEGGWLTRLLQTKNYDRGAALDTIQ,-1.7387175869099412,0
I32S,RLIESLSQMLSMGFSDEGGWLTRLLQTKNYDSGAALDTIQ,-1.5749479457416555,0
I32T,RLIESLSQMLSMGFSDEGGWLTRLLQTKNYDTGAALDTIQ,-1.2328337532435747,0
I32V,RLIESLSQMLSMGFSDEGGWLTRLLQTKNYDVGAALDTIQ,0.028468490505694,1
I32W,RLIESLSQMLSMGFSDEGGWLTRLLQTKNYDWGAALDTIQ,-0.8284328476122313,1
I32Y,RLIESLSQMLSMGFSDEGGWLTRLLQTKNYDYGAALDTIQ,-1.517153884765838,0
I39A,RLIESLSQMLSMGFSDEGGWLTRLLQTKNYDIGAALDTAQ,-1.6262483904516714,0
I39D,RLIESLSQMLSMGFSDEGGWLTRLLQTKNYDIGAALDTDQ,-1.7301225576501282,0
I39E,RLIESLSQMLSMGFSDEGGWLTRLLQTKNYDIGAALDTEQ,-1.9047922730698568,0
I39F,RLIESLSQMLSMGFSDEGGWLTRLLQTKNYDIGAALDTFQ,-1.4909018397065212,0
I39H,RLIESLSQMLSMGFSDEGGWLTRLLQTKNYDIGAALDTHQ,-1.6461049201550124,0
I39K,RLIESLSQMLSMGFSDEGGWLTRLLQTKNYDIGAALDTKQ,-1.4455102422593171,0
I39L,RLIESLSQMLSMGFSDEGGWLTRLLQTKNYDIGAALDTLQ,-0.1942148319038579,1
I39M,RLIESLSQMLSMGFSDEGGWLTRLLQTKNYDIGAALDTMQ,-0.9009367329068264,0
I39N,RLIESLSQMLSMGFSDEGGWLTRLLQTKNYDIGAALDTNQ,-1.934163284169886,0
I39P,RLIESLSQMLSMGFSDEGGWLTRLLQTKNYDIGAALDTPQ,-1.405312972076588,0
I39Q,RLIESLSQMLSMGFSDEGGWLTRLLQTKNYDIGAALDTQQ,-1.6284774050509652,0
I39R,RLIESLSQMLSMGFSDEGGWLTRLLQTKNYDIGAALDTRQ,-1.853328753305107,0
I39S,RLIESLSQMLSMGFSDEGGWLTRLLQTKNYDIGAALDTSQ,-1.961316509080456,0
I39T,RLIESLSQMLSMGFSDEGGWLTRLLQTKNYDIGAALDTTQ,-1.5008976441612094,0
I39V,RLIESLSQMLSMGFSDEGGWLTRLLQTKNYDIGAALDTVQ,-1.2890708759205634,0
I39Y,RLIESLSQMLSMGFSDEGGWLTRLLQTKNYDIGAALDTYQ,-1.242994002478047,0
I3A,RLAESLSQMLSMGFSDEGGWLTRLLQTKNYDIGAALDTIQ,0.2925759565032479,1
I3D,RLDESLSQMLSMGFSDEGGWLTRLLQTKNYDIGAALDTIQ,-0.2067884405478977,1
I3E,RLEESLSQMLSMGFSDEGGWLTRLLQTKNYDIGAALDTIQ,0.305682107737383,1
I3F,RLFESLSQMLSMGFSDEGGWLTRLLQTKNYDIGAALDTIQ,0.1426815373968022,1
I3G,RLGESLSQMLSMGFSDEGGWLTRLLQTKNYDIGAALDTIQ,-0.3172637109812384,1
I3H,RLHESLSQMLSMGFSDEGGWLTRLLQTKNYDIGAALDTIQ,0.0760516020971988,1
I3K,RLKESLSQMLSMGFSDEGGWLTRLLQTKNYDIGAALDTIQ,0.0972731361933623,1
I3L,RLLESLSQMLSMGFSDEGGWLTRLLQTKNYDIGAALDTIQ,0.1518276710914397,1
I3M,RLMESLSQMLSMGFSDEGGWLTRLLQTKNYDIGAALDTIQ,0.1435635143982598,1
I3N,RLNESLSQMLSMGFSDEGGWLTRLLQTKNYDIGAALDTIQ,-0.23040438122033,1
I3P,RLPESLSQMLSMGFSDEGGWLTRLLQTKNYDIGAALDTIQ,-0.7156519147831726,1
I3Q,RLQESLSQMLSMGFSDEGGWLTRLLQTKNYDIGAALDTIQ,0.3042112004373365,1
I3R,RLRESLSQMLSMGFSDEGGWLTRLLQTKNYDIGAALDTIQ,0.2059078430580307,1
I3S,RLSESLSQMLSMGFSDEGGWLTRLLQTKNYDIGAALDTIQ,0.0802549744470293,1
I3T,RLTESLSQMLSMGFSDEGGWLTRLLQTKNYDIGAALDTIQ,-0.3206543267258488,1
I3V,RLVESLSQMLSMGFSDEGGWLTRLLQTKNYDIGAALDTIQ,-0.1036448623059338,1
I3W,RLWESLSQMLSMGFSDEGGWLTRLLQTKNYDIGAALDTIQ,0.3758684477372376,1
I3Y,RLYESLSQMLSMGFSDEGGWLTRLLQTKNYDIGAALDTIQ,0.1051097400172063,1
K28A,RLIESLSQMLSMGFSDEGGWLTRLLQTANYDIGAALDTIQ,-0.2863331316855446,1
K28D,RLIESLSQMLSMGFSDEGGWLTRLLQTDNYDIGAALDTIQ,-1.6570180439970703,0
K28E,RLIESLSQMLSMGFSDEGGWLTRLLQTENYDIGAALDTIQ,-1.0245032496516853,0
K28F,RLIESLSQMLSMGFSDEGGWLTRLLQTFNYDIGAALDTIQ,0.1884557289905601,1
K28G,RLIESLSQMLSMGFSDEGGWLTRLLQTGNYDIGAALDTIQ,-1.2326124700820529,0
K28H,RLIESLSQMLSMGFSDEGGWLTRLLQTHNYDIGAALDTIQ,0.4757526504303517,1
K28I,RLIESLSQMLSMGFSDEGGWLTRLLQTINYDIGAALDTIQ,-0.1502640481940771,1
K28L,RLIESLSQMLSMGFSDEGGWLTRLLQTLNYDIGAALDTIQ,0.7233777455025678,1
K28M,RLIESLSQMLSMGFSDEGGWLTRLLQTMNYDIGAALDTIQ,0.1834658457780151,1
K28N,RLIESLSQMLSMGFSDEGGWLTRLLQTNNYDIGAALDTIQ,-0.2187262796799758,1
K28P,RLIESLSQMLSMGFSDEGGWLTRLLQTPNYDIGAALDTIQ,-1.4866116330958514,0
K28Q,RLIESLSQMLSMGFSDEGGWLTRLLQTQNYDIGAALDTIQ,-0.5697048778698255,1
K28R,RLIESLSQMLSMGFSDEGGWLTRLLQTRNYDIGAALDTIQ,-0.7305508600076998,1
K28S,RLIESLSQMLSMGFSDEGGWLTRLLQTSNYDIGAALDTIQ,-0.3464651939092422,1
K28T,RLIESLSQMLSMGFSDEGGWLTRLLQTTNYDIGAALDTIQ,0.0845430648506657,1
K28V,RLIESLSQMLSMGFSDEGGWLTRLLQTVNYDIGAALDTIQ,0.9970229853676787,1
K28W,RLIESLSQMLSMGFSDEGGWLTRLLQTWNYDIGAALDTIQ,-0.1927820920017491,1
K28Y,RLIESLSQMLSMGFSDEGGWLTRLLQTYNYDIGAALDTIQ,-0.012715927497251,1
L10A,RLIESLSQMASMGFSDEGGWLTRLLQTKNYDIGAALDTIQ,-0.6359592505145764,1
L10D,RLIESLSQMDSMGFSDEGGWLTRLLQTKNYDIGAALDTIQ,-2.166140363749808,0
L10E,RLIESLSQMESMGFSDEGGWLTRLLQTKNYDIGAALDTIQ,-0.8934398242617152,0
L10F,RLIESLSQMFSMGFSDEGGWLTRLLQTKNYDIGAALDTIQ,-0.393369035622034,1
L10G,RLIESLSQMGSMGFSDEGGWLTRLLQTKNYDIGAALDTIQ,-1.5371012841598994,0
L10H,RLIESLSQMHSMGFSDEGGWLTRLLQTKNYDIGAALDTIQ,-1.062576043887217,0
L10I,RLIESLSQMISMGFSDEGGWLTRLLQTKNYDIGAALDTIQ,-0.0514486026267522,1
L10K,RLIESLSQMKSMGFSDEGGWLTRLLQTKNYDIGAALDTIQ,-0.4702151853479215,1
L10M,RLIESLSQMMSMGFSDEGGWLTRLLQTKNYDIGAALDTIQ,-0.2120367933840001,1
L10N,RLIESLSQMNSMGFSDEGGWLTRLLQTKNYDIGAALDTIQ,-1.2418564446821605,0
L10P,RLIESLSQMPSMGFSDEGGWLTRLLQTKNYDIGAALDTIQ,-2.4037483341660257,0
L10Q,RLIESLSQMQSMGFSDEGGWLTRLLQTKNYDIGAALDTIQ,-0.7773099581205352,1
L10R,RLIESLSQMRSMGFSDEGGWLTRLLQTKNYDIGAALDTIQ,-0.5446108248823449,1
L10S,RLIESLSQMSSMGFSDEGGWLTRLLQTKNYDIGAALDTIQ,-1.0472843301682238,0
L10T,RLIESLSQMTSMGFSDEGGWLTRLLQTKNYDIGAALDTIQ,-0.9770305451205944,0
L10V,RLIESLSQMVSMGFSDEGGWLTRLLQTKNYDIGAALDTIQ,-0.5879281504921254,1
L10W,RLIESLSQMWSMGFSDEGGWLTRLLQTKNYDIGAALDTIQ,-1.483828196382038,0
L10Y,RLIESLSQMYSMGFSDEGGWLTRLLQTKNYDIGAALDTIQ,-0.8974671207509199,0
L21A,RLIESLSQMLSMGFSDEGGWATRLLQTKNYDIGAALDTIQ,-2.227286945419535,0
L21D,RLIESLSQMLSMGFSDEGGWDTRLLQTKNYDIGAALDTIQ,-2.4443829152310816,0
L21E,RLIESLSQMLSMGFSDEGGWETRLLQTKNYDIGAALDTIQ,-2.1870901439911137,0
L21F,RLIESLSQMLSMGFSDEGGWFTRLLQTKNYDIGAALDTIQ,-1.1930554761076122,0
L21G,RLIESLSQMLSMGFSDEGGWGTRLLQTKNYDIGAALDTIQ,-2.31471112377605,0
L21H,RLIESLSQMLSMGFSDEGGWHTRLLQTKNYDIGAALDTIQ,-2.371409828693517,0
L21I,RLIESLSQMLSMGFSDEGGWITRLLQTKNYDIGAALDTIQ,-1.1818197726914632,0
L21K,RLIESLSQMLSMGFSDEGGWKTRLLQTKNYDIGAALDTIQ,-2.0383646930195187,0
L21M,RLIESLSQMLSMGFSDEGGWMTRLLQTKNYDIGAALDTIQ,-1.1713040304795357,0
L21N,RLIESLSQMLSMGFSDEGGWNTRLLQTKNYDIGAALDTIQ,-2.3294073961432185,0
L21P,RLIESLSQMLSMGFSDEGGWPTRLLQTKNYDIGAALDTIQ,-2.8591838784401387,0
L21Q,RLIESLSQMLSMGFSDEGGWQTRLLQTKNYDIGAALDTIQ,-2.589857811807635,0
L21R,RLIESLSQMLSMGFSDEGGWRTRLLQTKNYDIGAALDTIQ,-2.550468215390292,0
L21S,RLIESLSQMLSMGFSDEGGWSTRLLQTKNYDIGAALDTIQ,-2.8419604278511765,0
L21T,RLIESLSQMLSMGFSDEGGWTTRLLQTKNYDIGAALDTIQ,-2.4368085626273936,0
L21V,RLIESLSQMLSMGFSDEGGWVTRLLQTKNYDIGAALDTIQ,-1.3496516070461977,0
L21W,RLIESLSQMLSMGFSDEGGWWTRLLQTKNYDIGAALDTIQ,-1.6506395182146991,0
L21Y,RLIESLSQMLSMGFSDEGGWYTRLLQTKNYDIGAALDTIQ,-1.9762210394220765,0
L24A,RLIESLSQMLSMGFSDEGGWLTRALQTKNYDIGAALDTIQ,-2.091448283564686,0
L24D,RLIESLSQMLSMGFSDEGGWLTRDLQTKNYDIGAALDTIQ,-2.744959223724595,0
L24E,RLIESLSQMLSMGFSDEGGWLTRELQTKNYDIGAALDTIQ,-2.436358609832603,0
L24F,RLIESLSQMLSMGFSDEGGWLTRFLQTKNYDIGAALDTIQ,-1.574560080724814,0
L24G,RLIESLSQMLSMGFSDEGGWLTRGLQTKNYDIGAALDTIQ,-3.034969204578417,0
L24H,RLIESLSQMLSMGFSDEGGWLTRHLQTKNYDIGAALDTIQ,-1.7557945109923798,0
L24I,RLIESLSQMLSMGFSDEGGWLTRILQTKNYDIGAALDTIQ,-0.9674057024565306,0
L24K,RLIESLSQMLSMGFSDEGGWLTRKLQTKNYDIGAALDTIQ,-2.269882412433109,0
L24M,RLIESLSQMLSMGFSDEGGWLTRMLQTKNYDIGAALDTIQ,-1.2486489412983932,0
L24N,RLIESLSQMLSMGFSDEGGWLTRNLQTKNYDIGAALDTIQ,-2.460084980342069,0
L24P,RLIESLSQMLSMGFSDEGGWLTRPLQTKNYDIGAALDTIQ,-2.3624431267059083,0
L24Q,RLIESLSQMLSMGFSDEGGWLTRQLQTKNYDIGAALDTIQ,-2.237442558217894,0
L24R,RLIESLSQMLSMGFSDEGGWLTRRLQTKNYDIGAALDTIQ,-2.303841680847083,0
L24S,RLIESLSQMLSMGFSDEGGWLTRSLQTKNYDIGAALDTIQ,-2.341836186433295,0
L24T,RLIESLSQMLSMGFSDEGGWLTRTLQTKNYDIGAALDTIQ,-2.4982253895055284,0
L24V,RLIESLSQMLSMGFSDEGGWLTRVLQTKNYDIGAALDTIQ,-1.4274614352610389,0
L24W,RLIESLSQMLSMGFSDEGGWLTRWLQTKNYDIGAALDTIQ,-1.0477565446003032,0
L24Y,RLIESLSQMLSMGFSDEGGWLTRYLQTKNYDIGAALDTIQ,-1.7244880378195664,0
L25A,RLIESLSQMLSMGFSDEGGWLTRLAQTKNYDIGAALDTIQ,-2.38094391192678,0
L25D,RLIESLSQMLSMGFSDEGGWLTRLDQTKNYDIGAALDTIQ,-2.1579872797789994,0
L25E,RLIESLSQMLSMGFSDEGGWLTRLEQTKNYDIGAALDTIQ,-2.4427254065093704,0
L25F,RLIESLSQMLSMGFSDEGGWLTRLFQTKNYDIGAALDTIQ,-1.6082059744211836,0
L25G,RLIESLSQMLSMGFSDEGGWLTRLGQTKNYDIGAALDTIQ,-2.0889725573381157,0
L25H,RLIESLSQMLSMGFSDEGGWLTRLHQTKNYDIGAALDTIQ,-2.643403766710796,0
L25I,RLIESLSQMLSMGFSDEGGWLTRLIQTKNYDIGAALDTIQ,-1.6255654299680984,0
L25K,RLIESLSQMLSMGFSDEGGWLTRLKQTKNYDIGAALDTIQ,-2.2284258756192634,0
L25M,RLIESLSQMLSMGFSDEGGWLTRLMQTKNYDIGAALDTIQ,-1.541249422123156,0
L25N,RLIESLSQMLSMGFSDEGGWLTRLNQTKNYDIGAALDTIQ,-2.167034183926688,0
L25P,RLIESLSQMLSMGFSDEGGWLTRLPQTKNYDIGAALDTIQ,-2.564280226001532,0
L25Q,RLIESLSQMLSMGFSDEGGWLTRLQQTKNYDIGAALDTIQ,-2.20825042380924,0
L25R,RLIESLSQMLSMGFSDEGGWLTRLRQTKNYDIGAALDTIQ,-2.091035773619521,0
L25S,RLIESLSQMLSMGFSDEGGWLTRLSQTKNYDIGAALDTIQ,-2.194575014662957,0
L25T,RLIESLSQMLSMGFSDEGGWLTRLTQTKNYDIGAALDTIQ,-2.642795177986637,0
L25V,RLIESLSQMLSMGFSDEGGWLTRLVQTKNYDIGAALDTIQ,-2.0059610391909697,0
L25W,RLIESLSQMLSMGFSDEGGWLTRLWQTKNYDIGAALDTIQ,-1.3717213095961616,0
L25Y,RLIESLSQMLSMGFSDEGGWLTRLYQTKNYDIGAALDTIQ,-1.9800304710364156,0
L2A,RAIESLSQMLSMGFSDEGGWLTRLLQTKNYDIGAALDTIQ,-0.829312154904231,1
L2D,RDIESLSQMLSMGFSDEGGWLTRLLQTKNYDIGAALDTIQ,-1.1201121379098886,0
L2E,REIESLSQMLSMGFSDEGGWLTRLLQTKNYDIGAALDTIQ,-0.9564073009833688,0
L2F,RFIESLSQMLSMGFSDEGGWLTRLLQTKNYDIGAALDTIQ,-0.8366969419486388,1
L2G,RGIESLSQMLSMGFSDEGGWLTRLLQTKNYDIGAALDTIQ,-1.3166366660177231,0
L2H,RHIESLSQMLSMGFSDEGGWLTRLLQTKNYDIGAALDTIQ,-1.0172392344702943,0
L2I,RIIESLSQMLSMGFSDEGGWLTRLLQTKNYDIGAALDTIQ,-0.9972767907050502,0
L2K,RKIESLSQMLSMGFSDEGGWLTRLLQTKNYDIGAALDTIQ,-1.2571126778219686,0
L2M,RMIESLSQMLSMGFSDEGGWLTRLLQTKNYDIGAALDTIQ,-0.8579565991885927,0
L2N,RNIESLSQMLSMGFSDEGGWLTRLLQTKNYDIGAALDTIQ,-1.4184430703015851,0
L2P,RPIESLSQMLSMGFSDEGGWLTRLLQTKNYDIGAALDTIQ,-1.3664354971144226,0
L2Q,RQIESLSQMLSMGFSDEGGWLTRLLQTKNYDIGAALDTIQ,-1.192997946094425,0
L2R,RRIESLSQMLSMGFSDEGGWLTRLLQTKNYDIGAALDTIQ,-1.312974182069928,0
L2S,RSIESLSQMLSMGFSDEGGWLTRLLQTKNYDIGAALDTIQ,-1.2477966422515054,0
L2T,RTIESLSQMLSMGFSDEGGWLTRLLQTKNYDIGAALDTIQ,-1.7150925495964766,0
L2V,RVIESLSQMLSMGFSDEGGWLTRLLQTKNYDIGAALDTIQ,-1.1100555207475695,0
L2W,RWIESLSQMLSMGFSDEGGWLTRLLQTKNYDIGAALDTIQ,-0.920460963895211,0
L2Y,RYIESLSQMLSMGFSDEGGWLTRLLQTKNYDIGAALDTIQ,-0.4915668334096295,1
L36A,RLIESLSQMLSMGFSDEGGWLTRLLQTKNYDIGAAADTIQ,-1.5077498948264734,0
L36E,RLIESLSQMLSMGFSDEGGWLTRLLQTKNYDIGAAEDTIQ,-2.0470360067546576,0
L36F,RLIESLSQMLSMGFSDEGGWLTRLLQTKNYDIGAAFDTIQ,-0.8814268789910291,0
L36G,RLIESLSQMLSMGFSDEGGWLTRLLQTKNYDIGAAGDTIQ,-1.6417848517568767,0
L36H,RLIESLSQMLSMGFSDEGGWLTRLLQTKNYDIGAAHDTIQ,-1.680170019264792,0
L36I,RLIESLSQMLSMGFSDEGGWLTRLLQTKNYDIGAAIDTIQ,-0.422071982532207,1
L36K,RLIESLSQMLSMGFSDEGGWLTRLLQTKNYDIGAAKDTIQ,-1.747054038343852,0
L36M,RLIESLSQMLSMGFSDEGGWLTRLLQTKNYDIGAAMDTIQ,-0.6718074022680447,1
L36N,RLIESLSQMLSMGFSDEGGWLTRLLQTKNYDIGAANDTIQ,-1.8270892191015715,0
L36P,RLIESLSQMLSMGFSDEGGWLTRLLQTKNYDIGAAPDTIQ,-1.7505764563349246,0
L36Q,RLIESLSQMLSMGFSDEGGWLTRLLQTKNYDIGAAQDTIQ,-1.7927350167671612,0
L36R,RLIESLSQMLSMGFSDEGGWLTRLLQTKNYDIGAARDTIQ,-1.6582203609257242,0
L36S,RLIESLSQMLSMGFSDEGGWLTRLLQTKNYDIGAASDTIQ,-1.7902818775517324,0
L36T,RLIESLSQMLSMGFSDEGGWLTRLLQTKNYDIGAATDTIQ,-1.5394516482012652,0
L36V,RLIESLSQMLSMGFSDEGGWLTRLLQTKNYDIGAAVDTIQ,-0.8369923469971723,1
L36W,RLIESLSQMLSMGFSDEGGWLTRLLQTKNYDIGAAWDTIQ,-0.862071740330234,0
L36Y,RLIESLSQMLSMGFSDEGGWLTRLLQTKNYDIGAAYDTIQ,-0.9969628406715798,0
L6A,RLIESASQMLSMGFSDEGGWLTRLLQTKNYDIGAALDTIQ,-2.214754714624025,0
L6D,RLIESDSQMLSMGFSDEGGWLTRLLQTKNYDIGAALDTIQ,-2.6706138701690336,0
L6E,RLIESESQMLSMGFSDEGGWLTRLLQTKNYDIGAALDTIQ,-2.7331349508054403,0
L6F,RLIESFSQMLSMGFSDEGGWLTRLLQTKNYDIGAALDTIQ,-1.2310668800508222,0
L6G,RLIESGSQMLSMGFSDEGGWLTRLLQTKNYDIGAALDTIQ,-2.53073518887833,0
L6H,RLIESHSQMLSMGFSDEGGWLTRLLQTKNYDIGAALDTIQ,-2.3121574856263365,0
L6I,RLIESISQMLSMGFSDEGGWLTRLLQTKNYDIGAALDTIQ,-0.9089499013689252,0
L6K,RLIESKSQMLSMGFSDEGGWLTRLLQTKNYDIGAALDTIQ,-2.011989688999752,0
L6M,RLIESMSQMLSMGFSDEGGWLTRLLQTKNYDIGAALDTIQ,-0.8771571817253676,0
L6N,RLIESNSQMLSMGFSDEGGWLTRLLQTKNYDIGAALDTIQ,-2.5909596715211447,0
L6P,RLIESPSQMLSMGFSDEGGWLTRLLQTKNYDIGAALDTIQ,-2.431703031233284,0
L6Q,RLIESQSQMLSMGFSDEGGWLTRLLQTKNYDIGAALDTIQ,-2.085321446317544,0
L6R,RLIESRSQMLSMGFSDEGGWLTRLLQTKNYDIGAALDTIQ,-1.4964667646331626,0
L6S,RLIESSSQMLSMGFSDEGGWLTRLLQTKNYDIGAALDTIQ,-2.305738912678504,0
L6T,RLIESTSQMLSMGFSDEGGWLTRLLQTKNYDIGAALDTIQ,-2.319434110136348,0
L6V,RLIESVSQMLSMGFSDEGGWLTRLLQTKNYDIGAALDTIQ,-1.084744074815847,0
L6W,RLIESWSQMLSMGFSDEGGWLTRLLQTKNYDIGAALDTIQ,-1.2963589571654608,0
L6Y,RLIESYSQMLSMGFSDEGGWLTRLLQTKNYDIGAALDTIQ,-1.6303463923633896,0
M12D,RLIESLSQMLSDGFSDEGGWLTRLLQTKNYDIGAALDTIQ,-1.9492111688649725,0
M12E,RLIESLSQMLSEGFSDEGGWLTRLLQTKNYDIGAALDTIQ,-1.6786454972291365,0
M12F,RLIESLSQMLSFGFSDEGGWLTRLLQTKNYDIGAALDTIQ,-0.7853035577299365,1
M12G,RLIESLSQMLSGGFSDEGGWLTRLLQTKNYDIGAALDTIQ,-1.6875112921915565,0
M12H,RLIESLSQMLSHGFSDEGGWLTRLLQTKNYDIGAALDTIQ,-1.158857890949756,0
M12I,RLIESLSQMLSIGFSDEGGWLTRLLQTKNYDIGAALDTIQ,-1.2919550571942344,0
M12K,RLIESLSQMLSKGFSDEGGWLTRLLQTKNYDIGAALDTIQ,-1.0547610844889863,0
M12L,RLIESLSQMLSLGFSDEGGWLTRLLQTKNYDIGAALDTIQ,-0.5306210901736379,1
M12N,RLIESLSQMLSNGFSDEGGWLTRLLQTKNYDIGAALDTIQ,-1.4537235605896026,0
M12P,RLIESLSQMLSPGFSDEGGWLTRLLQTKNYDIGAALDTIQ,-2.186961475885276,0
M12Q,RLIESLSQMLSQGFSDEGGWLTRLLQTKNYDIGAALDTIQ,-1.106436580037745,0
M12R,RLIESLSQMLSRGFSDEGGWLTRLLQTKNYDIGAALDTIQ,-0.9960809300707364,0
M12S,RLIESLSQMLSSGFSDEGGWLTRLLQTKNYDIGAALDTIQ,-1.7648638834418082,0
M12T,RLIESLSQMLSTGFSDEGGWLTRLLQTKNYDIGAALDTIQ,-1.44273556154285,0
M12V,RLIESLSQMLSVGFSDEGGWLTRLLQTKNYDIGAALDTIQ,-1.6842237540165443,0
M12W,RLIESLSQMLSWGFSDEGGWLTRLLQTKNYDIGAALDTIQ,-0.3974171592796907,1
M12Y,RLIESLSQMLSYGFSDEGGWLTRLLQTKNYDIGAALDTIQ,-0.9258000791010432,0
M9A,RLIESLSQALSMGFSDEGGWLTRLLQTKNYDIGAALDTIQ,-1.2128686656981131,0
M9C,RLIESLSQCLSMGFSDEGGWLTRLLQTKNYDIGAALDTIQ,-0.2047343650919066,1
M9D,RLIESLSQDLSMGFSDEGGWLTRLLQTKNYDIGAALDTIQ,-2.4114846534738903,0
M9E,RLIESLSQELSMGFSDEGGWLTRLLQTKNYDIGAALDTIQ,-2.0588941981691606,0
M9F,RLIESLSQFLSMGFSDEGGWLTRLLQTKNYDIGAALDTIQ,-0.9503487400815552,0
M9G,RLIESLSQGLSMGFSDEGGWLTRLLQTKNYDIGAALDTIQ,-2.5375057746167364,0
M9H,RLIESLSQHLSMGFSDEGGWLTRLLQTKNYDIGAALDTIQ,-2.3433929905130784,0
M9I,RLIESLSQILSMGFSDEGGWLTRLLQTKNYDIGAALDTIQ,-1.1918895863691494,0
M9K,RLIESLSQKLSMGFSDEGGWLTRLLQTKNYDIGAALDTIQ,-2.2342131051494274,0
M9L,RLIESLSQLLSMGFSDEGGWLTRLLQTKNYDIGAALDTIQ,-0.049081588989948,1
M9N,RLIESLSQNLSMGFSDEGGWLTRLLQTKNYDIGAALDTIQ,-2.243660558401508,0
M9P,RLIESLSQPLSMGFSDEGGWLTRLLQTKNYDIGAALDTIQ,-2.684546292672972,0
M9Q,RLIESLSQQLSMGFSDEGGWLTRLLQTKNYDIGAALDTIQ,-2.458666188228779,0
M9R,RLIESLSQRLSMGFSDEGGWLTRLLQTKNYDIGAALDTIQ,-2.038645617901267,0
M9S,RLIESLSQSLSMGFSDEGGWLTRLLQTKNYDIGAALDTIQ,-2.296452869034116,0
M9T,RLIESLSQTLSMGFSDEGGWLTRLLQTKNYDIGAALDTIQ,-2.4671680114278205,0
M9V,RLIESLSQVLSMGFSDEGGWLTRLLQTKNYDIGAALDTIQ,-1.6170947092297387,0
M9W,RLIESLSQWLSMGFSDEGGWLTRLLQTKNYDIGAALDTIQ,-1.260515485861167,0
M9Y,RLIESLSQYLSMGFSDEGGWLTRLLQTKNYDIGAALDTIQ,-1.608080250478574,0
N29A,RLIESLSQMLSMGFSDEGGWLTRLLQTKAYDIGAALDTIQ,-0.3636382667660123,1
N29D,RLIESLSQMLSMGFSDEGGWLTRLLQTKDYDIGAALDTIQ,-0.4286265662385067,1
N29E,RLIESLSQMLSMGFSDEGGWLTRLLQTKEYDIGAALDTIQ,-0.8215976408703791,1
N29F,RLIESLSQMLSMGFSDEGGWLTRLLQTKFYDIGAALDTIQ,-0.5251773650103222,1
N29G,RLIESLSQMLSMGFSDEGGWLTRLLQTKGYDIGAALDTIQ,-0.3494048328332018,1
N29H,RLIESLSQMLSMGFSDEGGWLTRLLQTKHYDIGAALDTIQ,-0.6002861230812417,1
N29I,RLIESLSQMLSMGFSDEGGWLTRLLQTKIYDIGAALDTIQ,-0.9001201449972918,0
N29K,RLIESLSQMLSMGFSDEGGWLTRLLQTKKYDIGAALDTIQ,-0.6826440271385992,1
N29L,RLIESLSQMLSMGFSDEGGWLTRLLQTKLYDIGAALDTIQ,-0.6329143673812987,1
N29M,RLIESLSQMLSMGFSDEGGWLTRLLQTKMYDIGAALDTIQ,-0.5448977943376718,1
N29P,RLIESLSQMLSMGFSDEGGWLTRLLQTKPYDIGAALDTIQ,-1.4596532211385254,0
N29Q,RLIESLSQMLSMGFSDEGGWLTRLLQTKQYDIGAALDTIQ,-0.7990107949316576,1
N29R,RLIESLSQMLSMGFSDEGGWLTRLLQTKRYDIGAALDTIQ,-0.8294515768448543,1
N29S,RLIESLSQMLSMGFSDEGGWLTRLLQTKSYDIGAALDTIQ,-0.9297332307016712,0
N29T,RLIESLSQMLSMGFSDEGGWLTRLLQTKTYDIGAALDTIQ,-1.748787485092831,0
N29V,RLIESLSQMLSMGFSDEGGWLTRLLQTKVYDIGAALDTIQ,-1.0964929638692311,0
N29W,RLIESLSQMLSMGFSDEGGWLTRLLQTKWYDIGAALDTIQ,-0.423656786092911,1
N29Y,RLIESLSQMLSMGFSDEGGWLTRLLQTKYYDIGAALDTIQ,-0.7359791090637593,1
Q26A,RLIESLSQMLSMGFSDEGGWLTRLLATKNYDIGAALDTIQ,-0.4621072189604178,1
Q26D,RLIESLSQMLSMGFSDEGGWLTRLLDTKNYDIGAALDTIQ,-1.351715883800995,0
Q26E,RLIESLSQMLSMGFSDEGGWLTRLLETKNYDIGAALDTIQ,-0.2142481113048902,1
Q26F,RLIESLSQMLSMGFSDEGGWLTRLLFTKNYDIGAALDTIQ,-0.6063078683176302,1
Q26G,RLIESLSQMLSMGFSDEGGWLTRLLGTKNYDIGAALDTIQ,-0.9826148654402682,0
Q26H,RLIESLSQMLSMGFSDEGGWLTRLLHTKNYDIGAALDTIQ,-0.1691388057701561,1
Q26I,RLIESLSQMLSMGFSDEGGWLTRLLITKNYDIGAALDTIQ,0.5594267307011527,1
Q26K,RLIESLSQMLSMGFSDEGGWLTRLLKTKNYDIGAALDTIQ,0.1572925427328972,1
Q26L,RLIESLSQMLSMGFSDEGGWLTRLLLTKNYDIGAALDTIQ,-0.1865829916701757,1
Q26M,RLIESLSQMLSMGFSDEGGWLTRLLMTKNYDIGAALDTIQ,0.0788029457979559,1
Q26N,RLIESLSQMLSMGFSDEGGWLTRLLNTKNYDIGAALDTIQ,-0.8919177528160502,0
Q26P,RLIESLSQMLSMGFSDEGGWLTRLLPTKNYDIGAALDTIQ,-2.9494717492824583,0
Q26R,RLIESLSQMLSMGFSDEGGWLTRLLRTKNYDIGAALDTIQ,0.0842628190431109,1
Q26S,RLIESLSQMLSMGFSDEGGWLTRLLSTKNYDIGAALDTIQ,-0.4972780292129393,1
Q26V,RLIESLSQMLSMGFSDEGGWLTRLLVTKNYDIGAALDTIQ,0.024422061761165,1
Q26W,RLIESLSQMLSMGFSDEGGWLTRLLWTKNYDIGAALDTIQ,-0.6812539508040256,1
Q26Y,RLIESLSQMLSMGFSDEGGWLTRLLYTKNYDIGAALDTIQ,-0.7408822091278178,1
Q40A,RLIESLSQMLSMGFSDEGGWLTRLLQTKNYDIGAALDTIA,-0.104992267539282,1
Q40D,RLIESLSQMLSMGFSDEGGWLTRLLQTKNYDIGAALDTID,-0.7930916252287692,1
Q40E,RLIESLSQMLSMGFSDEGGWLTRLLQTKNYDIGAALDTIE,-0.4478894404380242,1
Q40F,RLIESLSQMLSMGFSDEGGWLTRLLQTKNYDIGAALDTIF,0.4482498382624746,1
Q40G,RLIESLSQMLSMGFSDEGGWLTRLLQTKNYDIGAALDTIG,-0.4289033876261918,1
Q40H,RLIESLSQMLSMGFSDEGGWLTRLLQTKNYDIGAALDTIH,0.0077036037382209,1
Q40I,RLIESLSQMLSMGFSDEGGWLTRLLQTKNYDIGAALDTII,0.0665478913448729,1
Q40K,RLIESLSQMLSMGFSDEGGWLTRLLQTKNYDIGAALDTIK,0.2245264505165312,1
Q40L,RLIESLSQMLSMGFSDEGGWLTRLLQTKNYDIGAALDTIL,0.3336343792421981,1
Q40M,RLIESLSQMLSMGFSDEGGWLTRLLQTKNYDIGAALDTIM,0.376860866667672,1
Q40N,RLIESLSQMLSMGFSDEGGWLTRLLQTKNYDIGAALDTIN,0.1526568341000351,1
Q40P,RLIESLSQMLSMGFSDEGGWLTRLLQTKNYDIGAALDTIP,-1.2464887570846264,0
Q40R,RLIESLSQMLSMGFSDEGGWLTRLLQTKNYDIGAALDTIR,0.3405451284146226,1
Q40S,RLIESLSQMLSMGFSDEGGWLTRLLQTKNYDIGAALDTIS,-0.1724243955400477,1
Q40T,RLIESLSQMLSMGFSDEGGWLTRLLQTKNYDIGAALDTIT,-0.202955082699463,1
Q40V,RLIESLSQMLSMGFSDEGGWLTRLLQTKNYDIGAALDTIV,-0.1284473691982222,1
Q40W,RLIESLSQMLSMGFSDEGGWLTRLLQTKNYDIGAALDTIW,-0.0918156339647855,1
Q40Y,RLIESLSQMLSMGFSDEGGWLTRLLQTKNYDIGAALDTIY,0.4565008894942419,1
Q8A,RLIESLSAMLSMGFSDEGGWLTRLLQTKNYDIGAALDTIQ,-0.088395269629911,1
Q8D,RLIESLSDMLSMGFSDEGGWLTRLLQTKNYDIGAALDTIQ,-1.1244556095590177,0
Q8E,RLIESLSEMLSMGFSDEGGWLTRLLQTKNYDIGAALDTIQ,-0.2794564467199669,1
Q8F,RLIESLSFMLSMGFSDEGGWLTRLLQTKNYDIGAALDTIQ,0.0478194955197888,1
Q8G,RLIESLSGMLSMGFSDEGGWLTRLLQTKNYDIGAALDTIQ,-1.2941338276615455,0
Q8H,RLIESLSHMLSMGFSDEGGWLTRLLQTKNYDIGAALDTIQ,-0.4176541369920037,1
Q8I,RLIESLSIMLSMGFSDEGGWLTRLLQTKNYDIGAALDTIQ,0.699650652648359,1
Q8K,RLIESLSKMLSMGFSDEGGWLTRLLQTKNYDIGAALDTIQ,0.1983651799073258,1
Q8L,RLIESLSLMLSMGFSDEGGWLTRLLQTKNYDIGAALDTIQ,0.3755740304339339,1
Q8M,RLIESLSMMLSMGFSDEGGWLTRLLQTKNYDIGAALDTIQ,0.006856913449623,1
Q8N,RLIESLSNMLSMGFSDEGGWLTRLLQTKNYDIGAALDTIQ,-0.7786530346940892,1
Q8P,RLIESLSPMLSMGFSDEGGWLTRLLQTKNYDIGAALDTIQ,-2.0469687419307654,0
Q8R,RLIESLSRMLSMGFSDEGGWLTRLLQTKNYDIGAALDTIQ,-0.0535409981393346,1
Q8S,RLIESLSSMLSMGFSDEGGWLTRLLQTKNYDIGAALDTIQ,-0.8376486492883051,1
Q8T,RLIESLSTMLSMGFSDEGGWLTRLLQTKNYDIGAALDTIQ,-0.1828470645070687,1
Q8V,RLIESLSVMLSMGFSDEGGWLTRLLQTKNYDIGAALDTIQ,0.310604726373759,1
Q8W,RLIESLSWMLSMGFSDEGGWLTRLLQTKNYDIGAALDTIQ,-0.5172258227891009,1
Q8Y,RLIESLSYMLSMGFSDEGGWLTRLLQTKNYDIGAALDTIQ,-0.0198708654007817,1
R1A,ALIESLSQMLSMGFSDEGGWLTRLLQTKNYDIGAALDTIQ,-0.4081000940368602,1
R1D,DLIESLSQMLSMGFSDEGGWLTRLLQTKNYDIGAALDTIQ,-0.3951677706694707,1
R1E,ELIESLSQMLSMGFSDEGGWLTRLLQTKNYDIGAALDTIQ,-0.4084070080153057,1
R1F,FLIESLSQMLSMGFSDEGGWLTRLLQTKNYDIGAALDTIQ,-0.5360489063407166,1
R1G,GLIESLSQMLSMGFSDEGGWLTRLLQTKNYDIGAALDTIQ,-0.3651720996241949,1
R1H,HLIESLSQMLSMGFSDEGGWLTRLLQTKNYDIGAALDTIQ,-0.6065030378887157,1
R1I,ILIESLSQMLSMGFSDEGGWLTRLLQTKNYDIGAALDTIQ,-0.5167361638954711,1
R1K,KLIESLSQMLSMGFSDEGGWLTRLLQTKNYDIGAALDTIQ,-0.0163735637659292,1
R1L,LLIESLSQMLSMGFSDEGGWLTRLLQTKNYDIGAALDTIQ,-0.1050224755133903,1
R1M,MLIESLSQMLSMGFSDEGGWLTRLLQTKNYDIGAALDTIQ,-0.1917803250013157,1
R1N,NLIESLSQMLSMGFSDEGGWLTRLLQTKNYDIGAALDTIQ,-0.195407397816012,1
R1P,PLIESLSQMLSMGFSDEGGWLTRLLQTKNYDIGAALDTIQ,-0.5634678241672797,1
R1Q,QLIESLSQMLSMGFSDEGGWLTRLLQTKNYDIGAALDTIQ,-0.422508355479628,1
R1S,SLIESLSQMLSMGFSDEGGWLTRLLQTKNYDIGAALDTIQ,-0.1550188821375138,1
R1T,TLIESLSQMLSMGFSDEGGWLTRLLQTKNYDIGAALDTIQ,-0.222329632890728,1
R1V,VLIESLSQMLSMGFSDEGGWLTRLLQTKNYDIGAALDTIQ,-0.7199493980335916,1
R1W,WLIESLSQMLSMGFSDEGGWLTRLLQTKNYDIGAALDTIQ,-0.1378711918622941,1
R1Y,YLIESLSQMLSMGFSDEGGWLTRLLQTKNYDIGAALDTIQ,-0.4239797764617616,1
R23A,RLIESLSQMLSMGFSDEGGWLTALLQTKNYDIGAALDTIQ,-0.5391595876699466,1
R23C,RLIESLSQMLSMGFSDEGGWLTCLLQTKNYDIGAALDTIQ,-0.1595892743028595,1
R23E,RLIESLSQMLSMGFSDEGGWLTELLQTKNYDIGAALDTIQ,-0.7640085170771407,1
R23F,RLIESLSQMLSMGFSDEGGWLTFLLQTKNYDIGAALDTIQ,-0.4525868659712171,1
R23G,RLIESLSQMLSMGFSDEGGWLTGLLQTKNYDIGAALDTIQ,-1.525969308956757,0
R23H,RLIESLSQMLSMGFSDEGGWLTHLLQTKNYDIGAALDTIQ,-0.6768543499641,1
R23I,RLIESLSQMLSMGFSDEGGWLTILLQTKNYDIGAALDTIQ,-0.4003288118489969,1
R23K,RLIESLSQMLSMGFSDEGGWLTKLLQTKNYDIGAALDTIQ,-0.2334012630616091,1
R23L,RLIESLSQMLSMGFSDEGGWLTLLLQTKNYDIGAALDTIQ,-0.4412499305852926,1
R23M,RLIESLSQMLSMGFSDEGGWLTMLLQTKNYDIGAALDTIQ,-0.5923905737094526,1
R23N,RLIESLSQMLSMGFSDEGGWLTNLLQTKNYDIGAALDTIQ,-0.8078426513626806,1
R23P,RLIESLSQMLSMGFSDEGGWLTPLLQTKNYDIGAALDTIQ,-2.689967331559597,0
R23Q,RLIESLSQMLSMGFSDEGGWLTQLLQTKNYDIGAALDTIQ,-0.5216896163765241,1
R23S,RLIESLSQMLSMGFSDEGGWLTSLLQTKNYDIGAALDTIQ,-0.8595346994903226,0
R23T,RLIESLSQMLSMGFSDEGGWLTTLLQTKNYDIGAALDTIQ,-0.5957449500566254,1
R23V,RLIESLSQMLSMGFSDEGGWLTVLLQTKNYDIGAALDTIQ,-0.7821744565920057,1
R23W,RLIESLSQMLSMGFSDEGGWLTWLLQTKNYDIGAALDTIQ,-0.8311922364044548,1
R23Y,RLIESLSQMLSMGFSDEGGWLTYLLQTKNYDIGAALDTIQ,-0.7993026095566369,1
S11A,RLIESLSQMLAMGFSDEGGWLTRLLQTKNYDIGAALDTIQ,0.2948743009750059,1
S11D,RLIESLSQMLDMGFSDEGGWLTRLLQTKNYDIGAALDTIQ,-0.491372151488133,1
S11E,RLIESLSQMLEMGFSDEGGWLTRLLQTKNYDIGAALDTIQ,-0.2558006186842063,1
S11F,RLIESLSQMLFMGFSDEGGWLTRLLQTKNYDIGAALDTIQ,-0.8517287562357265,1
S11G,RLIESLSQMLGMGFSDEGGWLTRLLQTKNYDIGAALDTIQ,-0.3786733493769163,1
S11H,RLIESLSQMLHMGFSDEGGWLTRLLQTKNYDIGAALDTIQ,-0.3753287235277276,1
S11I,RLIESLSQMLIMGFSDEGGWLTRLLQTKNYDIGAALDTIQ,-0.2642204605677638,1
S11K,RLIESLSQMLKMGFSDEGGWLTRLLQTKNYDIGAALDTIQ,-0.0091749599938295,1
S11L,RLIESLSQMLLMGFSDEGGWLTRLLQTKNYDIGAALDTIQ,-0.2773589058906194,1
S11M,RLIESLSQMLMMGFSDEGGWLTRLLQTKNYDIGAALDTIQ,0.0109335076783882,1
S11N,RLIESLSQMLNMGFSDEGGWLTRLLQTKNYDIGAALDTIQ,-0.2039674510524571,1
S11P,RLIESLSQMLPMGFSDEGGWLTRLLQTKNYDIGAALDTIQ,-1.731006709707951,0
S11Q,RLIESLSQMLQMGFSDEGGWLTRLLQTKNYDIGAALDTIQ,-0.0531664801967806,1
S11R,RLIESLSQMLRMGFSDEGGWLTRLLQTKNYDIGAALDTIQ,-0.2017845473229838,1
S11T,RLIESLSQMLTMGFSDEGGWLTRLLQTKNYDIGAALDTIQ,-0.4193355957900491,1
S11V,RLIESLSQMLVMGFSDEGGWLTRLLQTKNYDIGAALDTIQ,-0.3901618814702718,1
S11W,RLIESLSQMLWMGFSDEGGWLTRLLQTKNYDIGAALDTIQ,-0.99365051648444,0
S11Y,RLIESLSQMLYMGFSDEGGWLTRLLQTKNYDIGAALDTIQ,-1.2603682725842198,0
S15A,RLIESLSQMLSMGFADEGGWLTRLLQTKNYDIGAALDTIQ,-0.8238669717633167,1
S15C,RLIESLSQMLSMGFCDEGGWLTRLLQTKNYDIGAALDTIQ,-0.2113044364015435,1
S15D,RLIESLSQMLSMGFDDEGGWLTRLLQTKNYDIGAALDTIQ,0.2840857218390105,1
S15E,RLIESLSQMLSMGFEDEGGWLTRLLQTKNYDIGAALDTIQ,-0.4898974298372038,1
S15F,RLIESLSQMLSMGFFDEGGWLTRLLQTKNYDIGAALDTIQ,-0.7472617102514243,1
S15G,RLIESLSQMLSMGFGDEGGWLTRLLQTKNYDIGAALDTIQ,-0.7847532774282873,1
S15H,RLIESLSQMLSMGFHDEGGWLTRLLQTKNYDIGAALDTIQ,-0.0929054003928171,1
S15I,RLIESLSQMLSMGFIDEGGWLTRLLQTKNYDIGAALDTIQ,-0.5013034383861246,1
S15K,RLIESLSQMLSMGFKDEGGWLTRLLQTKNYDIGAALDTIQ,-0.5785964230702838,1
S15L,RLIESLSQMLSMGFLDEGGWLTRLLQTKNYDIGAALDTIQ,-0.6901999073724181,1
S15M,RLIESLSQMLSMGFMDEGGWLTRLLQTKNYDIGAALDTIQ,-0.7091516696454099,1
S15N,RLIESLSQMLSMGFNDEGGWLTRLLQTKNYDIGAALDTIQ,0.1194324962460107,1
S15P,RLIESLSQMLSMGFPDEGGWLTRLLQTKNYDIGAALDTIQ,-1.565989005471795,0
S15Q,RLIESLSQMLSMGFQDEGGWLTRLLQTKNYDIGAALDTIQ,-0.5899992221972994,1
S15R,RLIESLSQMLSMGFRDEGGWLTRLLQTKNYDIGAALDTIQ,-0.8601855561378868,0
S15T,RLIESLSQMLSMGFTDEGGWLTRLLQTKNYDIGAALDTIQ,0.289130255764332,1
S15V,RLIESLSQMLSMGFVDEGGWLTRLLQTKNYDIGAALDTIQ,-0.3890723302267642,1
S15W,RLIESLSQMLSMGFWDEGGWLTRLLQTKNYDIGAALDTIQ,-1.0391476480807027,0
S15Y,RLIESLSQMLSMGFYDEGGWLTRLLQTKNYDIGAALDTIQ,-0.7348041264654879,1
S5A,RLIEALSQMLSMGFSDEGGWLTRLLQTKNYDIGAALDTIQ,0.5263976547808649,1
S5E,RLIEELSQMLSMGFSDEGGWLTRLLQTKNYDIGAALDTIQ,-1.398725010688656,0
S5F,RLIEFLSQMLSMGFSDEGGWLTRLLQTKNYDIGAALDTIQ,0.0996579514773388,1
S5G,RLIEGLSQMLSMGFSDEGGWLTRLLQTKNYDIGAALDTIQ,-0.8398672838761927,1
S5H,RLIEHLSQMLSMGFSDEGGWLTRLLQTKNYDIGAALDTIQ,-1.356537725608551,0
S5I,RLIEILSQMLSMGFSDEGGWLTRLLQTKNYDIGAALDTIQ,-0.0042694017134352,1
S5K,RLIEKLSQMLSMGFSDEGGWLTRLLQTKNYDIGAALDTIQ,-0.7583005759252266,1
S5L,RLIELLSQMLSMGFSDEGGWLTRLLQTKNYDIGAALDTIQ,-0.0511070934004931,1
S5M,RLIEMLSQMLSMGFSDEGGWLTRLLQTKNYDIGAALDTIQ,-0.3674676406545534,1
S5N,RLIENLSQMLSMGFSDEGGWLTRLLQTKNYDIGAALDTIQ,-1.3940053227960223,0
S5P,RLIEPLSQMLSMGFSDEGGWLTRLLQTKNYDIGAALDTIQ,-1.1310551059317793,0
S5Q,RLIEQLSQMLSMGFSDEGGWLTRLLQTKNYDIGAALDTIQ,-0.9975070810347244,0
S5R,RLIERLSQMLSMGFSDEGGWLTRLLQTKNYDIGAALDTIQ,-1.0749976900702554,0
S5V,RLIEVLSQMLSMGFSDEGGWLTRLLQTKNYDIGAALDTIQ,0.1775860360113896,1
S5W,RLIEWLSQMLSMGFSDEGGWLTRLLQTKNYDIGAALDTIQ,-0.2361679237053131,1
S5Y,RLIEYLSQMLSMGFSDEGGWLTRLLQTKNYDIGAALDTIQ,-0.6703282014593412,1
S7A,RLIESLAQMLSMGFSDEGGWLTRLLQTKNYDIGAALDTIQ,0.1773294944647285,1
S7D,RLIESLDQMLSMGFSDEGGWLTRLLQTKNYDIGAALDTIQ,-0.6419935972435697,1
S7E,RLIESLEQMLSMGFSDEGGWLTRLLQTKNYDIGAALDTIQ,-0.1444750519498416,1
S7F,RLIESLFQMLSMGFSDEGGWLTRLLQTKNYDIGAALDTIQ,-0.053910822804212,1
S7G,RLIESLGQMLSMGFSDEGGWLTRLLQTKNYDIGAALDTIQ,-0.4480716957431625,1
S7H,RLIESLHQMLSMGFSDEGGWLTRLLQTKNYDIGAALDTIQ,0.1825319500087867,1
S7I,RLIESLIQMLSMGFSDEGGWLTRLLQTKNYDIGAALDTIQ,-0.1565579975373761,1
S7K,RLIESLKQMLSMGFSDEGGWLTRLLQTKNYDIGAALDTIQ,0.3492343245535276,1
S7L,RLIESLLQMLSMGFSDEGGWLTRLLQTKNYDIGAALDTIQ,0.1403974344074234,1
S7M,RLIESLMQMLSMGFSDEGGWLTRLLQTKNYDIGAALDTIQ,0.2040013727862466,1
S7N,RLIESLNQMLSMGFSDEGGWLTRLLQTKNYDIGAALDTIQ,0.1630578784859881,1
S7P,RLIESLPQMLSMGFSDEGGWLTRLLQTKNYDIGAALDTIQ,-1.9411360810995253,0
S7Q,RLIESLQQMLSMGFSDEGGWLTRLLQTKNYDIGAALDTIQ,0.0362722210047468,1
S7R,RLIESLRQMLSMGFSDEGGWLTRLLQTKNYDIGAALDTIQ,0.6412245497366493,1
S7T,RLIESLTQMLSMGFSDEGGWLTRLLQTKNYDIGAALDTIQ,-0.0152571341370384,1
S7V,RLIESLVQMLSMGFSDEGGWLTRLLQTKNYDIGAALDTIQ,-0.3525319490745593,1
S7W,RLIESLWQMLSMGFSDEGGWLTRLLQTKNYDIGAALDTIQ,-0.2583162774459926,1
S7Y,RLIESLYQMLSMGFSDEGGWLTRLLQTKNYDIGAALDTIQ,-0.0296191648315313,1
T22D,RLIESLSQMLSMGFSDEGGWLDRLLQTKNYDIGAALDTIQ,-2.072800400351622,0
T22E,RLIESLSQMLSMGFSDEGGWLERLLQTKNYDIGAALDTIQ,-1.6002734517868422,0
T22F,RLIESLSQMLSMGFSDEGGWLFRLLQTKNYDIGAALDTIQ,-1.4294733942733315,0
T22G,RLIESLSQMLSMGFSDEGGWLGRLLQTKNYDIGAALDTIQ,-1.4826727253719945,0
T22H,RLIESLSQMLSMGFSDEGGWLHRLLQTKNYDIGAALDTIQ,-1.325897683231242,0
T22I,RLIESLSQMLSMGFSDEGGWLIRLLQTKNYDIGAALDTIQ,-1.046573906977862,0
T22K,RLIESLSQMLSMGFSDEGGWLKRLLQTKNYDIGAALDTIQ,-1.4657703414826202,0
T22L,RLIESLSQMLSMGFSDEGGWLLRLLQTKNYDIGAALDTIQ,-0.7704168203945998,1
T22M,RLIESLSQMLSMGFSDEGGWLMRLLQTKNYDIGAALDTIQ,-0.7899016457399417,1
T22N,RLIESLSQMLSMGFSDEGGWLNRLLQTKNYDIGAALDTIQ,-1.3806657675602525,0
T22P,RLIESLSQMLSMGFSDEGGWLPRLLQTKNYDIGAALDTIQ,-2.1166482795546986,0
T22Q,RLIESLSQMLSMGFSDEGGWLQRLLQTKNYDIGAALDTIQ,-1.1273398568882589,0
T22R,RLIESLSQMLSMGFSDEGGWLRRLLQTKNYDIGAALDTIQ,-0.6737491944639147,1
T22S,RLIESLSQMLSMGFSDEGGWLSRLLQTKNYDIGAALDTIQ,-0.2843735423722537,1
T22V,RLIESLSQMLSMGFSDEGGWLVRLLQTKNYDIGAALDTIQ,-1.165910812439979,0
T22W,RLIESLSQMLSMGFSDEGGWLWRLLQTKNYDIGAALDTIQ,-0.6670234110780291,1
T22Y,RLIESLSQMLSMGFSDEGGWLYRLLQTKNYDIGAALDTIQ,-1.5496449989767926,0
T27A,RLIESLSQMLSMGFSDEGGWLTRLLQAKNYDIGAALDTIQ,0.5061780149681723,1
T27C,RLIESLSQMLSMGFSDEGGWLTRLLQCKNYDIGAALDTIQ,0.4082258874733342,1
T27D,RLIESLSQMLSMGFSDEGGWLTRLLQDKNYDIGAALDTIQ,0.0944849630727389,1
T27E,RLIESLSQMLSMGFSDEGGWLTRLLQEKNYDIGAALDTIQ,0.5072255038729305,1
T27F,RLIESLSQMLSMGFSDEGGWLTRLLQFKNYDIGAALDTIQ,-0.0275402639707937,1
T27G,RLIESLSQMLSMGFSDEGGWLTRLLQGKNYDIGAALDTIQ,-0.3805492988155117,1
T27H,RLIESLSQMLSMGFSDEGGWLTRLLQHKNYDIGAALDTIQ,-0.0450755601862593,1
T27I,RLIESLSQMLSMGFSDEGGWLTRLLQIKNYDIGAALDTIQ,0.2717157907895733,1
T27K,RLIESLSQMLSMGFSDEGGWLTRLLQKKNYDIGAALDTIQ,0.0696295018318835,1
T27L,RLIESLSQMLSMGFSDEGGWLTRLLQLKNYDIGAALDTIQ,0.6625603764870669,1
T27M,RLIESLSQMLSMGFSDEGGWLTRLLQMKNYDIGAALDTIQ,0.4076770386476047,1
T27N,RLIESLSQMLSMGFSDEGGWLTRLLQNKNYDIGAALDTIQ,-0.0125614082995202,1
T27P,RLIESLSQMLSMGFSDEGGWLTRLLQPKNYDIGAALDTIQ,-1.921049495540857,0
T27Q,RLIESLSQMLSMGFSDEGGWLTRLLQQKNYDIGAALDTIQ,0.4022381539141202,1
T27R,RLIESLSQMLSMGFSDEGGWLTRLLQRKNYDIGAALDTIQ,0.3104066499225899,1
T27S,RLIESLSQMLSMGFSDEGGWLTRLLQSKNYDIGAALDTIQ,0.4256286709979697,1
T27V,RLIESLSQMLSMGFSDEGGWLTRLLQVKNYDIGAALDTIQ,-0.0268499665490238,1
T27W,RLIESLSQMLSMGFSDEGGWLTRLLQWKNYDIGAALDTIQ,0.2305095497769276,1
T27Y,RLIESLSQMLSMGFSDEGGWLTRLLQYKNYDIGAALDTIQ,0.0020344037163124,1
T38A,RLIESLSQMLSMGFSDEGGWLTRLLQTKNYDIGAALDAIQ,0.4278873597047883,1
T38D,RLIESLSQMLSMGFSDEGGWLTRLLQTKNYDIGAALDDIQ,-0.2098474561439189,1
T38E,RLIESLSQMLSMGFSDEGGWLTRLLQTKNYDIGAALDEIQ,0.142705811879404,1
T38F,RLIESLSQMLSMGFSDEGGWLTRLLQTKNYDIGAALDFIQ,0.614451870968463,1
T38G,RLIESLSQMLSMGFSDEGGWLTRLLQTKNYDIGAALDGIQ,-1.082365956177073,0
T38H,RLIESLSQMLSMGFSDEGGWLTRLLQTKNYDIGAALDHIQ,0.4478807754636551,1
T38I,RLIESLSQMLSMGFSDEGGWLTRLLQTKNYDIGAALDIIQ,-0.0622065774949516,1
T38K,RLIESLSQMLSMGFSDEGGWLTRLLQTKNYDIGAALDKIQ,-0.88834180572769,0
T38L,RLIESLSQMLSMGFSDEGGWLTRLLQTKNYDIGAALDLIQ,-0.3366701292084975,1
T38M,RLIESLSQMLSMGFSDEGGWLTRLLQTKNYDIGAALDMIQ,-0.0861041590171933,1
T38N,RLIESLSQMLSMGFSDEGGWLTRLLQTKNYDIGAALDNIQ,-0.8658220286466023,0
T38P,RLIESLSQMLSMGFSDEGGWLTRLLQTKNYDIGAALDPIQ,-1.9321822713231165,0
T38Q,RLIESLSQMLSMGFSDEGGWLTRLLQTKNYDIGAALDQIQ,0.0965946194392777,1
T38R,RLIESLSQMLSMGFSDEGGWLTRLLQTKNYDIGAALDRIQ,-1.0477008587857572,0
T38S,RLIESLSQMLSMGFSDEGGWLTRLLQTKNYDIGAALDSIQ,0.2256747124115059,1
T38V,RLIESLSQMLSMGFSDEGGWLTRLLQTKNYDIGAALDVIQ,0.0566271690271933,1
T38W,RLIESLSQMLSMGFSDEGGWLTRLLQTKNYDIGAALDWIQ,0.894103838654182,1
T38Y,RLIESLSQMLSMGFSDEGGWLTRLLQTKNYDIGAALDYIQ,0.6613260851301628,1
W20A,RLIESLSQMLSMGFSDEGGALTRLLQTKNYDIGAALDTIQ,-1.253724233054327,0
W20D,RLIESLSQMLSMGFSDEGGDLTRLLQTKNYDIGAALDTIQ,-1.8033920504683107,0
W20E,RLIESLSQMLSMGFSDEGGELTRLLQTKNYDIGAALDTIQ,-1.6352634251868112,0
W20F,RLIESLSQMLSMGFSDEGGFLTRLLQTKNYDIGAALDTIQ,-1.2578943486353973,0
W20G,RLIESLSQMLSMGFSDEGGGLTRLLQTKNYDIGAALDTIQ,-2.2931217021067742,0
W20H,RLIESLSQMLSMGFSDEGGHLTRLLQTKNYDIGAALDTIQ,-1.6810664589810895,0
W20I,RLIESLSQMLSMGFSDEGGILTRLLQTKNYDIGAALDTIQ,-1.4756332770334966,0
W20K,RLIESLSQMLSMGFSDEGGKLTRLLQTKNYDIGAALDTIQ,-1.6653319134925109,0
W20L,RLIESLSQMLSMGFSDEGGLLTRLLQTKNYDIGAALDTIQ,-1.4531340217978976,0
W20M,RLIESLSQMLSMGFSDEGGMLTRLLQTKNYDIGAALDTIQ,-1.5777504051794005,0
W20N,RLIESLSQMLSMGFSDEGGNLTRLLQTKNYDIGAALDTIQ,-1.9595599377723507,0
W20P,RLIESLSQMLSMGFSDEGGPLTRLLQTKNYDIGAALDTIQ,-2.646539473950228,0
W20Q,RLIESLSQMLSMGFSDEGGQLTRLLQTKNYDIGAALDTIQ,-1.8078076746440797,0
W20R,RLIESLSQMLSMGFSDEGGRLTRLLQTKNYDIGAALDTIQ,-1.534795621834263,0
W20S,RLIESLSQMLSMGFSDEGGSLTRLLQTKNYDIGAALDTIQ,-1.6776045035763505,0
W20T,RLIESLSQMLSMGFSDEGGTLTRLLQTKNYDIGAALDTIQ,-1.6560461142336464,0
W20V,RLIESLSQMLSMGFSDEGGVLTRLLQTKNYDIGAALDTIQ,-1.3485992656053647,0
W20Y,RLIESLSQMLSMGFSDEGGYLTRLLQTKNYDIGAALDTIQ,-0.930282338866032,0
Y30A,RLIESLSQMLSMGFSDEGGWLTRLLQTKNADIGAALDTIQ,-1.3033258651578188,0
Y30D,RLIESLSQMLSMGFSDEGGWLTRLLQTKNDDIGAALDTIQ,-1.5947238833824662,0
Y30E,RLIESLSQMLSMGFSDEGGWLTRLLQTKNEDIGAALDTIQ,-1.868642709547108,0
Y30F,RLIESLSQMLSMGFSDEGGWLTRLLQTKNFDIGAALDTIQ,-0.1111103674782434,1
Y30H,RLIESLSQMLSMGFSDEGGWLTRLLQTKNHDIGAALDTIQ,-1.1789200759759737,0
Y30I,RLIESLSQMLSMGFSDEGGWLTRLLQTKNIDIGAALDTIQ,-1.4690959715646816,0
Y30K,RLIESLSQMLSMGFSDEGGWLTRLLQTKNKDIGAALDTIQ,-1.5957383103022675,0
Y30L,RLIESLSQMLSMGFSDEGGWLTRLLQTKNLDIGAALDTIQ,-1.0337551781050418,0
Y30M,RLIESLSQMLSMGFSDEGGWLTRLLQTKNMDIGAALDTIQ,-1.0620441111975103,0
Y30N,RLIESLSQMLSMGFSDEGGWLTRLLQTKNNDIGAALDTIQ,-0.8289260097840345,1
Y30P,RLIESLSQMLSMGFSDEGGWLTRLLQTKNPDIGAALDTIQ,-1.7681945825296337,0
Y30S,RLIESLSQMLSMGFSDEGGWLTRLLQTKNSDIGAALDTIQ,-1.424876036352196,0
Y30T,RLIESLSQMLSMGFSDEGGWLTRLLQTKNTDIGAALDTIQ,-1.6646976720904432,0
Y30V,RLIESLSQMLSMGFSDEGGWLTRLLQTKNVDIGAALDTIQ,-1.393974106023587,0
Y30W,RLIESLSQMLSMGFSDEGGWLTRLLQTKNWDIGAALDTIQ,-0.5782932957744251,1
