mutant,mutated_sequence,DMS_score,DMS_score_bin
A14D,GATAVSEWTEYKTDDGKTYYYNNRTLESTWEKPQELK,-0.5072197721052127,1
A14E,GATAVSEWTEYKTEDGKTYYYNNRTLESTWEKPQELK,-0.2796393279293241,1
A14F,GATAVSEWTEYKTFDGKTYYYNNRTLESTWEKPQELK,-0.9939122252998192,1
A14G,GATAVSEWTEYKTGDGKTYYYNNRTLESTWEKPQELK,-0.6540575319206332,1
A14H,GATAVSEWTEYKTHDGKTYYYNNRTLESTWEKPQELK,-0.3559776878810679,1
A14I,GATAVSEWTEYKTIDGKTYYYNNRTLESTWEKPQELK,-0.3207765710770758,1
A14K,GATAVSEWTEYKTKDGKTYYYNNRTLESTWEKPQELK,-0.2841839135619479,1
A14L,GATAVSEWTEYKTLDGKTYYYNNRTLESTWEKPQELK,-0.3845483833644114,1
A14M,GATAVSEWTEYKTMDGKTYYYNNRTLESTWEKPQELK,-0.5581959611622245,1
A14N,GATAVSEWTEYKTNDGKTYYYNNRTLESTWEKPQELK,-0.5492944053557958,1
A14P,GATAVSEWTEYKTPDGKTYYYNNRTLESTWEKPQELK,-0.2353361531974234,1
A14Q,GATAVSEWTEYKTQDGKTYYYNNRTLESTWEKPQELK,-0.4431245800165828,1
A14R,GATAVSEWTEYKTRDGKTYYYNNRTLESTWEKPQELK,-0.4941840701111757,1
A14S,GATAVSEWTEYKTSDGKTYYYNNRTLESTWEKPQELK,-0.2998177166994589,1
A14T,GATAVSEWTEYKTTDGKTYYYNNRTLESTWEKPQELK,-0.4326997278726874,1
A14V,GATAVSEWTEYKTVDGKTYYYNNRTLESTWEKPQELK,-0.2736177892554647,1
A14W,GATAVSEWTEYKTWDGKTYYYNNRTLESTWEKPQELK,-0.5545618225092812,1
A14Y,GATAVSEWTEYKTYDGKTYYYNNRTLESTWEKPQELK,-1.1235566760642643,1
A2D,GDTAVSEWTEYKTADGKTYYYNNRTLESTWEKPQELK,-0.1708044526136758,1
A2E,GETAVSEWTEYKTADGKTYYYNNRTLESTWEKPQELK,-0.1788547600210757,1
A2F,GFTAVSEWTEYKTADGKTYYYNNRTLESTWEKPQELK,-0.2099296221915247,1
A2G,GGTAVSEWTEYKTADGKTYYYNNRTLESTWEKPQELK,-0.1897720194895185,1
A2H,GHTAVSEWTEYKTADGKTYYYNNRTLESTWEKPQELK,-0.1674690305526689,1
A2I,GITAVSEWTEYKTADGKTYYYNNRTLESTWEKPQELK,-0.1784519010531755,1
A2K,GKTAVSEWTEYKTADGKTYYYNNRTLESTWEKPQELK,-0.622219660193283,1
A2L,GLTAVSEWTEYKTADGKTYYYNNRTLESTWEKPQELK,-0.1482435331859268,1
A2M,GMTAVSEWTEYKTADGKTYYYNNRTLESTWEKPQELK,-0.1421743729560582,1
A2N,GNTAVSEWTEYKTADGKTYYYNNRTLESTWEKPQELK,-0.1484729396047552,1
A2P,GPTAVSEWTEYKTADGKTYYYNNRTLESTWEKPQELK,-0.2884526402870389,1
A2Q,GQTAVSEWTEYKTADGKTYYYNNRTLESTWEKPQELK,-0.0672215522318815,1
A2R,GRTAVSEWTEYKTADGKTYYYNNRTLESTWEKPQELK,-0.5556503069950129,1
A2S,GSTAVSEWTEYKTADGKTYYYNNRTLESTWEKPQELK,-0.1455867140453315,1
A2T,GTTAVSEWTEYKTADGKTYYYNNRTLESTWEKPQELK,-0.1745010574087486,1
A2V,GVTAVSEWTEYKTADGKTYYYNNRTLESTWEKPQELK,-0.1658547880049634,1
A2W,GWTAVSEWTEYKTADGKTYYYNNRTLESTWEKPQELK,-0.4290184674312853,1
A2Y,GYTAVSEWTEYKTADGKTYYYNNRTLESTWEKPQELK,-0.3216814567739541,1
A4D,GATDVSEWTEYKTADGKTYYYNNRTLESTWEKPQELK,-0.2846409954493274,1
A4E,GATEVSEWTEYKTADGKTYYYNNRTLESTWEKPQELK,-0.2475724102701932,1
A4F,GATFVSEWTEYKTADGKTYYYNNRTLESTWEKPQELK,-0.4578771902377188,1
A4G,GATGVSEWTEYKTADGKTYYYNNRTLESTWEKPQELK,-0.2394317412482394,1
A4H,GATHVSEWTEYKTADGKTYYYNNRTLESTWEKPQELK,-0.1522869377980025,1
A4I,GATIVSEWTEYKTADGKTYYYNNRTLESTWEKPQELK,-0.1299169129714674,1
A4K,GATKVSEWTEYKTADGKTYYYNNRTLESTWEKPQELK,-0.5493147677881529,1
A4L,GATLVSEWTEYKTADGKTYYYNNRTLESTWEKPQELK,-0.2139643012176009,1
A4M,GATMVSEWTEYKTADGKTYYYNNRTLESTWEKPQELK,-0.2019000895264868,1
A4N,GATNVSEWTEYKTADGKTYYYNNRTLESTWEKPQELK,-0.2348938728250917,1
A4P,GATPVSEWTEYKTADGKTYYYNNRTLESTWEKPQELK,-0.1935541123049668,1
A4Q,GATQVSEWTEYKTADGKTYYYNNRTLESTWEKPQELK,-0.1369420289399547,1
A4R,GATRVSEWTEYKTADGKTYYYNNRTLESTWEKPQELK,-0.6320079894613557,1
A4S,GATSVSEWTEYKTADGKTYYYNNRTLESTWEKPQELK,-0.1125789801003294,1
A4T,GATTVSEWTEYKTADGKTYYYNNRTLESTWEKPQELK,-0.0974656547525123,1
A4V,GATVVSEWTEYKTADGKTYYYNNRTLESTWEKPQELK,-0.0209712516428677,1
A4W,GATWVSEWTEYKTADGKTYYYNNRTLESTWEKPQELK,-0.2096458248830481,1
A4Y,GATYVSEWTEYKTADGKTYYYNNRTLESTWEKPQELK,-0.8122416982945415,1
D15A,GATAVSEWTEYKTAAGKTYYYNNRTLESTWEKPQELK,-0.6858073155713589,1
D15C,GATAVSEWTEYKTACGKTYYYNNRTLESTWEKPQELK,-0.1197886209391403,1
D15E,GATAVSEWTEYKTAEGKTYYYNNRTLESTWEKPQELK,-0.5096828565575673,1
D15F,GATAVSEWTEYKTAFGKTYYYNNRTLESTWEKPQELK,-0.9269760333321436,1
D15G,GATAVSEWTEYKTAGGKTYYYNNRTLESTWEKPQELK,-0.6791929293248873,1
D15H,GATAVSEWTEYKTAHGKTYYYNNRTLESTWEKPQELK,-1.0204017733627375,1
D15I,GATAVSEWTEYKTAIGKTYYYNNRTLESTWEKPQELK,-1.648809943746711,0
D15K,GATAVSEWTEYKTAKGKTYYYNNRTLESTWEKPQELK,-0.9729997622172112,1
D15L,GATAVSEWTEYKTALGKTYYYNNRTLESTWEKPQELK,-1.1210019391607848,1
D15M,GATAVSEWTEYKTAMGKTYYYNNRTLESTWEKPQELK,-1.0182592185887644,1
D15N,GATAVSEWTEYKTANGKTYYYNNRTLESTWEKPQELK,-0.5735419567678601,1
D15P,GATAVSEWTEYKTAPGKTYYYNNRTLESTWEKPQELK,-2.3876334368473926,0
D15Q,GATAVSEWTEYKTAQGKTYYYNNRTLESTWEKPQELK,-0.6727251412321782,1
D15R,GATAVSEWTEYKTARGKTYYYNNRTLESTWEKPQELK,-1.216287355982553,0
D15S,GATAVSEWTEYKTASGKTYYYNNRTLESTWEKPQELK,-0.4622151064895203,1
D15T,GATAVSEWTEYKTATGKTYYYNNRTLESTWEKPQELK,-0.5612204377191108,1
D15V,GATAVSEWTEYKTAVGKTYYYNNRTLESTWEKPQELK,-1.610365060994766,0
D15W,GATAVSEWTEYKTAWGKTYYYNNRTLESTWEKPQELK,-0.804417896506118,1
D15Y,GATAVSEWTEYKTAYGKTYYYNNRTLESTWEKPQELK,-0.7915680027762215,1
E10A,GATAVSEWTAYKTADGKTYYYNNRTLESTWEKPQELK,-0.465667744383258,1
E10D,GATAVSEWTDYKTADGKTYYYNNRTLESTWEKPQELK,-1.8249584843776128,0
E10F,GATAVSEWTFYKTADGKTYYYNNRTLESTWEKPQELK,-1.134715038297327,1
E10G,GATAVSEWTGYKTADGKTYYYNNRTLESTWEKPQELK,-1.8309778154178789,0
E10H,GATAVSEWTHYKTADGKTYYYNNRTLESTWEKPQELK,-1.3705076045186866,0
E10I,GATAVSEWTIYKTADGKTYYYNNRTLESTWEKPQELK,-0.3008434112711184,1
E10K,GATAVSEWTKYKTADGKTYYYNNRTLESTWEKPQELK,-1.0267855936756352,1
E10L,GATAVSEWTLYKTADGKTYYYNNRTLESTWEKPQELK,-0.8832135245091999,1
E10M,GATAVSEWTMYKTADGKTYYYNNRTLESTWEKPQELK,-0.4490594418985845,1
E10N,GATAVSEWTNYKTADGKTYYYNNRTLESTWEKPQELK,-1.7833995164817718,0
E10P,GATAVSEWTPYKTADGKTYYYNNRTLESTWEKPQELK,-0.9905251868156624,1
E10Q,GATAVSEWTQYKTADGKTYYYNNRTLESTWEKPQELK,-0.578943140326627,1
E10R,GATAVSEWTRYKTADGKTYYYNNRTLESTWEKPQELK,-1.269836517948326,0
E10S,GATAVSEWTSYKTADGKTYYYNNRTLESTWEKPQELK,-0.9379486371971022,1
E10T,GATAVSEWTTYKTADGKTYYYNNRTLESTWEKPQELK,-0.5018478628849392,1
E10V,GATAVSEWTVYKTADGKTYYYNNRTLESTWEKPQELK,-0.2282937652624723,1
E10W,GATAVSEWTWYKTADGKTYYYNNRTLESTWEKPQELK,-0.8579243240808239,1
E10Y,GATAVSEWTYYKTADGKTYYYNNRTLESTWEKPQELK,-1.2211104087686722,0
E27A,GATAVSEWTEYKTADGKTYYYNNRTLASTWEKPQELK,-0.8041658418658824,1
E27C,GATAVSEWTEYKTADGKTYYYNNRTLCSTWEKPQELK,-0.3549775065663687,1
E27D,GATAVSEWTEYKTADGKTYYYNNRTLDSTWEKPQELK,-1.1285694967883162,1
E27F,GATAVSEWTEYKTADGKTYYYNNRTLFSTWEKPQELK,-1.1292198093493195,1
E27G,GATAVSEWTEYKTADGKTYYYNNRTLGSTWEKPQELK,-1.527146076201442,0
E27H,GATAVSEWTEYKTADGKTYYYNNRTLHSTWEKPQELK,-1.0854643006614357,1
E27I,GATAVSEWTEYKTADGKTYYYNNRTLISTWEKPQELK,-0.7074049638059223,1
E27K,GATAVSEWTEYKTADGKTYYYNNRTLKSTWEKPQELK,-0.5926480683540878,1
E27L,GATAVSEWTEYKTADGKTYYYNNRTLLSTWEKPQELK,-0.38485373159968184,1
E27M,GATAVSEWTEYKTADGKTYYYNNRTLMSTWEKPQELK,-0.46957177081105694,1
E27N,GATAVSEWTEYKTADGKTYYYNNRTLNSTWEKPQELK,-0.9915007230092737,1
E27P,GATAVSEWTEYKTADGKTYYYNNRTLPSTWEKPQELK,-2.3630543835493905,0
E27Q,GATAVSEWTEYKTADGKTYYYNNRTLQSTWEKPQELK,-0.24895133593000654,1
E27R,GATAVSEWTEYKTADGKTYYYNNRTLRSTWEKPQELK,-0.9762391761988745,1
E27S,GATAVSEWTEYKTADGKTYYYNNRTLSSTWEKPQELK,-0.9205234570524422,1
E27T,GATAVSEWTEYKTADGKTYYYNNRTLTSTWEKPQELK,-0.7244884169366582,1
E27V,GATAVSEWTEYKTADGKTYYYNNRTLVSTWEKPQELK,-0.5702768065302584,1
E27W,GATAVSEWTEYKTADGKTYYYNNRTLWSTWEKPQELK,-1.5749989443548549,0
E27Y,GATAVSEWTEYKTADGKTYYYNNRTLYSTWEKPQELK,-1.0899313667133277,1
E31A,GATAVSEWTEYKTADGKTYYYNNRTLESTWAKPQELK,-0.8162330335964254,1
E31D,GATAVSEWTEYKTADGKTYYYNNRTLESTWDKPQELK,-0.331296476828451,1
E31F,GATAVSEWTEYKTADGKTYYYNNRTLESTWFKPQELK,-0.5928548183813471,1
E31G,GATAVSEWTEYKTADGKTYYYNNRTLESTWGKPQELK,-1.2655767614022602,0
E31H,GATAVSEWTEYKTADGKTYYYNNRTLESTWHKPQELK,-0.5949218464956068,1
E31I,GATAVSEWTEYKTADGKTYYYNNRTLESTWIKPQELK,-0.2631723652094515,1
E31K,GATAVSEWTEYKTADGKTYYYNNRTLESTWKKPQELK,-0.8660088722623622,1
E31L,GATAVSEWTEYKTADGKTYYYNNRTLESTWLKPQELK,-0.5567576972347381,1
E31M,GATAVSEWTEYKTADGKTYYYNNRTLESTWMKPQELK,-0.7589184859229883,1
E31N,GATAVSEWTEYKTADGKTYYYNNRTLESTWNKPQELK,-0.7382657822525367,1
E31P,GATAVSEWTEYKTADGKTYYYNNRTLESTWPKPQELK,-1.9509668970545613,0
E31Q,GATAVSEWTEYKTADGKTYYYNNRTLESTWQKPQELK,-0.5635963952320999,1
E31R,GATAVSEWTEYKTADGKTYYYNNRTLESTWRKPQELK,-0.9260024422030262,1
E31S,GATAVSEWTEYKTADGKTYYYNNRTLESTWSKPQELK,-0.8023531837002826,1
E31T,GATAVSEWTEYKTADGKTYYYNNRTLESTWTKPQELK,-0.3590138785059307,1
E31V,GATAVSEWTEYKTADGKTYYYNNRTLESTWVKPQELK,-0.2533532361828494,1
E31W,GATAVSEWTEYKTADGKTYYYNNRTLESTWWKPQELK,-0.9161105411928304,1
E31Y,GATAVSEWTEYKTADGKTYYYNNRTLESTWYKPQELK,-0.6769854109730309,1
E35A,GATAVSEWTEYKTADGKTYYYNNRTLESTWEKPQALK,-0.3521311219079828,1
E35C,GATAVSEWTEYKTADGKTYYYNNRTLESTWEKPQCLK,0.0948781044503817,1
E35D,GATAVSEWTEYKTADGKTYYYNNRTLESTWEKPQDLK,-0.3562896185130308,1
E35F,GATAVSEWTEYKTADGKTYYYNNRTLESTWEKPQFLK,-0.7799843344998214,1
E35G,GATAVSEWTEYKTADGKTYYYNNRTLESTWEKPQGLK,-0.5273289274137039,1
E35H,GATAVSEWTEYKTADGKTYYYNNRTLESTWEKPQHLK,-0.7728052930504758,1
E35I,GATAVSEWTEYKTADGKTYYYNNRTLESTWEKPQILK,-0.8127433581360219,1
E35K,GATAVSEWTEYKTADGKTYYYNNRTLESTWEKPQKLK,-1.0852914217172018,1
E35L,GATAVSEWTEYKTADGKTYYYNNRTLESTWEKPQLLK,-0.8749020176418278,1
E35M,GATAVSEWTEYKTADGKTYYYNNRTLESTWEKPQMLK,-0.9131184938742138,1
E35N,GATAVSEWTEYKTADGKTYYYNNRTLESTWEKPQNLK,-0.5693957853273588,1
E35P,GATAVSEWTEYKTADGKTYYYNNRTLESTWEKPQPLK,-0.8648700789961348,1
E35Q,GATAVSEWTEYKTADGKTYYYNNRTLESTWEKPQQLK,-0.6433711864329874,1
E35R,GATAVSEWTEYKTADGKTYYYNNRTLESTWEKPQRLK,-1.4265182203043918,0
E35S,GATAVSEWTEYKTADGKTYYYNNRTLESTWEKPQSLK,-0.3492549361410351,1
E35T,GATAVSEWTEYKTADGKTYYYNNRTLESTWEKPQTLK,-0.8546082285741055,1
E35V,GATAVSEWTEYKTADGKTYYYNNRTLESTWEKPQVLK,-0.7433212782480778,1
E35W,GATAVSEWTEYKTADGKTYYYNNRTLESTWEKPQWLK,-0.9119450148485946,1
E35Y,GATAVSEWTEYKTADGKTYYYNNRTLESTWEKPQYLK,-0.6890306723390665,1
E7A,GATAVSAWTEYKTADGKTYYYNNRTLESTWEKPQELK,-0.739880411721693,1
E7D,GATAVSDWTEYKTADGKTYYYNNRTLESTWEKPQELK,-0.2131262856572022,1
E7F,GATAVSFWTEYKTADGKTYYYNNRTLESTWEKPQELK,-0.6398019634511445,1
E7G,GATAVSGWTEYKTADGKTYYYNNRTLESTWEKPQELK,-0.8201572570689235,1
E7H,GATAVSHWTEYKTADGKTYYYNNRTLESTWEKPQELK,-0.6868242608851713,1
E7I,GATAVSIWTEYKTADGKTYYYNNRTLESTWEKPQELK,-0.805078117675011,1
E7K,GATAVSKWTEYKTADGKTYYYNNRTLESTWEKPQELK,-1.388154463872591,0
E7L,GATAVSLWTEYKTADGKTYYYNNRTLESTWEKPQELK,-0.8538011753979271,1
E7M,GATAVSMWTEYKTADGKTYYYNNRTLESTWEKPQELK,-0.925471879157437,1
E7N,GATAVSNWTEYKTADGKTYYYNNRTLESTWEKPQELK,-0.7896874181902431,1
E7P,GATAVSPWTEYKTADGKTYYYNNRTLESTWEKPQELK,-0.7969370051119127,1
E7Q,GATAVSQWTEYKTADGKTYYYNNRTLESTWEKPQELK,-0.8173586503015635,1
E7R,GATAVSRWTEYKTADGKTYYYNNRTLESTWEKPQELK,-1.4638839652653182,0
E7S,GATAVSSWTEYKTADGKTYYYNNRTLESTWEKPQELK,-0.958273901727813,1
E7T,GATAVSTWTEYKTADGKTYYYNNRTLESTWEKPQELK,-0.8316869494296459,1
E7V,GATAVSVWTEYKTADGKTYYYNNRTLESTWEKPQELK,-0.7268554960705069,1
E7W,GATAVSWWTEYKTADGKTYYYNNRTLESTWEKPQELK,-0.6382758735149925,1
E7Y,GATAVSYWTEYKTADGKTYYYNNRTLESTWEKPQELK,-0.7616309942020851,1
G16A,GATAVSEWTEYKTADAKTYYYNNRTLESTWEKPQELK,-1.9219171534776696,0
G16D,GATAVSEWTEYKTADDKTYYYNNRTLESTWEKPQELK,-1.405523211464454,0
G16E,GATAVSEWTEYKTADEKTYYYNNRTLESTWEKPQELK,-1.8080300987428584,0
G16F,GATAVSEWTEYKTADFKTYYYNNRTLESTWEKPQELK,-1.929758901188727,0
G16H,GATAVSEWTEYKTADHKTYYYNNRTLESTWEKPQELK,-1.7767613303223346,0
G16I,GATAVSEWTEYKTADIKTYYYNNRTLESTWEKPQELK,-3.177534912959372,0
G16K,GATAVSEWTEYKTADKKTYYYNNRTLESTWEKPQELK,-2.058862660962251,0
G16L,GATAVSEWTEYKTADLKTYYYNNRTLESTWEKPQELK,-2.0734295919219496,0
G16M,GATAVSEWTEYKTADMKTYYYNNRTLESTWEKPQELK,-1.8273003461308808,0
G16N,GATAVSEWTEYKTADNKTYYYNNRTLESTWEKPQELK,-1.3483937195559708,0
G16P,GATAVSEWTEYKTADPKTYYYNNRTLESTWEKPQELK,-3.202577782159697,0
G16Q,GATAVSEWTEYKTADQKTYYYNNRTLESTWEKPQELK,-1.6999785886121508,0
G16R,GATAVSEWTEYKTADRKTYYYNNRTLESTWEKPQELK,-2.2269080921731184,0
G16S,GATAVSEWTEYKTADSKTYYYNNRTLESTWEKPQELK,-1.8200171968293544,0
G16T,GATAVSEWTEYKTADTKTYYYNNRTLESTWEKPQELK,-2.574251913887876,0
G16V,GATAVSEWTEYKTADVKTYYYNNRTLESTWEKPQELK,-3.247795882188573,0
G16W,GATAVSEWTEYKTADWKTYYYNNRTLESTWEKPQELK,-2.146395601771297,0
G16Y,GATAVSEWTEYKTADYKTYYYNNRTLESTWEKPQELK,-2.2474718223376287,0
G1A,AATAVSEWTEYKTADGKTYYYNNRTLESTWEKPQELK,-0.1039025735049721,1
G1D,DATAVSEWTEYKTADGKTYYYNNRTLESTWEKPQELK,-0.1775699234587229,1
G1E,EATAVSEWTEYKTADGKTYYYNNRTLESTWEKPQELK,-0.2192838778718004,1
G1F,FATAVSEWTEYKTADGKTYYYNNRTLESTWEKPQELK,-0.1335596522066278,1
G1H,HATAVSEWTEYKTADGKTYYYNNRTLESTWEKPQELK,-0.0774483262662988,1
G1I,IATAVSEWTEYKTADGKTYYYNNRTLESTWEKPQELK,-0.0316854449496588,1
G1K,KATAVSEWTEYKTADGKTYYYNNRTLESTWEKPQELK,-0.6641405976288923,1
G1L,LATAVSEWTEYKTADGKTYYYNNRTLESTWEKPQELK,-0.111664821132313,1
G1M,MATAVSEWTEYKTADGKTYYYNNRTLESTWEKPQELK,-0.090176254001085,1
G1N,NATAVSEWTEYKTADGKTYYYNNRTLESTWEKPQELK,-0.1230522356130037,1
G1P,PATAVSEWTEYKTADGKTYYYNNRTLESTWEKPQELK,-0.116312263172055,1
G1Q,QATAVSEWTEYKTADGKTYYYNNRTLESTWEKPQELK,-0.134363487967859,1
G1R,RATAVSEWTEYKTADGKTYYYNNRTLESTWEKPQELK,-0.647719063958764,1
G1S,SATAVSEWTEYKTADGKTYYYNNRTLESTWEKPQELK,-0.1797753018583514,1
G1T,TATAVSEWTEYKTADGKTYYYNNRTLESTWEKPQELK,-0.097134799270941,1
G1V,VATAVSEWTEYKTADGKTYYYNNRTLESTWEKPQELK,-0.1463518080439336,1
G1W,WATAVSEWTEYKTADGKTYYYNNRTLESTWEKPQELK,-0.2253129615166655,1
G1Y,YATAVSEWTEYKTADGKTYYYNNRTLESTWEKPQELK,-0.2835035209393015,1
K12A,GATAVSEWTEYATADGKTYYYNNRTLESTWEKPQELK,-0.9411838476424343,1
K12D,GATAVSEWTEYDTADGKTYYYNNRTLESTWEKPQELK,-1.94830466411944,0
K12E,GATAVSEWTEYETADGKTYYYNNRTLESTWEKPQELK,-0.9108148824023128,1
K12F,GATAVSEWTEYFTADGKTYYYNNRTLESTWEKPQELK,-0.62234602498319,1
K12G,GATAVSEWTEYGTADGKTYYYNNRTLESTWEKPQELK,-1.7505869843414936,0
K12H,GATAVSEWTEYHTADGKTYYYNNRTLESTWEKPQELK,-0.4915997011409065,1
K12I,GATAVSEWTEYITADGKTYYYNNRTLESTWEKPQELK,-0.2384967859931062,1
K12L,GATAVSEWTEYLTADGKTYYYNNRTLESTWEKPQELK,-0.4159559933121044,1
K12M,GATAVSEWTEYMTADGKTYYYNNRTLESTWEKPQELK,-0.3305375767448355,1
K12N,GATAVSEWTEYNTADGKTYYYNNRTLESTWEKPQELK,-1.0213707027875176,1
K12P,GATAVSEWTEYPTADGKTYYYNNRTLESTWEKPQELK,-1.8918686899618768,0
K12Q,GATAVSEWTEYQTADGKTYYYNNRTLESTWEKPQELK,-0.3650063811250112,1
K12R,GATAVSEWTEYRTADGKTYYYNNRTLESTWEKPQELK,-0.0339344969383015,1
K12S,GATAVSEWTEYSTADGKTYYYNNRTLESTWEKPQELK,-0.730257025856943,1
K12T,GATAVSEWTEYTTADGKTYYYNNRTLESTWEKPQELK,-0.2601833133322366,1
K12V,GATAVSEWTEYVTADGKTYYYNNRTLESTWEKPQELK,-0.2025508517336933,1
K12W,GATAVSEWTEYWTADGKTYYYNNRTLESTWEKPQELK,-0.8321346555386411,1
K12Y,GATAVSEWTEYYTADGKTYYYNNRTLESTWEKPQELK,-0.535209181558939,1
K17A,GATAVSEWTEYKTADGATYYYNNRTLESTWEKPQELK,-0.7411661312482942,1
K17D,GATAVSEWTEYKTADGDTYYYNNRTLESTWEKPQELK,-0.9041469095984078,1
K17E,GATAVSEWTEYKTADGETYYYNNRTLESTWEKPQELK,-0.5986646355292957,1
K17F,GATAVSEWTEYKTADGFTYYYNNRTLESTWEKPQELK,-0.608917808783398,1
K17G,GATAVSEWTEYKTADGGTYYYNNRTLESTWEKPQELK,-0.9652425728443156,1
K17H,GATAVSEWTEYKTADGHTYYYNNRTLESTWEKPQELK,-0.5482569667205142,1
K17I,GATAVSEWTEYKTADGITYYYNNRTLESTWEKPQELK,-0.5599750817190792,1
K17L,GATAVSEWTEYKTADGLTYYYNNRTLESTWEKPQELK,-0.4114021836895194,1
K17M,GATAVSEWTEYKTADGMTYYYNNRTLESTWEKPQELK,-0.6527757520257151,1
K17N,GATAVSEWTEYKTADGNTYYYNNRTLESTWEKPQELK,-0.8079010687708454,1
K17P,GATAVSEWTEYKTADGPTYYYNNRTLESTWEKPQELK,-2.178733370643832,0
K17Q,GATAVSEWTEYKTADGQTYYYNNRTLESTWEKPQELK,-0.4303983587630147,1
K17R,GATAVSEWTEYKTADGRTYYYNNRTLESTWEKPQELK,0.1081827199597964,1
K17S,GATAVSEWTEYKTADGSTYYYNNRTLESTWEKPQELK,-0.8204803080588159,1
K17T,GATAVSEWTEYKTADGTTYYYNNRTLESTWEKPQELK,-0.6082236608991161,1
K17V,GATAVSEWTEYKTADGVTYYYNNRTLESTWEKPQELK,-0.4816121234916748,1
K17W,GATAVSEWTEYKTADGWTYYYNNRTLESTWEKPQELK,-0.958834208218196,1
K17Y,GATAVSEWTEYKTADGYTYYYNNRTLESTWEKPQELK,-0.6881894995796727,1
K32A,GATAVSEWTEYKTADGKTYYYNNRTLESTWEAPQELK,-0.6962367702592736,1
K32D,GATAVSEWTEYKTADGKTYYYNNRTLESTWEDPQELK,-1.1709554153322828,1
K32E,GATAVSEWTEYKTADGKTYYYNNRTLESTWEEPQELK,-0.7230162090314676,1
K32F,GATAVSEWTEYKTADGKTYYYNNRTLESTWEFPQELK,-0.8974140651790228,1
K32G,GATAVSEWTEYKTADGKTYYYNNRTLESTWEGPQELK,-1.5033429917093484,0
K32H,GATAVSEWTEYKTADGKTYYYNNRTLESTWEHPQELK,-1.1591604498996946,1
K32I,GATAVSEWTEYKTADGKTYYYNNRTLESTWEIPQELK,-0.3523879070505393,1
K32L,GATAVSEWTEYKTADGKTYYYNNRTLESTWELPQELK,-0.4833890590506748,1
K32M,GATAVSEWTEYKTADGKTYYYNNRTLESTWEMPQELK,-0.2295250576323639,1
K32N,GATAVSEWTEYKTADGKTYYYNNRTLESTWENPQELK,-0.988765574540871,1
K32P,GATAVSEWTEYKTADGKTYYYNNRTLESTWEPPQELK,-0.6560914710315795,1
K32Q,GATAVSEWTEYKTADGKTYYYNNRTLESTWEQPQELK,-0.5622009117497773,1
K32R,GATAVSEWTEYKTADGKTYYYNNRTLESTWERPQELK,-0.3883281982146376,1
K32S,GATAVSEWTEYKTADGKTYYYNNRTLESTWESPQELK,-1.2083375192812882,0
K32T,GATAVSEWTEYKTADGKTYYYNNRTLESTWETPQELK,-0.564468361289391,1
K32V,GATAVSEWTEYKTADGKTYYYNNRTLESTWEVPQELK,-0.4153905607691897,1
K32W,GATAVSEWTEYKTADGKTYYYNNRTLESTWEWPQELK,-1.215374454148649,0
K32Y,GATAVSEWTEYKTADGKTYYYNNRTLESTWEYPQELK,-0.95272480802031,1
K37A,GATAVSEWTEYKTADGKTYYYNNRTLESTWEKPQELA,-0.0061120664416924,1
K37C,GATAVSEWTEYKTADGKTYYYNNRTLESTWEKPQELC,0.0555986069343004,1
K37D,GATAVSEWTEYKTADGKTYYYNNRTLESTWEKPQELD,-0.0710443732228984,1
K37E,GATAVSEWTEYKTADGKTYYYNNRTLESTWEKPQELE,-0.0695522975240274,1
K37F,GATAVSEWTEYKTADGKTYYYNNRTLESTWEKPQELF,-0.0129114163157555,1
K37G,GATAVSEWTEYKTADGKTYYYNNRTLESTWEKPQELG,0.0735532386322108,1
K37H,GATAVSEWTEYKTADGKTYYYNNRTLESTWEKPQELH,-0.1368193836521594,1
K37I,GATAVSEWTEYKTADGKTYYYNNRTLESTWEKPQELI,0.0065546263664875,1
K37L,GATAVSEWTEYKTADGKTYYYNNRTLESTWEKPQELL,0.0366675319149982,1
K37M,GATAVSEWTEYKTADGKTYYYNNRTLESTWEKPQELM,0.1677942110612549,1
K37N,GATAVSEWTEYKTADGKTYYYNNRTLESTWEKPQELN,-0.073001107991979,1
K37P,GATAVSEWTEYKTADGKTYYYNNRTLESTWEKPQELP,-0.5367255871274232,1
K37Q,GATAVSEWTEYKTADGKTYYYNNRTLESTWEKPQELQ,-0.0221214844544976,1
K37R,GATAVSEWTEYKTADGKTYYYNNRTLESTWEKPQELR,-0.1429901373804618,1
K37S,GATAVSEWTEYKTADGKTYYYNNRTLESTWEKPQELS,0.0056316334824502,1
K37T,GATAVSEWTEYKTADGKTYYYNNRTLESTWEKPQELT,-0.0810304844627931,1
K37V,GATAVSEWTEYKTADGKTYYYNNRTLESTWEKPQELV,-0.0390884432824654,1
K37W,GATAVSEWTEYKTADGKTYYYNNRTLESTWEKPQELW,-0.2743641987699838,1
K37Y,GATAVSEWTEYKTADGKTYYYNNRTLESTWEKPQELY,-0.073759387059709,1
L26A,GATAVSEWTEYKTADGKTYYYNNRTAESTWEKPQELK,-0.2248036281386434,1
L26F,GATAVSEWTEYKTADGKTYYYNNRTFESTWEKPQELK,-0.0122751270592504,1
L26G,GATAVSEWTEYKTADGKTYYYNNRTGESTWEKPQELK,0.7632159573566892,1
L26H,GATAVSEWTEYKTADGKTYYYNNRTHESTWEKPQELK,0.4797396585718396,1
L26I,GATAVSEWTEYKTADGKTYYYNNRTIESTWEKPQELK,-1.790048530433344,0
L26K,GATAVSEWTEYKTADGKTYYYNNRTKESTWEKPQELK,0.1894075868011251,1
L26M,GATAVSEWTEYKTADGKTYYYNNRTMESTWEKPQELK,-0.0537235655106145,1
L26N,GATAVSEWTEYKTADGKTYYYNNRTNESTWEKPQELK,0.0338000121546211,1
L26P,GATAVSEWTEYKTADGKTYYYNNRTPESTWEKPQELK,-2.4139663857450464,0
L26Q,GATAVSEWTEYKTADGKTYYYNNRTQESTWEKPQELK,0.1223349873463321,1
L26R,GATAVSEWTEYKTADGKTYYYNNRTRESTWEKPQELK,-0.1867401208162533,1
L26S,GATAVSEWTEYKTADGKTYYYNNRTSESTWEKPQELK,-0.2738580698504314,1
L26T,GATAVSEWTEYKTADGKTYYYNNRTTESTWEKPQELK,-0.5014107951919153,1
L26V,GATAVSEWTEYKTADGKTYYYNNRTVESTWEKPQELK,-1.9047174826159636,0
L26W,GATAVSEWTEYKTADGKTYYYNNRTWESTWEKPQELK,-0.6423889832489036,1
L26Y,GATAVSEWTEYKTADGKTYYYNNRTYESTWEKPQELK,-0.1744674793849436,1
L36A,GATAVSEWTEYKTADGKTYYYNNRTLESTWEKPQEAK,-0.8054219601245949,1
L36C,GATAVSEWTEYKTADGKTYYYNNRTLESTWEKPQECK,-0.2981797175306453,1
L36D,GATAVSEWTEYKTADGKTYYYNNRTLESTWEKPQEDK,-0.6862097843156829,1
L36E,GATAVSEWTEYKTADGKTYYYNNRTLESTWEKPQEEK,-0.7552915475971211,1
L36F,GATAVSEWTEYKTADGKTYYYNNRTLESTWEKPQEFK,-0.2051070638620853,1
L36G,GATAVSEWTEYKTADGKTYYYNNRTLESTWEKPQEGK,-0.7556275615498163,1
L36H,GATAVSEWTEYKTADGKTYYYNNRTLESTWEKPQEHK,-0.4701694777628025,1
L36I,GATAVSEWTEYKTADGKTYYYNNRTLESTWEKPQEIK,-0.5692550743595661,1
L36K,GATAVSEWTEYKTADGKTYYYNNRTLESTWEKPQEKK,-1.2137457811267502,0
L36M,GATAVSEWTEYKTADGKTYYYNNRTLESTWEKPQEMK,-0.4126107916223254,1
L36N,GATAVSEWTEYKTADGKTYYYNNRTLESTWEKPQENK,-0.7408117499371014,1
L36P,GATAVSEWTEYKTADGKTYYYNNRTLESTWEKPQEPK,-0.9524986961855544,1
L36Q,GATAVSEWTEYKTADGKTYYYNNRTLESTWEKPQEQK,-0.8411204201029479,1
L36R,GATAVSEWTEYKTADGKTYYYNNRTLESTWEKPQERK,-1.2736248091601328,0
L36S,GATAVSEWTEYKTADGKTYYYNNRTLESTWEKPQESK,-0.6600959718655659,1
L36T,GATAVSEWTEYKTADGKTYYYNNRTLESTWEKPQETK,-0.779060476237357,1
L36V,GATAVSEWTEYKTADGKTYYYNNRTLESTWEKPQEVK,-0.6529160284046696,1
L36W,GATAVSEWTEYKTADGKTYYYNNRTLESTWEKPQEWK,-0.5522832377636084,1
L36Y,GATAVSEWTEYKTADGKTYYYNNRTLESTWEKPQEYK,-0.198125145781943,1
N22A,GATAVSEWTEYKTADGKTYYYANRTLESTWEKPQELK,-2.5997902520456613,0
N22D,GATAVSEWTEYKTADGKTYYYDNRTLESTWEKPQELK,-2.132095230988709,0
N22E,GATAVSEWTEYKTADGKTYYYENRTLESTWEKPQELK,-2.684419421706217,0
N22F,GATAVSEWTEYKTADGKTYYYFNRTLESTWEKPQELK,-2.4005512171082453,0
N22G,GATAVSEWTEYKTADGKTYYYGNRTLESTWEKPQELK,-2.6263461867777,0
N22H,GATAVSEWTEYKTADGKTYYYHNRTLESTWEKPQELK,-1.821678997918098,0
N22I,GATAVSEWTEYKTADGKTYYYINRTLESTWEKPQELK,-2.50647800848063,0
N22K,GATAVSEWTEYKTADGKTYYYKNRTLESTWEKPQELK,-2.136977000262429,0
N22L,GATAVSEWTEYKTADGKTYYYLNRTLESTWEKPQELK,-2.3575120416053763,0
N22M,GATAVSEWTEYKTADGKTYYYMNRTLESTWEKPQELK,-2.647227242968899,0
N22P,GATAVSEWTEYKTADGKTYYYPNRTLESTWEKPQELK,-2.5831791226077043,0
N22Q,GATAVSEWTEYKTADGKTYYYQNRTLESTWEKPQELK,-2.6828496302253533,0
N22R,GATAVSEWTEYKTADGKTYYYRNRTLESTWEKPQELK,-2.374309202425843,0
N22S,GATAVSEWTEYKTADGKTYYYSNRTLESTWEKPQELK,-1.5593230541148202,0
N22T,GATAVSEWTEYKTADGKTYYYTNRTLESTWEKPQELK,-2.679670896460234,0
N22V,GATAVSEWTEYKTADGKTYYYVNRTLESTWEKPQELK,-2.591776657127956,0
N22W,GATAVSEWTEYKTADGKTYYYWNRTLESTWEKPQELK,-2.1220857218071085,0
N22Y,GATAVSEWTEYKTADGKTYYYYNRTLESTWEKPQELK,-2.213064514936472,0
N23A,GATAVSEWTEYKTADGKTYYYNARTLESTWEKPQELK,-0.4016737281648637,1
N23D,GATAVSEWTEYKTADGKTYYYNDRTLESTWEKPQELK,-0.8271981591721729,1
N23E,GATAVSEWTEYKTADGKTYYYNERTLESTWEKPQELK,-0.26800844236167043,1
N23F,GATAVSEWTEYKTADGKTYYYNFRTLESTWEKPQELK,-0.2638495874948399,1
N23G,GATAVSEWTEYKTADGKTYYYNGRTLESTWEKPQELK,-0.870812647847703,1
N23H,GATAVSEWTEYKTADGKTYYYNHRTLESTWEKPQELK,0.31852385003275785,1
N23I,GATAVSEWTEYKTADGKTYYYNIRTLESTWEKPQELK,-0.3061274395453557,1
N23K,GATAVSEWTEYKTADGKTYYYNKRTLESTWEKPQELK,-0.04352441998649234,1
N23L,GATAVSEWTEYKTADGKTYYYNLRTLESTWEKPQELK,-0.573929334273338,1
N23M,GATAVSEWTEYKTADGKTYYYNMRTLESTWEKPQELK,-0.409255682347013,1
N23P,GATAVSEWTEYKTADGKTYYYNPRTLESTWEKPQELK,-0.8362085331990763,1
N23Q,GATAVSEWTEYKTADGKTYYYNQRTLESTWEKPQELK,-0.3760511060708427,1
N23R,GATAVSEWTEYKTADGKTYYYNRRTLESTWEKPQELK,-0.3193364102733151,1
N23S,GATAVSEWTEYKTADGKTYYYNSRTLESTWEKPQELK,0.12175394388237651,1
N23T,GATAVSEWTEYKTADGKTYYYNTRTLESTWEKPQELK,-0.1893267729256713,1
N23V,GATAVSEWTEYKTADGKTYYYNVRTLESTWEKPQELK,-0.3881956025576945,1
N23W,GATAVSEWTEYKTADGKTYYYNWRTLESTWEKPQELK,0.0765728541777233,1
N23Y,GATAVSEWTEYKTADGKTYYYNYRTLESTWEKPQELK,-0.48685171663733,1
P33A,GATAVSEWTEYKTADGKTYYYNNRTLESTWEKAQELK,-1.8385050198317137,0
P33D,GATAVSEWTEYKTADGKTYYYNNRTLESTWEKDQELK,-1.842115375561012,0
P33E,GATAVSEWTEYKTADGKTYYYNNRTLESTWEKEQELK,-1.8671704312110495,0
P33F,GATAVSEWTEYKTADGKTYYYNNRTLESTWEKFQELK,-1.767208638648484,0
P33G,GATAVSEWTEYKTADGKTYYYNNRTLESTWEKGQELK,-1.9180548142563627,0
P33H,GATAVSEWTEYKTADGKTYYYNNRTLESTWEKHQELK,-1.8466643909193936,0
P33I,GATAVSEWTEYKTADGKTYYYNNRTLESTWEKIQELK,-1.655491944002235,0
P33K,GATAVSEWTEYKTADGKTYYYNNRTLESTWEKKQELK,-1.997060312428684,0
P33L,GATAVSEWTEYKTADGKTYYYNNRTLESTWEKLQELK,-1.778205389841717,0
P33M,GATAVSEWTEYKTADGKTYYYNNRTLESTWEKMQELK,-1.889892771057672,0
P33N,GATAVSEWTEYKTADGKTYYYNNRTLESTWEKNQELK,-1.7432495086381938,0
P33Q,GATAVSEWTEYKTADGKTYYYNNRTLESTWEKQQELK,-1.9644733685091924,0
P33R,GATAVSEWTEYKTADGKTYYYNNRTLESTWEKRQELK,-1.9424649778031853,0
P33S,GATAVSEWTEYKTADGKTYYYNNRTLESTWEKSQELK,-2.0785963156742246,0
P33T,GATAVSEWTEYKTADGKTYYYNNRTLESTWEKTQELK,-1.9122689679279132,0
P33V,GATAVSEWTEYKTADGKTYYYNNRTLESTWEKVQELK,-1.8187200133775216,0
P33W,GATAVSEWTEYKTADGKTYYYNNRTLESTWEKWQELK,-1.7547203472679118,0
P33Y,GATAVSEWTEYKTADGKTYYYNNRTLESTWEKYQELK,-1.7157531625277127,0
Q34A,GATAVSEWTEYKTADGKTYYYNNRTLESTWEKPAELK,0.0808592083753292,1
Q34D,GATAVSEWTEYKTADGKTYYYNNRTLESTWEKPDELK,0.1673623920639779,1
Q34E,GATAVSEWTEYKTADGKTYYYNNRTLESTWEKPEELK,0.1732054072392812,1
Q34F,GATAVSEWTEYKTADGKTYYYNNRTLESTWEKPFELK,-0.2656536506668154,1
Q34G,GATAVSEWTEYKTADGKTYYYNNRTLESTWEKPGELK,-0.3427582136733895,1
Q34H,GATAVSEWTEYKTADGKTYYYNNRTLESTWEKPHELK,-0.3193323616200048,1
Q34I,GATAVSEWTEYKTADGKTYYYNNRTLESTWEKPIELK,-0.2638155829750022,1
Q34K,GATAVSEWTEYKTADGKTYYYNNRTLESTWEKPKELK,-0.4833624981675952,1
Q34L,GATAVSEWTEYKTADGKTYYYNNRTLESTWEKPLELK,-0.123677715829769,1
Q34M,GATAVSEWTEYKTADGKTYYYNNRTLESTWEKPMELK,-0.1700430777435277,1
Q34N,GATAVSEWTEYKTADGKTYYYNNRTLESTWEKPNELK,-0.1679681127258585,1
Q34P,GATAVSEWTEYKTADGKTYYYNNRTLESTWEKPPELK,0.0130291319778801,1
Q34R,GATAVSEWTEYKTADGKTYYYNNRTLESTWEKPRELK,-0.5875516555476801,1
Q34S,GATAVSEWTEYKTADGKTYYYNNRTLESTWEKPSELK,-0.2064557006090575,1
Q34T,GATAVSEWTEYKTADGKTYYYNNRTLESTWEKPTELK,-0.2630093621549401,1
Q34V,GATAVSEWTEYKTADGKTYYYNNRTLESTWEKPVELK,-0.1987065354468273,1
Q34W,GATAVSEWTEYKTADGKTYYYNNRTLESTWEKPWELK,-0.2572111768251193,1
Q34Y,GATAVSEWTEYKTADGKTYYYNNRTLESTWEKPYELK,-0.399359383520284,1
R24A,GATAVSEWTEYKTADGKTYYYNNATLESTWEKPQELK,-0.5709620978058854,1
R24C,GATAVSEWTEYKTADGKTYYYNNCTLESTWEKPQELK,-0.1011652108735954,1
R24D,GATAVSEWTEYKTADGKTYYYNNDTLESTWEKPQELK,-0.9974870645256844,1
R24E,GATAVSEWTEYKTADGKTYYYNNETLESTWEKPQELK,-0.7829982062805154,1
R24F,GATAVSEWTEYKTADGKTYYYNNFTLESTWEKPQELK,-0.2516083204329389,1
R24G,GATAVSEWTEYKTADGKTYYYNNGTLESTWEKPQELK,-1.1172791277153602,1
R24H,GATAVSEWTEYKTADGKTYYYNNHTLESTWEKPQELK,-0.5436763192101131,1
R24I,GATAVSEWTEYKTADGKTYYYNNITLESTWEKPQELK,-0.0076467015682588,1
R24K,GATAVSEWTEYKTADGKTYYYNNKTLESTWEKPQELK,-0.2495844441542929,1
R24L,GATAVSEWTEYKTADGKTYYYNNLTLESTWEKPQELK,-0.1866338976968973,1
R24M,GATAVSEWTEYKTADGKTYYYNNMTLESTWEKPQELK,-0.4210891784664028,1
R24N,GATAVSEWTEYKTADGKTYYYNNNTLESTWEKPQELK,-0.4385319558856428,1
R24P,GATAVSEWTEYKTADGKTYYYNNPTLESTWEKPQELK,-2.151473539677545,0
R24Q,GATAVSEWTEYKTADGKTYYYNNQTLESTWEKPQELK,-0.4876578383262475,1
R24S,GATAVSEWTEYKTADGKTYYYNNSTLESTWEKPQELK,-0.6104707266943348,1
R24T,GATAVSEWTEYKTADGKTYYYNNTTLESTWEKPQELK,-0.3929719749252709,1
R24V,GATAVSEWTEYKTADGKTYYYNNVTLESTWEKPQELK,0.0809184912524725,1
R24W,GATAVSEWTEYKTADGKTYYYNNWTLESTWEKPQELK,-0.4394541369150535,1
R24Y,GATAVSEWTEYKTADGKTYYYNNYTLESTWEKPQELK,-0.2940617169255732,1
S28A,GATAVSEWTEYKTADGKTYYYNNRTLEATWEKPQELK,-0.2139992148282803,1
S28D,GATAVSEWTEYKTADGKTYYYNNRTLEDTWEKPQELK,-1.5032796550979102,0
S28E,GATAVSEWTEYKTADGKTYYYNNRTLEETWEKPQELK,-0.5463467083201912,1
S28F,GATAVSEWTEYKTADGKTYYYNNRTLEFTWEKPQELK,0.4501357816027531,1
S28G,GATAVSEWTEYKTADGKTYYYNNRTLEGTWEKPQELK,-0.2745732918078056,1
S28H,GATAVSEWTEYKTADGKTYYYNNRTLEHTWEKPQELK,-0.1733893652096356,1
S28I,GATAVSEWTEYKTADGKTYYYNNRTLEITWEKPQELK,0.7435377910915761,1
S28K,GATAVSEWTEYKTADGKTYYYNNRTLEKTWEKPQELK,0.0360327554629282,1
S28L,GATAVSEWTEYKTADGKTYYYNNRTLELTWEKPQELK,0.5423538591011052,1
S28M,GATAVSEWTEYKTADGKTYYYNNRTLEMTWEKPQELK,0.4054557085511283,1
S28N,GATAVSEWTEYKTADGKTYYYNNRTLENTWEKPQELK,-0.9643612991215827,1
S28P,GATAVSEWTEYKTADGKTYYYNNRTLEPTWEKPQELK,-1.606223347843605,0
S28Q,GATAVSEWTEYKTADGKTYYYNNRTLEQTWEKPQELK,-0.188032565171218,1
S28R,GATAVSEWTEYKTADGKTYYYNNRTLERTWEKPQELK,-0.142167269120867,1
S28T,GATAVSEWTEYKTADGKTYYYNNRTLETTWEKPQELK,0.301744109417744,1
S28V,GATAVSEWTEYKTADGKTYYYNNRTLEVTWEKPQELK,0.6590907292242361,1
S28W,GATAVSEWTEYKTADGKTYYYNNRTLEWTWEKPQELK,0.5111094040678199,1
S28Y,GATAVSEWTEYKTADGKTYYYNNRTLEYTWEKPQELK,0.2846143830850645,1
S6A,GATAVAEWTEYKTADGKTYYYNNRTLESTWEKPQELK,-0.2795891543997388,1
S6C,GATAVCEWTEYKTADGKTYYYNNRTLESTWEKPQELK,0.0845599461308661,1
S6D,GATAVDEWTEYKTADGKTYYYNNRTLESTWEKPQELK,-0.3040318658084739,1
S6E,GATAVEEWTEYKTADGKTYYYNNRTLESTWEKPQELK,-0.3362824488462927,1
S6F,GATAVFEWTEYKTADGKTYYYNNRTLESTWEKPQELK,-0.4307100087433526,1
S6G,GATAVGEWTEYKTADGKTYYYNNRTLESTWEKPQELK,-0.2605875739137491,1
S6H,GATAVHEWTEYKTADGKTYYYNNRTLESTWEKPQELK,-0.3968436868787108,1
S6I,GATAVIEWTEYKTADGKTYYYNNRTLESTWEKPQELK,-0.576727994417706,1
S6K,GATAVKEWTEYKTADGKTYYYNNRTLESTWEKPQELK,-0.5767279531068641,1
S6L,GATAVLEWTEYKTADGKTYYYNNRTLESTWEKPQELK,-0.5599804712492138,1
S6M,GATAVMEWTEYKTADGKTYYYNNRTLESTWEKPQELK,-0.4235478249868998,1
S6N,GATAVNEWTEYKTADGKTYYYNNRTLESTWEKPQELK,-0.2599881396128678,1
S6P,GATAVPEWTEYKTADGKTYYYNNRTLESTWEKPQELK,-0.2892212774874294,1
S6Q,GATAVQEWTEYKTADGKTYYYNNRTLESTWEKPQELK,-0.3735465367110677,1
S6R,GATAVREWTEYKTADGKTYYYNNRTLESTWEKPQELK,-0.5926458167229116,1
S6T,GATAVTEWTEYKTADGKTYYYNNRTLESTWEKPQELK,-0.3172806881680032,1
S6V,GATAVVEWTEYKTADGKTYYYNNRTLESTWEKPQELK,-0.4603393704284788,1
S6W,GATAVWEWTEYKTADGKTYYYNNRTLESTWEKPQELK,-0.419972790383778,1
S6Y,GATAVYEWTEYKTADGKTYYYNNRTLESTWEKPQELK,-0.504593191609533,1
T13A,GATAVSEWTEYKAADGKTYYYNNRTLESTWEKPQELK,-0.747893237362566,1
T13D,GATAVSEWTEYKDADGKTYYYNNRTLESTWEKPQELK,-0.2132403774624647,1
T13E,GATAVSEWTEYKEADGKTYYYNNRTLESTWEKPQELK,-1.6565150414460437,0
T13F,GATAVSEWTEYKFADGKTYYYNNRTLESTWEKPQELK,-1.2435397164123585,0
T13G,GATAVSEWTEYKGADGKTYYYNNRTLESTWEKPQELK,-0.583485497478232,1
T13H,GATAVSEWTEYKHADGKTYYYNNRTLESTWEKPQELK,-1.170587565834786,1
T13I,GATAVSEWTEYKIADGKTYYYNNRTLESTWEKPQELK,-1.6616944989610505,0
T13K,GATAVSEWTEYKKADGKTYYYNNRTLESTWEKPQELK,-1.5752715854088954,0
T13L,GATAVSEWTEYKLADGKTYYYNNRTLESTWEKPQELK,-0.8838594357324792,1
T13M,GATAVSEWTEYKMADGKTYYYNNRTLESTWEKPQELK,-0.8035071534402467,1
T13N,GATAVSEWTEYKNADGKTYYYNNRTLESTWEKPQELK,-0.5167816547730673,1
T13P,GATAVSEWTEYKPADGKTYYYNNRTLESTWEKPQELK,-2.5402091905387234,0
T13Q,GATAVSEWTEYKQADGKTYYYNNRTLESTWEKPQELK,-1.1473676649008508,1
T13R,GATAVSEWTEYKRADGKTYYYNNRTLESTWEKPQELK,-1.180143256476279,1
T13S,GATAVSEWTEYKSADGKTYYYNNRTLESTWEKPQELK,-0.7174305938058425,1
T13V,GATAVSEWTEYKVADGKTYYYNNRTLESTWEKPQELK,-1.717795000919638,0
T13W,GATAVSEWTEYKWADGKTYYYNNRTLESTWEKPQELK,-1.5670423899372827,0
T13Y,GATAVSEWTEYKYADGKTYYYNNRTLESTWEKPQELK,-1.3076523842476135,0
T18A,GATAVSEWTEYKTADGKAYYYNNRTLESTWEKPQELK,-0.8849541183861054,1
T18D,GATAVSEWTEYKTADGKDYYYNNRTLESTWEKPQELK,-1.5649480988302265,0
T18E,GATAVSEWTEYKTADGKEYYYNNRTLESTWEKPQELK,-1.4512247429239582,0
T18F,GATAVSEWTEYKTADGKFYYYNNRTLESTWEKPQELK,-0.6489846725017636,1
T18G,GATAVSEWTEYKTADGKGYYYNNRTLESTWEKPQELK,-1.872734578646104,0
T18H,GATAVSEWTEYKTADGKHYYYNNRTLESTWEKPQELK,-1.0260465914432093,1
T18I,GATAVSEWTEYKTADGKIYYYNNRTLESTWEKPQELK,-0.201702677139814,1
T18K,GATAVSEWTEYKTADGKKYYYNNRTLESTWEKPQELK,-0.8023899745432939,1
T18L,GATAVSEWTEYKTADGKLYYYNNRTLESTWEKPQELK,-0.5253011855973759,1
T18M,GATAVSEWTEYKTADGKMYYYNNRTLESTWEKPQELK,-0.7714823063326535,1
T18N,GATAVSEWTEYKTADGKNYYYNNRTLESTWEKPQELK,-1.071257588700103,1
T18P,GATAVSEWTEYKTADGKPYYYNNRTLESTWEKPQELK,-0.9032630331711856,1
T18Q,GATAVSEWTEYKTADGKQYYYNNRTLESTWEKPQELK,-1.2688653388696054,0
T18R,GATAVSEWTEYKTADGKRYYYNNRTLESTWEKPQELK,-0.9286276136267416,1
T18S,GATAVSEWTEYKTADGKSYYYNNRTLESTWEKPQELK,-0.4352109814159517,1
T18V,GATAVSEWTEYKTADGKVYYYNNRTLESTWEKPQELK,-0.2830359908526918,1
T18W,GATAVSEWTEYKTADGKWYYYNNRTLESTWEKPQELK,-0.9843270904249282,1
T18Y,GATAVSEWTEYKTADGKYYYYNNRTLESTWEKPQELK,-0.6187710176746539,1
T25A,GATAVSEWTEYKTADGKTYYYNNRALESTWEKPQELK,-2.2278064072499157,0
T25A:E27A,GATAVSEWTEYKTADGKTYYYNNRALASTWEKPQELK,-2.373021403611978,0
T25A:E27D,GATAVSEWTEYKTADGKTYYYNNRALDSTWEKPQELK,-1.8507774471981604,0
T25A:E27F,GATAVSEWTEYKTADGKTYYYNNRALFSTWEKPQELK,-1.6662908370268994,0
T25A:E27G,GATAVSEWTEYKTADGKTYYYNNRALGSTWEKPQELK,-2.0230215923769173,0
T25A:E27H,GATAVSEWTEYKTADGKTYYYNNRALHSTWEKPQELK,-2.2324660909334093,0
T25A:E27I,GATAVSEWTEYKTADGKTYYYNNRALISTWEKPQELK,-2.0606396724043403,0
T25A:E27K,GATAVSEWTEYKTADGKTYYYNNRALKSTWEKPQELK,-1.553025418684481,0
T25A:E27L,GATAVSEWTEYKTADGKTYYYNNRALLSTWEKPQELK,-1.9730676456399547,0
T25A:E27M,GATAVSEWTEYKTADGKTYYYNNRALMSTWEKPQELK,-1.9587570309513485,0
T25A:E27N,GATAVSEWTEYKTADGKTYYYNNRALNSTWEKPQELK,-2.0078468479322087,0
T25A:E27P,GATAVSEWTEYKTADGKTYYYNNRALPSTWEKPQELK,-2.0066676626562363,0
T25A:E27Q,GATAVSEWTEYKTADGKTYYYNNRALQSTWEKPQELK,-2.031365822205278,0
T25A:E27R,GATAVSEWTEYKTADGKTYYYNNRALRSTWEKPQELK,-2.208114060217753,0
T25A:E27S,GATAVSEWTEYKTADGKTYYYNNRALSSTWEKPQELK,-2.227247896663709,0
T25A:E27T,GATAVSEWTEYKTADGKTYYYNNRALTSTWEKPQELK,-2.0420932275210983,0
T25A:E27V,GATAVSEWTEYKTADGKTYYYNNRALVSTWEKPQELK,-2.006262520081769,0
T25A:E27W,GATAVSEWTEYKTADGKTYYYNNRALWSTWEKPQELK,-2.3285486645741877,0
T25A:E27Y,GATAVSEWTEYKTADGKTYYYNNRALYSTWEKPQELK,-1.4486402792930182,0
T25C,GATAVSEWTEYKTADGKTYYYNNRCLESTWEKPQELK,-1.249473361224451,0
T25C:E27D,GATAVSEWTEYKTADGKTYYYNNRCLDSTWEKPQELK,-1.201468313709892,0
T25C:E27F,GATAVSEWTEYKTADGKTYYYNNRCLFSTWEKPQELK,-0.9428462304391844,1
T25C:E27H,GATAVSEWTEYKTADGKTYYYNNRCLHSTWEKPQELK,-2.051660451139835,0
T25C:E27P,GATAVSEWTEYKTADGKTYYYNNRCLPSTWEKPQELK,-1.5469358062614282,0
T25C:E27R,GATAVSEWTEYKTADGKTYYYNNRCLRSTWEKPQELK,-1.4096081233803444,0
T25C:E27Y,GATAVSEWTEYKTADGKTYYYNNRCLYSTWEKPQELK,-0.647293008550244,1
T25D,GATAVSEWTEYKTADGKTYYYNNRDLESTWEKPQELK,-1.7439197444106795,0
T25D:E27A,GATAVSEWTEYKTADGKTYYYNNRDLASTWEKPQELK,-2.339459260495308,0
T25D:E27D,GATAVSEWTEYKTADGKTYYYNNRDLDSTWEKPQELK,-2.1591620599846117,0
T25D:E27F,GATAVSEWTEYKTADGKTYYYNNRDLFSTWEKPQELK,-1.7213382209931325,0
T25D:E27G,GATAVSEWTEYKTADGKTYYYNNRDLGSTWEKPQELK,-1.912109610472128,0
T25D:E27H,GATAVSEWTEYKTADGKTYYYNNRDLHSTWEKPQELK,-2.0115169739092646,0
T25D:E27I,GATAVSEWTEYKTADGKTYYYNNRDLISTWEKPQELK,-1.8406643378032448,0
T25D:E27K,GATAVSEWTEYKTADGKTYYYNNRDLKSTWEKPQELK,-2.016552513115111,0
T25D:E27L,GATAVSEWTEYKTADGKTYYYNNRDLLSTWEKPQELK,-1.659211227404016,0
T25D:E27M,GATAVSEWTEYKTADGKTYYYNNRDLMSTWEKPQELK,-1.9835670083225287,0
T25D:E27P,GATAVSEWTEYKTADGKTYYYNNRDLPSTWEKPQELK,-2.6042604229597126,0
T25D:E27Q,GATAVSEWTEYKTADGKTYYYNNRDLQSTWEKPQELK,-1.9301049262776724,0
T25D:E27R,GATAVSEWTEYKTADGKTYYYNNRDLRSTWEKPQELK,-1.894337012376176,0
T25D:E27S,GATAVSEWTEYKTADGKTYYYNNRDLSSTWEKPQELK,-1.2450337127387594,0
T25D:E27T,GATAVSEWTEYKTADGKTYYYNNRDLTSTWEKPQELK,-1.4662840318608903,0
T25D:E27V,GATAVSEWTEYKTADGKTYYYNNRDLVSTWEKPQELK,-1.831803416659558,0
T25D:E27W,GATAVSEWTEYKTADGKTYYYNNRDLWSTWEKPQELK,-2.057635310635164,0
T25D:E27Y,GATAVSEWTEYKTADGKTYYYNNRDLYSTWEKPQELK,-0.983648561664972,1
T25E,GATAVSEWTEYKTADGKTYYYNNRELESTWEKPQELK,-1.993865017279684,0
T25E:E27A,GATAVSEWTEYKTADGKTYYYNNRELASTWEKPQELK,-2.33033436530713,0
T25E:E27D,GATAVSEWTEYKTADGKTYYYNNRELDSTWEKPQELK,-2.092818552069536,0
T25E:E27F,GATAVSEWTEYKTADGKTYYYNNRELFSTWEKPQELK,-1.378655735151688,0
T25E:E27G,GATAVSEWTEYKTADGKTYYYNNRELGSTWEKPQELK,-2.135680097006775,0
T25E:E27H,GATAVSEWTEYKTADGKTYYYNNRELHSTWEKPQELK,-2.51991591253619,0
T25E:E27I,GATAVSEWTEYKTADGKTYYYNNRELISTWEKPQELK,-1.991581755890949,0
T25E:E27K,GATAVSEWTEYKTADGKTYYYNNRELKSTWEKPQELK,-1.770288549210393,0
T25E:E27L,GATAVSEWTEYKTADGKTYYYNNRELLSTWEKPQELK,-1.9327163521827528,0
T25E:E27M,GATAVSEWTEYKTADGKTYYYNNRELMSTWEKPQELK,-2.002246079797553,0
T25E:E27N,GATAVSEWTEYKTADGKTYYYNNRELNSTWEKPQELK,-1.7467377970487132,0
T25E:E27P,GATAVSEWTEYKTADGKTYYYNNRELPSTWEKPQELK,-2.5365581812695592,0
T25E:E27Q,GATAVSEWTEYKTADGKTYYYNNRELQSTWEKPQELK,-2.158573491401135,0
T25E:E27R,GATAVSEWTEYKTADGKTYYYNNRELRSTWEKPQELK,-1.895439381979872,0
T25E:E27S,GATAVSEWTEYKTADGKTYYYNNRELSSTWEKPQELK,-2.176396357312784,0
T25E:E27T,GATAVSEWTEYKTADGKTYYYNNRELTSTWEKPQELK,-1.8620792804452215,0
T25E:E27V,GATAVSEWTEYKTADGKTYYYNNRELVSTWEKPQELK,-1.784078438863984,0
T25E:E27W,GATAVSEWTEYKTADGKTYYYNNRELWSTWEKPQELK,-1.5784948147245963,0
T25E:E27Y,GATAVSEWTEYKTADGKTYYYNNRELYSTWEKPQELK,-1.1157580564556542,1
T25F,GATAVSEWTEYKTADGKTYYYNNRFLESTWEKPQELK,-1.7230964285479233,0
T25F:E27A,GATAVSEWTEYKTADGKTYYYNNRFLASTWEKPQELK,-1.7548483060900952,0
T25F:E27C,GATAVSEWTEYKTADGKTYYYNNRFLCSTWEKPQELK,-0.6006363363795013,1
T25F:E27D,GATAVSEWTEYKTADGKTYYYNNRFLDSTWEKPQELK,-1.563234668674176,0
T25F:E27F,GATAVSEWTEYKTADGKTYYYNNRFLFSTWEKPQELK,-0.9606353389535132,1
T25F:E27G,GATAVSEWTEYKTADGKTYYYNNRFLGSTWEKPQELK,-1.9101196406521892,0
T25F:E27H,GATAVSEWTEYKTADGKTYYYNNRFLHSTWEKPQELK,-2.1361375404095977,0
T25F:E27I,GATAVSEWTEYKTADGKTYYYNNRFLISTWEKPQELK,-1.374622656694898,0
T25F:E27K,GATAVSEWTEYKTADGKTYYYNNRFLKSTWEKPQELK,-1.4345236222883948,0
T25F:E27L,GATAVSEWTEYKTADGKTYYYNNRFLLSTWEKPQELK,-1.7951014017497822,0
T25F:E27M,GATAVSEWTEYKTADGKTYYYNNRFLMSTWEKPQELK,-1.8215067167154648,0
T25F:E27N,GATAVSEWTEYKTADGKTYYYNNRFLNSTWEKPQELK,-1.5659015105072347,0
T25F:E27P,GATAVSEWTEYKTADGKTYYYNNRFLPSTWEKPQELK,-2.559163789678569,0
T25F:E27Q,GATAVSEWTEYKTADGKTYYYNNRFLQSTWEKPQELK,-2.005513139027141,0
T25F:E27R,GATAVSEWTEYKTADGKTYYYNNRFLRSTWEKPQELK,-2.088079881461532,0
T25F:E27S,GATAVSEWTEYKTADGKTYYYNNRFLSSTWEKPQELK,-1.7573001805048138,0
T25F:E27T,GATAVSEWTEYKTADGKTYYYNNRFLTSTWEKPQELK,-1.5340572281416902,0
T25F:E27V,GATAVSEWTEYKTADGKTYYYNNRFLVSTWEKPQELK,-1.6098718890237484,0
T25F:E27W,GATAVSEWTEYKTADGKTYYYNNRFLWSTWEKPQELK,-1.5077722611859796,0
T25F:E27Y,GATAVSEWTEYKTADGKTYYYNNRFLYSTWEKPQELK,-0.7433790124346302,1
T25G,GATAVSEWTEYKTADGKTYYYNNRGLESTWEKPQELK,-2.0839339832737265,0
T25G:E27A,GATAVSEWTEYKTADGKTYYYNNRGLASTWEKPQELK,-2.470878588255668,0
T25G:E27C,GATAVSEWTEYKTADGKTYYYNNRGLCSTWEKPQELK,-0.922619063700194,1
T25G:E27D,GATAVSEWTEYKTADGKTYYYNNRGLDSTWEKPQELK,-2.202993316705311,0
T25G:E27F,GATAVSEWTEYKTADGKTYYYNNRGLFSTWEKPQELK,-1.3256005085548177,0
T25G:E27G,GATAVSEWTEYKTADGKTYYYNNRGLGSTWEKPQELK,-1.9367185018220705,0
T25G:E27H,GATAVSEWTEYKTADGKTYYYNNRGLHSTWEKPQELK,-2.057409934605087,0
T25G:E27I,GATAVSEWTEYKTADGKTYYYNNRGLISTWEKPQELK,-1.1894412355559851,1
T25G:E27K,GATAVSEWTEYKTADGKTYYYNNRGLKSTWEKPQELK,-1.7848863127862962,0
T25G:E27L,GATAVSEWTEYKTADGKTYYYNNRGLLSTWEKPQELK,-1.8004829630306307,0
T25G:E27M,GATAVSEWTEYKTADGKTYYYNNRGLMSTWEKPQELK,-2.381846908250509,0
T25G:E27N,GATAVSEWTEYKTADGKTYYYNNRGLNSTWEKPQELK,-1.902073493273264,0
T25G:E27P,GATAVSEWTEYKTADGKTYYYNNRGLPSTWEKPQELK,-2.0967611495702534,0
T25G:E27Q,GATAVSEWTEYKTADGKTYYYNNRGLQSTWEKPQELK,-1.6057900570851906,0
T25G:E27R,GATAVSEWTEYKTADGKTYYYNNRGLRSTWEKPQELK,-2.03928105675934,0
T25G:E27S,GATAVSEWTEYKTADGKTYYYNNRGLSSTWEKPQELK,-2.489414808328148,0
T25G:E27T,GATAVSEWTEYKTADGKTYYYNNRGLTSTWEKPQELK,-2.0865732843211706,0
T25G:E27V,GATAVSEWTEYKTADGKTYYYNNRGLVSTWEKPQELK,-2.0150095388150686,0
T25G:E27W,GATAVSEWTEYKTADGKTYYYNNRGLWSTWEKPQELK,-1.8600895611244188,0
T25G:E27Y,GATAVSEWTEYKTADGKTYYYNNRGLYSTWEKPQELK,-1.2535055806685549,0
T25H,GATAVSEWTEYKTADGKTYYYNNRHLESTWEKPQELK,-2.0579406113825,0
T25H:E27A,GATAVSEWTEYKTADGKTYYYNNRHLASTWEKPQELK,-2.4998103202617226,0
T25H:E27D,GATAVSEWTEYKTADGKTYYYNNRHLDSTWEKPQELK,-2.081466269464868,0
T25H:E27F,GATAVSEWTEYKTADGKTYYYNNRHLFSTWEKPQELK,-1.2642886402373368,0
T25H:E27G,GATAVSEWTEYKTADGKTYYYNNRHLGSTWEKPQELK,-1.683979408012342,0
T25H:E27H,GATAVSEWTEYKTADGKTYYYNNRHLHSTWEKPQELK,-1.9860266371430464,0
T25H:E27I,GATAVSEWTEYKTADGKTYYYNNRHLISTWEKPQELK,-1.5503778725249682,0
T25H:E27K,GATAVSEWTEYKTADGKTYYYNNRHLKSTWEKPQELK,-1.9910028416900327,0
T25H:E27L,GATAVSEWTEYKTADGKTYYYNNRHLLSTWEKPQELK,-1.944949201607772,0
T25H:E27M,GATAVSEWTEYKTADGKTYYYNNRHLMSTWEKPQELK,-2.0091891896676195,0
T25H:E27N,GATAVSEWTEYKTADGKTYYYNNRHLNSTWEKPQELK,-1.3835942366800136,0
T25H:E27P,GATAVSEWTEYKTADGKTYYYNNRHLPSTWEKPQELK,-2.132849631444862,0
T25H:E27Q,GATAVSEWTEYKTADGKTYYYNNRHLQSTWEKPQELK,-1.945967567935444,0
T25H:E27R,GATAVSEWTEYKTADGKTYYYNNRHLRSTWEKPQELK,-2.571967054158292,0
T25H:E27S,GATAVSEWTEYKTADGKTYYYNNRHLSSTWEKPQELK,-1.9714725622038791,0
T25H:E27T,GATAVSEWTEYKTADGKTYYYNNRHLTSTWEKPQELK,-1.7540211916582087,0
T25H:E27V,GATAVSEWTEYKTADGKTYYYNNRHLVSTWEKPQELK,-1.8635488675380176,0
T25H:E27W,GATAVSEWTEYKTADGKTYYYNNRHLWSTWEKPQELK,-2.0455939120301583,0
T25H:E27Y,GATAVSEWTEYKTADGKTYYYNNRHLYSTWEKPQELK,-0.9771433276679442,1
T25I,GATAVSEWTEYKTADGKTYYYNNRILESTWEKPQELK,-1.768029652475025,0
T25I:E27A,GATAVSEWTEYKTADGKTYYYNNRILASTWEKPQELK,-2.192895281486388,0
T25I:E27D,GATAVSEWTEYKTADGKTYYYNNRILDSTWEKPQELK,-1.9868611267074432,0
T25I:E27F,GATAVSEWTEYKTADGKTYYYNNRILFSTWEKPQELK,-1.7984184410731965,0
T25I:E27G,GATAVSEWTEYKTADGKTYYYNNRILGSTWEKPQELK,-2.101408193568209,0
T25I:E27H,GATAVSEWTEYKTADGKTYYYNNRILHSTWEKPQELK,-2.1614733683163503,0
T25I:E27I,GATAVSEWTEYKTADGKTYYYNNRILISTWEKPQELK,-1.862477402730624,0
T25I:E27K,GATAVSEWTEYKTADGKTYYYNNRILKSTWEKPQELK,-1.749567695087642,0
T25I:E27L,GATAVSEWTEYKTADGKTYYYNNRILLSTWEKPQELK,-1.7852652398527376,0
T25I:E27M,GATAVSEWTEYKTADGKTYYYNNRILMSTWEKPQELK,-1.8239775375785612,0
T25I:E27N,GATAVSEWTEYKTADGKTYYYNNRILNSTWEKPQELK,-1.941169772937292,0
T25I:E27P,GATAVSEWTEYKTADGKTYYYNNRILPSTWEKPQELK,-2.686405935538469,0
T25I:E27Q,GATAVSEWTEYKTADGKTYYYNNRILQSTWEKPQELK,-1.983338628045547,0
T25I:E27R,GATAVSEWTEYKTADGKTYYYNNRILRSTWEKPQELK,-2.2866062992780134,0
T25I:E27S,GATAVSEWTEYKTADGKTYYYNNRILSSTWEKPQELK,-1.9933179008418351,0
T25I:E27T,GATAVSEWTEYKTADGKTYYYNNRILTSTWEKPQELK,-1.905426331832551,0
T25I:E27V,GATAVSEWTEYKTADGKTYYYNNRILVSTWEKPQELK,-1.852275542076953,0
T25I:E27W,GATAVSEWTEYKTADGKTYYYNNRILWSTWEKPQELK,-2.1234432402239936,0
T25I:E27Y,GATAVSEWTEYKTADGKTYYYNNRILYSTWEKPQELK,-1.7154302641143755,0
T25K,GATAVSEWTEYKTADGKTYYYNNRKLESTWEKPQELK,-1.7824993452257458,0
T25K:E27A,GATAVSEWTEYKTADGKTYYYNNRKLASTWEKPQELK,-2.2877176960789325,0
T25K:E27D,GATAVSEWTEYKTADGKTYYYNNRKLDSTWEKPQELK,-1.747870886504413,0
T25K:E27F,GATAVSEWTEYKTADGKTYYYNNRKLFSTWEKPQELK,-1.5854857378656488,0
T25K:E27G,GATAVSEWTEYKTADGKTYYYNNRKLGSTWEKPQELK,-1.9844087794530727,0
T25K:E27H,GATAVSEWTEYKTADGKTYYYNNRKLHSTWEKPQELK,-1.965594212748765,0
T25K:E27I,GATAVSEWTEYKTADGKTYYYNNRKLISTWEKPQELK,-1.7572886141521158,0
T25K:E27K,GATAVSEWTEYKTADGKTYYYNNRKLKSTWEKPQELK,-1.96087039496382,0
T25K:E27L,GATAVSEWTEYKTADGKTYYYNNRKLLSTWEKPQELK,-1.7239148668764006,0
T25K:E27M,GATAVSEWTEYKTADGKTYYYNNRKLMSTWEKPQELK,-1.602760915611548,0
T25K:E27N,GATAVSEWTEYKTADGKTYYYNNRKLNSTWEKPQELK,-2.195849131236326,0
T25K:E27P,GATAVSEWTEYKTADGKTYYYNNRKLPSTWEKPQELK,-2.4393761528660103,0
T25K:E27Q,GATAVSEWTEYKTADGKTYYYNNRKLQSTWEKPQELK,-1.7587643702062783,0
T25K:E27R,GATAVSEWTEYKTADGKTYYYNNRKLRSTWEKPQELK,-2.012082466888909,0
T25K:E27S,GATAVSEWTEYKTADGKTYYYNNRKLSSTWEKPQELK,-2.034124283797385,0
T25K:E27T,GATAVSEWTEYKTADGKTYYYNNRKLTSTWEKPQELK,-1.49296082078907,0
T25K:E27V,GATAVSEWTEYKTADGKTYYYNNRKLVSTWEKPQELK,-1.7959365189407863,0
T25K:E27W,GATAVSEWTEYKTADGKTYYYNNRKLWSTWEKPQELK,-2.1492782972569,0
T25K:E27Y,GATAVSEWTEYKTADGKTYYYNNRKLYSTWEKPQELK,-1.1024003334216148,1
T25L,GATAVSEWTEYKTADGKTYYYNNRLLESTWEKPQELK,-1.4632707790373223,0
T25L:E27D,GATAVSEWTEYKTADGKTYYYNNRLLDSTWEKPQELK,-1.863516520677717,0
T25L:E27F,GATAVSEWTEYKTADGKTYYYNNRLLFSTWEKPQELK,-0.7212527823238379,1
T25L:E27G,GATAVSEWTEYKTADGKTYYYNNRLLGSTWEKPQELK,-2.0877079621778183,0
T25L:E27H,GATAVSEWTEYKTADGKTYYYNNRLLHSTWEKPQELK,-1.7821862934990806,0
T25L:E27I,GATAVSEWTEYKTADGKTYYYNNRLLISTWEKPQELK,-0.921487881768608,1
T25L:E27K,GATAVSEWTEYKTADGKTYYYNNRLLKSTWEKPQELK,-1.6247972000767876,0
T25L:E27L,GATAVSEWTEYKTADGKTYYYNNRLLLSTWEKPQELK,-1.0171273299029016,1
T25L:E27M,GATAVSEWTEYKTADGKTYYYNNRLLMSTWEKPQELK,-1.1755019167461416,1
T25L:E27N,GATAVSEWTEYKTADGKTYYYNNRLLNSTWEKPQELK,-1.9207009395780656,0
T25L:E27P,GATAVSEWTEYKTADGKTYYYNNRLLPSTWEKPQELK,-2.2561313879447287,0
T25L:E27Q,GATAVSEWTEYKTADGKTYYYNNRLLQSTWEKPQELK,-1.1614728715297116,1
T25L:E27R,GATAVSEWTEYKTADGKTYYYNNRLLRSTWEKPQELK,-1.9325987400423024,0
T25L:E27T,GATAVSEWTEYKTADGKTYYYNNRLLTSTWEKPQELK,-1.2140620654100764,0
T25L:E27V,GATAVSEWTEYKTADGKTYYYNNRLLVSTWEKPQELK,-1.2326598097871018,0
T25L:E27W,GATAVSEWTEYKTADGKTYYYNNRLLWSTWEKPQELK,-1.5507282730023206,0
T25L:E27Y,GATAVSEWTEYKTADGKTYYYNNRLLYSTWEKPQELK,-0.6880861158726073,1
T25M,GATAVSEWTEYKTADGKTYYYNNRMLESTWEKPQELK,-2.129211446445709,0
T25M:E27A,GATAVSEWTEYKTADGKTYYYNNRMLASTWEKPQELK,-2.429643059679836,0
T25M:E27C,GATAVSEWTEYKTADGKTYYYNNRMLCSTWEKPQELK,-0.1555017390144724,1
T25M:E27D,GATAVSEWTEYKTADGKTYYYNNRMLDSTWEKPQELK,-2.132013142384577,0
T25M:E27F,GATAVSEWTEYKTADGKTYYYNNRMLFSTWEKPQELK,-1.2196361614113282,0
T25M:E27G,GATAVSEWTEYKTADGKTYYYNNRMLGSTWEKPQELK,-2.1101744896867403,0
T25M:E27H,GATAVSEWTEYKTADGKTYYYNNRMLHSTWEKPQELK,-2.2407044745746307,0
T25M:E27I,GATAVSEWTEYKTADGKTYYYNNRMLISTWEKPQELK,-1.79299436602117,0
T25M:E27K,GATAVSEWTEYKTADGKTYYYNNRMLKSTWEKPQELK,-1.844880758226231,0
T25M:E27L,GATAVSEWTEYKTADGKTYYYNNRMLLSTWEKPQELK,-1.214854446634442,0
T25M:E27M,GATAVSEWTEYKTADGKTYYYNNRMLMSTWEKPQELK,-1.357496291440571,0
T25M:E27N,GATAVSEWTEYKTADGKTYYYNNRMLNSTWEKPQELK,-1.5216919408535985,0
T25M:E27P,GATAVSEWTEYKTADGKTYYYNNRMLPSTWEKPQELK,-2.042450052491117,0
T25M:E27Q,GATAVSEWTEYKTADGKTYYYNNRMLQSTWEKPQELK,-1.814894342734982,0
T25M:E27R,GATAVSEWTEYKTADGKTYYYNNRMLRSTWEKPQELK,-2.397257297387108,0
T25M:E27S,GATAVSEWTEYKTADGKTYYYNNRMLSSTWEKPQELK,-2.109612714485955,0
T25M:E27T,GATAVSEWTEYKTADGKTYYYNNRMLTSTWEKPQELK,-1.5941124215366276,0
T25M:E27V,GATAVSEWTEYKTADGKTYYYNNRMLVSTWEKPQELK,-1.8039123811978712,0
T25M:E27W,GATAVSEWTEYKTADGKTYYYNNRMLWSTWEKPQELK,-1.7774814241018166,0
T25M:E27Y,GATAVSEWTEYKTADGKTYYYNNRMLYSTWEKPQELK,-1.064736274614832,1
T25N,GATAVSEWTEYKTADGKTYYYNNRNLESTWEKPQELK,-1.5647064684839411,0
T25N:E27A,GATAVSEWTEYKTADGKTYYYNNRNLASTWEKPQELK,-1.7303032943823184,0
T25N:E27D,GATAVSEWTEYKTADGKTYYYNNRNLDSTWEKPQELK,-2.011441987679723,0
T25N:E27F,GATAVSEWTEYKTADGKTYYYNNRNLFSTWEKPQELK,-1.48710946014823,0
T25N:E27G,GATAVSEWTEYKTADGKTYYYNNRNLGSTWEKPQELK,-1.881193767004314,0
T25N:E27H,GATAVSEWTEYKTADGKTYYYNNRNLHSTWEKPQELK,-1.846081944912228,0
T25N:E27I,GATAVSEWTEYKTADGKTYYYNNRNLISTWEKPQELK,-1.83406057219991,0
T25N:E27K,GATAVSEWTEYKTADGKTYYYNNRNLKSTWEKPQELK,-1.7816300331863075,0
T25N:E27L,GATAVSEWTEYKTADGKTYYYNNRNLLSTWEKPQELK,-1.758424951388507,0
T25N:E27M,GATAVSEWTEYKTADGKTYYYNNRNLMSTWEKPQELK,-1.8941242328747392,0
T25N:E27N,GATAVSEWTEYKTADGKTYYYNNRNLNSTWEKPQELK,-1.5603457784385,0
T25N:E27P,GATAVSEWTEYKTADGKTYYYNNRNLPSTWEKPQELK,-2.2140487256984054,0
T25N:E27Q,GATAVSEWTEYKTADGKTYYYNNRNLQSTWEKPQELK,-1.5469918712832889,0
T25N:E27R,GATAVSEWTEYKTADGKTYYYNNRNLRSTWEKPQELK,-2.0497466440868184,0
T25N:E27S,GATAVSEWTEYKTADGKTYYYNNRNLSSTWEKPQELK,-2.0073678033082207,0
T25N:E27T,GATAVSEWTEYKTADGKTYYYNNRNLTSTWEKPQELK,-1.5843524241277616,0
T25N:E27V,GATAVSEWTEYKTADGKTYYYNNRNLVSTWEKPQELK,-1.9421570785045832,0
T25N:E27W,GATAVSEWTEYKTADGKTYYYNNRNLWSTWEKPQELK,-2.111637069787843,0
T25N:E27Y,GATAVSEWTEYKTADGKTYYYNNRNLYSTWEKPQELK,-1.5742226588126,0
T25P,GATAVSEWTEYKTADGKTYYYNNRPLESTWEKPQELK,-2.5491244727663105,0
T25P:E27A,GATAVSEWTEYKTADGKTYYYNNRPLASTWEKPQELK,-2.748571221275244,0
T25P:E27C,GATAVSEWTEYKTADGKTYYYNNRPLCSTWEKPQELK,-2.307259480180747,0
T25P:E27D,GATAVSEWTEYKTADGKTYYYNNRPLDSTWEKPQELK,-2.216869883548024,0
T25P:E27F,GATAVSEWTEYKTADGKTYYYNNRPLFSTWEKPQELK,-2.7609013462537413,0
T25P:E27G,GATAVSEWTEYKTADGKTYYYNNRPLGSTWEKPQELK,-2.3996007280187333,0
T25P:E27H,GATAVSEWTEYKTADGKTYYYNNRPLHSTWEKPQELK,-3.003111458122434,0
T25P:E27I,GATAVSEWTEYKTADGKTYYYNNRPLISTWEKPQELK,-3.149884237670473,0
T25P:E27K,GATAVSEWTEYKTADGKTYYYNNRPLKSTWEKPQELK,-2.579106552335952,0
T25P:E27L,GATAVSEWTEYKTADGKTYYYNNRPLLSTWEKPQELK,-2.69147931843726,0
T25P:E27M,GATAVSEWTEYKTADGKTYYYNNRPLMSTWEKPQELK,-2.604045209614412,0
T25P:E27P,GATAVSEWTEYKTADGKTYYYNNRPLPSTWEKPQELK,-1.8203384368237645,0
T25P:E27Q,GATAVSEWTEYKTADGKTYYYNNRPLQSTWEKPQELK,-2.350739581834455,0
T25P:E27R,GATAVSEWTEYKTADGKTYYYNNRPLRSTWEKPQELK,-2.913373585199369,0
T25P:E27S,GATAVSEWTEYKTADGKTYYYNNRPLSSTWEKPQELK,-2.334839041040686,0
T25P:E27T,GATAVSEWTEYKTADGKTYYYNNRPLTSTWEKPQELK,-2.4576666561038403,0
T25P:E27V,GATAVSEWTEYKTADGKTYYYNNRPLVSTWEKPQELK,-2.4026003566848604,0
T25P:E27W,GATAVSEWTEYKTADGKTYYYNNRPLWSTWEKPQELK,-2.455796116389742,0
T25P:E27Y,GATAVSEWTEYKTADGKTYYYNNRPLYSTWEKPQELK,-2.778912628756846,0
T25Q,GATAVSEWTEYKTADGKTYYYNNRQLESTWEKPQELK,-2.0095413781943896,0
T25Q:E27D,GATAVSEWTEYKTADGKTYYYNNRQLDSTWEKPQELK,-1.9597136880139816,0
T25Q:E27F,GATAVSEWTEYKTADGKTYYYNNRQLFSTWEKPQELK,-1.4988892125476558,0
T25Q:E27G,GATAVSEWTEYKTADGKTYYYNNRQLGSTWEKPQELK,-1.9027920910479723,0
T25Q:E27H,GATAVSEWTEYKTADGKTYYYNNRQLHSTWEKPQELK,-2.300751589096888,0
T25Q:E27I,GATAVSEWTEYKTADGKTYYYNNRQLISTWEKPQELK,-1.9021508995453875,0
T25Q:E27K,GATAVSEWTEYKTADGKTYYYNNRQLKSTWEKPQELK,-1.6152392740915178,0
T25Q:E27L,GATAVSEWTEYKTADGKTYYYNNRQLLSTWEKPQELK,-2.084928997275251,0
T25Q:E27M,GATAVSEWTEYKTADGKTYYYNNRQLMSTWEKPQELK,-1.7057729520764326,0
T25Q:E27N,GATAVSEWTEYKTADGKTYYYNNRQLNSTWEKPQELK,-2.1907925662054675,0
T25Q:E27P,GATAVSEWTEYKTADGKTYYYNNRQLPSTWEKPQELK,-2.3765933307124607,0
T25Q:E27Q,GATAVSEWTEYKTADGKTYYYNNRQLQSTWEKPQELK,-2.0527470421001337,0
T25Q:E27R,GATAVSEWTEYKTADGKTYYYNNRQLRSTWEKPQELK,-2.190605562421585,0
T25Q:E27S,GATAVSEWTEYKTADGKTYYYNNRQLSSTWEKPQELK,-2.0947085590717336,0
T25Q:E27T,GATAVSEWTEYKTADGKTYYYNNRQLTSTWEKPQELK,-1.6624951610593692,0
T25Q:E27V,GATAVSEWTEYKTADGKTYYYNNRQLVSTWEKPQELK,-2.033722072774222,0
T25Q:E27W,GATAVSEWTEYKTADGKTYYYNNRQLWSTWEKPQELK,-2.0178683558500867,0
T25Q:E27Y,GATAVSEWTEYKTADGKTYYYNNRQLYSTWEKPQELK,-1.3210394050224925,0
T25R,GATAVSEWTEYKTADGKTYYYNNRRLESTWEKPQELK,-1.9081254972588422,0
T25R:E27A,GATAVSEWTEYKTADGKTYYYNNRRLASTWEKPQELK,-2.199336134190398,0
T25R:E27D,GATAVSEWTEYKTADGKTYYYNNRRLDSTWEKPQELK,-2.100429095974481,0
T25R:E27F,GATAVSEWTEYKTADGKTYYYNNRRLFSTWEKPQELK,-1.1445858378769014,1
T25R:E27G,GATAVSEWTEYKTADGKTYYYNNRRLGSTWEKPQELK,-1.9383553190721667,0
T25R:E27H,GATAVSEWTEYKTADGKTYYYNNRRLHSTWEKPQELK,-2.365984253936789,0
T25R:E27I,GATAVSEWTEYKTADGKTYYYNNRRLISTWEKPQELK,-1.8604212840070828,0
T25R:E27K,GATAVSEWTEYKTADGKTYYYNNRRLKSTWEKPQELK,-2.065957109648593,0
T25R:E27L,GATAVSEWTEYKTADGKTYYYNNRRLLSTWEKPQELK,-2.044522001517344,0
T25R:E27M,GATAVSEWTEYKTADGKTYYYNNRRLMSTWEKPQELK,-1.9630895527663703,0
T25R:E27N,GATAVSEWTEYKTADGKTYYYNNRRLNSTWEKPQELK,-2.200820548759085,0
T25R:E27P,GATAVSEWTEYKTADGKTYYYNNRRLPSTWEKPQELK,-2.1488825054473284,0
T25R:E27Q,GATAVSEWTEYKTADGKTYYYNNRRLQSTWEKPQELK,-1.7781826918014745,0
T25R:E27R,GATAVSEWTEYKTADGKTYYYNNRRLRSTWEKPQELK,-2.462013127808334,0
T25R:E27S,GATAVSEWTEYKTADGKTYYYNNRRLSSTWEKPQELK,-1.9624881770521496,0
T25R:E27T,GATAVSEWTEYKTADGKTYYYNNRRLTSTWEKPQELK,-2.2310290449407337,0
T25R:E27W,GATAVSEWTEYKTADGKTYYYNNRRLWSTWEKPQELK,-2.303846644759877,0
T25R:E27Y,GATAVSEWTEYKTADGKTYYYNNRRLYSTWEKPQELK,-1.4507839290548967,0
T25S,GATAVSEWTEYKTADGKTYYYNNRSLESTWEKPQELK,-1.243895741132878,0
T25S:E27A,GATAVSEWTEYKTADGKTYYYNNRSLASTWEKPQELK,-1.7333385404310566,0
T25S:E27D,GATAVSEWTEYKTADGKTYYYNNRSLDSTWEKPQELK,-1.639052824465241,0
T25S:E27F,GATAVSEWTEYKTADGKTYYYNNRSLFSTWEKPQELK,-1.5066639643975328,0
T25S:E27G,GATAVSEWTEYKTADGKTYYYNNRSLGSTWEKPQELK,-1.881698087618089,0
T25S:E27H,GATAVSEWTEYKTADGKTYYYNNRSLHSTWEKPQELK,-1.6887242172273362,0
T25S:E27I,GATAVSEWTEYKTADGKTYYYNNRSLISTWEKPQELK,-1.2810312589685422,0
T25S:E27K,GATAVSEWTEYKTADGKTYYYNNRSLKSTWEKPQELK,-1.2982947707522834,0
T25S:E27L,GATAVSEWTEYKTADGKTYYYNNRSLLSTWEKPQELK,-1.3691600558093742,0
T25S:E27M,GATAVSEWTEYKTADGKTYYYNNRSLMSTWEKPQELK,-1.4615683588730644,0
T25S:E27N,GATAVSEWTEYKTADGKTYYYNNRSLNSTWEKPQELK,-1.381289162625987,0
T25S:E27P,GATAVSEWTEYKTADGKTYYYNNRSLPSTWEKPQELK,-2.105977056657318,0
T25S:E27Q,GATAVSEWTEYKTADGKTYYYNNRSLQSTWEKPQELK,-1.0506720759892088,1
T25S:E27R,GATAVSEWTEYKTADGKTYYYNNRSLRSTWEKPQELK,-1.6916027586778548,0
T25S:E27S,GATAVSEWTEYKTADGKTYYYNNRSLSSTWEKPQELK,-1.82359465199474,0
T25S:E27T,GATAVSEWTEYKTADGKTYYYNNRSLTSTWEKPQELK,-1.4977996293263751,0
T25S:E27V,GATAVSEWTEYKTADGKTYYYNNRSLVSTWEKPQELK,-1.169776761032011,1
T25S:E27W,GATAVSEWTEYKTADGKTYYYNNRSLWSTWEKPQELK,-2.0963445445972426,0
T25S:E27Y,GATAVSEWTEYKTADGKTYYYNNRSLYSTWEKPQELK,-1.4579810746571438,0
T25V,GATAVSEWTEYKTADGKTYYYNNRVLESTWEKPQELK,-1.9931392970034367,0
T25V:E27A,GATAVSEWTEYKTADGKTYYYNNRVLASTWEKPQELK,-2.0928784009948123,0
T25V:E27C,GATAVSEWTEYKTADGKTYYYNNRVLCSTWEKPQELK,-1.154409437700732,1
T25V:E27D,GATAVSEWTEYKTADGKTYYYNNRVLDSTWEKPQELK,-1.9395821832869524,0
T25V:E27F,GATAVSEWTEYKTADGKTYYYNNRVLFSTWEKPQELK,-1.7291070143080842,0
T25V:E27G,GATAVSEWTEYKTADGKTYYYNNRVLGSTWEKPQELK,-2.0411925588962534,0
T25V:E27H,GATAVSEWTEYKTADGKTYYYNNRVLHSTWEKPQELK,-2.3526005025953096,0
T25V:E27K,GATAVSEWTEYKTADGKTYYYNNRVLKSTWEKPQELK,-1.9871796170236369,0
T25V:E27L,GATAVSEWTEYKTADGKTYYYNNRVLLSTWEKPQELK,-1.7816348014956631,0
T25V:E27M,GATAVSEWTEYKTADGKTYYYNNRVLMSTWEKPQELK,-1.1775013336989013,1
T25V:E27N,GATAVSEWTEYKTADGKTYYYNNRVLNSTWEKPQELK,-1.595295936000744,0
T25V:E27P,GATAVSEWTEYKTADGKTYYYNNRVLPSTWEKPQELK,-2.352192375333925,0
T25V:E27Q,GATAVSEWTEYKTADGKTYYYNNRVLQSTWEKPQELK,-1.994542665563238,0
T25V:E27R,GATAVSEWTEYKTADGKTYYYNNRVLRSTWEKPQELK,-2.126382150657919,0
T25V:E27S,GATAVSEWTEYKTADGKTYYYNNRVLSSTWEKPQELK,-1.7842715734290615,0
T25V:E27T,GATAVSEWTEYKTADGKTYYYNNRVLTSTWEKPQELK,-2.0605117287745776,0
T25V:E27V,GATAVSEWTEYKTADGKTYYYNNRVLVSTWEKPQELK,-2.03151589739805,0
T25V:E27W,GATAVSEWTEYKTADGKTYYYNNRVLWSTWEKPQELK,-2.3373169384928563,0
T25V:E27Y,GATAVSEWTEYKTADGKTYYYNNRVLYSTWEKPQELK,-1.2978412326510418,0
T25W,GATAVSEWTEYKTADGKTYYYNNRWLESTWEKPQELK,-1.7103663030982275,0
T25W:E27A,GATAVSEWTEYKTADGKTYYYNNRWLASTWEKPQELK,-2.1521806455736185,0
T25W:E27C,GATAVSEWTEYKTADGKTYYYNNRWLCSTWEKPQELK,-0.3240570530857907,1
T25W:E27D,GATAVSEWTEYKTADGKTYYYNNRWLDSTWEKPQELK,-1.7612563687221687,0
T25W:E27F,GATAVSEWTEYKTADGKTYYYNNRWLFSTWEKPQELK,-0.8743876209771548,1
T25W:E27G,GATAVSEWTEYKTADGKTYYYNNRWLGSTWEKPQELK,-1.9634556996857684,0
T25W:E27H,GATAVSEWTEYKTADGKTYYYNNRWLHSTWEKPQELK,-1.9824854753428005,0
T25W:E27I,GATAVSEWTEYKTADGKTYYYNNRWLISTWEKPQELK,-1.4947676578113411,0
T25W:E27K,GATAVSEWTEYKTADGKTYYYNNRWLKSTWEKPQELK,-1.4529542504241848,0
T25W:E27M,GATAVSEWTEYKTADGKTYYYNNRWLMSTWEKPQELK,-1.707845463739586,0
T25W:E27N,GATAVSEWTEYKTADGKTYYYNNRWLNSTWEKPQELK,-1.7451075133132532,0
T25W:E27P,GATAVSEWTEYKTADGKTYYYNNRWLPSTWEKPQELK,-1.7784528486977147,0
T25W:E27R,GATAVSEWTEYKTADGKTYYYNNRWLRSTWEKPQELK,-1.8015841819768523,0
T25W:E27S,GATAVSEWTEYKTADGKTYYYNNRWLSSTWEKPQELK,-1.8400911143985468,0
T25W:E27T,GATAVSEWTEYKTADGKTYYYNNRWLTSTWEKPQELK,-1.6809143766227574,0
T25W:E27V,GATAVSEWTEYKTADGKTYYYNNRWLVSTWEKPQELK,-1.3732054296703695,0
T25W:E27W,GATAVSEWTEYKTADGKTYYYNNRWLWSTWEKPQELK,-1.4943559939845092,0
T25W:E27Y,GATAVSEWTEYKTADGKTYYYNNRWLYSTWEKPQELK,-0.7492322760177694,1
T25Y,GATAVSEWTEYKTADGKTYYYNNRYLESTWEKPQELK,-1.830742996831886,0
T25Y:E27A,GATAVSEWTEYKTADGKTYYYNNRYLASTWEKPQELK,-2.1394117833049973,0
T25Y:E27D,GATAVSEWTEYKTADGKTYYYNNRYLDSTWEKPQELK,-1.9890160754470183,0
T25Y:E27F,GATAVSEWTEYKTADGKTYYYNNRYLFSTWEKPQELK,-0.6603171159527315,1
T25Y:E27G,GATAVSEWTEYKTADGKTYYYNNRYLGSTWEKPQELK,-2.0242772412381878,0
T25Y:E27H,GATAVSEWTEYKTADGKTYYYNNRYLHSTWEKPQELK,-1.9514545697074677,0
T25Y:E27K,GATAVSEWTEYKTADGKTYYYNNRYLKSTWEKPQELK,-1.8906044809178737,0
T25Y:E27L,GATAVSEWTEYKTADGKTYYYNNRYLLSTWEKPQELK,-1.7476918791543858,0
T25Y:E27M,GATAVSEWTEYKTADGKTYYYNNRYLMSTWEKPQELK,-1.8095044782852177,0
T25Y:E27N,GATAVSEWTEYKTADGKTYYYNNRYLNSTWEKPQELK,-1.985969514274169,0
T25Y:E27P,GATAVSEWTEYKTADGKTYYYNNRYLPSTWEKPQELK,-2.311122781479792,0
T25Y:E27Q,GATAVSEWTEYKTADGKTYYYNNRYLQSTWEKPQELK,-1.5329210151513877,0
T25Y:E27R,GATAVSEWTEYKTADGKTYYYNNRYLRSTWEKPQELK,-1.899445394433739,0
T25Y:E27S,GATAVSEWTEYKTADGKTYYYNNRYLSSTWEKPQELK,-1.8939031165191915,0
T25Y:E27T,GATAVSEWTEYKTADGKTYYYNNRYLTSTWEKPQELK,-1.71506807860104,0
T25Y:E27V,GATAVSEWTEYKTADGKTYYYNNRYLVSTWEKPQELK,-1.751736921251057,0
T25Y:E27W,GATAVSEWTEYKTADGKTYYYNNRYLWSTWEKPQELK,-1.6384087006283925,0
T25Y:E27Y,GATAVSEWTEYKTADGKTYYYNNRYLYSTWEKPQELK,-0.6285366763167066,1
T29A,GATAVSEWTEYKTADGKTYYYNNRTLESAWEKPQELK,-0.7495450945602156,1
T29C,GATAVSEWTEYKTADGKTYYYNNRTLESCWEKPQELK,-0.744997360174475,1
T29D,GATAVSEWTEYKTADGKTYYYNNRTLESDWEKPQELK,-1.8535823642971496,0
T29E,GATAVSEWTEYKTADGKTYYYNNRTLESEWEKPQELK,-1.5291082107454963,0
T29F,GATAVSEWTEYKTADGKTYYYNNRTLESFWEKPQELK,-0.6765904308605015,1
T29G,GATAVSEWTEYKTADGKTYYYNNRTLESGWEKPQELK,-1.7139573116853066,0
T29H,GATAVSEWTEYKTADGKTYYYNNRTLESHWEKPQELK,-0.8481837231355263,1
T29I,GATAVSEWTEYKTADGKTYYYNNRTLESIWEKPQELK,-0.6883432204185644,1
T29K,GATAVSEWTEYKTADGKTYYYNNRTLESKWEKPQELK,-0.7362939667594586,1
T29L,GATAVSEWTEYKTADGKTYYYNNRTLESLWEKPQELK,-0.7616459464425951,1
T29M,GATAVSEWTEYKTADGKTYYYNNRTLESMWEKPQELK,-0.723710886409197,1
T29N,GATAVSEWTEYKTADGKTYYYNNRTLESNWEKPQELK,-1.323455854512979,0
T29P,GATAVSEWTEYKTADGKTYYYNNRTLESPWEKPQELK,-2.184754174169408,0
T29Q,GATAVSEWTEYKTADGKTYYYNNRTLESQWEKPQELK,-0.2653097022592381,1
T29R,GATAVSEWTEYKTADGKTYYYNNRTLESRWEKPQELK,-0.3968570223188279,1
T29S,GATAVSEWTEYKTADGKTYYYNNRTLESSWEKPQELK,-0.3364190824516311,1
T29V,GATAVSEWTEYKTADGKTYYYNNRTLESVWEKPQELK,-0.16145608284216,1
T29W,GATAVSEWTEYKTADGKTYYYNNRTLESWWEKPQELK,-1.0113274986046177,1
T29Y,GATAVSEWTEYKTADGKTYYYNNRTLESYWEKPQELK,-0.8071476887113622,1
T3A,GAAAVSEWTEYKTADGKTYYYNNRTLESTWEKPQELK,-0.1883973859188272,1
T3C,GACAVSEWTEYKTADGKTYYYNNRTLESTWEKPQELK,0.0261406974277003,1
T3D,GADAVSEWTEYKTADGKTYYYNNRTLESTWEKPQELK,-0.1076347804317152,1
T3E,GAEAVSEWTEYKTADGKTYYYNNRTLESTWEKPQELK,-0.1771235975964264,1
T3F,GAFAVSEWTEYKTADGKTYYYNNRTLESTWEKPQELK,-0.311383120879249,1
T3G,GAGAVSEWTEYKTADGKTYYYNNRTLESTWEKPQELK,-0.1665004552342228,1
T3H,GAHAVSEWTEYKTADGKTYYYNNRTLESTWEKPQELK,-0.1724339549859381,1
T3I,GAIAVSEWTEYKTADGKTYYYNNRTLESTWEKPQELK,-0.1231626586445444,1
T3K,GAKAVSEWTEYKTADGKTYYYNNRTLESTWEKPQELK,-0.8323672454328643,1
T3L,GALAVSEWTEYKTADGKTYYYNNRTLESTWEKPQELK,-0.1451250606204484,1
T3M,GAMAVSEWTEYKTADGKTYYYNNRTLESTWEKPQELK,-0.1410778232433593,1
T3N,GANAVSEWTEYKTADGKTYYYNNRTLESTWEKPQELK,-0.2590184000696398,1
T3P,GAPAVSEWTEYKTADGKTYYYNNRTLESTWEKPQELK,-0.2049482025672158,1
T3Q,GAQAVSEWTEYKTADGKTYYYNNRTLESTWEKPQELK,-0.1440493869370906,1
T3R,GARAVSEWTEYKTADGKTYYYNNRTLESTWEKPQELK,-0.9297266184564336,1
T3S,GASAVSEWTEYKTADGKTYYYNNRTLESTWEKPQELK,-0.2246841951146225,1
T3V,GAVAVSEWTEYKTADGKTYYYNNRTLESTWEKPQELK,-0.2514227202151051,1
T3W,GAWAVSEWTEYKTADGKTYYYNNRTLESTWEKPQELK,-0.4435031467272887,1
T3Y,GAYAVSEWTEYKTADGKTYYYNNRTLESTWEKPQELK,-0.8509210614063858,1
T9A,GATAVSEWAEYKTADGKTYYYNNRTLESTWEKPQELK,-0.4222495022589108,1
T9A:N23A,GATAVSEWAEYKTADGKTYYYNARTLESTWEKPQELK,0.0136552045900222,1
T9A:N23C,GATAVSEWAEYKTADGKTYYYNCRTLESTWEKPQELK,0.0092408311250555,1
T9A:N23E,GATAVSEWAEYKTADGKTYYYNERTLESTWEKPQELK,-0.5723958739854127,1
T9A:N23F,GATAVSEWAEYKTADGKTYYYNFRTLESTWEKPQELK,0.1009957223897033,1
T9A:N23G,GATAVSEWAEYKTADGKTYYYNGRTLESTWEKPQELK,-0.4629377505626793,1
T9A:N23M,GATAVSEWAEYKTADGKTYYYNMRTLESTWEKPQELK,0.1758575156944428,1
T9A:N23S,GATAVSEWAEYKTADGKTYYYNSRTLESTWEKPQELK,0.1158292107493084,1
T9A:N23T,GATAVSEWAEYKTADGKTYYYNTRTLESTWEKPQELK,0.1710127298169519,1
T9A:N23Y,GATAVSEWAEYKTADGKTYYYNYRTLESTWEKPQELK,0.0324598618538503,1
T9C,GATAVSEWCEYKTADGKTYYYNNRTLESTWEKPQELK,0.0571302366970605,1
T9C:N23A,GATAVSEWCEYKTADGKTYYYNARTLESTWEKPQELK,-0.0047679796767527,1
T9C:N23E,GATAVSEWCEYKTADGKTYYYNERTLESTWEKPQELK,-0.4188642767747095,1
T9C:N23H,GATAVSEWCEYKTADGKTYYYNHRTLESTWEKPQELK,0.3143406975157847,1
T9C:N23I,GATAVSEWCEYKTADGKTYYYNIRTLESTWEKPQELK,0.2746006704506167,1
T9C:N23Q,GATAVSEWCEYKTADGKTYYYNQRTLESTWEKPQELK,0.063291173774989,1
T9C:N23S,GATAVSEWCEYKTADGKTYYYNSRTLESTWEKPQELK,0.2829770657166448,1
T9D,GATAVSEWDEYKTADGKTYYYNNRTLESTWEKPQELK,-1.073820431008074,1
T9D:N23F,GATAVSEWDEYKTADGKTYYYNFRTLESTWEKPQELK,-1.619844899257295,0
T9D:N23H,GATAVSEWDEYKTADGKTYYYNHRTLESTWEKPQELK,-0.3558788636049348,1
T9D:N23I,GATAVSEWDEYKTADGKTYYYNIRTLESTWEKPQELK,-0.7921112814086799,1
T9D:N23K,GATAVSEWDEYKTADGKTYYYNKRTLESTWEKPQELK,-0.784601737800855,1
T9E,GATAVSEWEEYKTADGKTYYYNNRTLESTWEKPQELK,-0.5010517293752152,1
T9E:N23F,GATAVSEWEEYKTADGKTYYYNFRTLESTWEKPQELK,-0.4716624272731655,1
T9E:N23G,GATAVSEWEEYKTADGKTYYYNGRTLESTWEKPQELK,-1.3945689712533176,0
T9E:N23L,GATAVSEWEEYKTADGKTYYYNLRTLESTWEKPQELK,-0.0409102449413487,1
T9E:N23Q,GATAVSEWEEYKTADGKTYYYNQRTLESTWEKPQELK,-0.6659435704456702,1
T9E:N23S,GATAVSEWEEYKTADGKTYYYNSRTLESTWEKPQELK,-0.0391505239380713,1
T9E:N23V,GATAVSEWEEYKTADGKTYYYNVRTLESTWEKPQELK,0.097902800513006,1
T9F,GATAVSEWFEYKTADGKTYYYNNRTLESTWEKPQELK,-0.5331004537672359,1
T9F:N23E,GATAVSEWFEYKTADGKTYYYNERTLESTWEKPQELK,-0.4283324506583335,1
T9F:N23F,GATAVSEWFEYKTADGKTYYYNFRTLESTWEKPQELK,0.0330949543303127,1
T9F:N23G,GATAVSEWFEYKTADGKTYYYNGRTLESTWEKPQELK,-0.2654628785679782,1
T9F:N23H,GATAVSEWFEYKTADGKTYYYNHRTLESTWEKPQELK,0.1480878077048024,1
T9F:N23L,GATAVSEWFEYKTADGKTYYYNLRTLESTWEKPQELK,0.2696105484393252,1
T9F:N23S,GATAVSEWFEYKTADGKTYYYNSRTLESTWEKPQELK,0.1699394309182946,1
T9F:N23V,GATAVSEWFEYKTADGKTYYYNVRTLESTWEKPQELK,0.3525608109797384,1
T9F:N23W,GATAVSEWFEYKTADGKTYYYNWRTLESTWEKPQELK,0.1220468251198174,1
T9G,GATAVSEWGEYKTADGKTYYYNNRTLESTWEKPQELK,-0.8100823738761278,1
T9G:N23F,GATAVSEWGEYKTADGKTYYYNFRTLESTWEKPQELK,-0.1614037831853951,1
T9G:N23I,GATAVSEWGEYKTADGKTYYYNIRTLESTWEKPQELK,-0.1960327103250718,1
T9G:N23Q,GATAVSEWGEYKTADGKTYYYNQRTLESTWEKPQELK,-0.3556906219408877,1
T9H,GATAVSEWHEYKTADGKTYYYNNRTLESTWEKPQELK,-0.4179528712059963,1
T9H:N23H,GATAVSEWHEYKTADGKTYYYNHRTLESTWEKPQELK,0.3773976783623953,1
T9H:N23M,GATAVSEWHEYKTADGKTYYYNMRTLESTWEKPQELK,0.2278914434517469,1
T9H:N23Q,GATAVSEWHEYKTADGKTYYYNQRTLESTWEKPQELK,-0.3117221104747361,1
T9H:N23W,GATAVSEWHEYKTADGKTYYYNWRTLESTWEKPQELK,0.4670109104730229,1
T9I,GATAVSEWIEYKTADGKTYYYNNRTLESTWEKPQELK,-0.1250167867990796,1
T9I:N23C,GATAVSEWIEYKTADGKTYYYNCRTLESTWEKPQELK,0.5824997165816637,1
T9I:N23D,GATAVSEWIEYKTADGKTYYYNDRTLESTWEKPQELK,-0.7608181960252907,1
T9I:N23F,GATAVSEWIEYKTADGKTYYYNFRTLESTWEKPQELK,0.4336910527832822,1
T9I:N23R,GATAVSEWIEYKTADGKTYYYNRRTLESTWEKPQELK,0.7878677141565311,1
T9I:N23T,GATAVSEWIEYKTADGKTYYYNTRTLESTWEKPQELK,0.4916948703183941,1
T9I:N23V,GATAVSEWIEYKTADGKTYYYNVRTLESTWEKPQELK,0.4487528291424243,1
T9K,GATAVSEWKEYKTADGKTYYYNNRTLESTWEKPQELK,-0.3820384981435132,1
T9K:N23A,GATAVSEWKEYKTADGKTYYYNARTLESTWEKPQELK,0.3747133167064942,1
T9K:N23C,GATAVSEWKEYKTADGKTYYYNCRTLESTWEKPQELK,0.664269806094453,1
T9K:N23D,GATAVSEWKEYKTADGKTYYYNDRTLESTWEKPQELK,-0.3432513866524709,1
T9K:N23E,GATAVSEWKEYKTADGKTYYYNERTLESTWEKPQELK,0.1953006144821882,1
T9K:N23I,GATAVSEWKEYKTADGKTYYYNIRTLESTWEKPQELK,0.8267797352193171,1
T9K:N23K,GATAVSEWKEYKTADGKTYYYNKRTLESTWEKPQELK,0.267244110363956,1
T9K:N23T,GATAVSEWKEYKTADGKTYYYNTRTLESTWEKPQELK,0.320053228660436,1
T9K:N23V,GATAVSEWKEYKTADGKTYYYNVRTLESTWEKPQELK,0.7247917956091539,1
T9L,GATAVSEWLEYKTADGKTYYYNNRTLESTWEKPQELK,-0.17545896674045514,1
T9L:N23C,GATAVSEWLEYKTADGKTYYYNCRTLESTWEKPQELK,0.7538941370331345,1
T9L:N23E,GATAVSEWLEYKTADGKTYYYNERTLESTWEKPQELK,-0.3675404489859621,1
T9L:N23R,GATAVSEWLEYKTADGKTYYYNRRTLESTWEKPQELK,0.1704521608457105,1
T9L:N23V,GATAVSEWLEYKTADGKTYYYNVRTLESTWEKPQELK,0.3638256120053662,1
T9L:N23Y,GATAVSEWLEYKTADGKTYYYNYRTLESTWEKPQELK,-0.2272463793850034,1
T9M,GATAVSEWMEYKTADGKTYYYNNRTLESTWEKPQELK,-0.1907119318142895,1
T9M:N23C,GATAVSEWMEYKTADGKTYYYNCRTLESTWEKPQELK,0.5644273770264499,1
T9M:N23D,GATAVSEWMEYKTADGKTYYYNDRTLESTWEKPQELK,-0.659331402983391,1
T9M:N23E,GATAVSEWMEYKTADGKTYYYNERTLESTWEKPQELK,-0.258861968516709,1
T9M:N23G,GATAVSEWMEYKTADGKTYYYNGRTLESTWEKPQELK,-0.2449046091512756,1
T9M:N23I,GATAVSEWMEYKTADGKTYYYNIRTLESTWEKPQELK,0.3868659499333442,1
T9M:N23M,GATAVSEWMEYKTADGKTYYYNMRTLESTWEKPQELK,0.2176012462607199,1
T9M:N23S,GATAVSEWMEYKTADGKTYYYNSRTLESTWEKPQELK,0.1687861221174853,1
T9M:N23W,GATAVSEWMEYKTADGKTYYYNWRTLESTWEKPQELK,0.5328462873005639,1
T9N,GATAVSEWNEYKTADGKTYYYNNRTLESTWEKPQELK,-0.5063900435412636,1
T9N:N23E,GATAVSEWNEYKTADGKTYYYNERTLESTWEKPQELK,-0.7036677208293294,1
T9N:N23G,GATAVSEWNEYKTADGKTYYYNGRTLESTWEKPQELK,-1.1649074524891825,1
T9N:N23I,GATAVSEWNEYKTADGKTYYYNIRTLESTWEKPQELK,0.1775499232931467,1
T9N:N23M,GATAVSEWNEYKTADGKTYYYNMRTLESTWEKPQELK,-0.6272636577065156,1
T9N:N23R,GATAVSEWNEYKTADGKTYYYNRRTLESTWEKPQELK,-0.5861530352552378,1
T9N:N23V,GATAVSEWNEYKTADGKTYYYNVRTLESTWEKPQELK,-0.356391269767724,1
T9N:N23W,GATAVSEWNEYKTADGKTYYYNWRTLESTWEKPQELK,0.1232453526933285,1
T9P,GATAVSEWPEYKTADGKTYYYNNRTLESTWEKPQELK,-3.671190379717191,0
T9P:N23P,GATAVSEWPEYKTADGKTYYYNPRTLESTWEKPQELK,-1.939376520158017,0
T9Q,GATAVSEWQEYKTADGKTYYYNNRTLESTWEKPQELK,-0.08570802191576711,1
T9Q:N23A,GATAVSEWQEYKTADGKTYYYNARTLESTWEKPQELK,0.2042596063872062,1
T9Q:N23E,GATAVSEWQEYKTADGKTYYYNERTLESTWEKPQELK,-0.2593085388960396,1
T9Q:N23H,GATAVSEWQEYKTADGKTYYYNHRTLESTWEKPQELK,0.6584358972031459,1
T9Q:N23M,GATAVSEWQEYKTADGKTYYYNMRTLESTWEKPQELK,0.5059678944552046,1
T9Q:N23P,GATAVSEWQEYKTADGKTYYYNPRTLESTWEKPQELK,-0.074496355728824,1
T9Q:N23Q,GATAVSEWQEYKTADGKTYYYNQRTLESTWEKPQELK,0.0136668596732469,1
T9Q:N23S,GATAVSEWQEYKTADGKTYYYNSRTLESTWEKPQELK,0.4260907492062542,1
T9Q:N23V,GATAVSEWQEYKTADGKTYYYNVRTLESTWEKPQELK,0.3653170992280379,1
T9R,GATAVSEWREYKTADGKTYYYNNRTLESTWEKPQELK,-0.2398361759539065,1
T9R:N23A,GATAVSEWREYKTADGKTYYYNARTLESTWEKPQELK,0.0912116441120272,1
T9R:N23D,GATAVSEWREYKTADGKTYYYNDRTLESTWEKPQELK,0.1107263066386425,1
T9R:N23E,GATAVSEWREYKTADGKTYYYNERTLESTWEKPQELK,0.3080342690695596,1
T9R:N23I,GATAVSEWREYKTADGKTYYYNIRTLESTWEKPQELK,0.6901743680506747,1
T9R:N23K,GATAVSEWREYKTADGKTYYYNKRTLESTWEKPQELK,0.0285685093283825,1
T9R:N23P,GATAVSEWREYKTADGKTYYYNPRTLESTWEKPQELK,0.1726309804515291,1
T9R:N23V,GATAVSEWREYKTADGKTYYYNVRTLESTWEKPQELK,0.7118105897076226,1
T9R:N23W,GATAVSEWREYKTADGKTYYYNWRTLESTWEKPQELK,0.5743634545385494,1
T9S,GATAVSEWSEYKTADGKTYYYNNRTLESTWEKPQELK,-0.3121978576718027,1
T9S:N23C,GATAVSEWSEYKTADGKTYYYNCRTLESTWEKPQELK,0.1829516630944687,1
T9S:N23G,GATAVSEWSEYKTADGKTYYYNGRTLESTWEKPQELK,-0.4992882628128741,1
T9S:N23H,GATAVSEWSEYKTADGKTYYYNHRTLESTWEKPQELK,0.5400456463324024,1
T9S:N23L,GATAVSEWSEYKTADGKTYYYNLRTLESTWEKPQELK,-0.4713270141389318,1
T9S:N23V,GATAVSEWSEYKTADGKTYYYNVRTLESTWEKPQELK,-0.2488517628782021,1
T9S:N23Y,GATAVSEWSEYKTADGKTYYYNYRTLESTWEKPQELK,-0.0307743557202915,1
T9V,GATAVSEWVEYKTADGKTYYYNNRTLESTWEKPQELK,0.18719058096420005,1
T9V:N23H,GATAVSEWVEYKTADGKTYYYNHRTLESTWEKPQELK,0.5567339603378971,1
T9V:N23I,GATAVSEWVEYKTADGKTYYYNIRTLESTWEKPQELK,0.7836092669491133,1
T9V:N23V,GATAVSEWVEYKTADGKTYYYNVRTLESTWEKPQELK,0.6099340929256338,1
T9W,GATAVSEWWEYKTADGKTYYYNNRTLESTWEKPQELK,-0.7217051239476788,1
T9W:N23F,GATAVSEWWEYKTADGKTYYYNFRTLESTWEKPQELK,-0.368368678286743,1
T9W:N23I,GATAVSEWWEYKTADGKTYYYNIRTLESTWEKPQELK,0.096624299802499,1
T9W:N23V,GATAVSEWWEYKTADGKTYYYNVRTLESTWEKPQELK,-0.1558643013263587,1
T9Y,GATAVSEWYEYKTADGKTYYYNNRTLESTWEKPQELK,-0.45525023868224856,1
T9Y:N23A,GATAVSEWYEYKTADGKTYYYNARTLESTWEKPQELK,0.1471114905515689,1
T9Y:N23D,GATAVSEWYEYKTADGKTYYYNDRTLESTWEKPQELK,-1.0714971348973985,1
T9Y:N23E,GATAVSEWYEYKTADGKTYYYNERTLESTWEKPQELK,-0.2867119794390493,1
T9Y:N23F,GATAVSEWYEYKTADGKTYYYNFRTLESTWEKPQELK,-0.1715239343608625,1
T9Y:N23H,GATAVSEWYEYKTADGKTYYYNHRTLESTWEKPQELK,-0.170255284878082,1
T9Y:N23M,GATAVSEWYEYKTADGKTYYYNMRTLESTWEKPQELK,0.1423663507790666,1
T9Y:N23Q,GATAVSEWYEYKTADGKTYYYNQRTLESTWEKPQELK,-0.130168837679379,1
T9Y:N23T,GATAVSEWYEYKTADGKTYYYNTRTLESTWEKPQELK,0.1505236885341889,1
V5A,GATAASEWTEYKTADGKTYYYNNRTLESTWEKPQELK,-0.1194337173714323,1
V5D,GATADSEWTEYKTADGKTYYYNNRTLESTWEKPQELK,-0.1954346321233528,1
V5E,GATAESEWTEYKTADGKTYYYNNRTLESTWEKPQELK,-0.247452828938504,1
V5F,GATAFSEWTEYKTADGKTYYYNNRTLESTWEKPQELK,-0.1269466356322008,1
V5G,GATAGSEWTEYKTADGKTYYYNNRTLESTWEKPQELK,-0.2348165427794071,1
V5H,GATAHSEWTEYKTADGKTYYYNNRTLESTWEKPQELK,-0.2708961424040232,1
V5I,GATAISEWTEYKTADGKTYYYNNRTLESTWEKPQELK,-0.1067265658302489,1
V5K,GATAKSEWTEYKTADGKTYYYNNRTLESTWEKPQELK,-0.4587935599578157,1
V5L,GATALSEWTEYKTADGKTYYYNNRTLESTWEKPQELK,-0.1388326991941055,1
V5M,GATAMSEWTEYKTADGKTYYYNNRTLESTWEKPQELK,-0.1952468261426743,1
V5N,GATANSEWTEYKTADGKTYYYNNRTLESTWEKPQELK,-0.291982248073737,1
V5P,GATAPSEWTEYKTADGKTYYYNNRTLESTWEKPQELK,-0.1755722756198277,1
V5Q,GATAQSEWTEYKTADGKTYYYNNRTLESTWEKPQELK,-0.182564744806958,1
V5R,GATARSEWTEYKTADGKTYYYNNRTLESTWEKPQELK,-0.6701498522549199,1
V5S,GATASSEWTEYKTADGKTYYYNNRTLESTWEKPQELK,-0.1711263062338037,1
V5T,GATATSEWTEYKTADGKTYYYNNRTLESTWEKPQELK,-0.2186814673395201,1
V5W,GATAWSEWTEYKTADGKTYYYNNRTLESTWEKPQELK,-0.1320832885982432,1
V5Y,GATAYSEWTEYKTADGKTYYYNNRTLESTWEKPQELK,-0.0728538835437579,1
W8A,GATAVSEATEYKTADGKTYYYNNRTLESTWEKPQELK,-2.61309511330622,0
W8D,GATAVSEDTEYKTADGKTYYYNNRTLESTWEKPQELK,-2.7863854643379247,0
W8E,GATAVSEETEYKTADGKTYYYNNRTLESTWEKPQELK,-3.111689124047462,0
W8F,GATAVSEFTEYKTADGKTYYYNNRTLESTWEKPQELK,-1.867091805603928,0
W8G,GATAVSEGTEYKTADGKTYYYNNRTLESTWEKPQELK,-2.9545077358918608,0
W8H,GATAVSEHTEYKTADGKTYYYNNRTLESTWEKPQELK,-2.6950899137680007,0
W8I,GATAVSEITEYKTADGKTYYYNNRTLESTWEKPQELK,-2.1038374068691588,0
W8K,GATAVSEKTEYKTADGKTYYYNNRTLESTWEKPQELK,-2.654680523128938,0
W8L,GATAVSELTEYKTADGKTYYYNNRTLESTWEKPQELK,-2.440466363181653,0
W8M,GATAVSEMTEYKTADGKTYYYNNRTLESTWEKPQELK,-2.6497349929603047,0
W8N,GATAVSENTEYKTADGKTYYYNNRTLESTWEKPQELK,-2.7563073783372536,0
W8P,GATAVSEPTEYKTADGKTYYYNNRTLESTWEKPQELK,-2.806167559586046,0
W8Q,GATAVSEQTEYKTADGKTYYYNNRTLESTWEKPQELK,-2.6435233578483857,0
W8R,GATAVSERTEYKTADGKTYYYNNRTLESTWEKPQELK,-2.6432001238827696,0
W8S,GATAVSESTEYKTADGKTYYYNNRTLESTWEKPQELK,-2.745035380484111,0
W8T,GATAVSETTEYKTADGKTYYYNNRTLESTWEKPQELK,-2.8541297994019645,0
W8V,GATAVSEVTEYKTADGKTYYYNNRTLESTWEKPQELK,-2.271672037439378,0
W8Y,GATAVSEYTEYKTADGKTYYYNNRTLESTWEKPQELK,-1.7788665328313074,0
Y19C,GATAVSEWTEYKTADGKTCYYNNRTLESTWEKPQELK,-0.303359500282168,1
Y20A,GATAVSEWTEYKTADGKTYAYNNRTLESTWEKPQELK,-2.745140070716221,0
Y20D,GATAVSEWTEYKTADGKTYDYNNRTLESTWEKPQELK,-2.8282337747808515,0
Y20E,GATAVSEWTEYKTADGKTYEYNNRTLESTWEKPQELK,-2.822757594466534,0
Y20F,GATAVSEWTEYKTADGKTYFYNNRTLESTWEKPQELK,-0.746433791761363,1
Y20G,GATAVSEWTEYKTADGKTYGYNNRTLESTWEKPQELK,-3.205301400655924,0
Y20H,GATAVSEWTEYKTADGKTYHYNNRTLESTWEKPQELK,-2.221324610088731,0
Y20I,GATAVSEWTEYKTADGKTYIYNNRTLESTWEKPQELK,-2.6361272397544844,0
Y20K,GATAVSEWTEYKTADGKTYKYNNRTLESTWEKPQELK,-2.530167009308568,0
Y20L,GATAVSEWTEYKTADGKTYLYNNRTLESTWEKPQELK,-2.3630672325416606,0
Y20M,GATAVSEWTEYKTADGKTYMYNNRTLESTWEKPQELK,-2.5209089391009307,0
Y20N,GATAVSEWTEYKTADGKTYNYNNRTLESTWEKPQELK,-3.07614894133206,0
Y20P,GATAVSEWTEYKTADGKTYPYNNRTLESTWEKPQELK,-2.534914095790813,0
Y20Q,GATAVSEWTEYKTADGKTYQYNNRTLESTWEKPQELK,-2.7942620925222523,0
Y20R,GATAVSEWTEYKTADGKTYRYNNRTLESTWEKPQELK,-2.503907870637606,0
Y20S,GATAVSEWTEYKTADGKTYSYNNRTLESTWEKPQELK,-2.9097942611132206,0
Y20V,GATAVSEWTEYKTADGKTYVYNNRTLESTWEKPQELK,-3.3842635996086576,0
Y20W,GATAVSEWTEYKTADGKTYWYNNRTLESTWEKPQELK,0.7044490140877642,1
Y21A,GATAVSEWTEYKTADGKTYYANNRTLESTWEKPQELK,-1.5613205084753812,0
Y21D,GATAVSEWTEYKTADGKTYYDNNRTLESTWEKPQELK,-2.3458230332960426,0
Y21E,GATAVSEWTEYKTADGKTYYENNRTLESTWEKPQELK,-1.402215053967124,0
Y21F,GATAVSEWTEYKTADGKTYYFNNRTLESTWEKPQELK,0.0382098196267657,1
Y21G,GATAVSEWTEYKTADGKTYYGNNRTLESTWEKPQELK,-2.028390320017282,0
Y21H,GATAVSEWTEYKTADGKTYYHNNRTLESTWEKPQELK,-0.7637683222706062,1
Y21I,GATAVSEWTEYKTADGKTYYINNRTLESTWEKPQELK,-0.2200841214724183,1
Y21K,GATAVSEWTEYKTADGKTYYKNNRTLESTWEKPQELK,-0.6742971630466461,1
Y21L,GATAVSEWTEYKTADGKTYYLNNRTLESTWEKPQELK,-0.4740131343516958,1
Y21M,GATAVSEWTEYKTADGKTYYMNNRTLESTWEKPQELK,-0.646903262348054,1
Y21N,GATAVSEWTEYKTADGKTYYNNNRTLESTWEKPQELK,-2.0697792032318665,0
Y21P,GATAVSEWTEYKTADGKTYYPNNRTLESTWEKPQELK,-2.649844512076167,0
Y21Q,GATAVSEWTEYKTADGKTYYQNNRTLESTWEKPQELK,-0.8033175507374186,1
Y21R,GATAVSEWTEYKTADGKTYYRNNRTLESTWEKPQELK,-0.66100107169424,1
Y21S,GATAVSEWTEYKTADGKTYYSNNRTLESTWEKPQELK,-1.4515044950928282,0
Y21T,GATAVSEWTEYKTADGKTYYTNNRTLESTWEKPQELK,-0.717200653773912,1
Y21V,GATAVSEWTEYKTADGKTYYVNNRTLESTWEKPQELK,0.0341176541596603,1
Y21W,GATAVSEWTEYKTADGKTYYWNNRTLESTWEKPQELK,-0.4012479499972401,1
