mutant,mutated_sequence,DMS_score,DMS_score_bin
A12C,ITGDVSAANKDCIRKQMDAAASKGDVETYRKLKAKLKGIR,-0.2601985734681544,0
A12D,ITGDVSAANKDDIRKQMDAAASKGDVETYRKLKAKLKGIR,0.0822430672444165,1
A12E,ITGDVSAANKDEIRKQMDAAASKGDVETYRKLKAKLKGIR,0.1310202015127239,1
A12F,ITGDVSAANKDFIRKQMDAAASKGDVETYRKLKAKLKGIR,-0.0141578487846174,1
A12G,ITGDVSAANKDGIRKQMDAAASKGDVETYRKLKAKLKGIR,-0.3996733194287409,0
A12H,ITGDVSAANKDHIRKQMDAAASKGDVETYRKLKAKLKGIR,-0.1884815374717884,1
A12I,ITGDVSAANKDIIRKQMDAAASKGDVETYRKLKAKLKGIR,-0.1531676752749899,1
A12K,ITGDVSAANKDKIRKQMDAAASKGDVETYRKLKAKLKGIR,-0.2499953330143172,0
A12L,ITGDVSAANKDLIRKQMDAAASKGDVETYRKLKAKLKGIR,-0.0022612326520319,1
A12M,ITGDVSAANKDMIRKQMDAAASKGDVETYRKLKAKLKGIR,0.0044774420407012,1
A12N,ITGDVSAANKDNIRKQMDAAASKGDVETYRKLKAKLKGIR,-0.2251132093196676,0
A12P,ITGDVSAANKDPIRKQMDAAASKGDVETYRKLKAKLKGIR,-0.7405173753062422,0
A12Q,ITGDVSAANKDQIRKQMDAAASKGDVETYRKLKAKLKGIR,-0.1034619850252771,1
A12R,ITGDVSAANKDRIRKQMDAAASKGDVETYRKLKAKLKGIR,-0.262916721383593,0
A12S,ITGDVSAANKDSIRKQMDAAASKGDVETYRKLKAKLKGIR,-0.0239381457369225,1
A12T,ITGDVSAANKDTIRKQMDAAASKGDVETYRKLKAKLKGIR,-0.0130582142669131,1
A12V,ITGDVSAANKDVIRKQMDAAASKGDVETYRKLKAKLKGIR,-0.203755050641336,0
A12W,ITGDVSAANKDWIRKQMDAAASKGDVETYRKLKAKLKGIR,0.2549005876649859,1
A12Y,ITGDVSAANKDYIRKQMDAAASKGDVETYRKLKAKLKGIR,-0.0445869854650646,1
A19D,ITGDVSAANKDAIRKQMDDAASKGDVETYRKLKAKLKGIR,-0.0079593107739996,1
A19E,ITGDVSAANKDAIRKQMDEAASKGDVETYRKLKAKLKGIR,0.1791967939402432,1
A19F,ITGDVSAANKDAIRKQMDFAASKGDVETYRKLKAKLKGIR,-0.1572700437892522,1
A19G,ITGDVSAANKDAIRKQMDGAASKGDVETYRKLKAKLKGIR,-0.9074364990114864,0
A19H,ITGDVSAANKDAIRKQMDHAASKGDVETYRKLKAKLKGIR,-0.3546185427685601,0
A19I,ITGDVSAANKDAIRKQMDIAASKGDVETYRKLKAKLKGIR,0.2610889957422051,1
A19K,ITGDVSAANKDAIRKQMDKAASKGDVETYRKLKAKLKGIR,-0.2324024983091623,0
A19L,ITGDVSAANKDAIRKQMDLAASKGDVETYRKLKAKLKGIR,0.2042429649955723,1
A19M,ITGDVSAANKDAIRKQMDMAASKGDVETYRKLKAKLKGIR,-0.0490085561891848,1
A19N,ITGDVSAANKDAIRKQMDNAASKGDVETYRKLKAKLKGIR,-0.4683187564709059,0
A19P,ITGDVSAANKDAIRKQMDPAASKGDVETYRKLKAKLKGIR,-0.9770156382368635,0
A19Q,ITGDVSAANKDAIRKQMDQAASKGDVETYRKLKAKLKGIR,-0.2512553187252559,0
A19R,ITGDVSAANKDAIRKQMDRAASKGDVETYRKLKAKLKGIR,-0.316186575840752,0
A19S,ITGDVSAANKDAIRKQMDSAASKGDVETYRKLKAKLKGIR,-0.4257659829305091,0
A19T,ITGDVSAANKDAIRKQMDTAASKGDVETYRKLKAKLKGIR,-0.3457411831409348,0
A19V,ITGDVSAANKDAIRKQMDVAASKGDVETYRKLKAKLKGIR,0.0304876547454828,1
A19W,ITGDVSAANKDAIRKQMDWAASKGDVETYRKLKAKLKGIR,-0.1040507025596715,1
A19Y,ITGDVSAANKDAIRKQMDYAASKGDVETYRKLKAKLKGIR,-0.033254123156089,1
A20C,ITGDVSAANKDAIRKQMDACASKGDVETYRKLKAKLKGIR,-0.7132567833241972,0
A20D,ITGDVSAANKDAIRKQMDADASKGDVETYRKLKAKLKGIR,-1.2883042136996208,0
A20E,ITGDVSAANKDAIRKQMDAEASKGDVETYRKLKAKLKGIR,-1.068782949280176,0
A20F,ITGDVSAANKDAIRKQMDAFASKGDVETYRKLKAKLKGIR,-1.077976815592602,0
A20G,ITGDVSAANKDAIRKQMDAGASKGDVETYRKLKAKLKGIR,-1.1034532986861123,0
A20H,ITGDVSAANKDAIRKQMDAHASKGDVETYRKLKAKLKGIR,-1.1650365283077533,0
A20I,ITGDVSAANKDAIRKQMDAIASKGDVETYRKLKAKLKGIR,-1.1926587467787115,0
A20K,ITGDVSAANKDAIRKQMDAKASKGDVETYRKLKAKLKGIR,-1.0291524599791084,0
A20L,ITGDVSAANKDAIRKQMDALASKGDVETYRKLKAKLKGIR,-0.983916901989458,0
A20M,ITGDVSAANKDAIRKQMDAMASKGDVETYRKLKAKLKGIR,-1.0164760713556056,0
A20N,ITGDVSAANKDAIRKQMDANASKGDVETYRKLKAKLKGIR,-1.215742760435853,0
A20P,ITGDVSAANKDAIRKQMDAPASKGDVETYRKLKAKLKGIR,-1.363890299085704,0
A20Q,ITGDVSAANKDAIRKQMDAQASKGDVETYRKLKAKLKGIR,-0.9845839736365172,0
A20R,ITGDVSAANKDAIRKQMDARASKGDVETYRKLKAKLKGIR,-1.2011675035240108,0
A20S,ITGDVSAANKDAIRKQMDASASKGDVETYRKLKAKLKGIR,-0.9983921140813988,0
A20T,ITGDVSAANKDAIRKQMDATASKGDVETYRKLKAKLKGIR,-1.077182615607012,0
A20V,ITGDVSAANKDAIRKQMDAVASKGDVETYRKLKAKLKGIR,-1.2072920796634998,0
A20W,ITGDVSAANKDAIRKQMDAWASKGDVETYRKLKAKLKGIR,-0.8499361591695274,0
A20Y,ITGDVSAANKDAIRKQMDAYASKGDVETYRKLKAKLKGIR,-0.8551454814279771,0
A21C,ITGDVSAANKDAIRKQMDAACSKGDVETYRKLKAKLKGIR,0.8730126672542948,1
A21D,ITGDVSAANKDAIRKQMDAADSKGDVETYRKLKAKLKGIR,-0.8748797700055544,0
A21E,ITGDVSAANKDAIRKQMDAAESKGDVETYRKLKAKLKGIR,-0.544810383719477,0
A21F,ITGDVSAANKDAIRKQMDAAFSKGDVETYRKLKAKLKGIR,0.3240188306819445,1
A21G,ITGDVSAANKDAIRKQMDAAGSKGDVETYRKLKAKLKGIR,-0.8417497462052681,0
A21H,ITGDVSAANKDAIRKQMDAAHSKGDVETYRKLKAKLKGIR,-0.2470975002624504,0
A21I,ITGDVSAANKDAIRKQMDAAISKGDVETYRKLKAKLKGIR,0.3260178294778162,1
A21K,ITGDVSAANKDAIRKQMDAAKSKGDVETYRKLKAKLKGIR,0.2391937616243684,1
A21L,ITGDVSAANKDAIRKQMDAALSKGDVETYRKLKAKLKGIR,0.8007964090244084,1
A21M,ITGDVSAANKDAIRKQMDAAMSKGDVETYRKLKAKLKGIR,0.375208777381333,1
A21N,ITGDVSAANKDAIRKQMDAANSKGDVETYRKLKAKLKGIR,-0.5712974680259242,0
A21P,ITGDVSAANKDAIRKQMDAAPSKGDVETYRKLKAKLKGIR,-1.3490226196812207,0
A21Q,ITGDVSAANKDAIRKQMDAAQSKGDVETYRKLKAKLKGIR,-0.2251049075101188,0
A21R,ITGDVSAANKDAIRKQMDAARSKGDVETYRKLKAKLKGIR,0.3331718149546563,1
A21S,ITGDVSAANKDAIRKQMDAASSKGDVETYRKLKAKLKGIR,-0.519953351581722,0
A21T,ITGDVSAANKDAIRKQMDAATSKGDVETYRKLKAKLKGIR,-0.7189209436289761,0
A21V,ITGDVSAANKDAIRKQMDAAVSKGDVETYRKLKAKLKGIR,-0.3025276679931216,0
A21W,ITGDVSAANKDAIRKQMDAAWSKGDVETYRKLKAKLKGIR,0.774903615628334,1
A21Y,ITGDVSAANKDAIRKQMDAAYSKGDVETYRKLKAKLKGIR,0.3195192258691672,1
A34D,ITGDVSAANKDAIRKQMDAAASKGDVETYRKLKDKLKGIR,-0.5616183097686904,0
A34E,ITGDVSAANKDAIRKQMDAAASKGDVETYRKLKEKLKGIR,-0.3190050130506419,0
A34F,ITGDVSAANKDAIRKQMDAAASKGDVETYRKLKFKLKGIR,-0.6694804579621568,0
A34G,ITGDVSAANKDAIRKQMDAAASKGDVETYRKLKGKLKGIR,-0.8267852724035386,0
A34H,ITGDVSAANKDAIRKQMDAAASKGDVETYRKLKHKLKGIR,-0.4565380659684939,0
A34I,ITGDVSAANKDAIRKQMDAAASKGDVETYRKLKIKLKGIR,-0.3267983158386435,0
A34K,ITGDVSAANKDAIRKQMDAAASKGDVETYRKLKKKLKGIR,-0.1704675109525966,1
A34L,ITGDVSAANKDAIRKQMDAAASKGDVETYRKLKLKLKGIR,-0.1364283983502587,1
A34M,ITGDVSAANKDAIRKQMDAAASKGDVETYRKLKMKLKGIR,-0.0570813511126953,1
A34N,ITGDVSAANKDAIRKQMDAAASKGDVETYRKLKNKLKGIR,-0.380483173812126,0
A34Q,ITGDVSAANKDAIRKQMDAAASKGDVETYRKLKQKLKGIR,-0.25975984408894,0
A34R,ITGDVSAANKDAIRKQMDAAASKGDVETYRKLKRKLKGIR,0.0500316193449177,1
A34S,ITGDVSAANKDAIRKQMDAAASKGDVETYRKLKSKLKGIR,-0.4782960465359893,0
A34T,ITGDVSAANKDAIRKQMDAAASKGDVETYRKLKTKLKGIR,-0.576214112370788,0
A34V,ITGDVSAANKDAIRKQMDAAASKGDVETYRKLKVKLKGIR,-0.5287655400430769,0
A34W,ITGDVSAANKDAIRKQMDAAASKGDVETYRKLKWKLKGIR,-0.5862110026079392,0
A34Y,ITGDVSAANKDAIRKQMDAAASKGDVETYRKLKYKLKGIR,-0.6648466416166166,0
A7D,ITGDVSDANKDAIRKQMDAAASKGDVETYRKLKAKLKGIR,-0.1853757498428604,1
A7E,ITGDVSEANKDAIRKQMDAAASKGDVETYRKLKAKLKGIR,-0.100551328809898,1
A7F,ITGDVSFANKDAIRKQMDAAASKGDVETYRKLKAKLKGIR,0.0017361619208722,1
A7G,ITGDVSGANKDAIRKQMDAAASKGDVETYRKLKAKLKGIR,-0.1577342659084679,1
A7H,ITGDVSHANKDAIRKQMDAAASKGDVETYRKLKAKLKGIR,-0.0472761014443954,1
A7I,ITGDVSIANKDAIRKQMDAAASKGDVETYRKLKAKLKGIR,-0.0488590281367544,1
A7K,ITGDVSKANKDAIRKQMDAAASKGDVETYRKLKAKLKGIR,-0.0410993268324217,1
A7L,ITGDVSLANKDAIRKQMDAAASKGDVETYRKLKAKLKGIR,-0.0324216686437939,1
A7M,ITGDVSMANKDAIRKQMDAAASKGDVETYRKLKAKLKGIR,0.069612689047283,1
A7N,ITGDVSNANKDAIRKQMDAAASKGDVETYRKLKAKLKGIR,-0.1689590355593604,1
A7P,ITGDVSPANKDAIRKQMDAAASKGDVETYRKLKAKLKGIR,-0.1269613062723305,1
A7Q,ITGDVSQANKDAIRKQMDAAASKGDVETYRKLKAKLKGIR,-0.0470052980181725,1
A7R,ITGDVSRANKDAIRKQMDAAASKGDVETYRKLKAKLKGIR,0.0720711705254844,1
A7S,ITGDVSSANKDAIRKQMDAAASKGDVETYRKLKAKLKGIR,-0.0225338186545553,1
A7T,ITGDVSTANKDAIRKQMDAAASKGDVETYRKLKAKLKGIR,-0.0894887336560437,1
A7V,ITGDVSVANKDAIRKQMDAAASKGDVETYRKLKAKLKGIR,-0.1361655392205467,1
A7W,ITGDVSWANKDAIRKQMDAAASKGDVETYRKLKAKLKGIR,0.0418895840923518,1
A7Y,ITGDVSYANKDAIRKQMDAAASKGDVETYRKLKAKLKGIR,-0.0310979663230333,1
A8D,ITGDVSADNKDAIRKQMDAAASKGDVETYRKLKAKLKGIR,0.0295215926375866,1
A8E,ITGDVSAENKDAIRKQMDAAASKGDVETYRKLKAKLKGIR,-0.1593043433861229,1
A8F,ITGDVSAFNKDAIRKQMDAAASKGDVETYRKLKAKLKGIR,0.0572823783303853,1
A8G,ITGDVSAGNKDAIRKQMDAAASKGDVETYRKLKAKLKGIR,-0.1724731924897924,1
A8H,ITGDVSAHNKDAIRKQMDAAASKGDVETYRKLKAKLKGIR,0.0323576333755006,1
A8I,ITGDVSAINKDAIRKQMDAAASKGDVETYRKLKAKLKGIR,-0.0255655506745855,1
A8K,ITGDVSAKNKDAIRKQMDAAASKGDVETYRKLKAKLKGIR,-0.0770015426408028,1
A8L,ITGDVSALNKDAIRKQMDAAASKGDVETYRKLKAKLKGIR,0.0542130706423973,1
A8M,ITGDVSAMNKDAIRKQMDAAASKGDVETYRKLKAKLKGIR,0.0680727371385598,1
A8N,ITGDVSANNKDAIRKQMDAAASKGDVETYRKLKAKLKGIR,-0.0552702023417215,1
A8P,ITGDVSAPNKDAIRKQMDAAASKGDVETYRKLKAKLKGIR,-0.1303876708940721,1
A8Q,ITGDVSAQNKDAIRKQMDAAASKGDVETYRKLKAKLKGIR,-0.1142414470489614,1
A8R,ITGDVSARNKDAIRKQMDAAASKGDVETYRKLKAKLKGIR,-0.0369829935640646,1
A8S,ITGDVSASNKDAIRKQMDAAASKGDVETYRKLKAKLKGIR,-0.0543305877928497,1
A8T,ITGDVSATNKDAIRKQMDAAASKGDVETYRKLKAKLKGIR,-0.0043155493521889,1
A8V,ITGDVSAVNKDAIRKQMDAAASKGDVETYRKLKAKLKGIR,-0.1154295958446922,1
A8W,ITGDVSAWNKDAIRKQMDAAASKGDVETYRKLKAKLKGIR,-0.0913395444784519,1
A8Y,ITGDVSAYNKDAIRKQMDAAASKGDVETYRKLKAKLKGIR,-0.0822601804043208,1
D11A,ITGDVSAANKAAIRKQMDAAASKGDVETYRKLKAKLKGIR,0.1178851761860981,1
D11E,ITGDVSAANKEAIRKQMDAAASKGDVETYRKLKAKLKGIR,-0.0261474191436115,1
D11F,ITGDVSAANKFAIRKQMDAAASKGDVETYRKLKAKLKGIR,-0.7539241615589325,0
D11G,ITGDVSAANKGAIRKQMDAAASKGDVETYRKLKAKLKGIR,-0.3496513703581709,0
D11H,ITGDVSAANKHAIRKQMDAAASKGDVETYRKLKAKLKGIR,-0.0864755317511998,1
D11I,ITGDVSAANKIAIRKQMDAAASKGDVETYRKLKAKLKGIR,-0.024015666786503,1
D11K,ITGDVSAANKKAIRKQMDAAASKGDVETYRKLKAKLKGIR,0.0206215662336297,1
D11L,ITGDVSAANKLAIRKQMDAAASKGDVETYRKLKAKLKGIR,0.0074303836939928,1
D11M,ITGDVSAANKMAIRKQMDAAASKGDVETYRKLKAKLKGIR,0.1485330152629613,1
D11N,ITGDVSAANKNAIRKQMDAAASKGDVETYRKLKAKLKGIR,-0.0955089814577567,1
D11P,ITGDVSAANKPAIRKQMDAAASKGDVETYRKLKAKLKGIR,-0.6656304929916095,0
D11Q,ITGDVSAANKQAIRKQMDAAASKGDVETYRKLKAKLKGIR,-0.0395174417387524,1
D11R,ITGDVSAANKRAIRKQMDAAASKGDVETYRKLKAKLKGIR,0.2097280569544455,1
D11S,ITGDVSAANKSAIRKQMDAAASKGDVETYRKLKAKLKGIR,-0.0091224026348655,1
D11T,ITGDVSAANKTAIRKQMDAAASKGDVETYRKLKAKLKGIR,-0.1576584021091001,1
D11V,ITGDVSAANKVAIRKQMDAAASKGDVETYRKLKAKLKGIR,-0.0993555075822036,1
D11W,ITGDVSAANKWAIRKQMDAAASKGDVETYRKLKAKLKGIR,-0.4911506987404539,0
D11Y,ITGDVSAANKYAIRKQMDAAASKGDVETYRKLKAKLKGIR,-0.5762699652700324,0
D18A,ITGDVSAANKDAIRKQMAAAASKGDVETYRKLKAKLKGIR,0.5046192337276587,1
D18C,ITGDVSAANKDAIRKQMCAAASKGDVETYRKLKAKLKGIR,1.4156582100569886,1
D18E,ITGDVSAANKDAIRKQMEAAASKGDVETYRKLKAKLKGIR,0.2705396426472735,1
D18F,ITGDVSAANKDAIRKQMFAAASKGDVETYRKLKAKLKGIR,0.4144965244954948,1
D18G,ITGDVSAANKDAIRKQMGAAASKGDVETYRKLKAKLKGIR,-0.4731532088153123,0
D18H,ITGDVSAANKDAIRKQMHAAASKGDVETYRKLKAKLKGIR,0.2124163252176629,1
D18I,ITGDVSAANKDAIRKQMIAAASKGDVETYRKLKAKLKGIR,0.5252431325433369,1
D18K,ITGDVSAANKDAIRKQMKAAASKGDVETYRKLKAKLKGIR,0.3670443698928047,1
D18L,ITGDVSAANKDAIRKQMLAAASKGDVETYRKLKAKLKGIR,0.6047979283869125,1
D18M,ITGDVSAANKDAIRKQMMAAASKGDVETYRKLKAKLKGIR,0.5201996826923898,1
D18N,ITGDVSAANKDAIRKQMNAAASKGDVETYRKLKAKLKGIR,-0.0387638353038017,1
D18P,ITGDVSAANKDAIRKQMPAAASKGDVETYRKLKAKLKGIR,-1.4093029257904772,0
D18Q,ITGDVSAANKDAIRKQMQAAASKGDVETYRKLKAKLKGIR,0.3558685866958502,1
D18R,ITGDVSAANKDAIRKQMRAAASKGDVETYRKLKAKLKGIR,0.6263346406684438,1
D18S,ITGDVSAANKDAIRKQMSAAASKGDVETYRKLKAKLKGIR,-0.0401231827095567,1
D18T,ITGDVSAANKDAIRKQMTAAASKGDVETYRKLKAKLKGIR,0.0219429858769477,1
D18V,ITGDVSAANKDAIRKQMVAAASKGDVETYRKLKAKLKGIR,0.3271362787510579,1
D18W,ITGDVSAANKDAIRKQMWAAASKGDVETYRKLKAKLKGIR,0.5854672345324541,1
D18Y,ITGDVSAANKDAIRKQMYAAASKGDVETYRKLKAKLKGIR,0.5908940588150806,1
D25A,ITGDVSAANKDAIRKQMDAAASKGAVETYRKLKAKLKGIR,-1.260140059317089,0
D25C,ITGDVSAANKDAIRKQMDAAASKGCVETYRKLKAKLKGIR,-0.0962170288641639,1
D25E,ITGDVSAANKDAIRKQMDAAASKGEVETYRKLKAKLKGIR,-0.9780256150080504,0
D25F,ITGDVSAANKDAIRKQMDAAASKGFVETYRKLKAKLKGIR,-1.2379162945972255,0
D25G,ITGDVSAANKDAIRKQMDAAASKGGVETYRKLKAKLKGIR,-1.9509440984842212,0
D25H,ITGDVSAANKDAIRKQMDAAASKGHVETYRKLKAKLKGIR,-1.0310819778932223,0
D25I,ITGDVSAANKDAIRKQMDAAASKGIVETYRKLKAKLKGIR,-1.1151337473051623,0
D25K,ITGDVSAANKDAIRKQMDAAASKGKVETYRKLKAKLKGIR,-1.9501659107912912,0
D25L,ITGDVSAANKDAIRKQMDAAASKGLVETYRKLKAKLKGIR,-0.7592408272975282,0
D25M,ITGDVSAANKDAIRKQMDAAASKGMVETYRKLKAKLKGIR,-0.8700084953976388,0
D25N,ITGDVSAANKDAIRKQMDAAASKGNVETYRKLKAKLKGIR,-1.1430882744485664,0
D25Q,ITGDVSAANKDAIRKQMDAAASKGQVETYRKLKAKLKGIR,-1.287257305889449,0
D25R,ITGDVSAANKDAIRKQMDAAASKGRVETYRKLKAKLKGIR,-1.4283794615372032,0
D25S,ITGDVSAANKDAIRKQMDAAASKGSVETYRKLKAKLKGIR,-1.418670748355041,0
D25T,ITGDVSAANKDAIRKQMDAAASKGTVETYRKLKAKLKGIR,-1.7355810714425262,0
D25V,ITGDVSAANKDAIRKQMDAAASKGVVETYRKLKAKLKGIR,-1.4382051502102051,0
D25W,ITGDVSAANKDAIRKQMDAAASKGWVETYRKLKAKLKGIR,-0.7081289625003471,0
D25Y,ITGDVSAANKDAIRKQMDAAASKGYVETYRKLKAKLKGIR,-1.1313690807544787,0
D4A,ITGAVSAANKDAIRKQMDAAASKGDVETYRKLKAKLKGIR,0.0039839479959717,1
D4E,ITGEVSAANKDAIRKQMDAAASKGDVETYRKLKAKLKGIR,-0.0683246257977925,1
D4F,ITGFVSAANKDAIRKQMDAAASKGDVETYRKLKAKLKGIR,-0.1607512744227686,1
D4G,ITGGVSAANKDAIRKQMDAAASKGDVETYRKLKAKLKGIR,-0.064823576128177,1
D4H,ITGHVSAANKDAIRKQMDAAASKGDVETYRKLKAKLKGIR,0.0501711813885681,1
D4I,ITGIVSAANKDAIRKQMDAAASKGDVETYRKLKAKLKGIR,-0.065632205214521,1
D4K,ITGKVSAANKDAIRKQMDAAASKGDVETYRKLKAKLKGIR,-0.0756202102969074,1
D4L,ITGLVSAANKDAIRKQMDAAASKGDVETYRKLKAKLKGIR,-0.0082147222249151,1
D4M,ITGMVSAANKDAIRKQMDAAASKGDVETYRKLKAKLKGIR,0.0284054753569173,1
D4N,ITGNVSAANKDAIRKQMDAAASKGDVETYRKLKAKLKGIR,-0.0478940713082476,1
D4P,ITGPVSAANKDAIRKQMDAAASKGDVETYRKLKAKLKGIR,-0.0783504951029268,1
D4Q,ITGQVSAANKDAIRKQMDAAASKGDVETYRKLKAKLKGIR,-0.0051601657555178,1
D4R,ITGRVSAANKDAIRKQMDAAASKGDVETYRKLKAKLKGIR,-0.067531618887344,1
D4S,ITGSVSAANKDAIRKQMDAAASKGDVETYRKLKAKLKGIR,-0.0231097913832585,1
D4T,ITGTVSAANKDAIRKQMDAAASKGDVETYRKLKAKLKGIR,-0.0321807277043562,1
D4V,ITGVVSAANKDAIRKQMDAAASKGDVETYRKLKAKLKGIR,0.0007987373250915,1
D4W,ITGWVSAANKDAIRKQMDAAASKGDVETYRKLKAKLKGIR,-0.4383347006507263,0
D4Y,ITGYVSAANKDAIRKQMDAAASKGDVETYRKLKAKLKGIR,-0.3107530110977878,0
E27A,ITGDVSAANKDAIRKQMDAAASKGDVATYRKLKAKLKGIR,-0.3770345502234615,0
E27D,ITGDVSAANKDAIRKQMDAAASKGDVDTYRKLKAKLKGIR,-0.1519151645488066,1
E27F,ITGDVSAANKDAIRKQMDAAASKGDVFTYRKLKAKLKGIR,-0.6760155672691286,0
E27G,ITGDVSAANKDAIRKQMDAAASKGDVGTYRKLKAKLKGIR,-0.977653593538494,0
E27H,ITGDVSAANKDAIRKQMDAAASKGDVHTYRKLKAKLKGIR,-0.486701347903489,0
E27I,ITGDVSAANKDAIRKQMDAAASKGDVITYRKLKAKLKGIR,-0.3013386557220875,0
E27K,ITGDVSAANKDAIRKQMDAAASKGDVKTYRKLKAKLKGIR,-0.2574893299363848,0
E27L,ITGDVSAANKDAIRKQMDAAASKGDVLTYRKLKAKLKGIR,-0.418211994204104,0
E27M,ITGDVSAANKDAIRKQMDAAASKGDVMTYRKLKAKLKGIR,-0.532893194166894,0
E27N,ITGDVSAANKDAIRKQMDAAASKGDVNTYRKLKAKLKGIR,-0.5057590424603515,0
E27P,ITGDVSAANKDAIRKQMDAAASKGDVPTYRKLKAKLKGIR,-0.968061746822106,0
E27Q,ITGDVSAANKDAIRKQMDAAASKGDVQTYRKLKAKLKGIR,-0.5018590593423629,0
E27R,ITGDVSAANKDAIRKQMDAAASKGDVRTYRKLKAKLKGIR,-0.221991019340451,0
E27S,ITGDVSAANKDAIRKQMDAAASKGDVSTYRKLKAKLKGIR,-0.6778005385163828,0
E27T,ITGDVSAANKDAIRKQMDAAASKGDVTTYRKLKAKLKGIR,-0.555968919836914,0
E27V,ITGDVSAANKDAIRKQMDAAASKGDVVTYRKLKAKLKGIR,-0.3440466449233461,0
E27W,ITGDVSAANKDAIRKQMDAAASKGDVWTYRKLKAKLKGIR,-0.5913047186544217,0
E27Y,ITGDVSAANKDAIRKQMDAAASKGDVYTYRKLKAKLKGIR,-0.4720855239526909,0
G24A,ITGDVSAANKDAIRKQMDAAASKADVETYRKLKAKLKGIR,-0.8312740158092502,0
G24D,ITGDVSAANKDAIRKQMDAAASKDDVETYRKLKAKLKGIR,-0.7983081074240841,0
G24E,ITGDVSAANKDAIRKQMDAAASKEDVETYRKLKAKLKGIR,-0.8949139155891981,0
G24F,ITGDVSAANKDAIRKQMDAAASKFDVETYRKLKAKLKGIR,-0.561546504404355,0
G24H,ITGDVSAANKDAIRKQMDAAASKHDVETYRKLKAKLKGIR,-0.7695368156230604,0
G24I,ITGDVSAANKDAIRKQMDAAASKIDVETYRKLKAKLKGIR,-0.7861788876583101,0
G24K,ITGDVSAANKDAIRKQMDAAASKKDVETYRKLKAKLKGIR,-0.6823889380130912,0
G24L,ITGDVSAANKDAIRKQMDAAASKLDVETYRKLKAKLKGIR,-0.7365834993364593,0
G24M,ITGDVSAANKDAIRKQMDAAASKMDVETYRKLKAKLKGIR,-0.5573248033462535,0
G24N,ITGDVSAANKDAIRKQMDAAASKNDVETYRKLKAKLKGIR,-0.6153358921249696,0
G24P,ITGDVSAANKDAIRKQMDAAASKPDVETYRKLKAKLKGIR,-1.2911219703877022,0
G24Q,ITGDVSAANKDAIRKQMDAAASKQDVETYRKLKAKLKGIR,-0.6768497688038811,0
G24R,ITGDVSAANKDAIRKQMDAAASKRDVETYRKLKAKLKGIR,-0.858789828623856,0
G24S,ITGDVSAANKDAIRKQMDAAASKSDVETYRKLKAKLKGIR,-0.7154055998103922,0
G24T,ITGDVSAANKDAIRKQMDAAASKTDVETYRKLKAKLKGIR,-1.117086164906216,0
G24V,ITGDVSAANKDAIRKQMDAAASKVDVETYRKLKAKLKGIR,-0.8750599639770347,0
G24W,ITGDVSAANKDAIRKQMDAAASKWDVETYRKLKAKLKGIR,-0.621708120809676,0
G24Y,ITGDVSAANKDAIRKQMDAAASKYDVETYRKLKAKLKGIR,-0.8226563395716342,0
G38A,ITGDVSAANKDAIRKQMDAAASKGDVETYRKLKAKLKAIR,0.2132250109041431,1
G38D,ITGDVSAANKDAIRKQMDAAASKGDVETYRKLKAKLKDIR,-0.3013304561457625,0
G38E,ITGDVSAANKDAIRKQMDAAASKGDVETYRKLKAKLKEIR,0.0991417861700258,1
G38F,ITGDVSAANKDAIRKQMDAAASKGDVETYRKLKAKLKFIR,-0.0527296659643725,1
G38H,ITGDVSAANKDAIRKQMDAAASKGDVETYRKLKAKLKHIR,-0.0690892369333369,1
G38I,ITGDVSAANKDAIRKQMDAAASKGDVETYRKLKAKLKIIR,-0.2032266766777952,0
G38K,ITGDVSAANKDAIRKQMDAAASKGDVETYRKLKAKLKKIR,0.283827512540453,1
G38L,ITGDVSAANKDAIRKQMDAAASKGDVETYRKLKAKLKLIR,0.0155425059873965,1
G38M,ITGDVSAANKDAIRKQMDAAASKGDVETYRKLKAKLKMIR,-0.0282408171028281,1
G38N,ITGDVSAANKDAIRKQMDAAASKGDVETYRKLKAKLKNIR,-0.0067570447769658,1
G38P,ITGDVSAANKDAIRKQMDAAASKGDVETYRKLKAKLKPIR,-0.7761338911954079,0
G38Q,ITGDVSAANKDAIRKQMDAAASKGDVETYRKLKAKLKQIR,0.149475316418105,1
G38R,ITGDVSAANKDAIRKQMDAAASKGDVETYRKLKAKLKRIR,0.2994353864562027,1
G38S,ITGDVSAANKDAIRKQMDAAASKGDVETYRKLKAKLKSIR,0.0361580637239435,1
G38T,ITGDVSAANKDAIRKQMDAAASKGDVETYRKLKAKLKTIR,-0.0331708943985467,1
G38V,ITGDVSAANKDAIRKQMDAAASKGDVETYRKLKAKLKVIR,-0.295396367765265,0
G38W,ITGDVSAANKDAIRKQMDAAASKGDVETYRKLKAKLKWIR,0.1252770107486491,1
G38Y,ITGDVSAANKDAIRKQMDAAASKGDVETYRKLKAKLKYIR,0.0385861283640738,1
G3A,ITADVSAANKDAIRKQMDAAASKGDVETYRKLKAKLKGIR,-0.1077172210606554,1
G3D,ITDDVSAANKDAIRKQMDAAASKGDVETYRKLKAKLKGIR,-0.0778945306701857,1
G3E,ITEDVSAANKDAIRKQMDAAASKGDVETYRKLKAKLKGIR,-0.1091047235294988,1
G3F,ITFDVSAANKDAIRKQMDAAASKGDVETYRKLKAKLKGIR,-0.1650774586289964,1
G3H,ITHDVSAANKDAIRKQMDAAASKGDVETYRKLKAKLKGIR,-0.1084199934115865,1
G3I,ITIDVSAANKDAIRKQMDAAASKGDVETYRKLKAKLKGIR,-0.0635667384686369,1
G3K,ITKDVSAANKDAIRKQMDAAASKGDVETYRKLKAKLKGIR,-0.0466952716283124,1
G3L,ITLDVSAANKDAIRKQMDAAASKGDVETYRKLKAKLKGIR,-0.0553304106749956,1
G3M,ITMDVSAANKDAIRKQMDAAASKGDVETYRKLKAKLKGIR,-0.0278654484502238,1
G3N,ITNDVSAANKDAIRKQMDAAASKGDVETYRKLKAKLKGIR,-0.0746920086678737,1
G3P,ITPDVSAANKDAIRKQMDAAASKGDVETYRKLKAKLKGIR,-0.0923221015030655,1
G3Q,ITQDVSAANKDAIRKQMDAAASKGDVETYRKLKAKLKGIR,-0.0405808857342264,1
G3R,ITRDVSAANKDAIRKQMDAAASKGDVETYRKLKAKLKGIR,-0.183715746147992,1
G3S,ITSDVSAANKDAIRKQMDAAASKGDVETYRKLKAKLKGIR,-0.0708420650654078,1
G3T,ITTDVSAANKDAIRKQMDAAASKGDVETYRKLKAKLKGIR,-0.0958629002869078,1
G3V,ITVDVSAANKDAIRKQMDAAASKGDVETYRKLKAKLKGIR,0.0351839311355863,1
G3W,ITWDVSAANKDAIRKQMDAAASKGDVETYRKLKAKLKGIR,-0.4020627684607087,0
G3Y,ITYDVSAANKDAIRKQMDAAASKGDVETYRKLKAKLKGIR,-0.3078188248745963,0
I13A,ITGDVSAANKDAARKQMDAAASKGDVETYRKLKAKLKGIR,-1.1368912351333915,0
I13D,ITGDVSAANKDADRKQMDAAASKGDVETYRKLKAKLKGIR,-1.1246112632026473,0
I13E,ITGDVSAANKDAERKQMDAAASKGDVETYRKLKAKLKGIR,-1.24045962565991,0
I13F,ITGDVSAANKDAFRKQMDAAASKGDVETYRKLKAKLKGIR,-0.777362643909733,0
I13G,ITGDVSAANKDAGRKQMDAAASKGDVETYRKLKAKLKGIR,-1.3192250190467818,0
I13H,ITGDVSAANKDAHRKQMDAAASKGDVETYRKLKAKLKGIR,-1.0208757153355543,0
I13K,ITGDVSAANKDAKRKQMDAAASKGDVETYRKLKAKLKGIR,-1.0622352893286984,0
I13L,ITGDVSAANKDALRKQMDAAASKGDVETYRKLKAKLKGIR,-0.1826743572332054,1
I13M,ITGDVSAANKDAMRKQMDAAASKGDVETYRKLKAKLKGIR,-0.6395746899113592,0
I13N,ITGDVSAANKDANRKQMDAAASKGDVETYRKLKAKLKGIR,-0.9034092180980228,0
I13P,ITGDVSAANKDAPRKQMDAAASKGDVETYRKLKAKLKGIR,-1.2058115532985736,0
I13Q,ITGDVSAANKDAQRKQMDAAASKGDVETYRKLKAKLKGIR,-1.0199810168062595,0
I13R,ITGDVSAANKDARRKQMDAAASKGDVETYRKLKAKLKGIR,-1.3397795622601851,0
I13S,ITGDVSAANKDASRKQMDAAASKGDVETYRKLKAKLKGIR,-1.2306205820864382,0
I13T,ITGDVSAANKDATRKQMDAAASKGDVETYRKLKAKLKGIR,-0.8616688003989009,0
I13V,ITGDVSAANKDAVRKQMDAAASKGDVETYRKLKAKLKGIR,-0.674197498455168,0
I13W,ITGDVSAANKDAWRKQMDAAASKGDVETYRKLKAKLKGIR,-0.4002616463940142,0
I13Y,ITGDVSAANKDAYRKQMDAAASKGDVETYRKLKAKLKGIR,-0.6632589556547845,0
I1A,ATGDVSAANKDAIRKQMDAAASKGDVETYRKLKAKLKGIR,-0.1136589863007853,1
I1D,DTGDVSAANKDAIRKQMDAAASKGDVETYRKLKAKLKGIR,-0.1341069504310403,1
I1E,ETGDVSAANKDAIRKQMDAAASKGDVETYRKLKAKLKGIR,-0.0829326593793131,1
I1F,FTGDVSAANKDAIRKQMDAAASKGDVETYRKLKAKLKGIR,0.1103066810522472,1
I1G,GTGDVSAANKDAIRKQMDAAASKGDVETYRKLKAKLKGIR,-0.0867068263405841,1
I1H,HTGDVSAANKDAIRKQMDAAASKGDVETYRKLKAKLKGIR,-0.0161161050327955,1
I1K,KTGDVSAANKDAIRKQMDAAASKGDVETYRKLKAKLKGIR,-0.0917810027886827,1
I1L,LTGDVSAANKDAIRKQMDAAASKGDVETYRKLKAKLKGIR,-0.0727142361155679,1
I1M,MTGDVSAANKDAIRKQMDAAASKGDVETYRKLKAKLKGIR,-0.0799840803411036,1
I1N,NTGDVSAANKDAIRKQMDAAASKGDVETYRKLKAKLKGIR,-0.111903472057198,1
I1P,PTGDVSAANKDAIRKQMDAAASKGDVETYRKLKAKLKGIR,-0.1172249964542453,1
I1Q,QTGDVSAANKDAIRKQMDAAASKGDVETYRKLKAKLKGIR,-0.0618198578408788,1
I1R,RTGDVSAANKDAIRKQMDAAASKGDVETYRKLKAKLKGIR,-0.22225321232272,0
I1S,STGDVSAANKDAIRKQMDAAASKGDVETYRKLKAKLKGIR,-0.0475883114697268,1
I1T,TTGDVSAANKDAIRKQMDAAASKGDVETYRKLKAKLKGIR,-0.1381183762711524,1
I1V,VTGDVSAANKDAIRKQMDAAASKGDVETYRKLKAKLKGIR,-0.0634145923927373,1
I1W,WTGDVSAANKDAIRKQMDAAASKGDVETYRKLKAKLKGIR,0.1377006337968638,1
I1Y,YTGDVSAANKDAIRKQMDAAASKGDVETYRKLKAKLKGIR,0.0722394613441841,1
I39A,ITGDVSAANKDAIRKQMDAAASKGDVETYRKLKAKLKGAR,-0.2973056809596894,0
I39D,ITGDVSAANKDAIRKQMDAAASKGDVETYRKLKAKLKGDR,-0.5415353992832008,0
I39E,ITGDVSAANKDAIRKQMDAAASKGDVETYRKLKAKLKGER,-0.4448329689477094,0
I39F,ITGDVSAANKDAIRKQMDAAASKGDVETYRKLKAKLKGFR,0.1403874019100099,1
I39G,ITGDVSAANKDAIRKQMDAAASKGDVETYRKLKAKLKGGR,-0.3638760644610819,0
I39H,ITGDVSAANKDAIRKQMDAAASKGDVETYRKLKAKLKGHR,-0.3519968939249356,0
I39K,ITGDVSAANKDAIRKQMDAAASKGDVETYRKLKAKLKGKR,-0.3468576180759469,0
I39L,ITGDVSAANKDAIRKQMDAAASKGDVETYRKLKAKLKGLR,0.246725937134004,1
I39M,ITGDVSAANKDAIRKQMDAAASKGDVETYRKLKAKLKGMR,0.0855365683961881,1
I39N,ITGDVSAANKDAIRKQMDAAASKGDVETYRKLKAKLKGNR,-0.4464966189671469,0
I39P,ITGDVSAANKDAIRKQMDAAASKGDVETYRKLKAKLKGPR,-0.4309115303392363,0
I39Q,ITGDVSAANKDAIRKQMDAAASKGDVETYRKLKAKLKGQR,-0.3331265477555815,0
I39R,ITGDVSAANKDAIRKQMDAAASKGDVETYRKLKAKLKGRR,-0.3328036752035457,0
I39S,ITGDVSAANKDAIRKQMDAAASKGDVETYRKLKAKLKGSR,-0.3459550051846655,0
I39T,ITGDVSAANKDAIRKQMDAAASKGDVETYRKLKAKLKGTR,-0.4320048219014585,0
I39V,ITGDVSAANKDAIRKQMDAAASKGDVETYRKLKAKLKGVR,-0.3088420027278621,0
I39W,ITGDVSAANKDAIRKQMDAAASKGDVETYRKLKAKLKGWR,0.0027722926416575,1
I39Y,ITGDVSAANKDAIRKQMDAAASKGDVETYRKLKAKLKGYR,-0.1994345254709952,1
K10A,ITGDVSAANADAIRKQMDAAASKGDVETYRKLKAKLKGIR,0.3765271805665124,1
K10D,ITGDVSAANDDAIRKQMDAAASKGDVETYRKLKAKLKGIR,-0.1978574047599832,1
K10E,ITGDVSAANEDAIRKQMDAAASKGDVETYRKLKAKLKGIR,0.3082909021524485,1
K10F,ITGDVSAANFDAIRKQMDAAASKGDVETYRKLKAKLKGIR,0.3990031784055385,1
K10G,ITGDVSAANGDAIRKQMDAAASKGDVETYRKLKAKLKGIR,-0.180844618945558,1
K10H,ITGDVSAANHDAIRKQMDAAASKGDVETYRKLKAKLKGIR,0.0821790458055315,1
K10I,ITGDVSAANIDAIRKQMDAAASKGDVETYRKLKAKLKGIR,0.6306875887241365,1
K10L,ITGDVSAANLDAIRKQMDAAASKGDVETYRKLKAKLKGIR,0.4276309972762167,1
K10M,ITGDVSAANMDAIRKQMDAAASKGDVETYRKLKAKLKGIR,0.3949437007778151,1
K10N,ITGDVSAANNDAIRKQMDAAASKGDVETYRKLKAKLKGIR,-0.2425913206285028,0
K10P,ITGDVSAANPDAIRKQMDAAASKGDVETYRKLKAKLKGIR,-0.062637357342391,1
K10Q,ITGDVSAANQDAIRKQMDAAASKGDVETYRKLKAKLKGIR,0.0224308083211504,1
K10R,ITGDVSAANRDAIRKQMDAAASKGDVETYRKLKAKLKGIR,0.2504168460435481,1
K10S,ITGDVSAANSDAIRKQMDAAASKGDVETYRKLKAKLKGIR,-0.1329383610127477,1
K10T,ITGDVSAANTDAIRKQMDAAASKGDVETYRKLKAKLKGIR,0.0707172084742067,1
K10V,ITGDVSAANVDAIRKQMDAAASKGDVETYRKLKAKLKGIR,0.4772381347084076,1
K10W,ITGDVSAANWDAIRKQMDAAASKGDVETYRKLKAKLKGIR,0.4939783933510489,1
K10Y,ITGDVSAANYDAIRKQMDAAASKGDVETYRKLKAKLKGIR,0.6208022704489198,1
K15A,ITGDVSAANKDAIRAQMDAAASKGDVETYRKLKAKLKGIR,0.0025006677233962,1
K15D,ITGDVSAANKDAIRDQMDAAASKGDVETYRKLKAKLKGIR,-0.5688490658045535,0
K15E,ITGDVSAANKDAIREQMDAAASKGDVETYRKLKAKLKGIR,-0.3772611035835664,0
K15F,ITGDVSAANKDAIRFQMDAAASKGDVETYRKLKAKLKGIR,-0.3266224976716689,0
K15G,ITGDVSAANKDAIRGQMDAAASKGDVETYRKLKAKLKGIR,-0.6558531264236557,0
K15H,ITGDVSAANKDAIRHQMDAAASKGDVETYRKLKAKLKGIR,-0.3934923830322757,0
K15I,ITGDVSAANKDAIRIQMDAAASKGDVETYRKLKAKLKGIR,-0.1965965044622868,1
K15L,ITGDVSAANKDAIRLQMDAAASKGDVETYRKLKAKLKGIR,-0.1902404576841124,1
K15M,ITGDVSAANKDAIRMQMDAAASKGDVETYRKLKAKLKGIR,-0.1835129948183692,1
K15N,ITGDVSAANKDAIRNQMDAAASKGDVETYRKLKAKLKGIR,-0.5596172423488077,0
K15P,ITGDVSAANKDAIRPQMDAAASKGDVETYRKLKAKLKGIR,-1.1363988870139867,0
K15Q,ITGDVSAANKDAIRQQMDAAASKGDVETYRKLKAKLKGIR,-0.1519420831748714,1
K15R,ITGDVSAANKDAIRRQMDAAASKGDVETYRKLKAKLKGIR,-0.0328556649210172,1
K15S,ITGDVSAANKDAIRSQMDAAASKGDVETYRKLKAKLKGIR,-0.4777963550948194,0
K15T,ITGDVSAANKDAIRTQMDAAASKGDVETYRKLKAKLKGIR,-0.4520396460866519,0
K15V,ITGDVSAANKDAIRVQMDAAASKGDVETYRKLKAKLKGIR,-0.2890907420860048,0
K15W,ITGDVSAANKDAIRWQMDAAASKGDVETYRKLKAKLKGIR,-0.4540839899548958,0
K15Y,ITGDVSAANKDAIRYQMDAAASKGDVETYRKLKAKLKGIR,-0.4279941366492058,0
K23A,ITGDVSAANKDAIRKQMDAAASAGDVETYRKLKAKLKGIR,0.0628174013200191,1
K23D,ITGDVSAANKDAIRKQMDAAASDGDVETYRKLKAKLKGIR,-0.4440229012027619,0
K23E,ITGDVSAANKDAIRKQMDAAASEGDVETYRKLKAKLKGIR,-0.3222155900753032,0
K23F,ITGDVSAANKDAIRKQMDAAASFGDVETYRKLKAKLKGIR,-0.5546359976393471,0
K23G,ITGDVSAANKDAIRKQMDAAASGGDVETYRKLKAKLKGIR,-0.619518001439433,0
K23H,ITGDVSAANKDAIRKQMDAAASHGDVETYRKLKAKLKGIR,-0.5181741943648439,0
K23I,ITGDVSAANKDAIRKQMDAAASIGDVETYRKLKAKLKGIR,0.1816389271460503,1
K23L,ITGDVSAANKDAIRKQMDAAASLGDVETYRKLKAKLKGIR,-0.242949708626626,0
K23M,ITGDVSAANKDAIRKQMDAAASMGDVETYRKLKAKLKGIR,-0.0535455640046924,1
K23N,ITGDVSAANKDAIRKQMDAAASNGDVETYRKLKAKLKGIR,-0.1938211854830868,1
K23P,ITGDVSAANKDAIRKQMDAAASPGDVETYRKLKAKLKGIR,-1.302795764906924,0
K23Q,ITGDVSAANKDAIRKQMDAAASQGDVETYRKLKAKLKGIR,-0.1783325289501314,1
K23R,ITGDVSAANKDAIRKQMDAAASRGDVETYRKLKAKLKGIR,0.2284081753131956,1
K23S,ITGDVSAANKDAIRKQMDAAASSGDVETYRKLKAKLKGIR,-0.1463400999293365,1
K23T,ITGDVSAANKDAIRKQMDAAASTGDVETYRKLKAKLKGIR,-0.2683535205694025,0
K23V,ITGDVSAANKDAIRKQMDAAASVGDVETYRKLKAKLKGIR,-0.0367438380270639,1
K23W,ITGDVSAANKDAIRKQMDAAASWGDVETYRKLKAKLKGIR,-0.7597942510946081,0
K23Y,ITGDVSAANKDAIRKQMDAAASYGDVETYRKLKAKLKGIR,-0.6842231705792818,0
K31A,ITGDVSAANKDAIRKQMDAAASKGDVETYRALKAKLKGIR,-0.3155026387343957,0
K31C,ITGDVSAANKDAIRKQMDAAASKGDVETYRCLKAKLKGIR,0.5351928307388523,1
K31D,ITGDVSAANKDAIRKQMDAAASKGDVETYRDLKAKLKGIR,-1.1671000840789614,0
K31E,ITGDVSAANKDAIRKQMDAAASKGDVETYRELKAKLKGIR,-0.6230026592919553,0
K31F,ITGDVSAANKDAIRKQMDAAASKGDVETYRFLKAKLKGIR,-0.5312830554850329,0
K31G,ITGDVSAANKDAIRKQMDAAASKGDVETYRGLKAKLKGIR,-1.3332171710299487,0
K31H,ITGDVSAANKDAIRKQMDAAASKGDVETYRHLKAKLKGIR,-0.6507041151242905,0
K31I,ITGDVSAANKDAIRKQMDAAASKGDVETYRILKAKLKGIR,-0.4034233043531154,0
K31L,ITGDVSAANKDAIRKQMDAAASKGDVETYRLLKAKLKGIR,-0.5803354006876658,0
K31M,ITGDVSAANKDAIRKQMDAAASKGDVETYRMLKAKLKGIR,-0.2370612425008672,0
K31N,ITGDVSAANKDAIRKQMDAAASKGDVETYRNLKAKLKGIR,-0.9460616430638452,0
K31Q,ITGDVSAANKDAIRKQMDAAASKGDVETYRQLKAKLKGIR,-0.4470680766537757,0
K31R,ITGDVSAANKDAIRKQMDAAASKGDVETYRRLKAKLKGIR,-0.0621601873313131,1
K31S,ITGDVSAANKDAIRKQMDAAASKGDVETYRSLKAKLKGIR,-0.8214977057606847,0
K31T,ITGDVSAANKDAIRKQMDAAASKGDVETYRTLKAKLKGIR,-0.6781831144156791,0
K31V,ITGDVSAANKDAIRKQMDAAASKGDVETYRVLKAKLKGIR,-0.9053934875259368,0
K31W,ITGDVSAANKDAIRKQMDAAASKGDVETYRWLKAKLKGIR,-0.5060981860065809,0
K31Y,ITGDVSAANKDAIRKQMDAAASKGDVETYRYLKAKLKGIR,-0.3441692919725467,0
K33A,ITGDVSAANKDAIRKQMDAAASKGDVETYRKLAAKLKGIR,0.0153633760632987,1
K33D,ITGDVSAANKDAIRKQMDAAASKGDVETYRKLDAKLKGIR,-1.1200210431340518,0
K33E,ITGDVSAANKDAIRKQMDAAASKGDVETYRKLEAKLKGIR,-0.217048172723332,0
K33F,ITGDVSAANKDAIRKQMDAAASKGDVETYRKLFAKLKGIR,-0.0310733822258224,1
K33G,ITGDVSAANKDAIRKQMDAAASKGDVETYRKLGAKLKGIR,-1.1602116661460802,0
K33H,ITGDVSAANKDAIRKQMDAAASKGDVETYRKLHAKLKGIR,-0.3746638265060287,0
K33I,ITGDVSAANKDAIRKQMDAAASKGDVETYRKLIAKLKGIR,-0.3494843496379549,0
K33L,ITGDVSAANKDAIRKQMDAAASKGDVETYRKLLAKLKGIR,0.45578263945853,1
K33M,ITGDVSAANKDAIRKQMDAAASKGDVETYRKLMAKLKGIR,0.1607750412971433,1
K33N,ITGDVSAANKDAIRKQMDAAASKGDVETYRKLNAKLKGIR,-0.7544682374232217,0
K33Q,ITGDVSAANKDAIRKQMDAAASKGDVETYRKLQAKLKGIR,-0.140838068070279,1
K33R,ITGDVSAANKDAIRKQMDAAASKGDVETYRKLRAKLKGIR,-0.027697702422633,1
K33S,ITGDVSAANKDAIRKQMDAAASKGDVETYRKLSAKLKGIR,-0.4532945121787886,0
K33T,ITGDVSAANKDAIRKQMDAAASKGDVETYRKLTAKLKGIR,-1.069725038898717,0
K33V,ITGDVSAANKDAIRKQMDAAASKGDVETYRKLVAKLKGIR,-0.2957232793329563,0
K33W,ITGDVSAANKDAIRKQMDAAASKGDVETYRKLWAKLKGIR,0.0324207471834736,1
K33Y,ITGDVSAANKDAIRKQMDAAASKGDVETYRKLYAKLKGIR,0.0118453632208062,1
K35A,ITGDVSAANKDAIRKQMDAAASKGDVETYRKLKAALKGIR,-0.1364404835198831,1
K35D,ITGDVSAANKDAIRKQMDAAASKGDVETYRKLKADLKGIR,-1.3933124026224075,0
K35E,ITGDVSAANKDAIRKQMDAAASKGDVETYRKLKAELKGIR,-0.5427565520252753,0
K35F,ITGDVSAANKDAIRKQMDAAASKGDVETYRKLKAFLKGIR,0.2023342666508947,1
K35G,ITGDVSAANKDAIRKQMDAAASKGDVETYRKLKAGLKGIR,-1.143299957360642,0
K35H,ITGDVSAANKDAIRKQMDAAASKGDVETYRKLKAHLKGIR,-0.5774158529677742,0
K35I,ITGDVSAANKDAIRKQMDAAASKGDVETYRKLKAILKGIR,0.4246637804420841,1
K35L,ITGDVSAANKDAIRKQMDAAASKGDVETYRKLKALLKGIR,0.6991376838301091,1
K35M,ITGDVSAANKDAIRKQMDAAASKGDVETYRKLKAMLKGIR,0.3427271597266212,1
K35N,ITGDVSAANKDAIRKQMDAAASKGDVETYRKLKANLKGIR,-1.1666050637396208,0
K35P,ITGDVSAANKDAIRKQMDAAASKGDVETYRKLKAPLKGIR,-1.512259336761736,0
K35Q,ITGDVSAANKDAIRKQMDAAASKGDVETYRKLKAQLKGIR,-0.0452559585636405,1
K35R,ITGDVSAANKDAIRKQMDAAASKGDVETYRKLKARLKGIR,-0.1685744759072124,1
K35S,ITGDVSAANKDAIRKQMDAAASKGDVETYRKLKASLKGIR,-0.3569967078050512,0
K35T,ITGDVSAANKDAIRKQMDAAASKGDVETYRKLKATLKGIR,-0.4169195286358094,0
K35V,ITGDVSAANKDAIRKQMDAAASKGDVETYRKLKAVLKGIR,0.0499618228991938,1
K35W,ITGDVSAANKDAIRKQMDAAASKGDVETYRKLKAWLKGIR,-0.0339418018132093,1
K35Y,ITGDVSAANKDAIRKQMDAAASKGDVETYRKLKAYLKGIR,0.0378764057383114,1
K37A,ITGDVSAANKDAIRKQMDAAASKGDVETYRKLKAKLAGIR,0.1534044810565173,1
K37D,ITGDVSAANKDAIRKQMDAAASKGDVETYRKLKAKLDGIR,0.2037575695289459,1
K37E,ITGDVSAANKDAIRKQMDAAASKGDVETYRKLKAKLEGIR,0.1747200177684944,1
K37F,ITGDVSAANKDAIRKQMDAAASKGDVETYRKLKAKLFGIR,-0.4516112727127858,0
K37G,ITGDVSAANKDAIRKQMDAAASKGDVETYRKLKAKLGGIR,-0.4134287911889264,0
K37H,ITGDVSAANKDAIRKQMDAAASKGDVETYRKLKAKLHGIR,-0.0469994372861326,1
K37I,ITGDVSAANKDAIRKQMDAAASKGDVETYRKLKAKLIGIR,-0.1186413413352345,1
K37L,ITGDVSAANKDAIRKQMDAAASKGDVETYRKLKAKLLGIR,0.1024867880156199,1
K37M,ITGDVSAANKDAIRKQMDAAASKGDVETYRKLKAKLMGIR,0.0973623744427596,1
K37N,ITGDVSAANKDAIRKQMDAAASKGDVETYRKLKAKLNGIR,-0.0407397259043615,1
K37P,ITGDVSAANKDAIRKQMDAAASKGDVETYRKLKAKLPGIR,-0.8349588554213255,0
K37Q,ITGDVSAANKDAIRKQMDAAASKGDVETYRKLKAKLQGIR,-0.0424500974958863,1
K37R,ITGDVSAANKDAIRKQMDAAASKGDVETYRKLKAKLRGIR,0.0680495551896489,1
K37S,ITGDVSAANKDAIRKQMDAAASKGDVETYRKLKAKLSGIR,-0.153421131909228,1
K37T,ITGDVSAANKDAIRKQMDAAASKGDVETYRKLKAKLTGIR,-0.2414573948701832,0
K37V,ITGDVSAANKDAIRKQMDAAASKGDVETYRKLKAKLVGIR,-0.139146995332507,1
K37W,ITGDVSAANKDAIRKQMDAAASKGDVETYRKLKAKLWGIR,-0.7607042447516008,0
K37Y,ITGDVSAANKDAIRKQMDAAASKGDVETYRKLKAKLYGIR,-0.2576623116346488,0
L32A,ITGDVSAANKDAIRKQMDAAASKGDVETYRKAKAKLKGIR,-1.9704511513013496,0
L32E,ITGDVSAANKDAIRKQMDAAASKGDVETYRKEKAKLKGIR,-1.9174093673042285,0
L32F,ITGDVSAANKDAIRKQMDAAASKGDVETYRKFKAKLKGIR,-0.7909396844552641,0
L32G,ITGDVSAANKDAIRKQMDAAASKGDVETYRKGKAKLKGIR,-1.3908339098322131,0
L32H,ITGDVSAANKDAIRKQMDAAASKGDVETYRKHKAKLKGIR,-1.483044020698662,0
L32I,ITGDVSAANKDAIRKQMDAAASKGDVETYRKIKAKLKGIR,-1.3797876361543753,0
L32K,ITGDVSAANKDAIRKQMDAAASKGDVETYRKKKAKLKGIR,-1.3853103938113212,0
L32M,ITGDVSAANKDAIRKQMDAAASKGDVETYRKMKAKLKGIR,-0.7018866931893731,0
L32N,ITGDVSAANKDAIRKQMDAAASKGDVETYRKNKAKLKGIR,-1.318612380289974,0
L32P,ITGDVSAANKDAIRKQMDAAASKGDVETYRKPKAKLKGIR,-1.9722398263165328,0
L32Q,ITGDVSAANKDAIRKQMDAAASKGDVETYRKQKAKLKGIR,-1.8743346392388036,0
L32R,ITGDVSAANKDAIRKQMDAAASKGDVETYRKRKAKLKGIR,-1.2528001068384271,0
L32S,ITGDVSAANKDAIRKQMDAAASKGDVETYRKSKAKLKGIR,-1.876975591948087,0
L32T,ITGDVSAANKDAIRKQMDAAASKGDVETYRKTKAKLKGIR,-1.3627606134136174,0
L32V,ITGDVSAANKDAIRKQMDAAASKGDVETYRKVKAKLKGIR,-1.7418541430428252,0
L32W,ITGDVSAANKDAIRKQMDAAASKGDVETYRKWKAKLKGIR,-0.7123048066485261,0
L32Y,ITGDVSAANKDAIRKQMDAAASKGDVETYRKYKAKLKGIR,-0.7151967155698261,0
L36A,ITGDVSAANKDAIRKQMDAAASKGDVETYRKLKAKAKGIR,-1.0338149287707847,0
L36C,ITGDVSAANKDAIRKQMDAAASKGDVETYRKLKAKCKGIR,-0.2837129768771499,0
L36D,ITGDVSAANKDAIRKQMDAAASKGDVETYRKLKAKDKGIR,-1.6250657052190405,0
L36E,ITGDVSAANKDAIRKQMDAAASKGDVETYRKLKAKEKGIR,-1.6018385803999349,0
L36F,ITGDVSAANKDAIRKQMDAAASKGDVETYRKLKAKFKGIR,-0.7319406850444908,0
L36G,ITGDVSAANKDAIRKQMDAAASKGDVETYRKLKAKGKGIR,-1.5237007424553513,0
L36H,ITGDVSAANKDAIRKQMDAAASKGDVETYRKLKAKHKGIR,-1.0195639932317155,0
L36I,ITGDVSAANKDAIRKQMDAAASKGDVETYRKLKAKIKGIR,-0.7362541276996148,0
L36K,ITGDVSAANKDAIRKQMDAAASKGDVETYRKLKAKKKGIR,-1.0346908263579846,0
L36M,ITGDVSAANKDAIRKQMDAAASKGDVETYRKLKAKMKGIR,-0.6331459930249973,0
L36N,ITGDVSAANKDAIRKQMDAAASKGDVETYRKLKAKNKGIR,-1.1644962265188272,0
L36P,ITGDVSAANKDAIRKQMDAAASKGDVETYRKLKAKPKGIR,-1.8459211051408324,0
L36Q,ITGDVSAANKDAIRKQMDAAASKGDVETYRKLKAKQKGIR,-1.1151412150532416,0
L36R,ITGDVSAANKDAIRKQMDAAASKGDVETYRKLKAKRKGIR,-0.763032471673042,0
L36S,ITGDVSAANKDAIRKQMDAAASKGDVETYRKLKAKSKGIR,-1.3846659019952672,0
L36T,ITGDVSAANKDAIRKQMDAAASKGDVETYRKLKAKTKGIR,-1.19656824697588,0
L36V,ITGDVSAANKDAIRKQMDAAASKGDVETYRKLKAKVKGIR,-1.334282761599873,0
L36W,ITGDVSAANKDAIRKQMDAAASKGDVETYRKLKAKWKGIR,-0.6871171558366592,0
L36Y,ITGDVSAANKDAIRKQMDAAASKGDVETYRKLKAKYKGIR,-0.4796536886260841,0
M17A,ITGDVSAANKDAIRKQADAAASKGDVETYRKLKAKLKGIR,-0.8817095976752247,0
M17D,ITGDVSAANKDAIRKQDDAAASKGDVETYRKLKAKLKGIR,-1.236941537931895,0
M17E,ITGDVSAANKDAIRKQEDAAASKGDVETYRKLKAKLKGIR,-1.1446792004462314,0
M17F,ITGDVSAANKDAIRKQFDAAASKGDVETYRKLKAKLKGIR,-1.0012524124959294,0
M17G,ITGDVSAANKDAIRKQGDAAASKGDVETYRKLKAKLKGIR,-1.1549427297107908,0
M17H,ITGDVSAANKDAIRKQHDAAASKGDVETYRKLKAKLKGIR,-1.159733501059641,0
M17I,ITGDVSAANKDAIRKQIDAAASKGDVETYRKLKAKLKGIR,-0.7401638096995542,0
M17K,ITGDVSAANKDAIRKQKDAAASKGDVETYRKLKAKLKGIR,-1.125908034513848,0
M17L,ITGDVSAANKDAIRKQLDAAASKGDVETYRKLKAKLKGIR,-0.6099517185249266,0
M17N,ITGDVSAANKDAIRKQNDAAASKGDVETYRKLKAKLKGIR,-1.0010003526068203,0
M17P,ITGDVSAANKDAIRKQPDAAASKGDVETYRKLKAKLKGIR,-1.56593068444017,0
M17Q,ITGDVSAANKDAIRKQQDAAASKGDVETYRKLKAKLKGIR,-1.2306682613130222,0
M17R,ITGDVSAANKDAIRKQRDAAASKGDVETYRKLKAKLKGIR,-1.178396163822223,0
M17S,ITGDVSAANKDAIRKQSDAAASKGDVETYRKLKAKLKGIR,-1.2864430756216652,0
M17T,ITGDVSAANKDAIRKQTDAAASKGDVETYRKLKAKLKGIR,-1.185159745263528,0
M17V,ITGDVSAANKDAIRKQVDAAASKGDVETYRKLKAKLKGIR,-1.0323255590925997,0
M17W,ITGDVSAANKDAIRKQWDAAASKGDVETYRKLKAKLKGIR,-1.1346122947975372,0
M17Y,ITGDVSAANKDAIRKQYDAAASKGDVETYRKLKAKLKGIR,-0.951546477442254,0
N9A,ITGDVSAAAKDAIRKQMDAAASKGDVETYRKLKAKLKGIR,0.1043749473590742,1
N9D,ITGDVSAADKDAIRKQMDAAASKGDVETYRKLKAKLKGIR,0.1384836904316047,1
N9E,ITGDVSAAEKDAIRKQMDAAASKGDVETYRKLKAKLKGIR,0.2642099373657549,1
N9F,ITGDVSAAFKDAIRKQMDAAASKGDVETYRKLKAKLKGIR,0.4211563445539306,1
N9G,ITGDVSAAGKDAIRKQMDAAASKGDVETYRKLKAKLKGIR,-0.1775286777715792,1
N9H,ITGDVSAAHKDAIRKQMDAAASKGDVETYRKLKAKLKGIR,0.0902334514087048,1
N9I,ITGDVSAAIKDAIRKQMDAAASKGDVETYRKLKAKLKGIR,0.4359878558092755,1
N9K,ITGDVSAAKKDAIRKQMDAAASKGDVETYRKLKAKLKGIR,0.1016432750083808,1
N9L,ITGDVSAALKDAIRKQMDAAASKGDVETYRKLKAKLKGIR,0.5305935060142855,1
N9M,ITGDVSAAMKDAIRKQMDAAASKGDVETYRKLKAKLKGIR,0.4187992177136792,1
N9P,ITGDVSAAPKDAIRKQMDAAASKGDVETYRKLKAKLKGIR,-0.4279741441112694,0
N9Q,ITGDVSAAQKDAIRKQMDAAASKGDVETYRKLKAKLKGIR,0.0787070571274992,1
N9R,ITGDVSAARKDAIRKQMDAAASKGDVETYRKLKAKLKGIR,0.1947064301982781,1
N9S,ITGDVSAASKDAIRKQMDAAASKGDVETYRKLKAKLKGIR,-0.0118522538163099,1
N9T,ITGDVSAATKDAIRKQMDAAASKGDVETYRKLKAKLKGIR,0.1502010276616034,1
N9V,ITGDVSAAVKDAIRKQMDAAASKGDVETYRKLKAKLKGIR,0.3129067455271839,1
N9W,ITGDVSAAWKDAIRKQMDAAASKGDVETYRKLKAKLKGIR,0.7446609503324493,1
N9Y,ITGDVSAAYKDAIRKQMDAAASKGDVETYRKLKAKLKGIR,0.5126615856992576,1
Q16A,ITGDVSAANKDAIRKAMDAAASKGDVETYRKLKAKLKGIR,0.2758950776777553,1
Q16C,ITGDVSAANKDAIRKCMDAAASKGDVETYRKLKAKLKGIR,-0.1432123601148196,1
Q16D,ITGDVSAANKDAIRKDMDAAASKGDVETYRKLKAKLKGIR,-0.6824334143916548,0
Q16E,ITGDVSAANKDAIRKEMDAAASKGDVETYRKLKAKLKGIR,-0.1930777942757332,1
Q16F,ITGDVSAANKDAIRKFMDAAASKGDVETYRKLKAKLKGIR,-0.3858603562519667,0
Q16G,ITGDVSAANKDAIRKGMDAAASKGDVETYRKLKAKLKGIR,-0.5802096323870105,0
Q16H,ITGDVSAANKDAIRKHMDAAASKGDVETYRKLKAKLKGIR,-0.6680838394491544,0
Q16I,ITGDVSAANKDAIRKIMDAAASKGDVETYRKLKAKLKGIR,-0.5999805455221502,0
Q16K,ITGDVSAANKDAIRKKMDAAASKGDVETYRKLKAKLKGIR,-0.3352708381437841,0
Q16L,ITGDVSAANKDAIRKLMDAAASKGDVETYRKLKAKLKGIR,0.2752516643456781,1
Q16M,ITGDVSAANKDAIRKMMDAAASKGDVETYRKLKAKLKGIR,0.2094306787261632,1
Q16N,ITGDVSAANKDAIRKNMDAAASKGDVETYRKLKAKLKGIR,-0.7939828464165222,0
Q16P,ITGDVSAANKDAIRKPMDAAASKGDVETYRKLKAKLKGIR,-1.054227492137518,0
Q16R,ITGDVSAANKDAIRKRMDAAASKGDVETYRKLKAKLKGIR,-0.3331657698458999,0
Q16S,ITGDVSAANKDAIRKSMDAAASKGDVETYRKLKAKLKGIR,-0.5786035191424124,0
Q16T,ITGDVSAANKDAIRKTMDAAASKGDVETYRKLKAKLKGIR,-0.9007931447873152,0
Q16V,ITGDVSAANKDAIRKVMDAAASKGDVETYRKLKAKLKGIR,-0.777200697264774,0
Q16W,ITGDVSAANKDAIRKWMDAAASKGDVETYRKLKAKLKGIR,-0.1505357453479974,1
Q16Y,ITGDVSAANKDAIRKYMDAAASKGDVETYRKLKAKLKGIR,-0.6741923188317341,0
R14A,ITGDVSAANKDAIAKQMDAAASKGDVETYRKLKAKLKGIR,-0.5727550529945924,0
R14D,ITGDVSAANKDAIDKQMDAAASKGDVETYRKLKAKLKGIR,-0.9150869371067692,0
R14E,ITGDVSAANKDAIEKQMDAAASKGDVETYRKLKAKLKGIR,-0.4828939920530578,0
R14F,ITGDVSAANKDAIFKQMDAAASKGDVETYRKLKAKLKGIR,-0.3048577686126987,0
R14G,ITGDVSAANKDAIGKQMDAAASKGDVETYRKLKAKLKGIR,-0.8889756412579897,0
R14H,ITGDVSAANKDAIHKQMDAAASKGDVETYRKLKAKLKGIR,-0.3522951057252479,0
R14I,ITGDVSAANKDAIIKQMDAAASKGDVETYRKLKAKLKGIR,-0.1113599167244132,1
R14K,ITGDVSAANKDAIKKQMDAAASKGDVETYRKLKAKLKGIR,-0.2174492139490158,0
R14L,ITGDVSAANKDAILKQMDAAASKGDVETYRKLKAKLKGIR,0.0614259235691618,1
R14M,ITGDVSAANKDAIMKQMDAAASKGDVETYRKLKAKLKGIR,-0.1066285100169519,1
R14N,ITGDVSAANKDAINKQMDAAASKGDVETYRKLKAKLKGIR,-0.8291277053516253,0
R14P,ITGDVSAANKDAIPKQMDAAASKGDVETYRKLKAKLKGIR,-0.9936511294537604,0
R14Q,ITGDVSAANKDAIQKQMDAAASKGDVETYRKLKAKLKGIR,-0.1568739159566197,1
R14S,ITGDVSAANKDAISKQMDAAASKGDVETYRKLKAKLKGIR,-0.6183500271058802,0
R14T,ITGDVSAANKDAITKQMDAAASKGDVETYRKLKAKLKGIR,-0.5475055014747144,0
R14V,ITGDVSAANKDAIVKQMDAAASKGDVETYRKLKAKLKGIR,-0.4630924479114426,0
R14W,ITGDVSAANKDAIWKQMDAAASKGDVETYRKLKAKLKGIR,-0.3311823497093636,0
R14Y,ITGDVSAANKDAIYKQMDAAASKGDVETYRKLKAKLKGIR,-0.1410121541742366,1
R30A,ITGDVSAANKDAIRKQMDAAASKGDVETYAKLKAKLKGIR,-0.5386356967648346,0
R30D,ITGDVSAANKDAIRKQMDAAASKGDVETYDKLKAKLKGIR,-0.7123616101955739,0
R30E,ITGDVSAANKDAIRKQMDAAASKGDVETYEKLKAKLKGIR,-0.1857956096270003,1
R30F,ITGDVSAANKDAIRKQMDAAASKGDVETYFKLKAKLKGIR,-0.3005727210131577,0
R30G,ITGDVSAANKDAIRKQMDAAASKGDVETYGKLKAKLKGIR,-1.6919128689935157,0
R30H,ITGDVSAANKDAIRKQMDAAASKGDVETYHKLKAKLKGIR,-0.6435285852378687,0
R30I,ITGDVSAANKDAIRKQMDAAASKGDVETYIKLKAKLKGIR,-0.4003283013045242,0
R30K,ITGDVSAANKDAIRKQMDAAASKGDVETYKKLKAKLKGIR,-0.2740783284628965,0
R30L,ITGDVSAANKDAIRKQMDAAASKGDVETYLKLKAKLKGIR,0.1242222137259927,1
R30M,ITGDVSAANKDAIRKQMDAAASKGDVETYMKLKAKLKGIR,-0.0160877267561023,1
R30N,ITGDVSAANKDAIRKQMDAAASKGDVETYNKLKAKLKGIR,-0.2420851111164106,0
R30Q,ITGDVSAANKDAIRKQMDAAASKGDVETYQKLKAKLKGIR,-0.2632862832853572,0
R30S,ITGDVSAANKDAIRKQMDAAASKGDVETYSKLKAKLKGIR,-0.8900334239375269,0
R30T,ITGDVSAANKDAIRKQMDAAASKGDVETYTKLKAKLKGIR,-0.5789260508735591,0
R30V,ITGDVSAANKDAIRKQMDAAASKGDVETYVKLKAKLKGIR,-0.6938143229496117,0
R30W,ITGDVSAANKDAIRKQMDAAASKGDVETYWKLKAKLKGIR,-0.3311198985006076,0
R30Y,ITGDVSAANKDAIRKQMDAAASKGDVETYYKLKAKLKGIR,-0.3093751701278879,0
R40A,ITGDVSAANKDAIRKQMDAAASKGDVETYRKLKAKLKGIA,0.0201262076136814,1
R40D,ITGDVSAANKDAIRKQMDAAASKGDVETYRKLKAKLKGID,-0.01848255113579,1
R40E,ITGDVSAANKDAIRKQMDAAASKGDVETYRKLKAKLKGIE,0.12142626968708,1
R40F,ITGDVSAANKDAIRKQMDAAASKGDVETYRKLKAKLKGIF,0.0458774337209428,1
R40G,ITGDVSAANKDAIRKQMDAAASKGDVETYRKLKAKLKGIG,0.0128445194050592,1
R40H,ITGDVSAANKDAIRKQMDAAASKGDVETYRKLKAKLKGIH,-0.0170618642198314,1
R40I,ITGDVSAANKDAIRKQMDAAASKGDVETYRKLKAKLKGII,0.1692835154166567,1
R40K,ITGDVSAANKDAIRKQMDAAASKGDVETYRKLKAKLKGIK,-0.1333629855795532,1
R40L,ITGDVSAANKDAIRKQMDAAASKGDVETYRKLKAKLKGIL,0.3058798476552795,1
R40M,ITGDVSAANKDAIRKQMDAAASKGDVETYRKLKAKLKGIM,0.2435627382177096,1
R40N,ITGDVSAANKDAIRKQMDAAASKGDVETYRKLKAKLKGIN,0.0815703525880813,1
R40P,ITGDVSAANKDAIRKQMDAAASKGDVETYRKLKAKLKGIP,-0.238966410386986,0
R40Q,ITGDVSAANKDAIRKQMDAAASKGDVETYRKLKAKLKGIQ,0.0362127597286514,1
R40S,ITGDVSAANKDAIRKQMDAAASKGDVETYRKLKAKLKGIS,0.0588820719134193,1
R40T,ITGDVSAANKDAIRKQMDAAASKGDVETYRKLKAKLKGIT,0.0388401518734566,1
R40V,ITGDVSAANKDAIRKQMDAAASKGDVETYRKLKAKLKGIV,0.1521500434825287,1
R40W,ITGDVSAANKDAIRKQMDAAASKGDVETYRKLKAKLKGIW,0.0589043590665689,1
R40Y,ITGDVSAANKDAIRKQMDAAASKGDVETYRKLKAKLKGIY,0.0403039865126637,1
S22A,ITGDVSAANKDAIRKQMDAAAAKGDVETYRKLKAKLKGIR,0.2707183935908264,1
S22D,ITGDVSAANKDAIRKQMDAAADKGDVETYRKLKAKLKGIR,-0.3702758193428752,0
S22E,ITGDVSAANKDAIRKQMDAAAEKGDVETYRKLKAKLKGIR,-0.0425307174834921,1
S22F,ITGDVSAANKDAIRKQMDAAAFKGDVETYRKLKAKLKGIR,-0.2911867908444643,0
S22G,ITGDVSAANKDAIRKQMDAAAGKGDVETYRKLKAKLKGIR,-0.4381733946152375,0
S22H,ITGDVSAANKDAIRKQMDAAAHKGDVETYRKLKAKLKGIR,-0.2577994005872088,0
S22I,ITGDVSAANKDAIRKQMDAAAIKGDVETYRKLKAKLKGIR,-0.0895877342655337,1
S22K,ITGDVSAANKDAIRKQMDAAAKKGDVETYRKLKAKLKGIR,0.2548416106481734,1
S22L,ITGDVSAANKDAIRKQMDAAALKGDVETYRKLKAKLKGIR,0.3280525799439211,1
S22M,ITGDVSAANKDAIRKQMDAAAMKGDVETYRKLKAKLKGIR,0.1129957768449829,1
S22N,ITGDVSAANKDAIRKQMDAAANKGDVETYRKLKAKLKGIR,-0.255612864790534,0
S22P,ITGDVSAANKDAIRKQMDAAAPKGDVETYRKLKAKLKGIR,-1.276785862493779,0
S22Q,ITGDVSAANKDAIRKQMDAAAQKGDVETYRKLKAKLKGIR,0.0794405567492086,1
S22R,ITGDVSAANKDAIRKQMDAAARKGDVETYRKLKAKLKGIR,0.2624986884140095,1
S22T,ITGDVSAANKDAIRKQMDAAATKGDVETYRKLKAKLKGIR,-0.2381182943199912,0
S22V,ITGDVSAANKDAIRKQMDAAAVKGDVETYRKLKAKLKGIR,-0.1205295115818168,1
S22W,ITGDVSAANKDAIRKQMDAAAWKGDVETYRKLKAKLKGIR,-0.373285146794901,0
S22Y,ITGDVSAANKDAIRKQMDAAAYKGDVETYRKLKAKLKGIR,-0.3310290759407466,0
S6A,ITGDVAAANKDAIRKQMDAAASKGDVETYRKLKAKLKGIR,-0.2513899970016904,0
S6D,ITGDVDAANKDAIRKQMDAAASKGDVETYRKLKAKLKGIR,-0.0422820174299047,1
S6E,ITGDVEAANKDAIRKQMDAAASKGDVETYRKLKAKLKGIR,-0.0121545531482369,1
S6F,ITGDVFAANKDAIRKQMDAAASKGDVETYRKLKAKLKGIR,-0.1087545570051327,1
S6G,ITGDVGAANKDAIRKQMDAAASKGDVETYRKLKAKLKGIR,-0.1230910100817941,1
S6H,ITGDVHAANKDAIRKQMDAAASKGDVETYRKLKAKLKGIR,-0.0620927817604459,1
S6I,ITGDVIAANKDAIRKQMDAAASKGDVETYRKLKAKLKGIR,-0.0039493454264545,1
S6K,ITGDVKAANKDAIRKQMDAAASKGDVETYRKLKAKLKGIR,-0.109192429374312,1
S6L,ITGDVLAANKDAIRKQMDAAASKGDVETYRKLKAKLKGIR,0.0871538764601884,1
S6M,ITGDVMAANKDAIRKQMDAAASKGDVETYRKLKAKLKGIR,0.040886588571904,1
S6N,ITGDVNAANKDAIRKQMDAAASKGDVETYRKLKAKLKGIR,-0.0523893939096267,1
S6P,ITGDVPAANKDAIRKQMDAAASKGDVETYRKLKAKLKGIR,-0.1705817911884596,1
S6Q,ITGDVQAANKDAIRKQMDAAASKGDVETYRKLKAKLKGIR,-0.0156210552731717,1
S6R,ITGDVRAANKDAIRKQMDAAASKGDVETYRKLKAKLKGIR,0.017959656072612,1
S6T,ITGDVTAANKDAIRKQMDAAASKGDVETYRKLKAKLKGIR,-0.0162742713131605,1
S6V,ITGDVVAANKDAIRKQMDAAASKGDVETYRKLKAKLKGIR,0.0214426158114335,1
S6W,ITGDVWAANKDAIRKQMDAAASKGDVETYRKLKAKLKGIR,-0.2637740988176003,0
S6Y,ITGDVYAANKDAIRKQMDAAASKGDVETYRKLKAKLKGIR,-0.1569966993910745,1
T28A,ITGDVSAANKDAIRKQMDAAASKGDVEAYRKLKAKLKGIR,-0.0596584863611753,1
T28C,ITGDVSAANKDAIRKQMDAAASKGDVECYRKLKAKLKGIR,0.5976548809800402,1
T28D,ITGDVSAANKDAIRKQMDAAASKGDVEDYRKLKAKLKGIR,-0.9435798157754968,0
T28E,ITGDVSAANKDAIRKQMDAAASKGDVEEYRKLKAKLKGIR,0.1303627213740059,1
T28F,ITGDVSAANKDAIRKQMDAAASKGDVEFYRKLKAKLKGIR,-0.4910671506450905,0
T28G,ITGDVSAANKDAIRKQMDAAASKGDVEGYRKLKAKLKGIR,-0.5885303290316679,0
T28H,ITGDVSAANKDAIRKQMDAAASKGDVEHYRKLKAKLKGIR,-0.6611933929445333,0
T28I,ITGDVSAANKDAIRKQMDAAASKGDVEIYRKLKAKLKGIR,-0.6782031169644605,0
T28K,ITGDVSAANKDAIRKQMDAAASKGDVEKYRKLKAKLKGIR,-0.3723241773444573,0
T28L,ITGDVSAANKDAIRKQMDAAASKGDVELYRKLKAKLKGIR,0.3588126803446252,1
T28M,ITGDVSAANKDAIRKQMDAAASKGDVEMYRKLKAKLKGIR,-0.1524945366996188,1
T28N,ITGDVSAANKDAIRKQMDAAASKGDVENYRKLKAKLKGIR,-0.6511355026048223,0
T28Q,ITGDVSAANKDAIRKQMDAAASKGDVEQYRKLKAKLKGIR,-0.1565810856733105,1
T28R,ITGDVSAANKDAIRKQMDAAASKGDVERYRKLKAKLKGIR,-0.2700569568011114,0
T28S,ITGDVSAANKDAIRKQMDAAASKGDVESYRKLKAKLKGIR,-0.3802992250918716,0
T28V,ITGDVSAANKDAIRKQMDAAASKGDVEVYRKLKAKLKGIR,-0.5298650678052574,0
T28W,ITGDVSAANKDAIRKQMDAAASKGDVEWYRKLKAKLKGIR,-0.2632572117253652,0
T28Y,ITGDVSAANKDAIRKQMDAAASKGDVEYYRKLKAKLKGIR,-0.366203142999473,0
T2A,IAGDVSAANKDAIRKQMDAAASKGDVETYRKLKAKLKGIR,-0.0205474882385423,1
T2D,IDGDVSAANKDAIRKQMDAAASKGDVETYRKLKAKLKGIR,-0.0704439328201731,1
T2E,IEGDVSAANKDAIRKQMDAAASKGDVETYRKLKAKLKGIR,-0.1432655139113696,1
T2F,IFGDVSAANKDAIRKQMDAAASKGDVETYRKLKAKLKGIR,0.0309329021267099,1
T2G,IGGDVSAANKDAIRKQMDAAASKGDVETYRKLKAKLKGIR,0.0426950109676496,1
T2H,IHGDVSAANKDAIRKQMDAAASKGDVETYRKLKAKLKGIR,0.0242621277971659,1
T2I,IIGDVSAANKDAIRKQMDAAASKGDVETYRKLKAKLKGIR,-0.0536586253371529,1
T2K,IKGDVSAANKDAIRKQMDAAASKGDVETYRKLKAKLKGIR,-0.0264453856716593,1
T2L,ILGDVSAANKDAIRKQMDAAASKGDVETYRKLKAKLKGIR,-0.079527891089669,1
T2M,IMGDVSAANKDAIRKQMDAAASKGDVETYRKLKAKLKGIR,-0.0508266976792575,1
T2N,INGDVSAANKDAIRKQMDAAASKGDVETYRKLKAKLKGIR,-0.0509521865148612,1
T2P,IPGDVSAANKDAIRKQMDAAASKGDVETYRKLKAKLKGIR,-0.0542218724065408,1
T2Q,IQGDVSAANKDAIRKQMDAAASKGDVETYRKLKAKLKGIR,-0.1000477000798125,1
T2R,IRGDVSAANKDAIRKQMDAAASKGDVETYRKLKAKLKGIR,0.0192167636812572,1
T2S,ISGDVSAANKDAIRKQMDAAASKGDVETYRKLKAKLKGIR,-0.0015582940773348,1
T2V,IVGDVSAANKDAIRKQMDAAASKGDVETYRKLKAKLKGIR,-0.0307821889124999,1
T2W,IWGDVSAANKDAIRKQMDAAASKGDVETYRKLKAKLKGIR,0.0927442629519033,1
T2Y,IYGDVSAANKDAIRKQMDAAASKGDVETYRKLKAKLKGIR,0.1023433766254584,1
V26A,ITGDVSAANKDAIRKQMDAAASKGDAETYRKLKAKLKGIR,-0.2601981807901564,0
V26C,ITGDVSAANKDAIRKQMDAAASKGDCETYRKLKAKLKGIR,1.7567750330988836,1
V26D,ITGDVSAANKDAIRKQMDAAASKGDDETYRKLKAKLKGIR,-0.2416359291373115,0
V26E,ITGDVSAANKDAIRKQMDAAASKGDEETYRKLKAKLKGIR,-0.2334098103376007,0
V26F,ITGDVSAANKDAIRKQMDAAASKGDFETYRKLKAKLKGIR,0.6486959621355468,1
V26G,ITGDVSAANKDAIRKQMDAAASKGDGETYRKLKAKLKGIR,-0.7106711030879596,0
V26H,ITGDVSAANKDAIRKQMDAAASKGDHETYRKLKAKLKGIR,-0.0391570716972629,1
V26I,ITGDVSAANKDAIRKQMDAAASKGDIETYRKLKAKLKGIR,0.0846831321851184,1
V26K,ITGDVSAANKDAIRKQMDAAASKGDKETYRKLKAKLKGIR,-0.161994949274816,1
V26L,ITGDVSAANKDAIRKQMDAAASKGDLETYRKLKAKLKGIR,0.2966892752060954,1
V26M,ITGDVSAANKDAIRKQMDAAASKGDMETYRKLKAKLKGIR,0.4774771584963597,1
V26N,ITGDVSAANKDAIRKQMDAAASKGDNETYRKLKAKLKGIR,-0.3088790359544113,0
V26P,ITGDVSAANKDAIRKQMDAAASKGDPETYRKLKAKLKGIR,-0.7394383511499869,0
V26Q,ITGDVSAANKDAIRKQMDAAASKGDQETYRKLKAKLKGIR,-0.277502554108796,0
V26R,ITGDVSAANKDAIRKQMDAAASKGDRETYRKLKAKLKGIR,-0.2816066129714543,0
V26S,ITGDVSAANKDAIRKQMDAAASKGDSETYRKLKAKLKGIR,-0.3663651019890163,0
V26T,ITGDVSAANKDAIRKQMDAAASKGDTETYRKLKAKLKGIR,-0.0838887325420971,1
V26W,ITGDVSAANKDAIRKQMDAAASKGDWETYRKLKAKLKGIR,1.998146381433895,1
V26Y,ITGDVSAANKDAIRKQMDAAASKGDYETYRKLKAKLKGIR,0.7245092313663659,1
V5A,ITGDASAANKDAIRKQMDAAASKGDVETYRKLKAKLKGIR,-0.1210760060655218,1
V5C,ITGDCSAANKDAIRKQMDAAASKGDVETYRKLKAKLKGIR,0.4223307476521036,1
V5D,ITGDDSAANKDAIRKQMDAAASKGDVETYRKLKAKLKGIR,-0.0353203326145035,1
V5E,ITGDESAANKDAIRKQMDAAASKGDVETYRKLKAKLKGIR,-0.1970380426654652,1
V5F,ITGDFSAANKDAIRKQMDAAASKGDVETYRKLKAKLKGIR,-0.0252070558531607,1
V5G,ITGDGSAANKDAIRKQMDAAASKGDVETYRKLKAKLKGIR,-0.0495451749780484,1
V5H,ITGDHSAANKDAIRKQMDAAASKGDVETYRKLKAKLKGIR,-0.1419467909833014,1
V5I,ITGDISAANKDAIRKQMDAAASKGDVETYRKLKAKLKGIR,-0.0097864355329042,1
V5K,ITGDKSAANKDAIRKQMDAAASKGDVETYRKLKAKLKGIR,-0.0275385538528194,1
V5L,ITGDLSAANKDAIRKQMDAAASKGDVETYRKLKAKLKGIR,0.027400869599609,1
V5M,ITGDMSAANKDAIRKQMDAAASKGDVETYRKLKAKLKGIR,0.0430927388648703,1
V5N,ITGDNSAANKDAIRKQMDAAASKGDVETYRKLKAKLKGIR,-0.0428941092639065,1
V5P,ITGDPSAANKDAIRKQMDAAASKGDVETYRKLKAKLKGIR,-0.07853663456031,1
V5Q,ITGDQSAANKDAIRKQMDAAASKGDVETYRKLKAKLKGIR,-0.1058955376463817,1
V5R,ITGDRSAANKDAIRKQMDAAASKGDVETYRKLKAKLKGIR,-0.0081116135851264,1
V5S,ITGDSSAANKDAIRKQMDAAASKGDVETYRKLKAKLKGIR,-0.0134655885705448,1
V5T,ITGDTSAANKDAIRKQMDAAASKGDVETYRKLKAKLKGIR,-0.0760727256596027,1
V5W,ITGDWSAANKDAIRKQMDAAASKGDVETYRKLKAKLKGIR,-0.0332009751209481,1
V5Y,ITGDYSAANKDAIRKQMDAAASKGDVETYRKLKAKLKGIR,-0.0565610966780691,1
Y29A,ITGDVSAANKDAIRKQMDAAASKGDVETARKLKAKLKGIR,-1.0330771491383088,0
Y29E,ITGDVSAANKDAIRKQMDAAASKGDVETERKLKAKLKGIR,-1.8695522778367015,0
Y29F,ITGDVSAANKDAIRKQMDAAASKGDVETFRKLKAKLKGIR,-0.4516994019148965,0
Y29G,ITGDVSAANKDAIRKQMDAAASKGDVETGRKLKAKLKGIR,-1.6553998297138746,0
Y29H,ITGDVSAANKDAIRKQMDAAASKGDVETHRKLKAKLKGIR,-1.161012982433935,0
Y29I,ITGDVSAANKDAIRKQMDAAASKGDVETIRKLKAKLKGIR,-0.773144192018233,0
Y29K,ITGDVSAANKDAIRKQMDAAASKGDVETKRKLKAKLKGIR,-1.5190010394396964,0
Y29L,ITGDVSAANKDAIRKQMDAAASKGDVETLRKLKAKLKGIR,-0.2417782196382094,0
Y29M,ITGDVSAANKDAIRKQMDAAASKGDVETMRKLKAKLKGIR,-0.5384120828847432,0
Y29N,ITGDVSAANKDAIRKQMDAAASKGDVETNRKLKAKLKGIR,-1.6170808630549378,0
Y29P,ITGDVSAANKDAIRKQMDAAASKGDVETPRKLKAKLKGIR,-1.8558918012961605,0
Y29Q,ITGDVSAANKDAIRKQMDAAASKGDVETQRKLKAKLKGIR,-1.2561566980073908,0
Y29R,ITGDVSAANKDAIRKQMDAAASKGDVETRRKLKAKLKGIR,-1.2089365198560715,0
Y29S,ITGDVSAANKDAIRKQMDAAASKGDVETSRKLKAKLKGIR,-1.628483289990604,0
Y29T,ITGDVSAANKDAIRKQMDAAASKGDVETTRKLKAKLKGIR,-1.186837086513426,0
Y29V,ITGDVSAANKDAIRKQMDAAASKGDVETVRKLKAKLKGIR,-0.5611128639968095,0
Y29W,ITGDVSAANKDAIRKQMDAAASKGDVETWRKLKAKLKGIR,-0.2309060967965139,0
