mutant,mutated_sequence,DMS_score,DMS_score_bin
A11C,SLSVDNKKFWCTVESSEHSFEVPIYAETLDEALELAEWQYVPAGFEVTRVRPCVAP,-0.2301376276475508,1
A11D,SLSVDNKKFWDTVESSEHSFEVPIYAETLDEALELAEWQYVPAGFEVTRVRPCVAP,-2.842859598308732,0
A11E,SLSVDNKKFWETVESSEHSFEVPIYAETLDEALELAEWQYVPAGFEVTRVRPCVAP,-2.8289515219957093,0
A11F,SLSVDNKKFWFTVESSEHSFEVPIYAETLDEALELAEWQYVPAGFEVTRVRPCVAP,-0.6398888181561637,1
A11G,SLSVDNKKFWGTVESSEHSFEVPIYAETLDEALELAEWQYVPAGFEVTRVRPCVAP,-1.9626759446028976,0
A11H,SLSVDNKKFWHTVESSEHSFEVPIYAETLDEALELAEWQYVPAGFEVTRVRPCVAP,-2.139819323260933,0
A11I,SLSVDNKKFWITVESSEHSFEVPIYAETLDEALELAEWQYVPAGFEVTRVRPCVAP,0.0476808123791254,1
A11K,SLSVDNKKFWKTVESSEHSFEVPIYAETLDEALELAEWQYVPAGFEVTRVRPCVAP,-2.4392385748138974,0
A11L,SLSVDNKKFWLTVESSEHSFEVPIYAETLDEALELAEWQYVPAGFEVTRVRPCVAP,-0.7461045326019626,1
A11M,SLSVDNKKFWMTVESSEHSFEVPIYAETLDEALELAEWQYVPAGFEVTRVRPCVAP,-0.94595307227241,1
A11N,SLSVDNKKFWNTVESSEHSFEVPIYAETLDEALELAEWQYVPAGFEVTRVRPCVAP,-2.361377487829785,0
A11P,SLSVDNKKFWPTVESSEHSFEVPIYAETLDEALELAEWQYVPAGFEVTRVRPCVAP,-2.6794135142394024,0
A11Q,SLSVDNKKFWQTVESSEHSFEVPIYAETLDEALELAEWQYVPAGFEVTRVRPCVAP,-2.3395229988141164,0
A11R,SLSVDNKKFWRTVESSEHSFEVPIYAETLDEALELAEWQYVPAGFEVTRVRPCVAP,-2.3172782386184028,0
A11S,SLSVDNKKFWSTVESSEHSFEVPIYAETLDEALELAEWQYVPAGFEVTRVRPCVAP,-2.083403757414678,0
A11T,SLSVDNKKFWTTVESSEHSFEVPIYAETLDEALELAEWQYVPAGFEVTRVRPCVAP,-1.896089962298235,0
A11V,SLSVDNKKFWVTVESSEHSFEVPIYAETLDEALELAEWQYVPAGFEVTRVRPCVAP,0.427028692249066,1
A11W,SLSVDNKKFWWTVESSEHSFEVPIYAETLDEALELAEWQYVPAGFEVTRVRPCVAP,-1.6910775100345004,0
A11Y,SLSVDNKKFWYTVESSEHSFEVPIYAETLDEALELAEWQYVPAGFEVTRVRPCVAP,-1.877395675577999,0
A26C,SLSVDNKKFWATVESSEHSFEVPIYCETLDEALELAEWQYVPAGFEVTRVRPCVAP,-0.8277785047301347,1
A26D,SLSVDNKKFWATVESSEHSFEVPIYDETLDEALELAEWQYVPAGFEVTRVRPCVAP,-2.552797243895659,0
A26E,SLSVDNKKFWATVESSEHSFEVPIYEETLDEALELAEWQYVPAGFEVTRVRPCVAP,-2.461591402997254,0
A26F,SLSVDNKKFWATVESSEHSFEVPIYFETLDEALELAEWQYVPAGFEVTRVRPCVAP,-1.995410583594881,0
A26G,SLSVDNKKFWATVESSEHSFEVPIYGETLDEALELAEWQYVPAGFEVTRVRPCVAP,-1.5812390499981053,0
A26H,SLSVDNKKFWATVESSEHSFEVPIYHETLDEALELAEWQYVPAGFEVTRVRPCVAP,-1.495578215031066,0
A26I,SLSVDNKKFWATVESSEHSFEVPIYIETLDEALELAEWQYVPAGFEVTRVRPCVAP,-1.886764623938412,0
A26K,SLSVDNKKFWATVESSEHSFEVPIYKETLDEALELAEWQYVPAGFEVTRVRPCVAP,-2.2460871296691742,0
A26L,SLSVDNKKFWATVESSEHSFEVPIYLETLDEALELAEWQYVPAGFEVTRVRPCVAP,-2.1249669962980016,0
A26M,SLSVDNKKFWATVESSEHSFEVPIYMETLDEALELAEWQYVPAGFEVTRVRPCVAP,-1.7353686964183952,0
A26N,SLSVDNKKFWATVESSEHSFEVPIYNETLDEALELAEWQYVPAGFEVTRVRPCVAP,-2.2485042543298404,0
A26P,SLSVDNKKFWATVESSEHSFEVPIYPETLDEALELAEWQYVPAGFEVTRVRPCVAP,-2.193263936990009,0
A26Q,SLSVDNKKFWATVESSEHSFEVPIYQETLDEALELAEWQYVPAGFEVTRVRPCVAP,-2.068552072851918,0
A26R,SLSVDNKKFWATVESSEHSFEVPIYRETLDEALELAEWQYVPAGFEVTRVRPCVAP,-1.8514874121613485,0
A26S,SLSVDNKKFWATVESSEHSFEVPIYSETLDEALELAEWQYVPAGFEVTRVRPCVAP,-1.4700266954458583,0
A26T,SLSVDNKKFWATVESSEHSFEVPIYTETLDEALELAEWQYVPAGFEVTRVRPCVAP,-1.969520914983355,0
A26V,SLSVDNKKFWATVESSEHSFEVPIYVETLDEALELAEWQYVPAGFEVTRVRPCVAP,-2.0119736621216373,0
A26W,SLSVDNKKFWATVESSEHSFEVPIYWETLDEALELAEWQYVPAGFEVTRVRPCVAP,-1.8646109451627009,0
A26Y,SLSVDNKKFWATVESSEHSFEVPIYYETLDEALELAEWQYVPAGFEVTRVRPCVAP,-1.8656451196469803,0
A32C,SLSVDNKKFWATVESSEHSFEVPIYAETLDECLELAEWQYVPAGFEVTRVRPCVAP,-0.7772303775595173,1
A32D,SLSVDNKKFWATVESSEHSFEVPIYAETLDEDLELAEWQYVPAGFEVTRVRPCVAP,-2.3335589356731297,0
A32E,SLSVDNKKFWATVESSEHSFEVPIYAETLDEELELAEWQYVPAGFEVTRVRPCVAP,-2.462790325091178,0
A32F,SLSVDNKKFWATVESSEHSFEVPIYAETLDEFLELAEWQYVPAGFEVTRVRPCVAP,-1.84012555216172,0
A32G,SLSVDNKKFWATVESSEHSFEVPIYAETLDEGLELAEWQYVPAGFEVTRVRPCVAP,-2.267077004376981,0
A32H,SLSVDNKKFWATVESSEHSFEVPIYAETLDEHLELAEWQYVPAGFEVTRVRPCVAP,-2.2339474485219277,0
A32I,SLSVDNKKFWATVESSEHSFEVPIYAETLDEILELAEWQYVPAGFEVTRVRPCVAP,-2.0026944849617907,0
A32K,SLSVDNKKFWATVESSEHSFEVPIYAETLDEKLELAEWQYVPAGFEVTRVRPCVAP,-2.169380018017508,0
A32L,SLSVDNKKFWATVESSEHSFEVPIYAETLDELLELAEWQYVPAGFEVTRVRPCVAP,-1.7143400669729203,0
A32M,SLSVDNKKFWATVESSEHSFEVPIYAETLDEMLELAEWQYVPAGFEVTRVRPCVAP,-2.053238497721675,0
A32N,SLSVDNKKFWATVESSEHSFEVPIYAETLDENLELAEWQYVPAGFEVTRVRPCVAP,-2.4042889584391034,0
A32P,SLSVDNKKFWATVESSEHSFEVPIYAETLDEPLELAEWQYVPAGFEVTRVRPCVAP,-2.525056588878467,0
A32Q,SLSVDNKKFWATVESSEHSFEVPIYAETLDEQLELAEWQYVPAGFEVTRVRPCVAP,-2.458884865299316,0
A32R,SLSVDNKKFWATVESSEHSFEVPIYAETLDERLELAEWQYVPAGFEVTRVRPCVAP,-2.368651613166584,0
A32S,SLSVDNKKFWATVESSEHSFEVPIYAETLDESLELAEWQYVPAGFEVTRVRPCVAP,-2.0356988570575707,0
A32T,SLSVDNKKFWATVESSEHSFEVPIYAETLDETLELAEWQYVPAGFEVTRVRPCVAP,-2.3890086432954654,0
A32V,SLSVDNKKFWATVESSEHSFEVPIYAETLDEVLELAEWQYVPAGFEVTRVRPCVAP,-1.8651263162339136,0
A32W,SLSVDNKKFWATVESSEHSFEVPIYAETLDEWLELAEWQYVPAGFEVTRVRPCVAP,-1.783009375927644,0
A32Y,SLSVDNKKFWATVESSEHSFEVPIYAETLDEYLELAEWQYVPAGFEVTRVRPCVAP,-1.9366603691742752,0
A36C,SLSVDNKKFWATVESSEHSFEVPIYAETLDEALELCEWQYVPAGFEVTRVRPCVAP,-0.6814912653564982,1
A36D,SLSVDNKKFWATVESSEHSFEVPIYAETLDEALELDEWQYVPAGFEVTRVRPCVAP,-2.5767785810846062,0
A36E,SLSVDNKKFWATVESSEHSFEVPIYAETLDEALELEEWQYVPAGFEVTRVRPCVAP,-2.238542419558799,0
A36F,SLSVDNKKFWATVESSEHSFEVPIYAETLDEALELFEWQYVPAGFEVTRVRPCVAP,-1.2409403832010455,0
A36G,SLSVDNKKFWATVESSEHSFEVPIYAETLDEALELGEWQYVPAGFEVTRVRPCVAP,-1.8663962208081304,0
A36H,SLSVDNKKFWATVESSEHSFEVPIYAETLDEALELHEWQYVPAGFEVTRVRPCVAP,-2.298018300990396,0
A36I,SLSVDNKKFWATVESSEHSFEVPIYAETLDEALELIEWQYVPAGFEVTRVRPCVAP,-1.038191858919973,1
A36K,SLSVDNKKFWATVESSEHSFEVPIYAETLDEALELKEWQYVPAGFEVTRVRPCVAP,-2.405147143898801,0
A36L,SLSVDNKKFWATVESSEHSFEVPIYAETLDEALELLEWQYVPAGFEVTRVRPCVAP,-0.6693936983572837,1
A36M,SLSVDNKKFWATVESSEHSFEVPIYAETLDEALELMEWQYVPAGFEVTRVRPCVAP,-1.1979024427646785,0
A36N,SLSVDNKKFWATVESSEHSFEVPIYAETLDEALELNEWQYVPAGFEVTRVRPCVAP,-2.3307423201357853,0
A36P,SLSVDNKKFWATVESSEHSFEVPIYAETLDEALELPEWQYVPAGFEVTRVRPCVAP,-1.8857858893240216,0
A36Q,SLSVDNKKFWATVESSEHSFEVPIYAETLDEALELQEWQYVPAGFEVTRVRPCVAP,-1.827653181550611,0
A36R,SLSVDNKKFWATVESSEHSFEVPIYAETLDEALELREWQYVPAGFEVTRVRPCVAP,-1.9608981210079568,0
A36S,SLSVDNKKFWATVESSEHSFEVPIYAETLDEALELSEWQYVPAGFEVTRVRPCVAP,-1.572776233362138,0
A36T,SLSVDNKKFWATVESSEHSFEVPIYAETLDEALELTEWQYVPAGFEVTRVRPCVAP,-1.588828291967861,0
A36V,SLSVDNKKFWATVESSEHSFEVPIYAETLDEALELVEWQYVPAGFEVTRVRPCVAP,-0.8836221396604227,1
A36W,SLSVDNKKFWATVESSEHSFEVPIYAETLDEALELWEWQYVPAGFEVTRVRPCVAP,-1.548321709351252,0
A36Y,SLSVDNKKFWATVESSEHSFEVPIYAETLDEALELYEWQYVPAGFEVTRVRPCVAP,-1.687642576735447,0
A43C,SLSVDNKKFWATVESSEHSFEVPIYAETLDEALELAEWQYVPCGFEVTRVRPCVAP,0.8143471403103248,1
A43D,SLSVDNKKFWATVESSEHSFEVPIYAETLDEALELAEWQYVPDGFEVTRVRPCVAP,-0.3400781262841961,1
A43E,SLSVDNKKFWATVESSEHSFEVPIYAETLDEALELAEWQYVPEGFEVTRVRPCVAP,-0.215789905156317,1
A43F,SLSVDNKKFWATVESSEHSFEVPIYAETLDEALELAEWQYVPFGFEVTRVRPCVAP,0.4211266810060725,1
A43G,SLSVDNKKFWATVESSEHSFEVPIYAETLDEALELAEWQYVPGGFEVTRVRPCVAP,-0.6031577807794117,1
A43H,SLSVDNKKFWATVESSEHSFEVPIYAETLDEALELAEWQYVPHGFEVTRVRPCVAP,-0.0144736730322199,1
A43I,SLSVDNKKFWATVESSEHSFEVPIYAETLDEALELAEWQYVPIGFEVTRVRPCVAP,-0.2708574691426406,1
A43K,SLSVDNKKFWATVESSEHSFEVPIYAETLDEALELAEWQYVPKGFEVTRVRPCVAP,0.2695158358105871,1
A43L,SLSVDNKKFWATVESSEHSFEVPIYAETLDEALELAEWQYVPLGFEVTRVRPCVAP,1.1283399096720093,1
A43M,SLSVDNKKFWATVESSEHSFEVPIYAETLDEALELAEWQYVPMGFEVTRVRPCVAP,0.7302424980576498,1
A43N,SLSVDNKKFWATVESSEHSFEVPIYAETLDEALELAEWQYVPNGFEVTRVRPCVAP,-0.289108295053746,1
A43P,SLSVDNKKFWATVESSEHSFEVPIYAETLDEALELAEWQYVPPGFEVTRVRPCVAP,-1.0717875310380496,1
A43Q,SLSVDNKKFWATVESSEHSFEVPIYAETLDEALELAEWQYVPQGFEVTRVRPCVAP,0.4678985121610823,1
A43R,SLSVDNKKFWATVESSEHSFEVPIYAETLDEALELAEWQYVPRGFEVTRVRPCVAP,0.1338172294007322,1
A43S,SLSVDNKKFWATVESSEHSFEVPIYAETLDEALELAEWQYVPSGFEVTRVRPCVAP,-0.3567361781647955,1
A43T,SLSVDNKKFWATVESSEHSFEVPIYAETLDEALELAEWQYVPTGFEVTRVRPCVAP,-1.0862351066754932,1
A43V,SLSVDNKKFWATVESSEHSFEVPIYAETLDEALELAEWQYVPVGFEVTRVRPCVAP,-0.5206439901411462,1
A43W,SLSVDNKKFWATVESSEHSFEVPIYAETLDEALELAEWQYVPWGFEVTRVRPCVAP,0.6454698885525949,1
A43Y,SLSVDNKKFWATVESSEHSFEVPIYAETLDEALELAEWQYVPYGFEVTRVRPCVAP,0.4360246799708611,1
A55C,SLSVDNKKFWATVESSEHSFEVPIYAETLDEALELAEWQYVPAGFEVTRVRPCVCP,0.1104697358300681,1
A55D,SLSVDNKKFWATVESSEHSFEVPIYAETLDEALELAEWQYVPAGFEVTRVRPCVDP,-0.1226967903706937,1
A55E,SLSVDNKKFWATVESSEHSFEVPIYAETLDEALELAEWQYVPAGFEVTRVRPCVEP,-0.0342507482762233,1
A55F,SLSVDNKKFWATVESSEHSFEVPIYAETLDEALELAEWQYVPAGFEVTRVRPCVFP,0.0026554348402241,1
A55G,SLSVDNKKFWATVESSEHSFEVPIYAETLDEALELAEWQYVPAGFEVTRVRPCVGP,-0.0275999509023736,1
A55H,SLSVDNKKFWATVESSEHSFEVPIYAETLDEALELAEWQYVPAGFEVTRVRPCVHP,-0.0138602464602466,1
A55I,SLSVDNKKFWATVESSEHSFEVPIYAETLDEALELAEWQYVPAGFEVTRVRPCVIP,0.0095780258888331,1
A55K,SLSVDNKKFWATVESSEHSFEVPIYAETLDEALELAEWQYVPAGFEVTRVRPCVKP,-0.1346980122787258,1
A55L,SLSVDNKKFWATVESSEHSFEVPIYAETLDEALELAEWQYVPAGFEVTRVRPCVLP,0.0421092933456277,1
A55M,SLSVDNKKFWATVESSEHSFEVPIYAETLDEALELAEWQYVPAGFEVTRVRPCVMP,0.1109762542321188,1
A55N,SLSVDNKKFWATVESSEHSFEVPIYAETLDEALELAEWQYVPAGFEVTRVRPCVNP,-0.0829252615155002,1
A55P,SLSVDNKKFWATVESSEHSFEVPIYAETLDEALELAEWQYVPAGFEVTRVRPCVPP,-0.1954419196729677,1
A55Q,SLSVDNKKFWATVESSEHSFEVPIYAETLDEALELAEWQYVPAGFEVTRVRPCVQP,-0.1268966772678439,1
A55R,SLSVDNKKFWATVESSEHSFEVPIYAETLDEALELAEWQYVPAGFEVTRVRPCVRP,0.0033700196289609,1
A55S,SLSVDNKKFWATVESSEHSFEVPIYAETLDEALELAEWQYVPAGFEVTRVRPCVSP,-0.0172656621634383,1
A55T,SLSVDNKKFWATVESSEHSFEVPIYAETLDEALELAEWQYVPAGFEVTRVRPCVTP,-0.0714852777765537,1
A55V,SLSVDNKKFWATVESSEHSFEVPIYAETLDEALELAEWQYVPAGFEVTRVRPCVVP,-0.0252215682477507,1
A55W,SLSVDNKKFWATVESSEHSFEVPIYAETLDEALELAEWQYVPAGFEVTRVRPCVWP,-0.0723954246059657,1
A55Y,SLSVDNKKFWATVESSEHSFEVPIYAETLDEALELAEWQYVPAGFEVTRVRPCVYP,0.0013984739419301,1
C53A,SLSVDNKKFWATVESSEHSFEVPIYAETLDEALELAEWQYVPAGFEVTRVRPAVAP,0.1942556569398084,1
C53D,SLSVDNKKFWATVESSEHSFEVPIYAETLDEALELAEWQYVPAGFEVTRVRPDVAP,0.6648817532555213,1
C53E,SLSVDNKKFWATVESSEHSFEVPIYAETLDEALELAEWQYVPAGFEVTRVRPEVAP,-0.0293559724777887,1
C53F,SLSVDNKKFWATVESSEHSFEVPIYAETLDEALELAEWQYVPAGFEVTRVRPFVAP,-0.520728483269431,1
C53G,SLSVDNKKFWATVESSEHSFEVPIYAETLDEALELAEWQYVPAGFEVTRVRPGVAP,-0.7357529635078801,1
C53H,SLSVDNKKFWATVESSEHSFEVPIYAETLDEALELAEWQYVPAGFEVTRVRPHVAP,-0.0593859115753354,1
C53I,SLSVDNKKFWATVESSEHSFEVPIYAETLDEALELAEWQYVPAGFEVTRVRPIVAP,-1.105174084350104,0
C53K,SLSVDNKKFWATVESSEHSFEVPIYAETLDEALELAEWQYVPAGFEVTRVRPKVAP,-1.932734730238465,0
C53L,SLSVDNKKFWATVESSEHSFEVPIYAETLDEALELAEWQYVPAGFEVTRVRPLVAP,-1.0974497620185637,1
C53M,SLSVDNKKFWATVESSEHSFEVPIYAETLDEALELAEWQYVPAGFEVTRVRPMVAP,-0.5669870008233238,1
C53N,SLSVDNKKFWATVESSEHSFEVPIYAETLDEALELAEWQYVPAGFEVTRVRPNVAP,-0.3711747504037008,1
C53P,SLSVDNKKFWATVESSEHSFEVPIYAETLDEALELAEWQYVPAGFEVTRVRPPVAP,-1.3604715410313792,0
C53Q,SLSVDNKKFWATVESSEHSFEVPIYAETLDEALELAEWQYVPAGFEVTRVRPQVAP,-0.6198139751498946,1
C53R,SLSVDNKKFWATVESSEHSFEVPIYAETLDEALELAEWQYVPAGFEVTRVRPRVAP,-1.6775813701161333,0
C53S,SLSVDNKKFWATVESSEHSFEVPIYAETLDEALELAEWQYVPAGFEVTRVRPSVAP,-0.2694642318964511,1
C53T,SLSVDNKKFWATVESSEHSFEVPIYAETLDEALELAEWQYVPAGFEVTRVRPTVAP,-0.8099860244243544,1
C53V,SLSVDNKKFWATVESSEHSFEVPIYAETLDEALELAEWQYVPAGFEVTRVRPVVAP,-0.5003236764726395,1
C53W,SLSVDNKKFWATVESSEHSFEVPIYAETLDEALELAEWQYVPAGFEVTRVRPWVAP,-0.5832731798287667,1
C53Y,SLSVDNKKFWATVESSEHSFEVPIYAETLDEALELAEWQYVPAGFEVTRVRPYVAP,-0.516103581661719,1
D30A,SLSVDNKKFWATVESSEHSFEVPIYAETLAEALELAEWQYVPAGFEVTRVRPCVAP,0.2652197815350865,1
D30C,SLSVDNKKFWATVESSEHSFEVPIYAETLCEALELAEWQYVPAGFEVTRVRPCVAP,0.0919863949036452,1
D30E,SLSVDNKKFWATVESSEHSFEVPIYAETLEEALELAEWQYVPAGFEVTRVRPCVAP,0.5141900193614748,1
D30F,SLSVDNKKFWATVESSEHSFEVPIYAETLFEALELAEWQYVPAGFEVTRVRPCVAP,-0.1868661842314831,1
D30G,SLSVDNKKFWATVESSEHSFEVPIYAETLGEALELAEWQYVPAGFEVTRVRPCVAP,-0.1700691578313904,1
D30H,SLSVDNKKFWATVESSEHSFEVPIYAETLHEALELAEWQYVPAGFEVTRVRPCVAP,-0.0226384600774567,1
D30I,SLSVDNKKFWATVESSEHSFEVPIYAETLIEALELAEWQYVPAGFEVTRVRPCVAP,-0.0843357727987514,1
D30K,SLSVDNKKFWATVESSEHSFEVPIYAETLKEALELAEWQYVPAGFEVTRVRPCVAP,0.2862483961849884,1
D30L,SLSVDNKKFWATVESSEHSFEVPIYAETLLEALELAEWQYVPAGFEVTRVRPCVAP,0.0657017943926212,1
D30M,SLSVDNKKFWATVESSEHSFEVPIYAETLMEALELAEWQYVPAGFEVTRVRPCVAP,0.1035826877260666,1
D30N,SLSVDNKKFWATVESSEHSFEVPIYAETLNEALELAEWQYVPAGFEVTRVRPCVAP,-0.2269512733162018,1
D30P,SLSVDNKKFWATVESSEHSFEVPIYAETLPEALELAEWQYVPAGFEVTRVRPCVAP,-0.7806901577597762,1
D30Q,SLSVDNKKFWATVESSEHSFEVPIYAETLQEALELAEWQYVPAGFEVTRVRPCVAP,0.5306156571976479,1
D30R,SLSVDNKKFWATVESSEHSFEVPIYAETLREALELAEWQYVPAGFEVTRVRPCVAP,0.2776523863461797,1
D30S,SLSVDNKKFWATVESSEHSFEVPIYAETLSEALELAEWQYVPAGFEVTRVRPCVAP,0.0963592692588966,1
D30T,SLSVDNKKFWATVESSEHSFEVPIYAETLTEALELAEWQYVPAGFEVTRVRPCVAP,-0.0662984441645884,1
D30V,SLSVDNKKFWATVESSEHSFEVPIYAETLVEALELAEWQYVPAGFEVTRVRPCVAP,-0.1386150797502434,1
D30W,SLSVDNKKFWATVESSEHSFEVPIYAETLWEALELAEWQYVPAGFEVTRVRPCVAP,0.2858238454597321,1
D30Y,SLSVDNKKFWATVESSEHSFEVPIYAETLYEALELAEWQYVPAGFEVTRVRPCVAP,-0.1111826547668277,1
D5A,SLSVANKKFWATVESSEHSFEVPIYAETLDEALELAEWQYVPAGFEVTRVRPCVAP,0.4948703590859047,1
D5E,SLSVENKKFWATVESSEHSFEVPIYAETLDEALELAEWQYVPAGFEVTRVRPCVAP,0.0262637998429697,1
D5F,SLSVFNKKFWATVESSEHSFEVPIYAETLDEALELAEWQYVPAGFEVTRVRPCVAP,0.3660070027438165,1
D5G,SLSVGNKKFWATVESSEHSFEVPIYAETLDEALELAEWQYVPAGFEVTRVRPCVAP,0.7033696892384746,1
D5H,SLSVHNKKFWATVESSEHSFEVPIYAETLDEALELAEWQYVPAGFEVTRVRPCVAP,0.8825757953639695,1
D5I,SLSVINKKFWATVESSEHSFEVPIYAETLDEALELAEWQYVPAGFEVTRVRPCVAP,0.3966452056178764,1
D5K,SLSVKNKKFWATVESSEHSFEVPIYAETLDEALELAEWQYVPAGFEVTRVRPCVAP,0.6425637818557104,1
D5L,SLSVLNKKFWATVESSEHSFEVPIYAETLDEALELAEWQYVPAGFEVTRVRPCVAP,0.4763437732121272,1
D5M,SLSVMNKKFWATVESSEHSFEVPIYAETLDEALELAEWQYVPAGFEVTRVRPCVAP,0.4653333393569729,1
D5N,SLSVNNKKFWATVESSEHSFEVPIYAETLDEALELAEWQYVPAGFEVTRVRPCVAP,0.5415806765250921,1
D5P,SLSVPNKKFWATVESSEHSFEVPIYAETLDEALELAEWQYVPAGFEVTRVRPCVAP,0.4054545151026163,1
D5Q,SLSVQNKKFWATVESSEHSFEVPIYAETLDEALELAEWQYVPAGFEVTRVRPCVAP,0.5476155828384575,1
D5R,SLSVRNKKFWATVESSEHSFEVPIYAETLDEALELAEWQYVPAGFEVTRVRPCVAP,0.6185382777839203,1
D5S,SLSVSNKKFWATVESSEHSFEVPIYAETLDEALELAEWQYVPAGFEVTRVRPCVAP,0.4442791686127623,1
D5T,SLSVTNKKFWATVESSEHSFEVPIYAETLDEALELAEWQYVPAGFEVTRVRPCVAP,0.5167094613973462,1
D5V,SLSVVNKKFWATVESSEHSFEVPIYAETLDEALELAEWQYVPAGFEVTRVRPCVAP,0.6485129522645283,1
D5W,SLSVWNKKFWATVESSEHSFEVPIYAETLDEALELAEWQYVPAGFEVTRVRPCVAP,0.157536448710196,1
D5Y,SLSVYNKKFWATVESSEHSFEVPIYAETLDEALELAEWQYVPAGFEVTRVRPCVAP,0.1857524785873532,1
E14A,SLSVDNKKFWATVASSEHSFEVPIYAETLDEALELAEWQYVPAGFEVTRVRPCVAP,0.001078035979388,1
E14C,SLSVDNKKFWATVCSSEHSFEVPIYAETLDEALELAEWQYVPAGFEVTRVRPCVAP,-0.4805571590737436,1
E14D,SLSVDNKKFWATVDSSEHSFEVPIYAETLDEALELAEWQYVPAGFEVTRVRPCVAP,-1.0215965107360745,1
E14F,SLSVDNKKFWATVFSSEHSFEVPIYAETLDEALELAEWQYVPAGFEVTRVRPCVAP,-0.1755373834163718,1
E14G,SLSVDNKKFWATVGSSEHSFEVPIYAETLDEALELAEWQYVPAGFEVTRVRPCVAP,-0.6455359572721187,1
E14H,SLSVDNKKFWATVHSSEHSFEVPIYAETLDEALELAEWQYVPAGFEVTRVRPCVAP,-0.0806115495623407,1
E14I,SLSVDNKKFWATVISSEHSFEVPIYAETLDEALELAEWQYVPAGFEVTRVRPCVAP,0.1668388163167486,1
E14K,SLSVDNKKFWATVKSSEHSFEVPIYAETLDEALELAEWQYVPAGFEVTRVRPCVAP,0.5079775632995069,1
E14L,SLSVDNKKFWATVLSSEHSFEVPIYAETLDEALELAEWQYVPAGFEVTRVRPCVAP,-0.2001251017476217,1
E14M,SLSVDNKKFWATVMSSEHSFEVPIYAETLDEALELAEWQYVPAGFEVTRVRPCVAP,0.2355673648008811,1
E14N,SLSVDNKKFWATVNSSEHSFEVPIYAETLDEALELAEWQYVPAGFEVTRVRPCVAP,-0.2909549282121464,1
E14P,SLSVDNKKFWATVPSSEHSFEVPIYAETLDEALELAEWQYVPAGFEVTRVRPCVAP,-2.1836659074847966,0
E14Q,SLSVDNKKFWATVQSSEHSFEVPIYAETLDEALELAEWQYVPAGFEVTRVRPCVAP,0.2982992362997194,1
E14R,SLSVDNKKFWATVRSSEHSFEVPIYAETLDEALELAEWQYVPAGFEVTRVRPCVAP,0.5232804013829941,1
E14S,SLSVDNKKFWATVSSSEHSFEVPIYAETLDEALELAEWQYVPAGFEVTRVRPCVAP,0.194481481057299,1
E14T,SLSVDNKKFWATVTSSEHSFEVPIYAETLDEALELAEWQYVPAGFEVTRVRPCVAP,0.3759301820648382,1
E14V,SLSVDNKKFWATVVSSEHSFEVPIYAETLDEALELAEWQYVPAGFEVTRVRPCVAP,0.4877569231171534,1
E14W,SLSVDNKKFWATVWSSEHSFEVPIYAETLDEALELAEWQYVPAGFEVTRVRPCVAP,0.108453331253671,1
E14Y,SLSVDNKKFWATVYSSEHSFEVPIYAETLDEALELAEWQYVPAGFEVTRVRPCVAP,0.0020335152942072,1
E17A,SLSVDNKKFWATVESSAHSFEVPIYAETLDEALELAEWQYVPAGFEVTRVRPCVAP,-0.2816569735774918,1
E17C,SLSVDNKKFWATVESSCHSFEVPIYAETLDEALELAEWQYVPAGFEVTRVRPCVAP,-0.1218631955016018,1
E17D,SLSVDNKKFWATVESSDHSFEVPIYAETLDEALELAEWQYVPAGFEVTRVRPCVAP,0.0446300813640139,1
E17F,SLSVDNKKFWATVESSFHSFEVPIYAETLDEALELAEWQYVPAGFEVTRVRPCVAP,0.1028935160040065,1
E17G,SLSVDNKKFWATVESSGHSFEVPIYAETLDEALELAEWQYVPAGFEVTRVRPCVAP,0.2210353006810903,1
E17H,SLSVDNKKFWATVESSHHSFEVPIYAETLDEALELAEWQYVPAGFEVTRVRPCVAP,0.4221784864656341,1
E17I,SLSVDNKKFWATVESSIHSFEVPIYAETLDEALELAEWQYVPAGFEVTRVRPCVAP,-0.2694639598641437,1
E17K,SLSVDNKKFWATVESSKHSFEVPIYAETLDEALELAEWQYVPAGFEVTRVRPCVAP,-0.1248316746583713,1
E17L,SLSVDNKKFWATVESSLHSFEVPIYAETLDEALELAEWQYVPAGFEVTRVRPCVAP,-0.1076505292517744,1
E17M,SLSVDNKKFWATVESSMHSFEVPIYAETLDEALELAEWQYVPAGFEVTRVRPCVAP,-0.0298387800408068,1
E17N,SLSVDNKKFWATVESSNHSFEVPIYAETLDEALELAEWQYVPAGFEVTRVRPCVAP,-0.0409410018896827,1
E17P,SLSVDNKKFWATVESSPHSFEVPIYAETLDEALELAEWQYVPAGFEVTRVRPCVAP,-1.0770586975900909,1
E17Q,SLSVDNKKFWATVESSQHSFEVPIYAETLDEALELAEWQYVPAGFEVTRVRPCVAP,-0.2582139646545327,1
E17R,SLSVDNKKFWATVESSRHSFEVPIYAETLDEALELAEWQYVPAGFEVTRVRPCVAP,-0.027523464423214,1
E17S,SLSVDNKKFWATVESSSHSFEVPIYAETLDEALELAEWQYVPAGFEVTRVRPCVAP,0.1304741917111433,1
E17T,SLSVDNKKFWATVESSTHSFEVPIYAETLDEALELAEWQYVPAGFEVTRVRPCVAP,0.282593957231029,1
E17V,SLSVDNKKFWATVESSVHSFEVPIYAETLDEALELAEWQYVPAGFEVTRVRPCVAP,-0.1868019726055712,1
E17W,SLSVDNKKFWATVESSWHSFEVPIYAETLDEALELAEWQYVPAGFEVTRVRPCVAP,0.3037697850736673,1
E17Y,SLSVDNKKFWATVESSYHSFEVPIYAETLDEALELAEWQYVPAGFEVTRVRPCVAP,0.1540933057255968,1
E21A,SLSVDNKKFWATVESSEHSFAVPIYAETLDEALELAEWQYVPAGFEVTRVRPCVAP,-1.0159880409198316,1
E21C,SLSVDNKKFWATVESSEHSFCVPIYAETLDEALELAEWQYVPAGFEVTRVRPCVAP,-0.4115034104575668,1
E21D,SLSVDNKKFWATVESSEHSFDVPIYAETLDEALELAEWQYVPAGFEVTRVRPCVAP,-0.2246646845221316,1
E21F,SLSVDNKKFWATVESSEHSFFVPIYAETLDEALELAEWQYVPAGFEVTRVRPCVAP,-0.7502188648460695,1
E21G,SLSVDNKKFWATVESSEHSFGVPIYAETLDEALELAEWQYVPAGFEVTRVRPCVAP,-0.6733704140327281,1
E21H,SLSVDNKKFWATVESSEHSFHVPIYAETLDEALELAEWQYVPAGFEVTRVRPCVAP,-0.5186741357862943,1
E21I,SLSVDNKKFWATVESSEHSFIVPIYAETLDEALELAEWQYVPAGFEVTRVRPCVAP,-0.1488310854548871,1
E21K,SLSVDNKKFWATVESSEHSFKVPIYAETLDEALELAEWQYVPAGFEVTRVRPCVAP,-0.8272175134715767,1
E21L,SLSVDNKKFWATVESSEHSFLVPIYAETLDEALELAEWQYVPAGFEVTRVRPCVAP,-0.4768550167749179,1
E21M,SLSVDNKKFWATVESSEHSFMVPIYAETLDEALELAEWQYVPAGFEVTRVRPCVAP,-0.3849174481312625,1
E21N,SLSVDNKKFWATVESSEHSFNVPIYAETLDEALELAEWQYVPAGFEVTRVRPCVAP,-0.4721414583223984,1
E21P,SLSVDNKKFWATVESSEHSFPVPIYAETLDEALELAEWQYVPAGFEVTRVRPCVAP,-2.0634739363067185,0
E21Q,SLSVDNKKFWATVESSEHSFQVPIYAETLDEALELAEWQYVPAGFEVTRVRPCVAP,-0.4619975098475732,1
E21R,SLSVDNKKFWATVESSEHSFRVPIYAETLDEALELAEWQYVPAGFEVTRVRPCVAP,-0.7599750563586678,1
E21S,SLSVDNKKFWATVESSEHSFSVPIYAETLDEALELAEWQYVPAGFEVTRVRPCVAP,-0.6497441762962317,1
E21T,SLSVDNKKFWATVESSEHSFTVPIYAETLDEALELAEWQYVPAGFEVTRVRPCVAP,-0.3629677373259952,1
E21V,SLSVDNKKFWATVESSEHSFVVPIYAETLDEALELAEWQYVPAGFEVTRVRPCVAP,-0.187860058406911,1
E21W,SLSVDNKKFWATVESSEHSFWVPIYAETLDEALELAEWQYVPAGFEVTRVRPCVAP,-0.5700848131197573,1
E21Y,SLSVDNKKFWATVESSEHSFYVPIYAETLDEALELAEWQYVPAGFEVTRVRPCVAP,-0.619543732494015,1
E27A,SLSVDNKKFWATVESSEHSFEVPIYAATLDEALELAEWQYVPAGFEVTRVRPCVAP,0.4773267168817772,1
E27C,SLSVDNKKFWATVESSEHSFEVPIYACTLDEALELAEWQYVPAGFEVTRVRPCVAP,-0.5016251830078335,1
E27D,SLSVDNKKFWATVESSEHSFEVPIYADTLDEALELAEWQYVPAGFEVTRVRPCVAP,-0.0692552772805363,1
E27F,SLSVDNKKFWATVESSEHSFEVPIYAFTLDEALELAEWQYVPAGFEVTRVRPCVAP,0.1635015100365975,1
E27G,SLSVDNKKFWATVESSEHSFEVPIYAGTLDEALELAEWQYVPAGFEVTRVRPCVAP,0.1234751839879972,1
E27H,SLSVDNKKFWATVESSEHSFEVPIYAHTLDEALELAEWQYVPAGFEVTRVRPCVAP,0.4051054265673746,1
E27I,SLSVDNKKFWATVESSEHSFEVPIYAITLDEALELAEWQYVPAGFEVTRVRPCVAP,-0.2185300855587395,1
E27K,SLSVDNKKFWATVESSEHSFEVPIYAKTLDEALELAEWQYVPAGFEVTRVRPCVAP,0.7673853114191429,1
E27L,SLSVDNKKFWATVESSEHSFEVPIYALTLDEALELAEWQYVPAGFEVTRVRPCVAP,0.2567831475268196,1
E27M,SLSVDNKKFWATVESSEHSFEVPIYAMTLDEALELAEWQYVPAGFEVTRVRPCVAP,0.4511200501614349,1
E27N,SLSVDNKKFWATVESSEHSFEVPIYANTLDEALELAEWQYVPAGFEVTRVRPCVAP,0.1729068457491944,1
E27P,SLSVDNKKFWATVESSEHSFEVPIYAPTLDEALELAEWQYVPAGFEVTRVRPCVAP,0.2836777295462616,1
E27Q,SLSVDNKKFWATVESSEHSFEVPIYAQTLDEALELAEWQYVPAGFEVTRVRPCVAP,0.4460575627615535,1
E27R,SLSVDNKKFWATVESSEHSFEVPIYARTLDEALELAEWQYVPAGFEVTRVRPCVAP,0.5256676902940254,1
E27S,SLSVDNKKFWATVESSEHSFEVPIYASTLDEALELAEWQYVPAGFEVTRVRPCVAP,0.3588574255398082,1
E27T,SLSVDNKKFWATVESSEHSFEVPIYATTLDEALELAEWQYVPAGFEVTRVRPCVAP,0.3233189754678816,1
E27V,SLSVDNKKFWATVESSEHSFEVPIYAVTLDEALELAEWQYVPAGFEVTRVRPCVAP,-0.0477242584652151,1
E27W,SLSVDNKKFWATVESSEHSFEVPIYAWTLDEALELAEWQYVPAGFEVTRVRPCVAP,-0.133555513372944,1
E27Y,SLSVDNKKFWATVESSEHSFEVPIYAYTLDEALELAEWQYVPAGFEVTRVRPCVAP,0.2498468269832967,1
E31A,SLSVDNKKFWATVESSEHSFEVPIYAETLDAALELAEWQYVPAGFEVTRVRPCVAP,0.0100692443632146,1
E31C,SLSVDNKKFWATVESSEHSFEVPIYAETLDCALELAEWQYVPAGFEVTRVRPCVAP,-0.6748860409557027,1
E31D,SLSVDNKKFWATVESSEHSFEVPIYAETLDDALELAEWQYVPAGFEVTRVRPCVAP,-0.5279618987228454,1
E31F,SLSVDNKKFWATVESSEHSFEVPIYAETLDFALELAEWQYVPAGFEVTRVRPCVAP,-0.7426191251610001,1
E31G,SLSVDNKKFWATVESSEHSFEVPIYAETLDGALELAEWQYVPAGFEVTRVRPCVAP,-0.8151995065771733,1
E31H,SLSVDNKKFWATVESSEHSFEVPIYAETLDHALELAEWQYVPAGFEVTRVRPCVAP,-0.051569463481389,1
E31I,SLSVDNKKFWATVESSEHSFEVPIYAETLDIALELAEWQYVPAGFEVTRVRPCVAP,-0.5537249402163931,1
E31K,SLSVDNKKFWATVESSEHSFEVPIYAETLDKALELAEWQYVPAGFEVTRVRPCVAP,0.4780112642166929,1
E31L,SLSVDNKKFWATVESSEHSFEVPIYAETLDLALELAEWQYVPAGFEVTRVRPCVAP,-0.0467693929199031,1
E31M,SLSVDNKKFWATVESSEHSFEVPIYAETLDMALELAEWQYVPAGFEVTRVRPCVAP,0.0230716962521322,1
E31N,SLSVDNKKFWATVESSEHSFEVPIYAETLDNALELAEWQYVPAGFEVTRVRPCVAP,-0.9440372673801908,1
E31P,SLSVDNKKFWATVESSEHSFEVPIYAETLDPALELAEWQYVPAGFEVTRVRPCVAP,-2.377337440080587,0
E31Q,SLSVDNKKFWATVESSEHSFEVPIYAETLDQALELAEWQYVPAGFEVTRVRPCVAP,0.2413428066304783,1
E31R,SLSVDNKKFWATVESSEHSFEVPIYAETLDRALELAEWQYVPAGFEVTRVRPCVAP,0.1640747380343699,1
E31S,SLSVDNKKFWATVESSEHSFEVPIYAETLDSALELAEWQYVPAGFEVTRVRPCVAP,-0.6191354213467766,1
E31T,SLSVDNKKFWATVESSEHSFEVPIYAETLDTALELAEWQYVPAGFEVTRVRPCVAP,-0.9764013404478632,1
E31V,SLSVDNKKFWATVESSEHSFEVPIYAETLDVALELAEWQYVPAGFEVTRVRPCVAP,-0.9400432773257944,1
E31W,SLSVDNKKFWATVESSEHSFEVPIYAETLDWALELAEWQYVPAGFEVTRVRPCVAP,-1.1456343762303878,0
E31Y,SLSVDNKKFWATVESSEHSFEVPIYAETLDYALELAEWQYVPAGFEVTRVRPCVAP,-0.8825781957820109,1
E34A,SLSVDNKKFWATVESSEHSFEVPIYAETLDEALALAEWQYVPAGFEVTRVRPCVAP,0.5802296692125006,1
E34C,SLSVDNKKFWATVESSEHSFEVPIYAETLDEALCLAEWQYVPAGFEVTRVRPCVAP,0.0736369601372444,1
E34D,SLSVDNKKFWATVESSEHSFEVPIYAETLDEALDLAEWQYVPAGFEVTRVRPCVAP,-0.5283791178466595,1
E34F,SLSVDNKKFWATVESSEHSFEVPIYAETLDEALFLAEWQYVPAGFEVTRVRPCVAP,0.3378007624659975,1
E34G,SLSVDNKKFWATVESSEHSFEVPIYAETLDEALGLAEWQYVPAGFEVTRVRPCVAP,-0.438211942660772,1
E34H,SLSVDNKKFWATVESSEHSFEVPIYAETLDEALHLAEWQYVPAGFEVTRVRPCVAP,0.069425185417125,1
E34I,SLSVDNKKFWATVESSEHSFEVPIYAETLDEALILAEWQYVPAGFEVTRVRPCVAP,0.2780975801207237,1
E34K,SLSVDNKKFWATVESSEHSFEVPIYAETLDEALKLAEWQYVPAGFEVTRVRPCVAP,0.7786040198565729,1
E34L,SLSVDNKKFWATVESSEHSFEVPIYAETLDEALLLAEWQYVPAGFEVTRVRPCVAP,0.2688138572793628,1
E34M,SLSVDNKKFWATVESSEHSFEVPIYAETLDEALMLAEWQYVPAGFEVTRVRPCVAP,0.52721371577567,1
E34N,SLSVDNKKFWATVESSEHSFEVPIYAETLDEALNLAEWQYVPAGFEVTRVRPCVAP,-0.1394090135225498,1
E34P,SLSVDNKKFWATVESSEHSFEVPIYAETLDEALPLAEWQYVPAGFEVTRVRPCVAP,-2.163865012986035,0
E34Q,SLSVDNKKFWATVESSEHSFEVPIYAETLDEALQLAEWQYVPAGFEVTRVRPCVAP,0.2516553137027104,1
E34R,SLSVDNKKFWATVESSEHSFEVPIYAETLDEALRLAEWQYVPAGFEVTRVRPCVAP,0.833881150838601,1
E34S,SLSVDNKKFWATVESSEHSFEVPIYAETLDEALSLAEWQYVPAGFEVTRVRPCVAP,0.0704713295267485,1
E34T,SLSVDNKKFWATVESSEHSFEVPIYAETLDEALTLAEWQYVPAGFEVTRVRPCVAP,0.0112298952338285,1
E34V,SLSVDNKKFWATVESSEHSFEVPIYAETLDEALVLAEWQYVPAGFEVTRVRPCVAP,0.0258472134635243,1
E34W,SLSVDNKKFWATVESSEHSFEVPIYAETLDEALWLAEWQYVPAGFEVTRVRPCVAP,0.3462122193801304,1
E34Y,SLSVDNKKFWATVESSEHSFEVPIYAETLDEALYLAEWQYVPAGFEVTRVRPCVAP,0.2635733856162443,1
E37A,SLSVDNKKFWATVESSEHSFEVPIYAETLDEALELAAWQYVPAGFEVTRVRPCVAP,-0.1581644144007912,1
E37C,SLSVDNKKFWATVESSEHSFEVPIYAETLDEALELACWQYVPAGFEVTRVRPCVAP,-0.0747970105428037,1
E37D,SLSVDNKKFWATVESSEHSFEVPIYAETLDEALELADWQYVPAGFEVTRVRPCVAP,-1.4022334285418765,0
E37F,SLSVDNKKFWATVESSEHSFEVPIYAETLDEALELAFWQYVPAGFEVTRVRPCVAP,0.0613211767583612,1
E37G,SLSVDNKKFWATVESSEHSFEVPIYAETLDEALELAGWQYVPAGFEVTRVRPCVAP,-0.9437612548675188,1
E37H,SLSVDNKKFWATVESSEHSFEVPIYAETLDEALELAHWQYVPAGFEVTRVRPCVAP,-0.132696732033275,1
E37I,SLSVDNKKFWATVESSEHSFEVPIYAETLDEALELAIWQYVPAGFEVTRVRPCVAP,0.6445169215194833,1
E37K,SLSVDNKKFWATVESSEHSFEVPIYAETLDEALELAKWQYVPAGFEVTRVRPCVAP,0.8494115055927551,1
E37L,SLSVDNKKFWATVESSEHSFEVPIYAETLDEALELALWQYVPAGFEVTRVRPCVAP,0.3606616415371615,1
E37M,SLSVDNKKFWATVESSEHSFEVPIYAETLDEALELAMWQYVPAGFEVTRVRPCVAP,0.4200308019863441,1
E37N,SLSVDNKKFWATVESSEHSFEVPIYAETLDEALELANWQYVPAGFEVTRVRPCVAP,0.0150068364979172,1
E37P,SLSVDNKKFWATVESSEHSFEVPIYAETLDEALELAPWQYVPAGFEVTRVRPCVAP,-2.0163981332471543,0
E37Q,SLSVDNKKFWATVESSEHSFEVPIYAETLDEALELAQWQYVPAGFEVTRVRPCVAP,0.2978107338144582,1
E37R,SLSVDNKKFWATVESSEHSFEVPIYAETLDEALELARWQYVPAGFEVTRVRPCVAP,0.7784223234410512,1
E37S,SLSVDNKKFWATVESSEHSFEVPIYAETLDEALELASWQYVPAGFEVTRVRPCVAP,-0.0707130809535101,1
E37T,SLSVDNKKFWATVESSEHSFEVPIYAETLDEALELATWQYVPAGFEVTRVRPCVAP,-0.0358652461931914,1
E37V,SLSVDNKKFWATVESSEHSFEVPIYAETLDEALELAVWQYVPAGFEVTRVRPCVAP,0.2038847023519983,1
E37W,SLSVDNKKFWATVESSEHSFEVPIYAETLDEALELAWWQYVPAGFEVTRVRPCVAP,0.1690629236628007,1
E37Y,SLSVDNKKFWATVESSEHSFEVPIYAETLDEALELAYWQYVPAGFEVTRVRPCVAP,0.310160430228231,1
E46A,SLSVDNKKFWATVESSEHSFEVPIYAETLDEALELAEWQYVPAGFAVTRVRPCVAP,-0.1050532678935551,1
E46C,SLSVDNKKFWATVESSEHSFEVPIYAETLDEALELAEWQYVPAGFCVTRVRPCVAP,-0.0506985718223123,1
E46D,SLSVDNKKFWATVESSEHSFEVPIYAETLDEALELAEWQYVPAGFDVTRVRPCVAP,-0.541358997145295,1
E46F,SLSVDNKKFWATVESSEHSFEVPIYAETLDEALELAEWQYVPAGFFVTRVRPCVAP,-0.069316384029515,1
E46G,SLSVDNKKFWATVESSEHSFEVPIYAETLDEALELAEWQYVPAGFGVTRVRPCVAP,-1.038362329424772,1
E46H,SLSVDNKKFWATVESSEHSFEVPIYAETLDEALELAEWQYVPAGFHVTRVRPCVAP,-0.0248288325605448,1
E46I,SLSVDNKKFWATVESSEHSFEVPIYAETLDEALELAEWQYVPAGFIVTRVRPCVAP,0.689510185003825,1
E46K,SLSVDNKKFWATVESSEHSFEVPIYAETLDEALELAEWQYVPAGFKVTRVRPCVAP,0.6131157796397169,1
E46L,SLSVDNKKFWATVESSEHSFEVPIYAETLDEALELAEWQYVPAGFLVTRVRPCVAP,0.0194475981658079,1
E46M,SLSVDNKKFWATVESSEHSFEVPIYAETLDEALELAEWQYVPAGFMVTRVRPCVAP,0.1759254018229064,1
E46N,SLSVDNKKFWATVESSEHSFEVPIYAETLDEALELAEWQYVPAGFNVTRVRPCVAP,-0.1160797550206478,1
E46P,SLSVDNKKFWATVESSEHSFEVPIYAETLDEALELAEWQYVPAGFPVTRVRPCVAP,-1.9738294063350204,0
E46Q,SLSVDNKKFWATVESSEHSFEVPIYAETLDEALELAEWQYVPAGFQVTRVRPCVAP,0.2839268159889587,1
E46R,SLSVDNKKFWATVESSEHSFEVPIYAETLDEALELAEWQYVPAGFRVTRVRPCVAP,0.584005305960118,1
E46S,SLSVDNKKFWATVESSEHSFEVPIYAETLDEALELAEWQYVPAGFSVTRVRPCVAP,-0.1794230330112709,1
E46T,SLSVDNKKFWATVESSEHSFEVPIYAETLDEALELAEWQYVPAGFTVTRVRPCVAP,0.3171858277795643,1
E46V,SLSVDNKKFWATVESSEHSFEVPIYAETLDEALELAEWQYVPAGFVVTRVRPCVAP,0.6046287579752443,1
E46W,SLSVDNKKFWATVESSEHSFEVPIYAETLDEALELAEWQYVPAGFWVTRVRPCVAP,0.4786075818288684,1
E46Y,SLSVDNKKFWATVESSEHSFEVPIYAETLDEALELAEWQYVPAGFYVTRVRPCVAP,0.05776430147574,1
F20A,SLSVDNKKFWATVESSEHSAEVPIYAETLDEALELAEWQYVPAGFEVTRVRPCVAP,-1.5934615745719023,0
F20C,SLSVDNKKFWATVESSEHSCEVPIYAETLDEALELAEWQYVPAGFEVTRVRPCVAP,-0.5803369798136182,1
F20D,SLSVDNKKFWATVESSEHSDEVPIYAETLDEALELAEWQYVPAGFEVTRVRPCVAP,-2.1744738759448405,0
F20E,SLSVDNKKFWATVESSEHSEEVPIYAETLDEALELAEWQYVPAGFEVTRVRPCVAP,-1.8407828566177284,0
F20G,SLSVDNKKFWATVESSEHSGEVPIYAETLDEALELAEWQYVPAGFEVTRVRPCVAP,-2.1456958161087707,0
F20H,SLSVDNKKFWATVESSEHSHEVPIYAETLDEALELAEWQYVPAGFEVTRVRPCVAP,-1.3127079007826694,0
F20I,SLSVDNKKFWATVESSEHSIEVPIYAETLDEALELAEWQYVPAGFEVTRVRPCVAP,-1.0764625509021282,1
F20K,SLSVDNKKFWATVESSEHSKEVPIYAETLDEALELAEWQYVPAGFEVTRVRPCVAP,-1.4498731664244886,0
F20L,SLSVDNKKFWATVESSEHSLEVPIYAETLDEALELAEWQYVPAGFEVTRVRPCVAP,-1.1042420647537947,0
F20M,SLSVDNKKFWATVESSEHSMEVPIYAETLDEALELAEWQYVPAGFEVTRVRPCVAP,-0.4735722980153034,1
F20N,SLSVDNKKFWATVESSEHSNEVPIYAETLDEALELAEWQYVPAGFEVTRVRPCVAP,-2.0664392000856324,0
F20P,SLSVDNKKFWATVESSEHSPEVPIYAETLDEALELAEWQYVPAGFEVTRVRPCVAP,-2.6077488371488595,0
F20Q,SLSVDNKKFWATVESSEHSQEVPIYAETLDEALELAEWQYVPAGFEVTRVRPCVAP,-1.6137747597395968,0
F20R,SLSVDNKKFWATVESSEHSREVPIYAETLDEALELAEWQYVPAGFEVTRVRPCVAP,-1.5060430400095064,0
F20S,SLSVDNKKFWATVESSEHSSEVPIYAETLDEALELAEWQYVPAGFEVTRVRPCVAP,-2.012444484842556,0
F20T,SLSVDNKKFWATVESSEHSTEVPIYAETLDEALELAEWQYVPAGFEVTRVRPCVAP,-1.7054939886577205,0
F20V,SLSVDNKKFWATVESSEHSVEVPIYAETLDEALELAEWQYVPAGFEVTRVRPCVAP,-1.5083542891212387,0
F20W,SLSVDNKKFWATVESSEHSWEVPIYAETLDEALELAEWQYVPAGFEVTRVRPCVAP,-0.3434078958422821,1
F20Y,SLSVDNKKFWATVESSEHSYEVPIYAETLDEALELAEWQYVPAGFEVTRVRPCVAP,-0.4086986829415311,1
F45A,SLSVDNKKFWATVESSEHSFEVPIYAETLDEALELAEWQYVPAGAEVTRVRPCVAP,-1.7153844329801011,0
F45C,SLSVDNKKFWATVESSEHSFEVPIYAETLDEALELAEWQYVPAGCEVTRVRPCVAP,-1.3196741610768543,0
F45D,SLSVDNKKFWATVESSEHSFEVPIYAETLDEALELAEWQYVPAGDEVTRVRPCVAP,-2.284019321307979,0
F45E,SLSVDNKKFWATVESSEHSFEVPIYAETLDEALELAEWQYVPAGEEVTRVRPCVAP,-2.363191644460424,0
F45G,SLSVDNKKFWATVESSEHSFEVPIYAETLDEALELAEWQYVPAGGEVTRVRPCVAP,-1.9676575104903544,0
F45H,SLSVDNKKFWATVESSEHSFEVPIYAETLDEALELAEWQYVPAGHEVTRVRPCVAP,-1.82691858535432,0
F45I,SLSVDNKKFWATVESSEHSFEVPIYAETLDEALELAEWQYVPAGIEVTRVRPCVAP,-2.200008384113548,0
F45K,SLSVDNKKFWATVESSEHSFEVPIYAETLDEALELAEWQYVPAGKEVTRVRPCVAP,-2.1190468224808967,0
F45L,SLSVDNKKFWATVESSEHSFEVPIYAETLDEALELAEWQYVPAGLEVTRVRPCVAP,-1.1999889796682792,0
F45M,SLSVDNKKFWATVESSEHSFEVPIYAETLDEALELAEWQYVPAGMEVTRVRPCVAP,-0.8937148613605235,1
F45N,SLSVDNKKFWATVESSEHSFEVPIYAETLDEALELAEWQYVPAGNEVTRVRPCVAP,-2.247940673091239,0
F45P,SLSVDNKKFWATVESSEHSFEVPIYAETLDEALELAEWQYVPAGPEVTRVRPCVAP,-2.5426152924303107,0
F45Q,SLSVDNKKFWATVESSEHSFEVPIYAETLDEALELAEWQYVPAGQEVTRVRPCVAP,-2.443457227263273,0
F45R,SLSVDNKKFWATVESSEHSFEVPIYAETLDEALELAEWQYVPAGREVTRVRPCVAP,-1.90940793561476,0
F45T,SLSVDNKKFWATVESSEHSFEVPIYAETLDEALELAEWQYVPAGTEVTRVRPCVAP,-2.51366455861033,0
F45V,SLSVDNKKFWATVESSEHSFEVPIYAETLDEALELAEWQYVPAGVEVTRVRPCVAP,-2.039705596913905,0
F45W,SLSVDNKKFWATVESSEHSFEVPIYAETLDEALELAEWQYVPAGWEVTRVRPCVAP,-0.5607751015458955,1
F45Y,SLSVDNKKFWATVESSEHSFEVPIYAETLDEALELAEWQYVPAGYEVTRVRPCVAP,0.1361878195489181,1
F9A,SLSVDNKKAWATVESSEHSFEVPIYAETLDEALELAEWQYVPAGFEVTRVRPCVAP,-2.7057284706675624,0
F9C,SLSVDNKKCWATVESSEHSFEVPIYAETLDEALELAEWQYVPAGFEVTRVRPCVAP,0.806150539579217,1
F9D,SLSVDNKKDWATVESSEHSFEVPIYAETLDEALELAEWQYVPAGFEVTRVRPCVAP,-3.0587273427194543,0
F9E,SLSVDNKKEWATVESSEHSFEVPIYAETLDEALELAEWQYVPAGFEVTRVRPCVAP,-2.8857639063993545,0
F9G,SLSVDNKKGWATVESSEHSFEVPIYAETLDEALELAEWQYVPAGFEVTRVRPCVAP,-2.524408067471882,0
F9H,SLSVDNKKHWATVESSEHSFEVPIYAETLDEALELAEWQYVPAGFEVTRVRPCVAP,-2.173063908705399,0
F9I,SLSVDNKKIWATVESSEHSFEVPIYAETLDEALELAEWQYVPAGFEVTRVRPCVAP,-2.4713643840596915,0
F9K,SLSVDNKKKWATVESSEHSFEVPIYAETLDEALELAEWQYVPAGFEVTRVRPCVAP,-2.4384396720693564,0
F9L,SLSVDNKKLWATVESSEHSFEVPIYAETLDEALELAEWQYVPAGFEVTRVRPCVAP,-2.0133197983582667,0
F9M,SLSVDNKKMWATVESSEHSFEVPIYAETLDEALELAEWQYVPAGFEVTRVRPCVAP,-2.464786730177977,0
F9N,SLSVDNKKNWATVESSEHSFEVPIYAETLDEALELAEWQYVPAGFEVTRVRPCVAP,-2.5697670908014807,0
F9P,SLSVDNKKPWATVESSEHSFEVPIYAETLDEALELAEWQYVPAGFEVTRVRPCVAP,-2.5280384720179825,0
F9Q,SLSVDNKKQWATVESSEHSFEVPIYAETLDEALELAEWQYVPAGFEVTRVRPCVAP,-2.7185128681254525,0
F9R,SLSVDNKKRWATVESSEHSFEVPIYAETLDEALELAEWQYVPAGFEVTRVRPCVAP,-3.070673799704869,0
F9S,SLSVDNKKSWATVESSEHSFEVPIYAETLDEALELAEWQYVPAGFEVTRVRPCVAP,-2.7211421294829816,0
F9T,SLSVDNKKTWATVESSEHSFEVPIYAETLDEALELAEWQYVPAGFEVTRVRPCVAP,-2.592077935600808,0
F9V,SLSVDNKKVWATVESSEHSFEVPIYAETLDEALELAEWQYVPAGFEVTRVRPCVAP,-2.4714963634043827,0
F9W,SLSVDNKKWWATVESSEHSFEVPIYAETLDEALELAEWQYVPAGFEVTRVRPCVAP,0.2801316121134332,1
F9Y,SLSVDNKKYWATVESSEHSFEVPIYAETLDEALELAEWQYVPAGFEVTRVRPCVAP,-0.2478237736741393,1
G44A,SLSVDNKKFWATVESSEHSFEVPIYAETLDEALELAEWQYVPAAFEVTRVRPCVAP,-1.8973175637808528,0
G44C,SLSVDNKKFWATVESSEHSFEVPIYAETLDEALELAEWQYVPACFEVTRVRPCVAP,-1.4093359609539955,0
G44D,SLSVDNKKFWATVESSEHSFEVPIYAETLDEALELAEWQYVPADFEVTRVRPCVAP,-1.6396189792786708,0
G44E,SLSVDNKKFWATVESSEHSFEVPIYAETLDEALELAEWQYVPAEFEVTRVRPCVAP,-1.931533049416902,0
G44F,SLSVDNKKFWATVESSEHSFEVPIYAETLDEALELAEWQYVPAFFEVTRVRPCVAP,-1.7524675512278942,0
G44H,SLSVDNKKFWATVESSEHSFEVPIYAETLDEALELAEWQYVPAHFEVTRVRPCVAP,-2.1669704478124525,0
G44I,SLSVDNKKFWATVESSEHSFEVPIYAETLDEALELAEWQYVPAIFEVTRVRPCVAP,-2.276618078919682,0
G44K,SLSVDNKKFWATVESSEHSFEVPIYAETLDEALELAEWQYVPAKFEVTRVRPCVAP,-2.4933780508155245,0
G44L,SLSVDNKKFWATVESSEHSFEVPIYAETLDEALELAEWQYVPALFEVTRVRPCVAP,-2.0016119875386784,0
G44M,SLSVDNKKFWATVESSEHSFEVPIYAETLDEALELAEWQYVPAMFEVTRVRPCVAP,-2.041224435185077,0
G44N,SLSVDNKKFWATVESSEHSFEVPIYAETLDEALELAEWQYVPANFEVTRVRPCVAP,-1.8091521964646329,0
G44P,SLSVDNKKFWATVESSEHSFEVPIYAETLDEALELAEWQYVPAPFEVTRVRPCVAP,-2.703520440579688,0
G44Q,SLSVDNKKFWATVESSEHSFEVPIYAETLDEALELAEWQYVPAQFEVTRVRPCVAP,-1.8971517707356749,0
G44R,SLSVDNKKFWATVESSEHSFEVPIYAETLDEALELAEWQYVPARFEVTRVRPCVAP,-2.308344830660009,0
G44S,SLSVDNKKFWATVESSEHSFEVPIYAETLDEALELAEWQYVPASFEVTRVRPCVAP,-2.334610242401617,0
G44T,SLSVDNKKFWATVESSEHSFEVPIYAETLDEALELAEWQYVPATFEVTRVRPCVAP,-2.805546845260887,0
G44V,SLSVDNKKFWATVESSEHSFEVPIYAETLDEALELAEWQYVPAVFEVTRVRPCVAP,-2.581984916565666,0
G44W,SLSVDNKKFWATVESSEHSFEVPIYAETLDEALELAEWQYVPAWFEVTRVRPCVAP,-1.7226141047966606,0
G44Y,SLSVDNKKFWATVESSEHSFEVPIYAETLDEALELAEWQYVPAYFEVTRVRPCVAP,-1.9523931411751885,0
H18A,SLSVDNKKFWATVESSEASFEVPIYAETLDEALELAEWQYVPAGFEVTRVRPCVAP,-0.042168502087815,1
H18C,SLSVDNKKFWATVESSECSFEVPIYAETLDEALELAEWQYVPAGFEVTRVRPCVAP,0.6119677195209192,1
H18D,SLSVDNKKFWATVESSEDSFEVPIYAETLDEALELAEWQYVPAGFEVTRVRPCVAP,-0.4297529855295443,1
H18E,SLSVDNKKFWATVESSEESFEVPIYAETLDEALELAEWQYVPAGFEVTRVRPCVAP,-0.0952225900236487,1
H18F,SLSVDNKKFWATVESSEFSFEVPIYAETLDEALELAEWQYVPAGFEVTRVRPCVAP,0.8084515966687023,1
H18G,SLSVDNKKFWATVESSEGSFEVPIYAETLDEALELAEWQYVPAGFEVTRVRPCVAP,0.255071508865476,1
H18I,SLSVDNKKFWATVESSEISFEVPIYAETLDEALELAEWQYVPAGFEVTRVRPCVAP,0.1849213276300512,1
H18K,SLSVDNKKFWATVESSEKSFEVPIYAETLDEALELAEWQYVPAGFEVTRVRPCVAP,-0.1095357794840117,1
H18L,SLSVDNKKFWATVESSELSFEVPIYAETLDEALELAEWQYVPAGFEVTRVRPCVAP,0.1780582586616992,1
H18M,SLSVDNKKFWATVESSEMSFEVPIYAETLDEALELAEWQYVPAGFEVTRVRPCVAP,0.1719809600479522,1
H18N,SLSVDNKKFWATVESSENSFEVPIYAETLDEALELAEWQYVPAGFEVTRVRPCVAP,-0.4043212451507427,1
H18P,SLSVDNKKFWATVESSEPSFEVPIYAETLDEALELAEWQYVPAGFEVTRVRPCVAP,-2.162720282008641,0
H18Q,SLSVDNKKFWATVESSEQSFEVPIYAETLDEALELAEWQYVPAGFEVTRVRPCVAP,-0.0231380531329232,1
H18R,SLSVDNKKFWATVESSERSFEVPIYAETLDEALELAEWQYVPAGFEVTRVRPCVAP,-0.0422705479233664,1
H18S,SLSVDNKKFWATVESSESSFEVPIYAETLDEALELAEWQYVPAGFEVTRVRPCVAP,-0.1847073139319803,1
H18T,SLSVDNKKFWATVESSETSFEVPIYAETLDEALELAEWQYVPAGFEVTRVRPCVAP,-0.0852024085304652,1
H18V,SLSVDNKKFWATVESSEVSFEVPIYAETLDEALELAEWQYVPAGFEVTRVRPCVAP,0.2144463053820837,1
H18W,SLSVDNKKFWATVESSEWSFEVPIYAETLDEALELAEWQYVPAGFEVTRVRPCVAP,0.1831794846026784,1
H18Y,SLSVDNKKFWATVESSEYSFEVPIYAETLDEALELAEWQYVPAGFEVTRVRPCVAP,0.4310711133389784,1
I24A,SLSVDNKKFWATVESSEHSFEVPAYAETLDEALELAEWQYVPAGFEVTRVRPCVAP,-2.2728518421315926,0
I24C,SLSVDNKKFWATVESSEHSFEVPCYAETLDEALELAEWQYVPAGFEVTRVRPCVAP,-0.9709283681692028,1
I24D,SLSVDNKKFWATVESSEHSFEVPDYAETLDEALELAEWQYVPAGFEVTRVRPCVAP,-2.3728190809398635,0
I24E,SLSVDNKKFWATVESSEHSFEVPEYAETLDEALELAEWQYVPAGFEVTRVRPCVAP,-2.568950589604265,0
I24F,SLSVDNKKFWATVESSEHSFEVPFYAETLDEALELAEWQYVPAGFEVTRVRPCVAP,-1.34594108743949,0
I24G,SLSVDNKKFWATVESSEHSFEVPGYAETLDEALELAEWQYVPAGFEVTRVRPCVAP,-2.4190575997178123,0
I24H,SLSVDNKKFWATVESSEHSFEVPHYAETLDEALELAEWQYVPAGFEVTRVRPCVAP,-2.292703208132132,0
I24K,SLSVDNKKFWATVESSEHSFEVPKYAETLDEALELAEWQYVPAGFEVTRVRPCVAP,-2.3055378837720406,0
I24L,SLSVDNKKFWATVESSEHSFEVPLYAETLDEALELAEWQYVPAGFEVTRVRPCVAP,-1.2149741734941475,0
I24M,SLSVDNKKFWATVESSEHSFEVPMYAETLDEALELAEWQYVPAGFEVTRVRPCVAP,-1.5556085842775773,0
I24N,SLSVDNKKFWATVESSEHSFEVPNYAETLDEALELAEWQYVPAGFEVTRVRPCVAP,-2.561986933547251,0
I24P,SLSVDNKKFWATVESSEHSFEVPPYAETLDEALELAEWQYVPAGFEVTRVRPCVAP,-2.155267072765401,0
I24Q,SLSVDNKKFWATVESSEHSFEVPQYAETLDEALELAEWQYVPAGFEVTRVRPCVAP,-2.382083683312829,0
I24R,SLSVDNKKFWATVESSEHSFEVPRYAETLDEALELAEWQYVPAGFEVTRVRPCVAP,-2.071164264017655,0
I24S,SLSVDNKKFWATVESSEHSFEVPSYAETLDEALELAEWQYVPAGFEVTRVRPCVAP,-2.361869211822333,0
I24T,SLSVDNKKFWATVESSEHSFEVPTYAETLDEALELAEWQYVPAGFEVTRVRPCVAP,-2.3283411100561,0
I24V,SLSVDNKKFWATVESSEHSFEVPVYAETLDEALELAEWQYVPAGFEVTRVRPCVAP,-0.5511150539351979,1
I24W,SLSVDNKKFWATVESSEHSFEVPWYAETLDEALELAEWQYVPAGFEVTRVRPCVAP,-1.789393746276943,0
I24Y,SLSVDNKKFWATVESSEHSFEVPYYAETLDEALELAEWQYVPAGFEVTRVRPCVAP,-1.603129224421408,0
K7A,SLSVDNAKFWATVESSEHSFEVPIYAETLDEALELAEWQYVPAGFEVTRVRPCVAP,-0.1815367431492465,1
K7D,SLSVDNDKFWATVESSEHSFEVPIYAETLDEALELAEWQYVPAGFEVTRVRPCVAP,-1.7794365883507313,0
K7E,SLSVDNEKFWATVESSEHSFEVPIYAETLDEALELAEWQYVPAGFEVTRVRPCVAP,-1.467937787475159,0
K7F,SLSVDNFKFWATVESSEHSFEVPIYAETLDEALELAEWQYVPAGFEVTRVRPCVAP,-0.0153057526830897,1
K7G,SLSVDNGKFWATVESSEHSFEVPIYAETLDEALELAEWQYVPAGFEVTRVRPCVAP,-0.9719977038010847,1
K7H,SLSVDNHKFWATVESSEHSFEVPIYAETLDEALELAEWQYVPAGFEVTRVRPCVAP,-0.2004584358799466,1
K7I,SLSVDNIKFWATVESSEHSFEVPIYAETLDEALELAEWQYVPAGFEVTRVRPCVAP,-0.1284725205936538,1
K7L,SLSVDNLKFWATVESSEHSFEVPIYAETLDEALELAEWQYVPAGFEVTRVRPCVAP,-0.2960183225661832,1
K7M,SLSVDNMKFWATVESSEHSFEVPIYAETLDEALELAEWQYVPAGFEVTRVRPCVAP,-0.2637703822822383,1
K7N,SLSVDNNKFWATVESSEHSFEVPIYAETLDEALELAEWQYVPAGFEVTRVRPCVAP,-0.5145549763591397,1
K7P,SLSVDNPKFWATVESSEHSFEVPIYAETLDEALELAEWQYVPAGFEVTRVRPCVAP,-0.1513279775365439,1
K7Q,SLSVDNQKFWATVESSEHSFEVPIYAETLDEALELAEWQYVPAGFEVTRVRPCVAP,-0.3105450101085578,1
K7R,SLSVDNRKFWATVESSEHSFEVPIYAETLDEALELAEWQYVPAGFEVTRVRPCVAP,-0.052923793002773,1
K7S,SLSVDNSKFWATVESSEHSFEVPIYAETLDEALELAEWQYVPAGFEVTRVRPCVAP,-0.6712753684062163,1
K7T,SLSVDNTKFWATVESSEHSFEVPIYAETLDEALELAEWQYVPAGFEVTRVRPCVAP,-0.4456502019654076,1
K7V,SLSVDNVKFWATVESSEHSFEVPIYAETLDEALELAEWQYVPAGFEVTRVRPCVAP,-0.3031106826727758,1
K7W,SLSVDNWKFWATVESSEHSFEVPIYAETLDEALELAEWQYVPAGFEVTRVRPCVAP,0.0794741905570486,1
K7Y,SLSVDNYKFWATVESSEHSFEVPIYAETLDEALELAEWQYVPAGFEVTRVRPCVAP,-0.1702277455763576,1
K8A,SLSVDNKAFWATVESSEHSFEVPIYAETLDEALELAEWQYVPAGFEVTRVRPCVAP,-0.6571018138635378,1
K8D,SLSVDNKDFWATVESSEHSFEVPIYAETLDEALELAEWQYVPAGFEVTRVRPCVAP,-2.1844444089776345,0
K8E,SLSVDNKEFWATVESSEHSFEVPIYAETLDEALELAEWQYVPAGFEVTRVRPCVAP,-1.0130980608598157,1
K8F,SLSVDNKFFWATVESSEHSFEVPIYAETLDEALELAEWQYVPAGFEVTRVRPCVAP,0.1858610843519081,1
K8G,SLSVDNKGFWATVESSEHSFEVPIYAETLDEALELAEWQYVPAGFEVTRVRPCVAP,-1.0338545341138032,1
K8H,SLSVDNKHFWATVESSEHSFEVPIYAETLDEALELAEWQYVPAGFEVTRVRPCVAP,-0.185537085209027,1
K8I,SLSVDNKIFWATVESSEHSFEVPIYAETLDEALELAEWQYVPAGFEVTRVRPCVAP,0.2955672890632144,1
K8L,SLSVDNKLFWATVESSEHSFEVPIYAETLDEALELAEWQYVPAGFEVTRVRPCVAP,0.7675696791958404,1
K8M,SLSVDNKMFWATVESSEHSFEVPIYAETLDEALELAEWQYVPAGFEVTRVRPCVAP,0.5512276899187674,1
K8N,SLSVDNKNFWATVESSEHSFEVPIYAETLDEALELAEWQYVPAGFEVTRVRPCVAP,-1.3579001597239737,0
K8P,SLSVDNKPFWATVESSEHSFEVPIYAETLDEALELAEWQYVPAGFEVTRVRPCVAP,-1.1049900795190528,0
K8Q,SLSVDNKQFWATVESSEHSFEVPIYAETLDEALELAEWQYVPAGFEVTRVRPCVAP,-0.4522668374886556,1
K8R,SLSVDNKRFWATVESSEHSFEVPIYAETLDEALELAEWQYVPAGFEVTRVRPCVAP,-0.1025694139657926,1
K8S,SLSVDNKSFWATVESSEHSFEVPIYAETLDEALELAEWQYVPAGFEVTRVRPCVAP,-0.9871912328991146,1
K8T,SLSVDNKTFWATVESSEHSFEVPIYAETLDEALELAEWQYVPAGFEVTRVRPCVAP,-0.4008990331147557,1
K8V,SLSVDNKVFWATVESSEHSFEVPIYAETLDEALELAEWQYVPAGFEVTRVRPCVAP,0.2585830577049384,1
K8W,SLSVDNKWFWATVESSEHSFEVPIYAETLDEALELAEWQYVPAGFEVTRVRPCVAP,1.150263000296956,1
K8Y,SLSVDNKYFWATVESSEHSFEVPIYAETLDEALELAEWQYVPAGFEVTRVRPCVAP,0.0590631679447022,1
L29A,SLSVDNKKFWATVESSEHSFEVPIYAETADEALELAEWQYVPAGFEVTRVRPCVAP,-0.2944421509379991,1
L29D,SLSVDNKKFWATVESSEHSFEVPIYAETDDEALELAEWQYVPAGFEVTRVRPCVAP,-1.576902521584262,0
L29E,SLSVDNKKFWATVESSEHSFEVPIYAETEDEALELAEWQYVPAGFEVTRVRPCVAP,-0.6910727504145411,1
L29F,SLSVDNKKFWATVESSEHSFEVPIYAETFDEALELAEWQYVPAGFEVTRVRPCVAP,-0.7865011501603942,1
L29G,SLSVDNKKFWATVESSEHSFEVPIYAETGDEALELAEWQYVPAGFEVTRVRPCVAP,-1.4366918229336996,0
L29H,SLSVDNKKFWATVESSEHSFEVPIYAETHDEALELAEWQYVPAGFEVTRVRPCVAP,-0.7636626998518656,1
L29I,SLSVDNKKFWATVESSEHSFEVPIYAETIDEALELAEWQYVPAGFEVTRVRPCVAP,-0.0814468424446448,1
L29K,SLSVDNKKFWATVESSEHSFEVPIYAETKDEALELAEWQYVPAGFEVTRVRPCVAP,-1.140415753694367,0
L29M,SLSVDNKKFWATVESSEHSFEVPIYAETMDEALELAEWQYVPAGFEVTRVRPCVAP,-0.1828688424827467,1
L29N,SLSVDNKKFWATVESSEHSFEVPIYAETNDEALELAEWQYVPAGFEVTRVRPCVAP,-1.747055200741251,0
L29P,SLSVDNKKFWATVESSEHSFEVPIYAETPDEALELAEWQYVPAGFEVTRVRPCVAP,-0.8668322551193841,1
L29Q,SLSVDNKKFWATVESSEHSFEVPIYAETQDEALELAEWQYVPAGFEVTRVRPCVAP,-0.5894773121275221,1
L29R,SLSVDNKKFWATVESSEHSFEVPIYAETRDEALELAEWQYVPAGFEVTRVRPCVAP,-0.9297492235138244,1
L29S,SLSVDNKKFWATVESSEHSFEVPIYAETSDEALELAEWQYVPAGFEVTRVRPCVAP,-0.8513548314908184,1
L29T,SLSVDNKKFWATVESSEHSFEVPIYAETTDEALELAEWQYVPAGFEVTRVRPCVAP,-1.2215813464384564,0
L29V,SLSVDNKKFWATVESSEHSFEVPIYAETVDEALELAEWQYVPAGFEVTRVRPCVAP,-0.6128251756330494,1
L29W,SLSVDNKKFWATVESSEHSFEVPIYAETWDEALELAEWQYVPAGFEVTRVRPCVAP,0.1481677318469643,1
L29Y,SLSVDNKKFWATVESSEHSFEVPIYAETYDEALELAEWQYVPAGFEVTRVRPCVAP,-0.3790029493679476,1
L2A,SASVDNKKFWATVESSEHSFEVPIYAETLDEALELAEWQYVPAGFEVTRVRPCVAP,-0.0614902152210956,1
L2D,SDSVDNKKFWATVESSEHSFEVPIYAETLDEALELAEWQYVPAGFEVTRVRPCVAP,-0.2957396608646325,1
L2E,SESVDNKKFWATVESSEHSFEVPIYAETLDEALELAEWQYVPAGFEVTRVRPCVAP,-0.2241061953250747,1
L2G,SGSVDNKKFWATVESSEHSFEVPIYAETLDEALELAEWQYVPAGFEVTRVRPCVAP,0.0522503690450211,1
L2H,SHSVDNKKFWATVESSEHSFEVPIYAETLDEALELAEWQYVPAGFEVTRVRPCVAP,0.022098724307721,1
L2I,SISVDNKKFWATVESSEHSFEVPIYAETLDEALELAEWQYVPAGFEVTRVRPCVAP,0.0096658126354673,1
L2M,SMSVDNKKFWATVESSEHSFEVPIYAETLDEALELAEWQYVPAGFEVTRVRPCVAP,-0.0781308655048906,1
L2N,SNSVDNKKFWATVESSEHSFEVPIYAETLDEALELAEWQYVPAGFEVTRVRPCVAP,-0.0204438465627516,1
L2P,SPSVDNKKFWATVESSEHSFEVPIYAETLDEALELAEWQYVPAGFEVTRVRPCVAP,-0.0299192119812348,1
L2Q,SQSVDNKKFWATVESSEHSFEVPIYAETLDEALELAEWQYVPAGFEVTRVRPCVAP,-0.0543038227581091,1
L2S,SSSVDNKKFWATVESSEHSFEVPIYAETLDEALELAEWQYVPAGFEVTRVRPCVAP,-0.1536661631194231,1
L2T,STSVDNKKFWATVESSEHSFEVPIYAETLDEALELAEWQYVPAGFEVTRVRPCVAP,-0.0758486105776063,1
L2V,SVSVDNKKFWATVESSEHSFEVPIYAETLDEALELAEWQYVPAGFEVTRVRPCVAP,0.0404485103320984,1
L33A,SLSVDNKKFWATVESSEHSFEVPIYAETLDEAAELAEWQYVPAGFEVTRVRPCVAP,-0.8058449235872156,1
L33C,SLSVDNKKFWATVESSEHSFEVPIYAETLDEACELAEWQYVPAGFEVTRVRPCVAP,-0.6245773314117598,1
L33D,SLSVDNKKFWATVESSEHSFEVPIYAETLDEADELAEWQYVPAGFEVTRVRPCVAP,-2.082220950455058,0
L33E,SLSVDNKKFWATVESSEHSFEVPIYAETLDEAEELAEWQYVPAGFEVTRVRPCVAP,-1.069353994333739,1
L33F,SLSVDNKKFWATVESSEHSFEVPIYAETLDEAFELAEWQYVPAGFEVTRVRPCVAP,0.0986531361403053,1
L33G,SLSVDNKKFWATVESSEHSFEVPIYAETLDEAGELAEWQYVPAGFEVTRVRPCVAP,-1.5161350681274337,0
L33H,SLSVDNKKFWATVESSEHSFEVPIYAETLDEAHELAEWQYVPAGFEVTRVRPCVAP,-0.5854465457667257,1
L33I,SLSVDNKKFWATVESSEHSFEVPIYAETLDEAIELAEWQYVPAGFEVTRVRPCVAP,0.2298353870405476,1
L33K,SLSVDNKKFWATVESSEHSFEVPIYAETLDEAKELAEWQYVPAGFEVTRVRPCVAP,0.2563687280726849,1
L33M,SLSVDNKKFWATVESSEHSFEVPIYAETLDEAMELAEWQYVPAGFEVTRVRPCVAP,-0.0539870861694429,1
L33N,SLSVDNKKFWATVESSEHSFEVPIYAETLDEANELAEWQYVPAGFEVTRVRPCVAP,-1.2550948283681218,0
L33P,SLSVDNKKFWATVESSEHSFEVPIYAETLDEAPELAEWQYVPAGFEVTRVRPCVAP,-2.4806944100313397,0
L33Q,SLSVDNKKFWATVESSEHSFEVPIYAETLDEAQELAEWQYVPAGFEVTRVRPCVAP,-0.2561272697884398,1
L33R,SLSVDNKKFWATVESSEHSFEVPIYAETLDEARELAEWQYVPAGFEVTRVRPCVAP,0.735762535709076,1
L33S,SLSVDNKKFWATVESSEHSFEVPIYAETLDEASELAEWQYVPAGFEVTRVRPCVAP,-1.075910473201445,1
L33T,SLSVDNKKFWATVESSEHSFEVPIYAETLDEATELAEWQYVPAGFEVTRVRPCVAP,-0.2992113367488427,1
L33V,SLSVDNKKFWATVESSEHSFEVPIYAETLDEAVELAEWQYVPAGFEVTRVRPCVAP,-0.1893216302312454,1
L33W,SLSVDNKKFWATVESSEHSFEVPIYAETLDEAWELAEWQYVPAGFEVTRVRPCVAP,1.1693685704263437,1
L33Y,SLSVDNKKFWATVESSEHSFEVPIYAETLDEAYELAEWQYVPAGFEVTRVRPCVAP,0.254395945490117,1
L35A,SLSVDNKKFWATVESSEHSFEVPIYAETLDEALEAAEWQYVPAGFEVTRVRPCVAP,-0.6855692034870073,1
L35C,SLSVDNKKFWATVESSEHSFEVPIYAETLDEALECAEWQYVPAGFEVTRVRPCVAP,-0.6119196731143637,1
L35D,SLSVDNKKFWATVESSEHSFEVPIYAETLDEALEDAEWQYVPAGFEVTRVRPCVAP,-1.8192526869442849,0
L35E,SLSVDNKKFWATVESSEHSFEVPIYAETLDEALEEAEWQYVPAGFEVTRVRPCVAP,-1.3300975554920296,0
L35F,SLSVDNKKFWATVESSEHSFEVPIYAETLDEALEFAEWQYVPAGFEVTRVRPCVAP,-0.2898036916012083,1
L35G,SLSVDNKKFWATVESSEHSFEVPIYAETLDEALEGAEWQYVPAGFEVTRVRPCVAP,-1.8526200885364688,0
L35H,SLSVDNKKFWATVESSEHSFEVPIYAETLDEALEHAEWQYVPAGFEVTRVRPCVAP,-1.009375851211762,1
L35I,SLSVDNKKFWATVESSEHSFEVPIYAETLDEALEIAEWQYVPAGFEVTRVRPCVAP,0.0658088195997788,1
L35K,SLSVDNKKFWATVESSEHSFEVPIYAETLDEALEKAEWQYVPAGFEVTRVRPCVAP,0.1178190676209993,1
L35M,SLSVDNKKFWATVESSEHSFEVPIYAETLDEALEMAEWQYVPAGFEVTRVRPCVAP,-0.1843065800611238,1
L35N,SLSVDNKKFWATVESSEHSFEVPIYAETLDEALENAEWQYVPAGFEVTRVRPCVAP,-1.2357313372481569,0
L35P,SLSVDNKKFWATVESSEHSFEVPIYAETLDEALEPAEWQYVPAGFEVTRVRPCVAP,-2.4471472143329343,0
L35Q,SLSVDNKKFWATVESSEHSFEVPIYAETLDEALEQAEWQYVPAGFEVTRVRPCVAP,-0.3969890113528556,1
L35R,SLSVDNKKFWATVESSEHSFEVPIYAETLDEALERAEWQYVPAGFEVTRVRPCVAP,-0.1463560308659079,1
L35S,SLSVDNKKFWATVESSEHSFEVPIYAETLDEALESAEWQYVPAGFEVTRVRPCVAP,-1.0005216170112738,1
L35T,SLSVDNKKFWATVESSEHSFEVPIYAETLDEALETAEWQYVPAGFEVTRVRPCVAP,-0.6915170836214628,1
L35V,SLSVDNKKFWATVESSEHSFEVPIYAETLDEALEVAEWQYVPAGFEVTRVRPCVAP,-0.5033267063848461,1
L35W,SLSVDNKKFWATVESSEHSFEVPIYAETLDEALEWAEWQYVPAGFEVTRVRPCVAP,-0.4829083751276979,1
L35Y,SLSVDNKKFWATVESSEHSFEVPIYAETLDEALEYAEWQYVPAGFEVTRVRPCVAP,-0.2883129144705809,1
N6A,SLSVDAKKFWATVESSEHSFEVPIYAETLDEALELAEWQYVPAGFEVTRVRPCVAP,0.2909141999945612,1
N6D,SLSVDDKKFWATVESSEHSFEVPIYAETLDEALELAEWQYVPAGFEVTRVRPCVAP,-0.6690339859891141,1
N6E,SLSVDEKKFWATVESSEHSFEVPIYAETLDEALELAEWQYVPAGFEVTRVRPCVAP,-0.5958579531824535,1
N6F,SLSVDFKKFWATVESSEHSFEVPIYAETLDEALELAEWQYVPAGFEVTRVRPCVAP,0.4435237912344414,1
N6G,SLSVDGKKFWATVESSEHSFEVPIYAETLDEALELAEWQYVPAGFEVTRVRPCVAP,-0.1041173269736139,1
N6H,SLSVDHKKFWATVESSEHSFEVPIYAETLDEALELAEWQYVPAGFEVTRVRPCVAP,0.0592768137968917,1
N6I,SLSVDIKKFWATVESSEHSFEVPIYAETLDEALELAEWQYVPAGFEVTRVRPCVAP,0.6773303197143425,1
N6K,SLSVDKKKFWATVESSEHSFEVPIYAETLDEALELAEWQYVPAGFEVTRVRPCVAP,0.9251321773849956,1
N6L,SLSVDLKKFWATVESSEHSFEVPIYAETLDEALELAEWQYVPAGFEVTRVRPCVAP,0.9609800992576084,1
N6M,SLSVDMKKFWATVESSEHSFEVPIYAETLDEALELAEWQYVPAGFEVTRVRPCVAP,0.7346829446501406,1
N6P,SLSVDPKKFWATVESSEHSFEVPIYAETLDEALELAEWQYVPAGFEVTRVRPCVAP,0.1166048646025252,1
N6Q,SLSVDQKKFWATVESSEHSFEVPIYAETLDEALELAEWQYVPAGFEVTRVRPCVAP,0.2198382223470902,1
N6R,SLSVDRKKFWATVESSEHSFEVPIYAETLDEALELAEWQYVPAGFEVTRVRPCVAP,0.6697525638976405,1
N6S,SLSVDSKKFWATVESSEHSFEVPIYAETLDEALELAEWQYVPAGFEVTRVRPCVAP,0.1362417645309088,1
N6T,SLSVDTKKFWATVESSEHSFEVPIYAETLDEALELAEWQYVPAGFEVTRVRPCVAP,0.3552960892617043,1
N6V,SLSVDVKKFWATVESSEHSFEVPIYAETLDEALELAEWQYVPAGFEVTRVRPCVAP,0.6509133342763578,1
N6W,SLSVDWKKFWATVESSEHSFEVPIYAETLDEALELAEWQYVPAGFEVTRVRPCVAP,0.0631750489656446,1
N6Y,SLSVDYKKFWATVESSEHSFEVPIYAETLDEALELAEWQYVPAGFEVTRVRPCVAP,0.5983486517439625,1
P23A,SLSVDNKKFWATVESSEHSFEVAIYAETLDEALELAEWQYVPAGFEVTRVRPCVAP,0.288632415703971,1
P23C,SLSVDNKKFWATVESSEHSFEVCIYAETLDEALELAEWQYVPAGFEVTRVRPCVAP,0.5782624377374859,1
P23D,SLSVDNKKFWATVESSEHSFEVDIYAETLDEALELAEWQYVPAGFEVTRVRPCVAP,-1.1298659505434916,0
P23E,SLSVDNKKFWATVESSEHSFEVEIYAETLDEALELAEWQYVPAGFEVTRVRPCVAP,0.1397442431525437,1
P23F,SLSVDNKKFWATVESSEHSFEVFIYAETLDEALELAEWQYVPAGFEVTRVRPCVAP,0.0969025454979535,1
P23G,SLSVDNKKFWATVESSEHSFEVGIYAETLDEALELAEWQYVPAGFEVTRVRPCVAP,-0.6686126815648519,1
P23H,SLSVDNKKFWATVESSEHSFEVHIYAETLDEALELAEWQYVPAGFEVTRVRPCVAP,-0.2723003877769692,1
P23I,SLSVDNKKFWATVESSEHSFEVIIYAETLDEALELAEWQYVPAGFEVTRVRPCVAP,0.7753198125324667,1
P23K,SLSVDNKKFWATVESSEHSFEVKIYAETLDEALELAEWQYVPAGFEVTRVRPCVAP,-0.5734518613668831,1
P23L,SLSVDNKKFWATVESSEHSFEVLIYAETLDEALELAEWQYVPAGFEVTRVRPCVAP,0.9565945712925784,1
P23M,SLSVDNKKFWATVESSEHSFEVMIYAETLDEALELAEWQYVPAGFEVTRVRPCVAP,0.4820283782645669,1
P23N,SLSVDNKKFWATVESSEHSFEVNIYAETLDEALELAEWQYVPAGFEVTRVRPCVAP,-1.3516422059390083,0
P23Q,SLSVDNKKFWATVESSEHSFEVQIYAETLDEALELAEWQYVPAGFEVTRVRPCVAP,-0.2579282789551458,1
P23R,SLSVDNKKFWATVESSEHSFEVRIYAETLDEALELAEWQYVPAGFEVTRVRPCVAP,-0.6305005387929894,1
P23S,SLSVDNKKFWATVESSEHSFEVSIYAETLDEALELAEWQYVPAGFEVTRVRPCVAP,-0.4504195218752009,1
P23T,SLSVDNKKFWATVESSEHSFEVTIYAETLDEALELAEWQYVPAGFEVTRVRPCVAP,-0.1759021161819962,1
P23V,SLSVDNKKFWATVESSEHSFEVVIYAETLDEALELAEWQYVPAGFEVTRVRPCVAP,0.6516612742547205,1
P23W,SLSVDNKKFWATVESSEHSFEVWIYAETLDEALELAEWQYVPAGFEVTRVRPCVAP,-0.008422858875555,1
P23Y,SLSVDNKKFWATVESSEHSFEVYIYAETLDEALELAEWQYVPAGFEVTRVRPCVAP,0.0111508502656931,1
P42A,SLSVDNKKFWATVESSEHSFEVPIYAETLDEALELAEWQYVAAGFEVTRVRPCVAP,0.0582132123099965,1
P42C,SLSVDNKKFWATVESSEHSFEVPIYAETLDEALELAEWQYVCAGFEVTRVRPCVAP,-0.2489333825798123,1
P42D,SLSVDNKKFWATVESSEHSFEVPIYAETLDEALELAEWQYVDAGFEVTRVRPCVAP,-0.5982104683022429,1
P42E,SLSVDNKKFWATVESSEHSFEVPIYAETLDEALELAEWQYVEAGFEVTRVRPCVAP,-0.4369585923227754,1
P42F,SLSVDNKKFWATVESSEHSFEVPIYAETLDEALELAEWQYVFAGFEVTRVRPCVAP,-0.3165900369930199,1
P42G,SLSVDNKKFWATVESSEHSFEVPIYAETLDEALELAEWQYVGAGFEVTRVRPCVAP,-0.1906630561555395,1
P42H,SLSVDNKKFWATVESSEHSFEVPIYAETLDEALELAEWQYVHAGFEVTRVRPCVAP,-0.1267550643119825,1
P42I,SLSVDNKKFWATVESSEHSFEVPIYAETLDEALELAEWQYVIAGFEVTRVRPCVAP,-0.3787132213092956,1
P42K,SLSVDNKKFWATVESSEHSFEVPIYAETLDEALELAEWQYVKAGFEVTRVRPCVAP,-0.2260644081749019,1
P42L,SLSVDNKKFWATVESSEHSFEVPIYAETLDEALELAEWQYVLAGFEVTRVRPCVAP,-0.2625292863531188,1
P42M,SLSVDNKKFWATVESSEHSFEVPIYAETLDEALELAEWQYVMAGFEVTRVRPCVAP,-0.365067404986001,1
P42N,SLSVDNKKFWATVESSEHSFEVPIYAETLDEALELAEWQYVNAGFEVTRVRPCVAP,-0.3774186452953643,1
P42Q,SLSVDNKKFWATVESSEHSFEVPIYAETLDEALELAEWQYVQAGFEVTRVRPCVAP,-0.4277907625334975,1
P42R,SLSVDNKKFWATVESSEHSFEVPIYAETLDEALELAEWQYVRAGFEVTRVRPCVAP,0.0106874545526203,1
P42S,SLSVDNKKFWATVESSEHSFEVPIYAETLDEALELAEWQYVSAGFEVTRVRPCVAP,-0.1967994702283158,1
P42T,SLSVDNKKFWATVESSEHSFEVPIYAETLDEALELAEWQYVTAGFEVTRVRPCVAP,-0.2386764875542946,1
P42V,SLSVDNKKFWATVESSEHSFEVPIYAETLDEALELAEWQYVVAGFEVTRVRPCVAP,-0.4447198938127634,1
P42W,SLSVDNKKFWATVESSEHSFEVPIYAETLDEALELAEWQYVWAGFEVTRVRPCVAP,0.0266130514004911,1
P42Y,SLSVDNKKFWATVESSEHSFEVPIYAETLDEALELAEWQYVYAGFEVTRVRPCVAP,-0.3791864516413739,1
P52A,SLSVDNKKFWATVESSEHSFEVPIYAETLDEALELAEWQYVPAGFEVTRVRACVAP,-0.0718216808003813,1
P52C,SLSVDNKKFWATVESSEHSFEVPIYAETLDEALELAEWQYVPAGFEVTRVRCCVAP,-0.8298586671031463,1
P52D,SLSVDNKKFWATVESSEHSFEVPIYAETLDEALELAEWQYVPAGFEVTRVRDCVAP,-0.840912735871824,1
P52E,SLSVDNKKFWATVESSEHSFEVPIYAETLDEALELAEWQYVPAGFEVTRVRECVAP,0.2696373894832495,1
P52F,SLSVDNKKFWATVESSEHSFEVPIYAETLDEALELAEWQYVPAGFEVTRVRFCVAP,0.0540389227279805,1
P52G,SLSVDNKKFWATVESSEHSFEVPIYAETLDEALELAEWQYVPAGFEVTRVRGCVAP,-0.5301852896030608,1
P52H,SLSVDNKKFWATVESSEHSFEVPIYAETLDEALELAEWQYVPAGFEVTRVRHCVAP,-0.4331304537510907,1
P52I,SLSVDNKKFWATVESSEHSFEVPIYAETLDEALELAEWQYVPAGFEVTRVRICVAP,0.0581034372149762,1
P52K,SLSVDNKKFWATVESSEHSFEVPIYAETLDEALELAEWQYVPAGFEVTRVRKCVAP,-0.5334324577695635,1
P52L,SLSVDNKKFWATVESSEHSFEVPIYAETLDEALELAEWQYVPAGFEVTRVRLCVAP,0.2002900276947343,1
P52M,SLSVDNKKFWATVESSEHSFEVPIYAETLDEALELAEWQYVPAGFEVTRVRMCVAP,0.0702453540255532,1
P52N,SLSVDNKKFWATVESSEHSFEVPIYAETLDEALELAEWQYVPAGFEVTRVRNCVAP,-0.9077761219726036,1
P52Q,SLSVDNKKFWATVESSEHSFEVPIYAETLDEALELAEWQYVPAGFEVTRVRQCVAP,-0.1649125020571018,1
P52R,SLSVDNKKFWATVESSEHSFEVPIYAETLDEALELAEWQYVPAGFEVTRVRRCVAP,-0.3315309774266382,1
P52S,SLSVDNKKFWATVESSEHSFEVPIYAETLDEALELAEWQYVPAGFEVTRVRSCVAP,-0.3140293477876548,1
P52T,SLSVDNKKFWATVESSEHSFEVPIYAETLDEALELAEWQYVPAGFEVTRVRTCVAP,-0.3998522404642504,1
P52V,SLSVDNKKFWATVESSEHSFEVPIYAETLDEALELAEWQYVPAGFEVTRVRVCVAP,-0.0030804387838516,1
P52W,SLSVDNKKFWATVESSEHSFEVPIYAETLDEALELAEWQYVPAGFEVTRVRWCVAP,0.107643555336288,1
P52Y,SLSVDNKKFWATVESSEHSFEVPIYAETLDEALELAEWQYVPAGFEVTRVRYCVAP,0.1756435748813292,1
P56A,SLSVDNKKFWATVESSEHSFEVPIYAETLDEALELAEWQYVPAGFEVTRVRPCVAA,-0.1035440702750802,1
P56C,SLSVDNKKFWATVESSEHSFEVPIYAETLDEALELAEWQYVPAGFEVTRVRPCVAC,-0.33863030162596,1
P56D,SLSVDNKKFWATVESSEHSFEVPIYAETLDEALELAEWQYVPAGFEVTRVRPCVAD,-0.0363506403105695,1
P56E,SLSVDNKKFWATVESSEHSFEVPIYAETLDEALELAEWQYVPAGFEVTRVRPCVAE,-0.1195674480895947,1
P56F,SLSVDNKKFWATVESSEHSFEVPIYAETLDEALELAEWQYVPAGFEVTRVRPCVAF,0.1030510145032828,1
P56G,SLSVDNKKFWATVESSEHSFEVPIYAETLDEALELAEWQYVPAGFEVTRVRPCVAG,0.0095125584811226,1
P56H,SLSVDNKKFWATVESSEHSFEVPIYAETLDEALELAEWQYVPAGFEVTRVRPCVAH,-0.0224846120783639,1
P56I,SLSVDNKKFWATVESSEHSFEVPIYAETLDEALELAEWQYVPAGFEVTRVRPCVAI,-0.152691069459776,1
P56K,SLSVDNKKFWATVESSEHSFEVPIYAETLDEALELAEWQYVPAGFEVTRVRPCVAK,-0.43466496076657,1
P56L,SLSVDNKKFWATVESSEHSFEVPIYAETLDEALELAEWQYVPAGFEVTRVRPCVAL,-0.0087008407939821,1
P56M,SLSVDNKKFWATVESSEHSFEVPIYAETLDEALELAEWQYVPAGFEVTRVRPCVAM,-0.0122462792478357,1
P56N,SLSVDNKKFWATVESSEHSFEVPIYAETLDEALELAEWQYVPAGFEVTRVRPCVAN,0.089414121632998,1
P56Q,SLSVDNKKFWATVESSEHSFEVPIYAETLDEALELAEWQYVPAGFEVTRVRPCVAQ,0.0231991403783609,1
P56R,SLSVDNKKFWATVESSEHSFEVPIYAETLDEALELAEWQYVPAGFEVTRVRPCVAR,-0.4094348464834567,1
P56S,SLSVDNKKFWATVESSEHSFEVPIYAETLDEALELAEWQYVPAGFEVTRVRPCVAS,-0.0130021959177941,1
P56T,SLSVDNKKFWATVESSEHSFEVPIYAETLDEALELAEWQYVPAGFEVTRVRPCVAT,-0.0623950882119621,1
P56V,SLSVDNKKFWATVESSEHSFEVPIYAETLDEALELAEWQYVPAGFEVTRVRPCVAV,-0.090180485351146,1
P56W,SLSVDNKKFWATVESSEHSFEVPIYAETLDEALELAEWQYVPAGFEVTRVRPCVAW,-0.0115368082374232,1
P56Y,SLSVDNKKFWATVESSEHSFEVPIYAETLDEALELAEWQYVPAGFEVTRVRPCVAY,0.0064078015141522,1
Q39A,SLSVDNKKFWATVESSEHSFEVPIYAETLDEALELAEWAYVPAGFEVTRVRPCVAP,-0.0513548326174135,1
Q39C,SLSVDNKKFWATVESSEHSFEVPIYAETLDEALELAEWCYVPAGFEVTRVRPCVAP,0.5389914941860132,1
Q39D,SLSVDNKKFWATVESSEHSFEVPIYAETLDEALELAEWDYVPAGFEVTRVRPCVAP,-1.1168492640893637,0
Q39E,SLSVDNKKFWATVESSEHSFEVPIYAETLDEALELAEWEYVPAGFEVTRVRPCVAP,-0.2555554810493587,1
Q39F,SLSVDNKKFWATVESSEHSFEVPIYAETLDEALELAEWFYVPAGFEVTRVRPCVAP,0.545169250800353,1
Q39G,SLSVDNKKFWATVESSEHSFEVPIYAETLDEALELAEWGYVPAGFEVTRVRPCVAP,-0.850384151269191,1
Q39H,SLSVDNKKFWATVESSEHSFEVPIYAETLDEALELAEWHYVPAGFEVTRVRPCVAP,-0.157966660743607,1
Q39I,SLSVDNKKFWATVESSEHSFEVPIYAETLDEALELAEWIYVPAGFEVTRVRPCVAP,0.6948607761034844,1
Q39K,SLSVDNKKFWATVESSEHSFEVPIYAETLDEALELAEWKYVPAGFEVTRVRPCVAP,0.1269013047605467,1
Q39L,SLSVDNKKFWATVESSEHSFEVPIYAETLDEALELAEWLYVPAGFEVTRVRPCVAP,0.9206257724863098,1
Q39M,SLSVDNKKFWATVESSEHSFEVPIYAETLDEALELAEWMYVPAGFEVTRVRPCVAP,0.6895482343841941,1
Q39N,SLSVDNKKFWATVESSEHSFEVPIYAETLDEALELAEWNYVPAGFEVTRVRPCVAP,-0.7334339670207404,1
Q39P,SLSVDNKKFWATVESSEHSFEVPIYAETLDEALELAEWPYVPAGFEVTRVRPCVAP,-1.7078503336246846,0
Q39R,SLSVDNKKFWATVESSEHSFEVPIYAETLDEALELAEWRYVPAGFEVTRVRPCVAP,-0.0938981715873708,1
Q39S,SLSVDNKKFWATVESSEHSFEVPIYAETLDEALELAEWSYVPAGFEVTRVRPCVAP,-0.5056875362512185,1
Q39V,SLSVDNKKFWATVESSEHSFEVPIYAETLDEALELAEWVYVPAGFEVTRVRPCVAP,0.2475881698058684,1
Q39W,SLSVDNKKFWATVESSEHSFEVPIYAETLDEALELAEWWYVPAGFEVTRVRPCVAP,0.4850382649412199,1
Q39Y,SLSVDNKKFWATVESSEHSFEVPIYAETLDEALELAEWYYVPAGFEVTRVRPCVAP,0.5163652760982664,1
R49A,SLSVDNKKFWATVESSEHSFEVPIYAETLDEALELAEWQYVPAGFEVTAVRPCVAP,0.2759712243661636,1
R49C,SLSVDNKKFWATVESSEHSFEVPIYAETLDEALELAEWQYVPAGFEVTCVRPCVAP,-0.5405299629943499,1
R49D,SLSVDNKKFWATVESSEHSFEVPIYAETLDEALELAEWQYVPAGFEVTDVRPCVAP,-0.3105961273946609,1
R49E,SLSVDNKKFWATVESSEHSFEVPIYAETLDEALELAEWQYVPAGFEVTEVRPCVAP,-0.511460448914483,1
R49F,SLSVDNKKFWATVESSEHSFEVPIYAETLDEALELAEWQYVPAGFEVTFVRPCVAP,0.103438741845165,1
R49G,SLSVDNKKFWATVESSEHSFEVPIYAETLDEALELAEWQYVPAGFEVTGVRPCVAP,0.2179763608523117,1
R49H,SLSVDNKKFWATVESSEHSFEVPIYAETLDEALELAEWQYVPAGFEVTHVRPCVAP,0.1587256496264943,1
R49I,SLSVDNKKFWATVESSEHSFEVPIYAETLDEALELAEWQYVPAGFEVTIVRPCVAP,-0.4382599637617108,1
R49K,SLSVDNKKFWATVESSEHSFEVPIYAETLDEALELAEWQYVPAGFEVTKVRPCVAP,0.1132543514288402,1
R49L,SLSVDNKKFWATVESSEHSFEVPIYAETLDEALELAEWQYVPAGFEVTLVRPCVAP,0.017319464783664,1
R49M,SLSVDNKKFWATVESSEHSFEVPIYAETLDEALELAEWQYVPAGFEVTMVRPCVAP,0.2821666599319021,1
R49N,SLSVDNKKFWATVESSEHSFEVPIYAETLDEALELAEWQYVPAGFEVTNVRPCVAP,0.4117559928776644,1
R49P,SLSVDNKKFWATVESSEHSFEVPIYAETLDEALELAEWQYVPAGFEVTPVRPCVAP,-2.061343627149665,0
R49Q,SLSVDNKKFWATVESSEHSFEVPIYAETLDEALELAEWQYVPAGFEVTQVRPCVAP,-0.0927519877205211,1
R49S,SLSVDNKKFWATVESSEHSFEVPIYAETLDEALELAEWQYVPAGFEVTSVRPCVAP,0.4159062287339381,1
R49T,SLSVDNKKFWATVESSEHSFEVPIYAETLDEALELAEWQYVPAGFEVTTVRPCVAP,-0.3947449806301102,1
R49V,SLSVDNKKFWATVESSEHSFEVPIYAETLDEALELAEWQYVPAGFEVTVVRPCVAP,-0.4919167628573797,1
R49W,SLSVDNKKFWATVESSEHSFEVPIYAETLDEALELAEWQYVPAGFEVTWVRPCVAP,-0.3042078260438909,1
R49Y,SLSVDNKKFWATVESSEHSFEVPIYAETLDEALELAEWQYVPAGFEVTYVRPCVAP,-0.0872666186151018,1
R51A,SLSVDNKKFWATVESSEHSFEVPIYAETLDEALELAEWQYVPAGFEVTRVAPCVAP,-0.8436665381106212,1
R51C,SLSVDNKKFWATVESSEHSFEVPIYAETLDEALELAEWQYVPAGFEVTRVCPCVAP,-0.9268097609749736,1
R51D,SLSVDNKKFWATVESSEHSFEVPIYAETLDEALELAEWQYVPAGFEVTRVDPCVAP,-1.2964652612271197,0
R51E,SLSVDNKKFWATVESSEHSFEVPIYAETLDEALELAEWQYVPAGFEVTRVEPCVAP,-0.6552312616097458,1
R51F,SLSVDNKKFWATVESSEHSFEVPIYAETLDEALELAEWQYVPAGFEVTRVFPCVAP,-0.5878556831231994,1
R51G,SLSVDNKKFWATVESSEHSFEVPIYAETLDEALELAEWQYVPAGFEVTRVGPCVAP,-1.015720042606829,1
R51H,SLSVDNKKFWATVESSEHSFEVPIYAETLDEALELAEWQYVPAGFEVTRVHPCVAP,-0.8131696273437492,1
R51I,SLSVDNKKFWATVESSEHSFEVPIYAETLDEALELAEWQYVPAGFEVTRVIPCVAP,-0.2274237946281649,1
R51K,SLSVDNKKFWATVESSEHSFEVPIYAETLDEALELAEWQYVPAGFEVTRVKPCVAP,-0.9557320338301768,1
R51L,SLSVDNKKFWATVESSEHSFEVPIYAETLDEALELAEWQYVPAGFEVTRVLPCVAP,-0.6149754772782647,1
R51M,SLSVDNKKFWATVESSEHSFEVPIYAETLDEALELAEWQYVPAGFEVTRVMPCVAP,-0.5937397076330577,1
R51N,SLSVDNKKFWATVESSEHSFEVPIYAETLDEALELAEWQYVPAGFEVTRVNPCVAP,-1.3294732013977972,0
R51P,SLSVDNKKFWATVESSEHSFEVPIYAETLDEALELAEWQYVPAGFEVTRVPPCVAP,-2.830513823188024,0
R51Q,SLSVDNKKFWATVESSEHSFEVPIYAETLDEALELAEWQYVPAGFEVTRVQPCVAP,-0.7650606544541074,1
R51S,SLSVDNKKFWATVESSEHSFEVPIYAETLDEALELAEWQYVPAGFEVTRVSPCVAP,-0.8233388584158086,1
R51T,SLSVDNKKFWATVESSEHSFEVPIYAETLDEALELAEWQYVPAGFEVTRVTPCVAP,-0.5231684201399942,1
R51V,SLSVDNKKFWATVESSEHSFEVPIYAETLDEALELAEWQYVPAGFEVTRVVPCVAP,-0.0718238021821959,1
R51W,SLSVDNKKFWATVESSEHSFEVPIYAETLDEALELAEWQYVPAGFEVTRVWPCVAP,-0.138500247544151,1
R51Y,SLSVDNKKFWATVESSEHSFEVPIYAETLDEALELAEWQYVPAGFEVTRVYPCVAP,-0.1162185865210196,1
S15A,SLSVDNKKFWATVEASEHSFEVPIYAETLDEALELAEWQYVPAGFEVTRVRPCVAP,-0.6930987381256757,1
S15C,SLSVDNKKFWATVECSEHSFEVPIYAETLDEALELAEWQYVPAGFEVTRVRPCVAP,-0.0886165846207314,1
S15D,SLSVDNKKFWATVEDSEHSFEVPIYAETLDEALELAEWQYVPAGFEVTRVRPCVAP,-0.1483624130338325,1
S15E,SLSVDNKKFWATVEESEHSFEVPIYAETLDEALELAEWQYVPAGFEVTRVRPCVAP,-1.5336650403771075,0
S15F,SLSVDNKKFWATVEFSEHSFEVPIYAETLDEALELAEWQYVPAGFEVTRVRPCVAP,-0.5850380116320895,1
S15G,SLSVDNKKFWATVEGSEHSFEVPIYAETLDEALELAEWQYVPAGFEVTRVRPCVAP,-0.5020827172302162,1
S15H,SLSVDNKKFWATVEHSEHSFEVPIYAETLDEALELAEWQYVPAGFEVTRVRPCVAP,-0.598564582527719,1
S15I,SLSVDNKKFWATVEISEHSFEVPIYAETLDEALELAEWQYVPAGFEVTRVRPCVAP,-0.5938118611730139,1
S15K,SLSVDNKKFWATVEKSEHSFEVPIYAETLDEALELAEWQYVPAGFEVTRVRPCVAP,-0.0428353840166195,1
S15L,SLSVDNKKFWATVELSEHSFEVPIYAETLDEALELAEWQYVPAGFEVTRVRPCVAP,-0.6958889569175581,1
S15M,SLSVDNKKFWATVEMSEHSFEVPIYAETLDEALELAEWQYVPAGFEVTRVRPCVAP,-0.4698211623347958,1
S15N,SLSVDNKKFWATVENSEHSFEVPIYAETLDEALELAEWQYVPAGFEVTRVRPCVAP,0.406346812138584,1
S15P,SLSVDNKKFWATVEPSEHSFEVPIYAETLDEALELAEWQYVPAGFEVTRVRPCVAP,-2.235058857221764,0
S15Q,SLSVDNKKFWATVEQSEHSFEVPIYAETLDEALELAEWQYVPAGFEVTRVRPCVAP,-0.7528384983047778,1
S15R,SLSVDNKKFWATVERSEHSFEVPIYAETLDEALELAEWQYVPAGFEVTRVRPCVAP,-0.2867294795969717,1
S15T,SLSVDNKKFWATVETSEHSFEVPIYAETLDEALELAEWQYVPAGFEVTRVRPCVAP,-0.345877446358223,1
S15V,SLSVDNKKFWATVEVSEHSFEVPIYAETLDEALELAEWQYVPAGFEVTRVRPCVAP,-0.8845855843979806,1
S15W,SLSVDNKKFWATVEWSEHSFEVPIYAETLDEALELAEWQYVPAGFEVTRVRPCVAP,-0.4180320884900217,1
S15Y,SLSVDNKKFWATVEYSEHSFEVPIYAETLDEALELAEWQYVPAGFEVTRVRPCVAP,-0.5556052224078483,1
S16A,SLSVDNKKFWATVESAEHSFEVPIYAETLDEALELAEWQYVPAGFEVTRVRPCVAP,-0.021350815794447,1
S16C,SLSVDNKKFWATVESCEHSFEVPIYAETLDEALELAEWQYVPAGFEVTRVRPCVAP,-0.3474993800165888,1
S16D,SLSVDNKKFWATVESDEHSFEVPIYAETLDEALELAEWQYVPAGFEVTRVRPCVAP,-0.3921662606355767,1
S16E,SLSVDNKKFWATVESEEHSFEVPIYAETLDEALELAEWQYVPAGFEVTRVRPCVAP,-0.0918981945574897,1
S16F,SLSVDNKKFWATVESFEHSFEVPIYAETLDEALELAEWQYVPAGFEVTRVRPCVAP,-0.1039706101983366,1
S16G,SLSVDNKKFWATVESGEHSFEVPIYAETLDEALELAEWQYVPAGFEVTRVRPCVAP,0.1344149936399343,1
S16H,SLSVDNKKFWATVESHEHSFEVPIYAETLDEALELAEWQYVPAGFEVTRVRPCVAP,-0.1452473852344944,1
S16I,SLSVDNKKFWATVESIEHSFEVPIYAETLDEALELAEWQYVPAGFEVTRVRPCVAP,-0.2409585089491956,1
S16K,SLSVDNKKFWATVESKEHSFEVPIYAETLDEALELAEWQYVPAGFEVTRVRPCVAP,0.0663150212371852,1
S16L,SLSVDNKKFWATVESLEHSFEVPIYAETLDEALELAEWQYVPAGFEVTRVRPCVAP,-0.2249229168775914,1
S16M,SLSVDNKKFWATVESMEHSFEVPIYAETLDEALELAEWQYVPAGFEVTRVRPCVAP,-0.1365311578828647,1
S16N,SLSVDNKKFWATVESNEHSFEVPIYAETLDEALELAEWQYVPAGFEVTRVRPCVAP,-0.0587748610997369,1
S16P,SLSVDNKKFWATVESPEHSFEVPIYAETLDEALELAEWQYVPAGFEVTRVRPCVAP,-0.0012316573428048,1
S16Q,SLSVDNKKFWATVESQEHSFEVPIYAETLDEALELAEWQYVPAGFEVTRVRPCVAP,-0.1266429775900857,1
S16R,SLSVDNKKFWATVESREHSFEVPIYAETLDEALELAEWQYVPAGFEVTRVRPCVAP,0.0201405634610258,1
S16T,SLSVDNKKFWATVESTEHSFEVPIYAETLDEALELAEWQYVPAGFEVTRVRPCVAP,-0.2526210131154958,1
S16V,SLSVDNKKFWATVESVEHSFEVPIYAETLDEALELAEWQYVPAGFEVTRVRPCVAP,-0.4481080673446769,1
S16W,SLSVDNKKFWATVESWEHSFEVPIYAETLDEALELAEWQYVPAGFEVTRVRPCVAP,-0.1738912212475689,1
S16Y,SLSVDNKKFWATVESYEHSFEVPIYAETLDEALELAEWQYVPAGFEVTRVRPCVAP,-0.3062572896582169,1
S19A,SLSVDNKKFWATVESSEHAFEVPIYAETLDEALELAEWQYVPAGFEVTRVRPCVAP,-0.4096162294798717,1
S19C,SLSVDNKKFWATVESSEHCFEVPIYAETLDEALELAEWQYVPAGFEVTRVRPCVAP,-0.2626797194090304,1
S19D,SLSVDNKKFWATVESSEHDFEVPIYAETLDEALELAEWQYVPAGFEVTRVRPCVAP,-1.7213195830556307,0
S19E,SLSVDNKKFWATVESSEHEFEVPIYAETLDEALELAEWQYVPAGFEVTRVRPCVAP,-0.9516143518043548,1
S19F,SLSVDNKKFWATVESSEHFFEVPIYAETLDEALELAEWQYVPAGFEVTRVRPCVAP,-0.4690421801364977,1
S19G,SLSVDNKKFWATVESSEHGFEVPIYAETLDEALELAEWQYVPAGFEVTRVRPCVAP,-1.4507031834427364,0
S19H,SLSVDNKKFWATVESSEHHFEVPIYAETLDEALELAEWQYVPAGFEVTRVRPCVAP,-0.3974927796570373,1
S19I,SLSVDNKKFWATVESSEHIFEVPIYAETLDEALELAEWQYVPAGFEVTRVRPCVAP,-0.1330510053973412,1
S19K,SLSVDNKKFWATVESSEHKFEVPIYAETLDEALELAEWQYVPAGFEVTRVRPCVAP,-0.0546541855029389,1
S19L,SLSVDNKKFWATVESSEHLFEVPIYAETLDEALELAEWQYVPAGFEVTRVRPCVAP,-0.7324647595816689,1
S19M,SLSVDNKKFWATVESSEHMFEVPIYAETLDEALELAEWQYVPAGFEVTRVRPCVAP,-0.404691971570879,1
S19N,SLSVDNKKFWATVESSEHNFEVPIYAETLDEALELAEWQYVPAGFEVTRVRPCVAP,-0.9183177277392636,1
S19P,SLSVDNKKFWATVESSEHPFEVPIYAETLDEALELAEWQYVPAGFEVTRVRPCVAP,-2.0105929683696018,0
S19Q,SLSVDNKKFWATVESSEHQFEVPIYAETLDEALELAEWQYVPAGFEVTRVRPCVAP,-0.4724207771440545,1
S19R,SLSVDNKKFWATVESSEHRFEVPIYAETLDEALELAEWQYVPAGFEVTRVRPCVAP,0.0228623188949299,1
S19T,SLSVDNKKFWATVESSEHTFEVPIYAETLDEALELAEWQYVPAGFEVTRVRPCVAP,-0.0774495393051224,1
S19V,SLSVDNKKFWATVESSEHVFEVPIYAETLDEALELAEWQYVPAGFEVTRVRPCVAP,-0.0100579406253906,1
S19W,SLSVDNKKFWATVESSEHWFEVPIYAETLDEALELAEWQYVPAGFEVTRVRPCVAP,-0.0140304339579837,1
S19Y,SLSVDNKKFWATVESSEHYFEVPIYAETLDEALELAEWQYVPAGFEVTRVRPCVAP,-0.4510926863350062,1
S1A,ALSVDNKKFWATVESSEHSFEVPIYAETLDEALELAEWQYVPAGFEVTRVRPCVAP,-0.0041714167703093,1
S1D,DLSVDNKKFWATVESSEHSFEVPIYAETLDEALELAEWQYVPAGFEVTRVRPCVAP,-0.0151057939852918,1
S1E,ELSVDNKKFWATVESSEHSFEVPIYAETLDEALELAEWQYVPAGFEVTRVRPCVAP,-0.1976171879130874,1
S1F,FLSVDNKKFWATVESSEHSFEVPIYAETLDEALELAEWQYVPAGFEVTRVRPCVAP,-0.1146970429227396,1
S1G,GLSVDNKKFWATVESSEHSFEVPIYAETLDEALELAEWQYVPAGFEVTRVRPCVAP,-0.1362846549670036,1
S1H,HLSVDNKKFWATVESSEHSFEVPIYAETLDEALELAEWQYVPAGFEVTRVRPCVAP,-0.0167950405369436,1
S1I,ILSVDNKKFWATVESSEHSFEVPIYAETLDEALELAEWQYVPAGFEVTRVRPCVAP,-0.0878542248851719,1
S1K,KLSVDNKKFWATVESSEHSFEVPIYAETLDEALELAEWQYVPAGFEVTRVRPCVAP,-0.1842776085990722,1
S1L,LLSVDNKKFWATVESSEHSFEVPIYAETLDEALELAEWQYVPAGFEVTRVRPCVAP,-0.162590529208809,1
S1M,MLSVDNKKFWATVESSEHSFEVPIYAETLDEALELAEWQYVPAGFEVTRVRPCVAP,-0.0991501874945584,1
S1N,NLSVDNKKFWATVESSEHSFEVPIYAETLDEALELAEWQYVPAGFEVTRVRPCVAP,-0.0598089481518862,1
S1P,PLSVDNKKFWATVESSEHSFEVPIYAETLDEALELAEWQYVPAGFEVTRVRPCVAP,-0.0955403334478157,1
S1Q,QLSVDNKKFWATVESSEHSFEVPIYAETLDEALELAEWQYVPAGFEVTRVRPCVAP,-0.0330256202961947,1
S1R,RLSVDNKKFWATVESSEHSFEVPIYAETLDEALELAEWQYVPAGFEVTRVRPCVAP,-0.2530350567457584,1
S1T,TLSVDNKKFWATVESSEHSFEVPIYAETLDEALELAEWQYVPAGFEVTRVRPCVAP,-0.069716189241384,1
S1V,VLSVDNKKFWATVESSEHSFEVPIYAETLDEALELAEWQYVPAGFEVTRVRPCVAP,-0.1652826977814774,1
S1W,WLSVDNKKFWATVESSEHSFEVPIYAETLDEALELAEWQYVPAGFEVTRVRPCVAP,-0.219137703127656,1
S1Y,YLSVDNKKFWATVESSEHSFEVPIYAETLDEALELAEWQYVPAGFEVTRVRPCVAP,-0.2896901957108913,1
S3A,SLAVDNKKFWATVESSEHSFEVPIYAETLDEALELAEWQYVPAGFEVTRVRPCVAP,-0.0829150423248652,1
S3D,SLDVDNKKFWATVESSEHSFEVPIYAETLDEALELAEWQYVPAGFEVTRVRPCVAP,-0.3174850971159517,1
S3E,SLEVDNKKFWATVESSEHSFEVPIYAETLDEALELAEWQYVPAGFEVTRVRPCVAP,-0.4846814734159599,1
S3F,SLFVDNKKFWATVESSEHSFEVPIYAETLDEALELAEWQYVPAGFEVTRVRPCVAP,-0.2437249065261517,1
S3G,SLGVDNKKFWATVESSEHSFEVPIYAETLDEALELAEWQYVPAGFEVTRVRPCVAP,-0.0839219114999316,1
S3H,SLHVDNKKFWATVESSEHSFEVPIYAETLDEALELAEWQYVPAGFEVTRVRPCVAP,0.0590758856501922,1
S3I,SLIVDNKKFWATVESSEHSFEVPIYAETLDEALELAEWQYVPAGFEVTRVRPCVAP,-0.0308686965740547,1
S3K,SLKVDNKKFWATVESSEHSFEVPIYAETLDEALELAEWQYVPAGFEVTRVRPCVAP,0.1059922862272961,1
S3L,SLLVDNKKFWATVESSEHSFEVPIYAETLDEALELAEWQYVPAGFEVTRVRPCVAP,-0.0741568100179597,1
S3M,SLMVDNKKFWATVESSEHSFEVPIYAETLDEALELAEWQYVPAGFEVTRVRPCVAP,-0.0209213393405067,1
S3N,SLNVDNKKFWATVESSEHSFEVPIYAETLDEALELAEWQYVPAGFEVTRVRPCVAP,-0.1189661720972909,1
S3P,SLPVDNKKFWATVESSEHSFEVPIYAETLDEALELAEWQYVPAGFEVTRVRPCVAP,-0.1809549188133963,1
S3Q,SLQVDNKKFWATVESSEHSFEVPIYAETLDEALELAEWQYVPAGFEVTRVRPCVAP,0.0034590959367015,1
S3R,SLRVDNKKFWATVESSEHSFEVPIYAETLDEALELAEWQYVPAGFEVTRVRPCVAP,0.0098118233333241,1
S3T,SLTVDNKKFWATVESSEHSFEVPIYAETLDEALELAEWQYVPAGFEVTRVRPCVAP,-0.135209317492075,1
S3V,SLVVDNKKFWATVESSEHSFEVPIYAETLDEALELAEWQYVPAGFEVTRVRPCVAP,-0.0442568629599176,1
S3W,SLWVDNKKFWATVESSEHSFEVPIYAETLDEALELAEWQYVPAGFEVTRVRPCVAP,-0.1357480663848762,1
S3Y,SLYVDNKKFWATVESSEHSFEVPIYAETLDEALELAEWQYVPAGFEVTRVRPCVAP,-0.215070817835985,1
T12A,SLSVDNKKFWAAVESSEHSFEVPIYAETLDEALELAEWQYVPAGFEVTRVRPCVAP,-1.3780016452038657,0
T12C,SLSVDNKKFWACVESSEHSFEVPIYAETLDEALELAEWQYVPAGFEVTRVRPCVAP,-0.30144713058385,1
T12D,SLSVDNKKFWADVESSEHSFEVPIYAETLDEALELAEWQYVPAGFEVTRVRPCVAP,-2.1099010966510785,0
T12E,SLSVDNKKFWAEVESSEHSFEVPIYAETLDEALELAEWQYVPAGFEVTRVRPCVAP,-1.9464313391858097,0
T12F,SLSVDNKKFWAFVESSEHSFEVPIYAETLDEALELAEWQYVPAGFEVTRVRPCVAP,-0.5297588672923521,1
T12G,SLSVDNKKFWAGVESSEHSFEVPIYAETLDEALELAEWQYVPAGFEVTRVRPCVAP,-1.873967937125756,0
T12H,SLSVDNKKFWAHVESSEHSFEVPIYAETLDEALELAEWQYVPAGFEVTRVRPCVAP,-0.6669325738584171,1
T12I,SLSVDNKKFWAIVESSEHSFEVPIYAETLDEALELAEWQYVPAGFEVTRVRPCVAP,-0.8824525915816828,1
T12K,SLSVDNKKFWAKVESSEHSFEVPIYAETLDEALELAEWQYVPAGFEVTRVRPCVAP,-0.4952874058139791,1
T12L,SLSVDNKKFWALVESSEHSFEVPIYAETLDEALELAEWQYVPAGFEVTRVRPCVAP,0.1916593475369818,1
T12M,SLSVDNKKFWAMVESSEHSFEVPIYAETLDEALELAEWQYVPAGFEVTRVRPCVAP,-0.2746573112377515,1
T12N,SLSVDNKKFWANVESSEHSFEVPIYAETLDEALELAEWQYVPAGFEVTRVRPCVAP,-1.4230369965025496,0
T12P,SLSVDNKKFWAPVESSEHSFEVPIYAETLDEALELAEWQYVPAGFEVTRVRPCVAP,-2.706945783731306,0
T12Q,SLSVDNKKFWAQVESSEHSFEVPIYAETLDEALELAEWQYVPAGFEVTRVRPCVAP,-0.8817217400018951,1
T12R,SLSVDNKKFWARVESSEHSFEVPIYAETLDEALELAEWQYVPAGFEVTRVRPCVAP,0.0315045793065689,1
T12S,SLSVDNKKFWASVESSEHSFEVPIYAETLDEALELAEWQYVPAGFEVTRVRPCVAP,-0.9227241274088508,1
T12V,SLSVDNKKFWAVVESSEHSFEVPIYAETLDEALELAEWQYVPAGFEVTRVRPCVAP,-0.782089688688338,1
T12W,SLSVDNKKFWAWVESSEHSFEVPIYAETLDEALELAEWQYVPAGFEVTRVRPCVAP,-0.3370226585871676,1
T12Y,SLSVDNKKFWAYVESSEHSFEVPIYAETLDEALELAEWQYVPAGFEVTRVRPCVAP,-0.4154198898511501,1
T28A,SLSVDNKKFWATVESSEHSFEVPIYAEALDEALELAEWQYVPAGFEVTRVRPCVAP,-1.725997535219312,0
T28C,SLSVDNKKFWATVESSEHSFEVPIYAECLDEALELAEWQYVPAGFEVTRVRPCVAP,-0.7903667758492294,1
T28D,SLSVDNKKFWATVESSEHSFEVPIYAEDLDEALELAEWQYVPAGFEVTRVRPCVAP,-0.6666907669704409,1
T28E,SLSVDNKKFWATVESSEHSFEVPIYAEELDEALELAEWQYVPAGFEVTRVRPCVAP,-1.8963004484514416,0
T28F,SLSVDNKKFWATVESSEHSFEVPIYAEFLDEALELAEWQYVPAGFEVTRVRPCVAP,-1.4328831014844132,0
T28G,SLSVDNKKFWATVESSEHSFEVPIYAEGLDEALELAEWQYVPAGFEVTRVRPCVAP,-0.8523662595780304,1
T28H,SLSVDNKKFWATVESSEHSFEVPIYAEHLDEALELAEWQYVPAGFEVTRVRPCVAP,-1.0498287717471817,1
T28I,SLSVDNKKFWATVESSEHSFEVPIYAEILDEALELAEWQYVPAGFEVTRVRPCVAP,-1.8595161700248528,0
T28K,SLSVDNKKFWATVESSEHSFEVPIYAEKLDEALELAEWQYVPAGFEVTRVRPCVAP,-1.6174375853248923,0
T28L,SLSVDNKKFWATVESSEHSFEVPIYAELLDEALELAEWQYVPAGFEVTRVRPCVAP,-1.919244180408452,0
T28M,SLSVDNKKFWATVESSEHSFEVPIYAEMLDEALELAEWQYVPAGFEVTRVRPCVAP,-1.7499316903830562,0
T28N,SLSVDNKKFWATVESSEHSFEVPIYAENLDEALELAEWQYVPAGFEVTRVRPCVAP,-0.1864160799404306,1
T28P,SLSVDNKKFWATVESSEHSFEVPIYAEPLDEALELAEWQYVPAGFEVTRVRPCVAP,-2.3194720891071774,0
T28Q,SLSVDNKKFWATVESSEHSFEVPIYAEQLDEALELAEWQYVPAGFEVTRVRPCVAP,-1.6480652092587391,0
T28R,SLSVDNKKFWATVESSEHSFEVPIYAERLDEALELAEWQYVPAGFEVTRVRPCVAP,-1.50441404643355,0
T28S,SLSVDNKKFWATVESSEHSFEVPIYAESLDEALELAEWQYVPAGFEVTRVRPCVAP,0.0989208016765403,1
T28V,SLSVDNKKFWATVESSEHSFEVPIYAEVLDEALELAEWQYVPAGFEVTRVRPCVAP,-1.8804067136710303,0
T28W,SLSVDNKKFWATVESSEHSFEVPIYAEWLDEALELAEWQYVPAGFEVTRVRPCVAP,-1.670324818389666,0
T28Y,SLSVDNKKFWATVESSEHSFEVPIYAEYLDEALELAEWQYVPAGFEVTRVRPCVAP,-1.6217021292476357,0
T48A,SLSVDNKKFWATVESSEHSFEVPIYAETLDEALELAEWQYVPAGFEVARVRPCVAP,-1.2591738767177487,0
T48C,SLSVDNKKFWATVESSEHSFEVPIYAETLDEALELAEWQYVPAGFEVCRVRPCVAP,-1.6793844667947309,0
T48D,SLSVDNKKFWATVESSEHSFEVPIYAETLDEALELAEWQYVPAGFEVDRVRPCVAP,-1.8986652335247105,0
T48E,SLSVDNKKFWATVESSEHSFEVPIYAETLDEALELAEWQYVPAGFEVERVRPCVAP,-1.88599884679731,0
T48F,SLSVDNKKFWATVESSEHSFEVPIYAETLDEALELAEWQYVPAGFEVFRVRPCVAP,-1.832475600481642,0
T48G,SLSVDNKKFWATVESSEHSFEVPIYAETLDEALELAEWQYVPAGFEVGRVRPCVAP,-1.807561952485385,0
T48H,SLSVDNKKFWATVESSEHSFEVPIYAETLDEALELAEWQYVPAGFEVHRVRPCVAP,-1.435988005368738,0
T48I,SLSVDNKKFWATVESSEHSFEVPIYAETLDEALELAEWQYVPAGFEVIRVRPCVAP,0.1399257466827972,1
T48K,SLSVDNKKFWATVESSEHSFEVPIYAETLDEALELAEWQYVPAGFEVKRVRPCVAP,-0.3168474452638956,1
T48L,SLSVDNKKFWATVESSEHSFEVPIYAETLDEALELAEWQYVPAGFEVLRVRPCVAP,-0.4522884333012671,1
T48M,SLSVDNKKFWATVESSEHSFEVPIYAETLDEALELAEWQYVPAGFEVMRVRPCVAP,-0.688253275713971,1
T48N,SLSVDNKKFWATVESSEHSFEVPIYAETLDEALELAEWQYVPAGFEVNRVRPCVAP,-1.4312319285177677,0
T48P,SLSVDNKKFWATVESSEHSFEVPIYAETLDEALELAEWQYVPAGFEVPRVRPCVAP,-1.5799398722696965,0
T48Q,SLSVDNKKFWATVESSEHSFEVPIYAETLDEALELAEWQYVPAGFEVQRVRPCVAP,-1.4096308371471644,0
T48R,SLSVDNKKFWATVESSEHSFEVPIYAETLDEALELAEWQYVPAGFEVRRVRPCVAP,-0.7958966754013799,1
T48S,SLSVDNKKFWATVESSEHSFEVPIYAETLDEALELAEWQYVPAGFEVSRVRPCVAP,-0.8867634272018936,1
T48V,SLSVDNKKFWATVESSEHSFEVPIYAETLDEALELAEWQYVPAGFEVVRVRPCVAP,0.1151628597386644,1
T48W,SLSVDNKKFWATVESSEHSFEVPIYAETLDEALELAEWQYVPAGFEVWRVRPCVAP,-1.6149345486911773,0
T48Y,SLSVDNKKFWATVESSEHSFEVPIYAETLDEALELAEWQYVPAGFEVYRVRPCVAP,-1.7205944797142654,0
V13A,SLSVDNKKFWATAESSEHSFEVPIYAETLDEALELAEWQYVPAGFEVTRVRPCVAP,-1.9899712331681143,0
V13C,SLSVDNKKFWATCESSEHSFEVPIYAETLDEALELAEWQYVPAGFEVTRVRPCVAP,-0.8594556713503345,1
V13D,SLSVDNKKFWATDESSEHSFEVPIYAETLDEALELAEWQYVPAGFEVTRVRPCVAP,-2.809936619960177,0
V13E,SLSVDNKKFWATEESSEHSFEVPIYAETLDEALELAEWQYVPAGFEVTRVRPCVAP,-2.6119360545303736,0
V13F,SLSVDNKKFWATFESSEHSFEVPIYAETLDEALELAEWQYVPAGFEVTRVRPCVAP,-0.7950936125731798,1
V13G,SLSVDNKKFWATGESSEHSFEVPIYAETLDEALELAEWQYVPAGFEVTRVRPCVAP,-2.4916983275040927,0
V13H,SLSVDNKKFWATHESSEHSFEVPIYAETLDEALELAEWQYVPAGFEVTRVRPCVAP,-2.247752922962857,0
V13I,SLSVDNKKFWATIESSEHSFEVPIYAETLDEALELAEWQYVPAGFEVTRVRPCVAP,0.5138530262536043,1
V13K,SLSVDNKKFWATKESSEHSFEVPIYAETLDEALELAEWQYVPAGFEVTRVRPCVAP,-2.2438834958700387,0
V13L,SLSVDNKKFWATLESSEHSFEVPIYAETLDEALELAEWQYVPAGFEVTRVRPCVAP,-0.0489720897820395,1
V13M,SLSVDNKKFWATMESSEHSFEVPIYAETLDEALELAEWQYVPAGFEVTRVRPCVAP,-1.0748033163920367,1
V13N,SLSVDNKKFWATNESSEHSFEVPIYAETLDEALELAEWQYVPAGFEVTRVRPCVAP,-2.261061413661626,0
V13P,SLSVDNKKFWATPESSEHSFEVPIYAETLDEALELAEWQYVPAGFEVTRVRPCVAP,-2.311547915147421,0
V13Q,SLSVDNKKFWATQESSEHSFEVPIYAETLDEALELAEWQYVPAGFEVTRVRPCVAP,-2.259818970191858,0
V13R,SLSVDNKKFWATRESSEHSFEVPIYAETLDEALELAEWQYVPAGFEVTRVRPCVAP,-2.221578872503667,0
V13S,SLSVDNKKFWATSESSEHSFEVPIYAETLDEALELAEWQYVPAGFEVTRVRPCVAP,-2.0915176746137245,0
V13T,SLSVDNKKFWATTESSEHSFEVPIYAETLDEALELAEWQYVPAGFEVTRVRPCVAP,-2.282265450513016,0
V13W,SLSVDNKKFWATWESSEHSFEVPIYAETLDEALELAEWQYVPAGFEVTRVRPCVAP,-1.723830742175883,0
V13Y,SLSVDNKKFWATYESSEHSFEVPIYAETLDEALELAEWQYVPAGFEVTRVRPCVAP,-0.8734429890275532,1
V22A,SLSVDNKKFWATVESSEHSFEAPIYAETLDEALELAEWQYVPAGFEVTRVRPCVAP,-1.0920999653697463,1
V22C,SLSVDNKKFWATVESSEHSFECPIYAETLDEALELAEWQYVPAGFEVTRVRPCVAP,-0.492086282318708,1
V22D,SLSVDNKKFWATVESSEHSFEDPIYAETLDEALELAEWQYVPAGFEVTRVRPCVAP,-2.015522620795552,0
V22E,SLSVDNKKFWATVESSEHSFEEPIYAETLDEALELAEWQYVPAGFEVTRVRPCVAP,-2.3569858726661472,0
V22F,SLSVDNKKFWATVESSEHSFEFPIYAETLDEALELAEWQYVPAGFEVTRVRPCVAP,-0.8752246952786173,1
V22G,SLSVDNKKFWATVESSEHSFEGPIYAETLDEALELAEWQYVPAGFEVTRVRPCVAP,-2.208341572619128,0
V22H,SLSVDNKKFWATVESSEHSFEHPIYAETLDEALELAEWQYVPAGFEVTRVRPCVAP,-1.794211534535725,0
V22I,SLSVDNKKFWATVESSEHSFEIPIYAETLDEALELAEWQYVPAGFEVTRVRPCVAP,-0.4367007467362227,1
V22K,SLSVDNKKFWATVESSEHSFEKPIYAETLDEALELAEWQYVPAGFEVTRVRPCVAP,-1.9077694966107348,0
V22L,SLSVDNKKFWATVESSEHSFELPIYAETLDEALELAEWQYVPAGFEVTRVRPCVAP,-1.2672751178754873,0
V22M,SLSVDNKKFWATVESSEHSFEMPIYAETLDEALELAEWQYVPAGFEVTRVRPCVAP,-1.1406632502466736,0
V22N,SLSVDNKKFWATVESSEHSFENPIYAETLDEALELAEWQYVPAGFEVTRVRPCVAP,-1.8994704249548424,0
V22P,SLSVDNKKFWATVESSEHSFEPPIYAETLDEALELAEWQYVPAGFEVTRVRPCVAP,-2.559018231812727,0
V22Q,SLSVDNKKFWATVESSEHSFEQPIYAETLDEALELAEWQYVPAGFEVTRVRPCVAP,-1.808308895426065,0
V22R,SLSVDNKKFWATVESSEHSFERPIYAETLDEALELAEWQYVPAGFEVTRVRPCVAP,-1.8087153577262227,0
V22S,SLSVDNKKFWATVESSEHSFESPIYAETLDEALELAEWQYVPAGFEVTRVRPCVAP,-2.0092975516977893,0
V22T,SLSVDNKKFWATVESSEHSFETPIYAETLDEALELAEWQYVPAGFEVTRVRPCVAP,-1.3190485576897424,0
V22W,SLSVDNKKFWATVESSEHSFEWPIYAETLDEALELAEWQYVPAGFEVTRVRPCVAP,-1.3867281276691166,0
V22Y,SLSVDNKKFWATVESSEHSFEYPIYAETLDEALELAEWQYVPAGFEVTRVRPCVAP,-1.108690881796654,0
V41A,SLSVDNKKFWATVESSEHSFEVPIYAETLDEALELAEWQYAPAGFEVTRVRPCVAP,-0.0102080505940431,1
V41C,SLSVDNKKFWATVESSEHSFEVPIYAETLDEALELAEWQYCPAGFEVTRVRPCVAP,-0.8857044000636756,1
V41D,SLSVDNKKFWATVESSEHSFEVPIYAETLDEALELAEWQYDPAGFEVTRVRPCVAP,-1.334866334296937,0
V41E,SLSVDNKKFWATVESSEHSFEVPIYAETLDEALELAEWQYEPAGFEVTRVRPCVAP,-0.6158958121086018,1
V41F,SLSVDNKKFWATVESSEHSFEVPIYAETLDEALELAEWQYFPAGFEVTRVRPCVAP,-0.6849678152859877,1
V41G,SLSVDNKKFWATVESSEHSFEVPIYAETLDEALELAEWQYGPAGFEVTRVRPCVAP,0.5763165561297314,1
V41H,SLSVDNKKFWATVESSEHSFEVPIYAETLDEALELAEWQYHPAGFEVTRVRPCVAP,-0.0193897716722197,1
V41I,SLSVDNKKFWATVESSEHSFEVPIYAETLDEALELAEWQYIPAGFEVTRVRPCVAP,-0.244064641913809,1
V41K,SLSVDNKKFWATVESSEHSFEVPIYAETLDEALELAEWQYKPAGFEVTRVRPCVAP,0.1718128932326812,1
V41L,SLSVDNKKFWATVESSEHSFEVPIYAETLDEALELAEWQYLPAGFEVTRVRPCVAP,-0.0746042673546827,1
V41M,SLSVDNKKFWATVESSEHSFEVPIYAETLDEALELAEWQYMPAGFEVTRVRPCVAP,-0.4241799216361643,1
V41N,SLSVDNKKFWATVESSEHSFEVPIYAETLDEALELAEWQYNPAGFEVTRVRPCVAP,0.1966566320726004,1
V41P,SLSVDNKKFWATVESSEHSFEVPIYAETLDEALELAEWQYPPAGFEVTRVRPCVAP,-0.8020057329595709,1
V41Q,SLSVDNKKFWATVESSEHSFEVPIYAETLDEALELAEWQYQPAGFEVTRVRPCVAP,-0.2490569895761107,1
V41R,SLSVDNKKFWATVESSEHSFEVPIYAETLDEALELAEWQYRPAGFEVTRVRPCVAP,-0.151849726362236,1
V41S,SLSVDNKKFWATVESSEHSFEVPIYAETLDEALELAEWQYSPAGFEVTRVRPCVAP,-0.0929933169230259,1
V41T,SLSVDNKKFWATVESSEHSFEVPIYAETLDEALELAEWQYTPAGFEVTRVRPCVAP,-0.1911118920933061,1
V41W,SLSVDNKKFWATVESSEHSFEVPIYAETLDEALELAEWQYWPAGFEVTRVRPCVAP,-0.1493320299405947,1
V41Y,SLSVDNKKFWATVESSEHSFEVPIYAETLDEALELAEWQYYPAGFEVTRVRPCVAP,-0.8503522099587542,1
V47A,SLSVDNKKFWATVESSEHSFEVPIYAETLDEALELAEWQYVPAGFEATRVRPCVAP,-1.8614134490016736,0
V47C,SLSVDNKKFWATVESSEHSFEVPIYAETLDEALELAEWQYVPAGFECTRVRPCVAP,-1.584395416498467,0
V47D,SLSVDNKKFWATVESSEHSFEVPIYAETLDEALELAEWQYVPAGFEDTRVRPCVAP,-1.877783066052385,0
V47E,SLSVDNKKFWATVESSEHSFEVPIYAETLDEALELAEWQYVPAGFEETRVRPCVAP,-2.1481377952658005,0
V47F,SLSVDNKKFWATVESSEHSFEVPIYAETLDEALELAEWQYVPAGFEFTRVRPCVAP,-2.00904994563624,0
V47G,SLSVDNKKFWATVESSEHSFEVPIYAETLDEALELAEWQYVPAGFEGTRVRPCVAP,-2.331616400023312,0
V47H,SLSVDNKKFWATVESSEHSFEVPIYAETLDEALELAEWQYVPAGFEHTRVRPCVAP,-0.9681455095733248,1
V47I,SLSVDNKKFWATVESSEHSFEVPIYAETLDEALELAEWQYVPAGFEITRVRPCVAP,-0.2560401112018664,1
V47K,SLSVDNKKFWATVESSEHSFEVPIYAETLDEALELAEWQYVPAGFEKTRVRPCVAP,-2.2814251160337107,0
V47L,SLSVDNKKFWATVESSEHSFEVPIYAETLDEALELAEWQYVPAGFELTRVRPCVAP,-1.1733120170024067,0
V47M,SLSVDNKKFWATVESSEHSFEVPIYAETLDEALELAEWQYVPAGFEMTRVRPCVAP,-2.0947004913390064,0
V47N,SLSVDNKKFWATVESSEHSFEVPIYAETLDEALELAEWQYVPAGFENTRVRPCVAP,-1.9852788651594475,0
V47P,SLSVDNKKFWATVESSEHSFEVPIYAETLDEALELAEWQYVPAGFEPTRVRPCVAP,-1.8252809563244607,0
V47Q,SLSVDNKKFWATVESSEHSFEVPIYAETLDEALELAEWQYVPAGFEQTRVRPCVAP,-2.296090763936391,0
V47R,SLSVDNKKFWATVESSEHSFEVPIYAETLDEALELAEWQYVPAGFERTRVRPCVAP,-2.4348756102050277,0
V47S,SLSVDNKKFWATVESSEHSFEVPIYAETLDEALELAEWQYVPAGFESTRVRPCVAP,-2.1168726890692864,0
V47T,SLSVDNKKFWATVESSEHSFEVPIYAETLDEALELAEWQYVPAGFETTRVRPCVAP,-2.088069898947097,0
V47W,SLSVDNKKFWATVESSEHSFEVPIYAETLDEALELAEWQYVPAGFEWTRVRPCVAP,-1.4142587738208905,0
V47Y,SLSVDNKKFWATVESSEHSFEVPIYAETLDEALELAEWQYVPAGFEYTRVRPCVAP,-2.1018960402830373,0
V4A,SLSADNKKFWATVESSEHSFEVPIYAETLDEALELAEWQYVPAGFEVTRVRPCVAP,-0.0379119347456273,1
V4D,SLSDDNKKFWATVESSEHSFEVPIYAETLDEALELAEWQYVPAGFEVTRVRPCVAP,-0.3776731971877458,1
V4E,SLSEDNKKFWATVESSEHSFEVPIYAETLDEALELAEWQYVPAGFEVTRVRPCVAP,-0.3752945548030304,1
V4F,SLSFDNKKFWATVESSEHSFEVPIYAETLDEALELAEWQYVPAGFEVTRVRPCVAP,-0.0524949243331707,1
V4G,SLSGDNKKFWATVESSEHSFEVPIYAETLDEALELAEWQYVPAGFEVTRVRPCVAP,0.034175716332963,1
V4H,SLSHDNKKFWATVESSEHSFEVPIYAETLDEALELAEWQYVPAGFEVTRVRPCVAP,0.1623034847484796,1
V4I,SLSIDNKKFWATVESSEHSFEVPIYAETLDEALELAEWQYVPAGFEVTRVRPCVAP,0.0791845933474761,1
V4K,SLSKDNKKFWATVESSEHSFEVPIYAETLDEALELAEWQYVPAGFEVTRVRPCVAP,0.3439032558416639,1
V4L,SLSLDNKKFWATVESSEHSFEVPIYAETLDEALELAEWQYVPAGFEVTRVRPCVAP,-0.0804034050154873,1
V4M,SLSMDNKKFWATVESSEHSFEVPIYAETLDEALELAEWQYVPAGFEVTRVRPCVAP,0.0970959501950452,1
V4N,SLSNDNKKFWATVESSEHSFEVPIYAETLDEALELAEWQYVPAGFEVTRVRPCVAP,0.066504856673208,1
V4P,SLSPDNKKFWATVESSEHSFEVPIYAETLDEALELAEWQYVPAGFEVTRVRPCVAP,-0.076190162352804,1
V4Q,SLSQDNKKFWATVESSEHSFEVPIYAETLDEALELAEWQYVPAGFEVTRVRPCVAP,-0.1596434297525264,1
V4R,SLSRDNKKFWATVESSEHSFEVPIYAETLDEALELAEWQYVPAGFEVTRVRPCVAP,0.1854086820674556,1
V4S,SLSSDNKKFWATVESSEHSFEVPIYAETLDEALELAEWQYVPAGFEVTRVRPCVAP,-0.0893805321316927,1
V4T,SLSTDNKKFWATVESSEHSFEVPIYAETLDEALELAEWQYVPAGFEVTRVRPCVAP,0.0479644134946433,1
V4W,SLSWDNKKFWATVESSEHSFEVPIYAETLDEALELAEWQYVPAGFEVTRVRPCVAP,-0.23714914085209,1
V4Y,SLSYDNKKFWATVESSEHSFEVPIYAETLDEALELAEWQYVPAGFEVTRVRPCVAP,-0.0355414261759436,1
V50A,SLSVDNKKFWATVESSEHSFEVPIYAETLDEALELAEWQYVPAGFEVTRARPCVAP,-1.857057631664276,0
V50C,SLSVDNKKFWATVESSEHSFEVPIYAETLDEALELAEWQYVPAGFEVTRCRPCVAP,-2.3930335184882323,0
V50D,SLSVDNKKFWATVESSEHSFEVPIYAETLDEALELAEWQYVPAGFEVTRDRPCVAP,-2.591295625912721,0
V50E,SLSVDNKKFWATVESSEHSFEVPIYAETLDEALELAEWQYVPAGFEVTRERPCVAP,-2.486189896481061,0
V50F,SLSVDNKKFWATVESSEHSFEVPIYAETLDEALELAEWQYVPAGFEVTRFRPCVAP,-1.6161182133732608,0
V50G,SLSVDNKKFWATVESSEHSFEVPIYAETLDEALELAEWQYVPAGFEVTRGRPCVAP,-2.053412800213602,0
V50H,SLSVDNKKFWATVESSEHSFEVPIYAETLDEALELAEWQYVPAGFEVTRHRPCVAP,-2.264444302333658,0
V50I,SLSVDNKKFWATVESSEHSFEVPIYAETLDEALELAEWQYVPAGFEVTRIRPCVAP,0.25735569232998,1
V50K,SLSVDNKKFWATVESSEHSFEVPIYAETLDEALELAEWQYVPAGFEVTRKRPCVAP,-2.369759515419925,0
V50L,SLSVDNKKFWATVESSEHSFEVPIYAETLDEALELAEWQYVPAGFEVTRLRPCVAP,-0.6119466860291918,1
V50M,SLSVDNKKFWATVESSEHSFEVPIYAETLDEALELAEWQYVPAGFEVTRMRPCVAP,-0.7561852687355615,1
V50N,SLSVDNKKFWATVESSEHSFEVPIYAETLDEALELAEWQYVPAGFEVTRNRPCVAP,-2.5553440239264797,0
V50P,SLSVDNKKFWATVESSEHSFEVPIYAETLDEALELAEWQYVPAGFEVTRPRPCVAP,-2.32784336733313,0
V50Q,SLSVDNKKFWATVESSEHSFEVPIYAETLDEALELAEWQYVPAGFEVTRQRPCVAP,-2.370316382548105,0
V50R,SLSVDNKKFWATVESSEHSFEVPIYAETLDEALELAEWQYVPAGFEVTRRRPCVAP,-2.196105667000228,0
V50S,SLSVDNKKFWATVESSEHSFEVPIYAETLDEALELAEWQYVPAGFEVTRSRPCVAP,-2.146426321173355,0
V50T,SLSVDNKKFWATVESSEHSFEVPIYAETLDEALELAEWQYVPAGFEVTRTRPCVAP,-1.919362277304457,0
V50W,SLSVDNKKFWATVESSEHSFEVPIYAETLDEALELAEWQYVPAGFEVTRWRPCVAP,-1.6117066665276083,0
V50Y,SLSVDNKKFWATVESSEHSFEVPIYAETLDEALELAEWQYVPAGFEVTRYRPCVAP,-1.7603865421000218,0
V54A,SLSVDNKKFWATVESSEHSFEVPIYAETLDEALELAEWQYVPAGFEVTRVRPCAAP,-0.032716107458921,1
V54C,SLSVDNKKFWATVESSEHSFEVPIYAETLDEALELAEWQYVPAGFEVTRVRPCCAP,-0.1400044221126499,1
V54D,SLSVDNKKFWATVESSEHSFEVPIYAETLDEALELAEWQYVPAGFEVTRVRPCDAP,-0.1328433073074433,1
V54E,SLSVDNKKFWATVESSEHSFEVPIYAETLDEALELAEWQYVPAGFEVTRVRPCEAP,-0.1651265532708388,1
V54F,SLSVDNKKFWATVESSEHSFEVPIYAETLDEALELAEWQYVPAGFEVTRVRPCFAP,0.047311059518563,1
V54G,SLSVDNKKFWATVESSEHSFEVPIYAETLDEALELAEWQYVPAGFEVTRVRPCGAP,-0.294431393372434,1
V54H,SLSVDNKKFWATVESSEHSFEVPIYAETLDEALELAEWQYVPAGFEVTRVRPCHAP,-0.1431836824844046,1
V54I,SLSVDNKKFWATVESSEHSFEVPIYAETLDEALELAEWQYVPAGFEVTRVRPCIAP,0.117580869528739,1
V54K,SLSVDNKKFWATVESSEHSFEVPIYAETLDEALELAEWQYVPAGFEVTRVRPCKAP,-0.0111466096691232,1
V54L,SLSVDNKKFWATVESSEHSFEVPIYAETLDEALELAEWQYVPAGFEVTRVRPCLAP,-0.0736307749762366,1
V54M,SLSVDNKKFWATVESSEHSFEVPIYAETLDEALELAEWQYVPAGFEVTRVRPCMAP,0.0232039200619613,1
V54N,SLSVDNKKFWATVESSEHSFEVPIYAETLDEALELAEWQYVPAGFEVTRVRPCNAP,0.0032642094713559,1
V54P,SLSVDNKKFWATVESSEHSFEVPIYAETLDEALELAEWQYVPAGFEVTRVRPCPAP,-0.0959706988065187,1
V54Q,SLSVDNKKFWATVESSEHSFEVPIYAETLDEALELAEWQYVPAGFEVTRVRPCQAP,-0.1585010358017662,1
V54R,SLSVDNKKFWATVESSEHSFEVPIYAETLDEALELAEWQYVPAGFEVTRVRPCRAP,-0.0412204314501711,1
V54S,SLSVDNKKFWATVESSEHSFEVPIYAETLDEALELAEWQYVPAGFEVTRVRPCSAP,0.0252643307607467,1
V54T,SLSVDNKKFWATVESSEHSFEVPIYAETLDEALELAEWQYVPAGFEVTRVRPCTAP,0.0704506078490077,1
V54W,SLSVDNKKFWATVESSEHSFEVPIYAETLDEALELAEWQYVPAGFEVTRVRPCWAP,-0.0368508127396491,1
V54Y,SLSVDNKKFWATVESSEHSFEVPIYAETLDEALELAEWQYVPAGFEVTRVRPCYAP,-0.0682311483662339,1
W10A,SLSVDNKKFAATVESSEHSFEVPIYAETLDEALELAEWQYVPAGFEVTRVRPCVAP,-1.5547203456085643,0
W10D,SLSVDNKKFDATVESSEHSFEVPIYAETLDEALELAEWQYVPAGFEVTRVRPCVAP,-2.8821335202822,0
W10E,SLSVDNKKFEATVESSEHSFEVPIYAETLDEALELAEWQYVPAGFEVTRVRPCVAP,-2.461388864620399,0
W10F,SLSVDNKKFFATVESSEHSFEVPIYAETLDEALELAEWQYVPAGFEVTRVRPCVAP,-0.8719106913817627,1
W10G,SLSVDNKKFGATVESSEHSFEVPIYAETLDEALELAEWQYVPAGFEVTRVRPCVAP,-2.331122159011921,0
W10H,SLSVDNKKFHATVESSEHSFEVPIYAETLDEALELAEWQYVPAGFEVTRVRPCVAP,-1.7946189837163609,0
W10I,SLSVDNKKFIATVESSEHSFEVPIYAETLDEALELAEWQYVPAGFEVTRVRPCVAP,0.0376958740288362,1
W10K,SLSVDNKKFKATVESSEHSFEVPIYAETLDEALELAEWQYVPAGFEVTRVRPCVAP,-1.3751035766321107,0
W10L,SLSVDNKKFLATVESSEHSFEVPIYAETLDEALELAEWQYVPAGFEVTRVRPCVAP,-0.5211057519288853,1
W10M,SLSVDNKKFMATVESSEHSFEVPIYAETLDEALELAEWQYVPAGFEVTRVRPCVAP,-0.2450534831431627,1
W10N,SLSVDNKKFNATVESSEHSFEVPIYAETLDEALELAEWQYVPAGFEVTRVRPCVAP,-2.313208775615576,0
W10P,SLSVDNKKFPATVESSEHSFEVPIYAETLDEALELAEWQYVPAGFEVTRVRPCVAP,-3.0012828324713112,0
W10Q,SLSVDNKKFQATVESSEHSFEVPIYAETLDEALELAEWQYVPAGFEVTRVRPCVAP,-2.0170359006710807,0
W10R,SLSVDNKKFRATVESSEHSFEVPIYAETLDEALELAEWQYVPAGFEVTRVRPCVAP,-1.6408510245344168,0
W10S,SLSVDNKKFSATVESSEHSFEVPIYAETLDEALELAEWQYVPAGFEVTRVRPCVAP,-1.7577528940588203,0
W10T,SLSVDNKKFTATVESSEHSFEVPIYAETLDEALELAEWQYVPAGFEVTRVRPCVAP,-1.5254462885327291,0
W10V,SLSVDNKKFVATVESSEHSFEVPIYAETLDEALELAEWQYVPAGFEVTRVRPCVAP,-0.5212553494884462,1
W10Y,SLSVDNKKFYATVESSEHSFEVPIYAETLDEALELAEWQYVPAGFEVTRVRPCVAP,-0.4822870623936413,1
W38A,SLSVDNKKFWATVESSEHSFEVPIYAETLDEALELAEAQYVPAGFEVTRVRPCVAP,0.5425352940533723,1
W38C,SLSVDNKKFWATVESSEHSFEVPIYAETLDEALELAECQYVPAGFEVTRVRPCVAP,-0.4859599047700129,1
W38D,SLSVDNKKFWATVESSEHSFEVPIYAETLDEALELAEDQYVPAGFEVTRVRPCVAP,-0.1688004704526107,1
W38E,SLSVDNKKFWATVESSEHSFEVPIYAETLDEALELAEEQYVPAGFEVTRVRPCVAP,0.1689085101116307,1
W38F,SLSVDNKKFWATVESSEHSFEVPIYAETLDEALELAEFQYVPAGFEVTRVRPCVAP,0.0841140583391744,1
W38G,SLSVDNKKFWATVESSEHSFEVPIYAETLDEALELAEGQYVPAGFEVTRVRPCVAP,0.0059474384312769,1
W38H,SLSVDNKKFWATVESSEHSFEVPIYAETLDEALELAEHQYVPAGFEVTRVRPCVAP,0.1360457261375565,1
W38I,SLSVDNKKFWATVESSEHSFEVPIYAETLDEALELAEIQYVPAGFEVTRVRPCVAP,0.1744546141463452,1
W38K,SLSVDNKKFWATVESSEHSFEVPIYAETLDEALELAEKQYVPAGFEVTRVRPCVAP,0.7097679097809095,1
W38L,SLSVDNKKFWATVESSEHSFEVPIYAETLDEALELAELQYVPAGFEVTRVRPCVAP,0.4027905964251572,1
W38M,SLSVDNKKFWATVESSEHSFEVPIYAETLDEALELAEMQYVPAGFEVTRVRPCVAP,0.4279313326551843,1
W38N,SLSVDNKKFWATVESSEHSFEVPIYAETLDEALELAENQYVPAGFEVTRVRPCVAP,0.2010174962199418,1
W38P,SLSVDNKKFWATVESSEHSFEVPIYAETLDEALELAEPQYVPAGFEVTRVRPCVAP,-2.018824203838029,0
W38Q,SLSVDNKKFWATVESSEHSFEVPIYAETLDEALELAEQQYVPAGFEVTRVRPCVAP,0.5439834393744611,1
W38R,SLSVDNKKFWATVESSEHSFEVPIYAETLDEALELAERQYVPAGFEVTRVRPCVAP,0.8482536595613794,1
W38S,SLSVDNKKFWATVESSEHSFEVPIYAETLDEALELAESQYVPAGFEVTRVRPCVAP,0.4034861557119331,1
W38T,SLSVDNKKFWATVESSEHSFEVPIYAETLDEALELAETQYVPAGFEVTRVRPCVAP,0.1774546343358611,1
W38V,SLSVDNKKFWATVESSEHSFEVPIYAETLDEALELAEVQYVPAGFEVTRVRPCVAP,-0.0955110548968947,1
W38Y,SLSVDNKKFWATVESSEHSFEVPIYAETLDEALELAEYQYVPAGFEVTRVRPCVAP,0.0940041388736028,1
Y25A,SLSVDNKKFWATVESSEHSFEVPIAAETLDEALELAEWQYVPAGFEVTRVRPCVAP,-1.6186853216524433,0
Y25C,SLSVDNKKFWATVESSEHSFEVPICAETLDEALELAEWQYVPAGFEVTRVRPCVAP,-0.6632201777727329,1
Y25D,SLSVDNKKFWATVESSEHSFEVPIDAETLDEALELAEWQYVPAGFEVTRVRPCVAP,-1.2911157620270168,0
Y25E,SLSVDNKKFWATVESSEHSFEVPIEAETLDEALELAEWQYVPAGFEVTRVRPCVAP,-1.202858731463884,0
Y25F,SLSVDNKKFWATVESSEHSFEVPIFAETLDEALELAEWQYVPAGFEVTRVRPCVAP,-0.1336733464299526,1
Y25G,SLSVDNKKFWATVESSEHSFEVPIGAETLDEALELAEWQYVPAGFEVTRVRPCVAP,-2.0304057387401717,0
Y25H,SLSVDNKKFWATVESSEHSFEVPIHAETLDEALELAEWQYVPAGFEVTRVRPCVAP,-1.0605438315912328,1
Y25I,SLSVDNKKFWATVESSEHSFEVPIIAETLDEALELAEWQYVPAGFEVTRVRPCVAP,-0.78517760637145,1
Y25K,SLSVDNKKFWATVESSEHSFEVPIKAETLDEALELAEWQYVPAGFEVTRVRPCVAP,-1.6144896406854805,0
Y25L,SLSVDNKKFWATVESSEHSFEVPILAETLDEALELAEWQYVPAGFEVTRVRPCVAP,-1.0387679865709285,1
Y25M,SLSVDNKKFWATVESSEHSFEVPIMAETLDEALELAEWQYVPAGFEVTRVRPCVAP,-0.8731773683342181,1
Y25N,SLSVDNKKFWATVESSEHSFEVPINAETLDEALELAEWQYVPAGFEVTRVRPCVAP,-1.4227026148470467,0
Y25P,SLSVDNKKFWATVESSEHSFEVPIPAETLDEALELAEWQYVPAGFEVTRVRPCVAP,-1.9383070410075427,0
Y25Q,SLSVDNKKFWATVESSEHSFEVPIQAETLDEALELAEWQYVPAGFEVTRVRPCVAP,-1.2765966475845802,0
Y25R,SLSVDNKKFWATVESSEHSFEVPIRAETLDEALELAEWQYVPAGFEVTRVRPCVAP,-1.3582899592039397,0
Y25S,SLSVDNKKFWATVESSEHSFEVPISAETLDEALELAEWQYVPAGFEVTRVRPCVAP,-1.452683165039424,0
Y25T,SLSVDNKKFWATVESSEHSFEVPITAETLDEALELAEWQYVPAGFEVTRVRPCVAP,-1.2369924606011806,0
Y25V,SLSVDNKKFWATVESSEHSFEVPIVAETLDEALELAEWQYVPAGFEVTRVRPCVAP,-1.126482734639774,0
Y25W,SLSVDNKKFWATVESSEHSFEVPIWAETLDEALELAEWQYVPAGFEVTRVRPCVAP,0.2916850809756486,1
Y40A,SLSVDNKKFWATVESSEHSFEVPIYAETLDEALELAEWQAVPAGFEVTRVRPCVAP,-1.2476714653903294,0
Y40C,SLSVDNKKFWATVESSEHSFEVPIYAETLDEALELAEWQCVPAGFEVTRVRPCVAP,-0.9067111301582548,1
Y40D,SLSVDNKKFWATVESSEHSFEVPIYAETLDEALELAEWQDVPAGFEVTRVRPCVAP,-1.5574201319690164,0
Y40E,SLSVDNKKFWATVESSEHSFEVPIYAETLDEALELAEWQEVPAGFEVTRVRPCVAP,-1.607277043102163,0
Y40F,SLSVDNKKFWATVESSEHSFEVPIYAETLDEALELAEWQFVPAGFEVTRVRPCVAP,-0.1377146633663795,1
Y40G,SLSVDNKKFWATVESSEHSFEVPIYAETLDEALELAEWQGVPAGFEVTRVRPCVAP,-1.4103085166735596,0
Y40H,SLSVDNKKFWATVESSEHSFEVPIYAETLDEALELAEWQHVPAGFEVTRVRPCVAP,-1.3331288535135384,0
Y40I,SLSVDNKKFWATVESSEHSFEVPIYAETLDEALELAEWQIVPAGFEVTRVRPCVAP,-1.288960282914687,0
Y40K,SLSVDNKKFWATVESSEHSFEVPIYAETLDEALELAEWQKVPAGFEVTRVRPCVAP,-1.7529624172734604,0
Y40L,SLSVDNKKFWATVESSEHSFEVPIYAETLDEALELAEWQLVPAGFEVTRVRPCVAP,-1.414647836648521,0
Y40M,SLSVDNKKFWATVESSEHSFEVPIYAETLDEALELAEWQMVPAGFEVTRVRPCVAP,-1.4357134846213253,0
Y40N,SLSVDNKKFWATVESSEHSFEVPIYAETLDEALELAEWQNVPAGFEVTRVRPCVAP,-1.326953187029973,0
Y40P,SLSVDNKKFWATVESSEHSFEVPIYAETLDEALELAEWQPVPAGFEVTRVRPCVAP,-1.628066591506418,0
Y40Q,SLSVDNKKFWATVESSEHSFEVPIYAETLDEALELAEWQQVPAGFEVTRVRPCVAP,-1.4747031227462335,0
Y40R,SLSVDNKKFWATVESSEHSFEVPIYAETLDEALELAEWQRVPAGFEVTRVRPCVAP,-0.2110973244288052,1
Y40S,SLSVDNKKFWATVESSEHSFEVPIYAETLDEALELAEWQSVPAGFEVTRVRPCVAP,-1.3959278166828746,0
Y40T,SLSVDNKKFWATVESSEHSFEVPIYAETLDEALELAEWQTVPAGFEVTRVRPCVAP,-0.8570772798193436,1
Y40V,SLSVDNKKFWATVESSEHSFEVPIYAETLDEALELAEWQVVPAGFEVTRVRPCVAP,-1.0280553750072492,1
Y40W,SLSVDNKKFWATVESSEHSFEVPIYAETLDEALELAEWQWVPAGFEVTRVRPCVAP,0.5201040020438916,1
